Date,Adj Close,Close,High,Low,Open,Volume
2010-01-04,73.0145492553711,91.69999694824219,91.72000122070312,91.68000030517578,91.69999694824219,192800
2010-01-05,72.99867248535156,91.68000030517578,91.72000122070312,91.68000030517578,91.69999694824219,105600
2010-01-06,72.99867248535156,91.68000030517578,91.69999694824219,91.68000030517578,91.68000030517578,450300
2010-01-07,72.99867248535156,91.68000030517578,91.69999694824219,91.68000030517578,91.68000030517578,264350
2010-01-08,72.99867248535156,91.68000030517578,91.69999694824219,91.68000030517578,91.69999694824219,116700
2010-01-11,72.99867248535156,91.68000030517578,91.69999694824219,91.68000030517578,91.68000030517578,131100
2010-01-12,72.99867248535156,91.68000030517578,91.69999694824219,91.68000030517578,91.69999694824219,142400
2010-01-13,73.03047943115234,91.72000122070312,91.72000122070312,91.68000030517578,91.69999694824219,133300
2010-01-14,73.0145492553711,91.69999694824219,91.72000122070312,91.69999694824219,91.69999694824219,53300
2010-01-15,73.0145492553711,91.69999694824219,91.72000122070312,91.69999694824219,91.69999694824219,83700
2010-01-19,73.0145492553711,91.69999694824219,91.72000122070312,91.69999694824219,91.72000122070312,61250
2010-01-20,73.0145492553711,91.69999694824219,91.72000122070312,91.69999694824219,91.72000122070312,76500
2010-01-21,73.0145492553711,91.69999694824219,91.72000122070312,91.69999694824219,91.69999694824219,188900
2010-01-22,73.0145492553711,91.69999694824219,91.72000122070312,91.69999694824219,91.72000122070312,103850
2010-01-25,73.03047943115234,91.72000122070312,91.72000122070312,91.66000366210938,91.72000122070312,132000
2010-01-26,73.03047943115234,91.72000122070312,91.72000122070312,91.68000030517578,91.72000122070312,136000
2010-01-27,73.04642486572266,91.73999786376953,91.73999786376953,91.68000030517578,91.68000030517578,406850
2010-01-28,73.03047943115234,91.72000122070312,91.73999786376953,91.69999694824219,91.69999694824219,117500
2010-01-29,73.04642486572266,91.73999786376953,91.73999786376953,91.69999694824219,91.72000122070312,190750
2010-02-01,73.03047943115234,91.72000122070312,91.73999786376953,91.69999694824219,91.69999694824219,364350
2010-02-02,73.0145492553711,91.69999694824219,91.73999786376953,91.69999694824219,91.72000122070312,170950
2010-02-03,73.04642486572266,91.73999786376953,91.76000213623047,91.72000122070312,91.73999786376953,739400
2010-02-04,73.04642486572266,91.73999786376953,91.73999786376953,91.72000122070312,91.72000122070312,155750
2010-02-05,73.04642486572266,91.73999786376953,91.73999786376953,91.69999694824219,91.69999694824219,685400
2010-02-08,73.04642486572266,91.73999786376953,91.73999786376953,91.72000122070312,91.72000122070312,215150
2010-02-09,73.04642486572266,91.73999786376953,91.73999786376953,91.72000122070312,91.73999786376953,314850
2010-02-10,73.04642486572266,91.73999786376953,91.73999786376953,91.69999694824219,91.72000122070312,233950
2010-02-11,73.04642486572266,91.73999786376953,91.73999786376953,91.72000122070312,91.73999786376953,109900
2010-02-12,73.04642486572266,91.73999786376953,91.73999786376953,91.72000122070312,91.73999786376953,144400
2010-02-16,73.04642486572266,91.73999786376953,91.73999786376953,91.72000122070312,91.73999786376953,155950
2010-02-17,72.99867248535156,91.68000030517578,91.73999786376953,91.68000030517578,91.73999786376953,338900
2010-02-18,73.03047943115234,91.72000122070312,91.72000122070312,91.69999694824219,91.69999694824219,103800
2010-02-19,72.99867248535156,91.68000030517578,91.72000122070312,91.68000030517578,91.72000122070312,287550
2010-02-22,73.03047943115234,91.72000122070312,91.72000122070312,91.69999694824219,91.72000122070312,170250
2010-02-23,72.99867248535156,91.68000030517578,91.72000122070312,91.68000030517578,91.72000122070312,86850
2010-02-24,73.03047943115234,91.72000122070312,91.72000122070312,91.68000030517578,91.69999694824219,144950
2010-02-25,73.03047943115234,91.72000122070312,91.72000122070312,91.69999694824219,91.69999694824219,67250
2010-02-26,73.03047943115234,91.72000122070312,91.72000122070312,91.68000030517578,91.69999694824219,104250
2010-03-01,72.99867248535156,91.68000030517578,91.72000122070312,91.68000030517578,91.72000122070312,265300
2010-03-02,73.0145492553711,91.69999694824219,91.72000122070312,91.68000030517578,91.72000122070312,82950
2010-03-03,72.99867248535156,91.68000030517578,91.72000122070312,91.68000030517578,91.72000122070312,278900
2010-03-04,72.99867248535156,91.68000030517578,91.69999694824219,91.68000030517578,91.69999694824219,137250
2010-03-05,72.99867248535156,91.68000030517578,91.69999694824219,91.68000030517578,91.68000030517578,285700
2010-03-08,72.99867248535156,91.68000030517578,91.69999694824219,91.68000030517578,91.69999694824219,200650
2010-03-09,72.99867248535156,91.68000030517578,91.69999694824219,91.66000366210938,91.68000030517578,824200
2010-03-10,73.0145492553711,91.69999694824219,91.69999694824219,91.68000030517578,91.68000030517578,127200
2010-03-11,72.99867248535156,91.68000030517578,91.69999694824219,91.68000030517578,91.69999694824219,151050
2010-03-12,72.99867248535156,91.68000030517578,91.69999694824219,91.68000030517578,91.69999694824219,106100
2010-03-15,72.99867248535156,91.68000030517578,91.69999694824219,91.68000030517578,91.68000030517578,143500
2010-03-16,72.99867248535156,91.68000030517578,91.69999694824219,91.68000030517578,91.68000030517578,98650
2010-03-17,72.99867248535156,91.68000030517578,91.69999694824219,91.68000030517578,91.69999694824219,228250
2010-03-18,72.99867248535156,91.68000030517578,91.69999694824219,91.68000030517578,91.68000030517578,83400
2010-03-19,72.99867248535156,91.68000030517578,91.69999694824219,91.68000030517578,91.68000030517578,107100
2010-03-22,73.0145492553711,91.69999694824219,91.69999694824219,91.68000030517578,91.68000030517578,204750
2010-03-23,73.0145492553711,91.69999694824219,91.69999694824219,91.68000030517578,91.68000030517578,148450
2010-03-24,72.99867248535156,91.68000030517578,91.69999694824219,91.68000030517578,91.68000030517578,161800
2010-03-25,73.03047943115234,91.72000122070312,91.72000122070312,91.68000030517578,91.69999694824219,283300
2010-03-26,73.03047943115234,91.72000122070312,91.72000122070312,91.69999694824219,91.69999694824219,127150
2010-03-29,72.99867248535156,91.68000030517578,91.72000122070312,91.68000030517578,91.69999694824219,173250
2010-03-30,72.99867248535156,91.68000030517578,91.72000122070312,91.68000030517578,91.69999694824219,231300
2010-03-31,73.03047943115234,91.72000122070312,91.72000122070312,91.68000030517578,91.72000122070312,248100
2010-04-01,73.03047943115234,91.72000122070312,91.72000122070312,91.68000030517578,91.68000030517578,520800
2010-04-05,72.99867248535156,91.68000030517578,91.72000122070312,91.68000030517578,91.69999694824219,464050
2010-04-06,72.99867248535156,91.68000030517578,91.69999694824219,91.68000030517578,91.69999694824219,276000
2010-04-07,72.99867248535156,91.68000030517578,91.72000122070312,91.68000030517578,91.72000122070312,725100
2010-04-08,72.99867248535156,91.68000030517578,91.69999694824219,91.68000030517578,91.68000030517578,130250
2010-04-09,72.99867248535156,91.68000030517578,91.69999694824219,91.68000030517578,91.69999694824219,195150
2010-04-12,72.99867248535156,91.68000030517578,91.69999694824219,91.68000030517578,91.68000030517578,102300
2010-04-13,72.99867248535156,91.68000030517578,91.69999694824219,91.68000030517578,91.69999694824219,96350
2010-04-14,72.99867248535156,91.68000030517578,91.69999694824219,91.68000030517578,91.68000030517578,158500
2010-04-15,72.99867248535156,91.68000030517578,91.69999694824219,91.68000030517578,91.68000030517578,116750
2010-04-16,72.99867248535156,91.68000030517578,91.69999694824219,91.68000030517578,91.68000030517578,263250
2010-04-19,73.0145492553711,91.69999694824219,91.69999694824219,91.68000030517578,91.68000030517578,100600
2010-04-20,72.99867248535156,91.68000030517578,91.69999694824219,91.68000030517578,91.68000030517578,69150
2010-04-21,72.99867248535156,91.68000030517578,91.69999694824219,91.68000030517578,91.68000030517578,120100
2010-04-22,72.99867248535156,91.68000030517578,91.69999694824219,91.68000030517578,91.68000030517578,28350
2010-04-23,72.99867248535156,91.68000030517578,91.69999694824219,91.68000030517578,91.69999694824219,103000
2010-04-26,73.0145492553711,91.69999694824219,91.69999694824219,91.68000030517578,91.68000030517578,222300
2010-04-27,72.99867248535156,91.68000030517578,91.69999694824219,91.68000030517578,91.68000030517578,579550
2010-04-28,73.0145492553711,91.69999694824219,91.69999694824219,91.68000030517578,91.68000030517578,214950
2010-04-29,73.0145492553711,91.69999694824219,91.69999694824219,91.68000030517578,91.68000030517578,76550
2010-04-30,72.99867248535156,91.68000030517578,91.69999694824219,91.68000030517578,91.68000030517578,191450
2010-05-03,73.0145492553711,91.69999694824219,91.69999694824219,91.68000030517578,91.69999694824219,228150
2010-05-04,72.99867248535156,91.68000030517578,91.69999694824219,91.68000030517578,91.68000030517578,97750
2010-05-05,73.0145492553711,91.69999694824219,91.69999694824219,91.68000030517578,91.69999694824219,287000
2010-05-06,73.03047943115234,91.72000122070312,91.72000122070312,91.68000030517578,91.68000030517578,212450
2010-05-07,73.03047943115234,91.72000122070312,91.72000122070312,91.68000030517578,91.69999694824219,353300
2010-05-10,73.03047943115234,91.72000122070312,91.72000122070312,91.69999694824219,91.69999694824219,219550
2010-05-11,73.03047943115234,91.72000122070312,91.72000122070312,91.69999694824219,91.69999694824219,176250
2010-05-12,73.03047943115234,91.72000122070312,91.72000122070312,91.69999694824219,91.72000122070312,209450
2010-05-13,73.0145492553711,91.69999694824219,91.72000122070312,91.69999694824219,91.72000122070312,1255850
2010-05-14,73.03047943115234,91.72000122070312,91.72000122070312,91.69999694824219,91.72000122070312,189050
2010-05-17,73.03047943115234,91.72000122070312,91.72000122070312,91.69999694824219,91.72000122070312,140300
2010-05-18,73.0145492553711,91.69999694824219,91.72000122070312,91.69999694824219,91.72000122070312,187700
2010-05-19,73.03047943115234,91.72000122070312,91.72000122070312,91.69999694824219,91.69999694824219,354800
2010-05-20,73.03047943115234,91.72000122070312,91.72000122070312,91.69999694824219,91.72000122070312,442650
2010-05-21,73.03047943115234,91.72000122070312,91.72000122070312,91.69999694824219,91.72000122070312,463150
2010-05-24,73.03047943115234,91.72000122070312,91.72000122070312,91.69999694824219,91.72000122070312,168600
2010-05-25,73.03047943115234,91.72000122070312,91.72000122070312,91.69999694824219,91.69999694824219,343900
2010-05-26,73.04642486572266,91.73999786376953,91.73999786376953,91.69999694824219,91.72000122070312,662100
2010-05-27,73.0145492553711,91.69999694824219,91.72000122070312,91.69999694824219,91.72000122070312,518600
2010-05-28,73.03047943115234,91.72000122070312,91.72000122070312,91.69999694824219,91.72000122070312,280750
2010-06-01,73.03047943115234,91.72000122070312,91.72000122070312,91.69999694824219,91.69999694824219,550750
2010-06-02,73.04642486572266,91.73999786376953,91.73999786376953,91.69999694824219,91.69999694824219,959800
2010-06-03,73.0145492553711,91.69999694824219,91.73999786376953,91.69999694824219,91.69999694824219,219900
2010-06-04,73.04642486572266,91.73999786376953,91.73999786376953,91.69999694824219,91.69999694824219,495850
2010-06-07,73.03047943115234,91.72000122070312,91.73999786376953,91.69999694824219,91.72000122070312,158800
2010-06-08,73.04642486572266,91.73999786376953,91.73999786376953,91.69999694824219,91.72000122070312,306150
2010-06-09,73.04642486572266,91.73999786376953,91.73999786376953,91.72000122070312,91.73999786376953,163950
2010-06-10,73.04642486572266,91.73999786376953,91.73999786376953,91.72000122070312,91.72000122070312,100750
2010-06-11,73.04642486572266,91.73999786376953,91.73999786376953,91.69999694824219,91.72000122070312,144750
2010-06-14,73.0145492553711,91.69999694824219,91.73999786376953,91.69999694824219,91.73999786376953,236650
2010-06-15,73.0145492553711,91.69999694824219,91.73999786376953,91.69999694824219,91.72000122070312,382100
2010-06-16,73.0145492553711,91.69999694824219,91.73999786376953,91.69999694824219,91.72000122070312,863700
2010-06-17,73.0145492553711,91.69999694824219,91.72000122070312,91.69999694824219,91.72000122070312,317700
2010-06-18,73.03047943115234,91.72000122070312,91.72000122070312,91.69999694824219,91.69999694824219,227550
2010-06-21,73.0145492553711,91.69999694824219,91.72000122070312,91.69999694824219,91.69999694824219,787600
2010-06-22,73.03047943115234,91.72000122070312,91.72000122070312,91.69999694824219,91.69999694824219,140500
2010-06-23,73.03047943115234,91.72000122070312,91.72000122070312,91.69999694824219,91.69999694824219,63800
2010-06-24,73.03047943115234,91.72000122070312,91.72000122070312,91.69999694824219,91.69999694824219,291000
2010-06-25,73.03047943115234,91.72000122070312,91.72000122070312,91.69999694824219,91.72000122070312,93800
2010-06-28,73.03047943115234,91.72000122070312,91.72000122070312,91.69999694824219,91.69999694824219,198800
2010-06-29,73.03047943115234,91.72000122070312,91.72000122070312,91.69999694824219,91.72000122070312,579550
2010-06-30,73.04642486572266,91.73999786376953,91.73999786376953,91.69999694824219,91.69999694824219,1013900
2010-07-01,73.03047943115234,91.72000122070312,91.72000122070312,91.69999694824219,91.72000122070312,572500
2010-07-02,73.03047943115234,91.72000122070312,91.72000122070312,91.69999694824219,91.69999694824219,139150
2010-07-06,73.0145492553711,91.69999694824219,91.72000122070312,91.69999694824219,91.72000122070312,715900
2010-07-07,73.0145492553711,91.69999694824219,91.72000122070312,91.69999694824219,91.72000122070312,873500
2010-07-08,73.03047943115234,91.72000122070312,91.72000122070312,91.69999694824219,91.69999694824219,1255100
2010-07-09,73.0145492553711,91.69999694824219,91.72000122070312,91.69999694824219,91.69999694824219,223000
2010-07-12,73.03047943115234,91.72000122070312,91.72000122070312,91.69999694824219,91.72000122070312,979900
2010-07-13,73.03047943115234,91.72000122070312,91.72000122070312,91.69999694824219,91.72000122070312,164050
2010-07-14,73.03047943115234,91.72000122070312,91.72000122070312,91.69999694824219,91.69999694824219,159200
2010-07-15,73.03047943115234,91.72000122070312,91.72000122070312,91.69999694824219,91.69999694824219,122100
2010-07-16,73.03047943115234,91.72000122070312,91.72000122070312,91.69999694824219,91.69999694824219,87750
2010-07-19,73.0145492553711,91.69999694824219,91.72000122070312,91.69999694824219,91.72000122070312,803350
2010-07-20,73.0145492553711,91.69999694824219,91.72000122070312,91.69999694824219,91.72000122070312,121350
2010-07-21,73.0145492553711,91.69999694824219,91.72000122070312,91.69999694824219,91.69999694824219,124400
2010-07-22,73.0145492553711,91.69999694824219,91.72000122070312,91.69999694824219,91.69999694824219,319650
2010-07-23,73.03047943115234,91.72000122070312,91.72000122070312,91.69999694824219,91.72000122070312,73600
2010-07-26,72.99867248535156,91.68000030517578,91.72000122070312,91.68000030517578,91.72000122070312,881800
2010-07-27,72.99867248535156,91.68000030517578,91.69999694824219,91.68000030517578,91.69999694824219,874800
2010-07-28,73.0145492553711,91.69999694824219,91.69999694824219,91.68000030517578,91.68000030517578,118150
2010-07-29,72.99867248535156,91.68000030517578,91.69999694824219,91.68000030517578,91.68000030517578,110750
2010-07-30,73.0145492553711,91.69999694824219,91.69999694824219,91.68000030517578,91.69999694824219,67950
2010-08-02,72.99867248535156,91.68000030517578,91.69999694824219,91.68000030517578,91.68000030517578,794600
2010-08-03,72.99867248535156,91.68000030517578,91.69999694824219,91.68000030517578,91.68000030517578,1342100
2010-08-04,72.99867248535156,91.68000030517578,91.69999694824219,91.68000030517578,91.68000030517578,977200
2010-08-05,72.99867248535156,91.68000030517578,91.72000122070312,91.68000030517578,91.68000030517578,500600
2010-08-06,72.99867248535156,91.68000030517578,91.69999694824219,91.68000030517578,91.68000030517578,131100
2010-08-09,72.99867248535156,91.68000030517578,91.72000122070312,91.68000030517578,91.69999694824219,94550
2010-08-10,73.0145492553711,91.69999694824219,91.69999694824219,91.68000030517578,91.69999694824219,125500
2010-08-11,73.03047943115234,91.72000122070312,91.72000122070312,91.68000030517578,91.68000030517578,830500
2010-08-12,73.03047943115234,91.72000122070312,91.72000122070312,91.69999694824219,91.69999694824219,955750
2010-08-13,73.03047943115234,91.72000122070312,91.72000122070312,91.69999694824219,91.69999694824219,580550
2010-08-16,73.0145492553711,91.69999694824219,91.72000122070312,91.69999694824219,91.72000122070312,59850
2010-08-17,73.03047943115234,91.72000122070312,91.72000122070312,91.69999694824219,91.72000122070312,193950
2010-08-18,73.0145492553711,91.69999694824219,91.72000122070312,91.69999694824219,91.69999694824219,102150
2010-08-19,73.0145492553711,91.69999694824219,91.72000122070312,91.69999694824219,91.72000122070312,280000
2010-08-20,73.03047943115234,91.72000122070312,91.72000122070312,91.69999694824219,91.72000122070312,84800
2010-08-23,73.0145492553711,91.69999694824219,91.72000122070312,91.69999694824219,91.69999694824219,118600
2010-08-24,73.0145492553711,91.69999694824219,91.72000122070312,91.69999694824219,91.69999694824219,392500
2010-08-25,73.03047943115234,91.72000122070312,91.72000122070312,91.69999694824219,91.72000122070312,615100
2010-08-26,73.0145492553711,91.69999694824219,91.72000122070312,91.69999694824219,91.72000122070312,130050
2010-08-27,73.0145492553711,91.69999694824219,91.72000122070312,91.69999694824219,91.69999694824219,134500
2010-08-30,73.03047943115234,91.72000122070312,91.72000122070312,91.69999694824219,91.69999694824219,119250
2010-08-31,73.0145492553711,91.69999694824219,91.72000122070312,91.69999694824219,91.72000122070312,290200
2010-09-01,73.0145492553711,91.69999694824219,91.72000122070312,91.69999694824219,91.69999694824219,599600
2010-09-02,73.03047943115234,91.72000122070312,91.72000122070312,91.69999694824219,91.69999694824219,132450
2010-09-03,73.03047943115234,91.72000122070312,91.72000122070312,91.69999694824219,91.69999694824219,652850
2010-09-07,73.0145492553711,91.69999694824219,91.72000122070312,91.69999694824219,91.69999694824219,105500
2010-09-08,73.0145492553711,91.69999694824219,91.72000122070312,91.69999694824219,91.69999694824219,697700
2010-09-09,73.0145492553711,91.69999694824219,91.72000122070312,91.69999694824219,91.69999694824219,100300
2010-09-10,73.0145492553711,91.69999694824219,91.72000122070312,91.69999694824219,91.72000122070312,329900
2010-09-13,73.0145492553711,91.69999694824219,91.72000122070312,91.69999694824219,91.69999694824219,364500
2010-09-14,73.03047943115234,91.72000122070312,91.72000122070312,91.69999694824219,91.69999694824219,46600
2010-09-15,73.03047943115234,91.72000122070312,91.72000122070312,91.69999694824219,91.69999694824219,120300
2010-09-16,73.03047943115234,91.72000122070312,91.72000122070312,91.69999694824219,91.69999694824219,213550
2010-09-17,73.0145492553711,91.69999694824219,91.72000122070312,91.69999694824219,91.69999694824219,168750
2010-09-20,73.0145492553711,91.69999694824219,91.72000122070312,91.69999694824219,91.69999694824219,371900
2010-09-21,73.0145492553711,91.69999694824219,91.72000122070312,91.69999694824219,91.72000122070312,742150
2010-09-22,73.0145492553711,91.69999694824219,91.72000122070312,91.69999694824219,91.72000122070312,521300
2010-09-23,73.0145492553711,91.69999694824219,91.72000122070312,91.69999694824219,91.69999694824219,209900
2010-09-24,73.03047943115234,91.72000122070312,91.72000122070312,91.69999694824219,91.72000122070312,100300
2010-09-27,73.03047943115234,91.72000122070312,91.72000122070312,91.69999694824219,91.69999694824219,283250
2010-09-28,73.0145492553711,91.69999694824219,91.72000122070312,91.69999694824219,91.69999694824219,113200
2010-09-29,73.0145492553711,91.69999694824219,91.72000122070312,91.69999694824219,91.69999694824219,161500
2010-09-30,73.0145492553711,91.69999694824219,91.72000122070312,91.69999694824219,91.69999694824219,214200
2010-10-01,73.0145492553711,91.69999694824219,91.72000122070312,91.69999694824219,91.69999694824219,328150
2010-10-04,73.03047943115234,91.72000122070312,91.72000122070312,91.69999694824219,91.69999694824219,198550
2010-10-05,73.0145492553711,91.69999694824219,91.72000122070312,91.69999694824219,91.69999694824219,420300
2010-10-06,73.0145492553711,91.69999694824219,91.72000122070312,91.69999694824219,91.69999694824219,744600
2010-10-07,73.0145492553711,91.69999694824219,91.72000122070312,91.69999694824219,91.69999694824219,524750
2010-10-08,73.0145492553711,91.69999694824219,91.72000122070312,91.69999694824219,91.69999694824219,115850
2010-10-11,73.0145492553711,91.69999694824219,91.72000122070312,91.69999694824219,91.69999694824219,64500
2010-10-12,73.0145492553711,91.69999694824219,91.72000122070312,91.69999694824219,91.69999694824219,425750
2010-10-13,73.0145492553711,91.69999694824219,91.72000122070312,91.69999694824219,91.69999694824219,397050
2010-10-14,73.03047943115234,91.72000122070312,91.72000122070312,91.69999694824219,91.69999694824219,170300
2010-10-15,73.0145492553711,91.69999694824219,91.72000122070312,91.69999694824219,91.69999694824219,89350
2010-10-18,73.03047943115234,91.72000122070312,91.72000122070312,91.69999694824219,91.69999694824219,187850
2010-10-19,73.0145492553711,91.69999694824219,91.72000122070312,91.69999694824219,91.72000122070312,66200
2010-10-20,73.0145492553711,91.69999694824219,91.72000122070312,91.69999694824219,91.72000122070312,633450
2010-10-21,73.0145492553711,91.69999694824219,91.72000122070312,91.69999694824219,91.69999694824219,625600
2010-10-22,73.03047943115234,91.72000122070312,91.72000122070312,91.69999694824219,91.72000122070312,114950
2010-10-25,73.0145492553711,91.69999694824219,91.72000122070312,91.69999694824219,91.69999694824219,135600
2010-10-26,73.03047943115234,91.72000122070312,91.72000122070312,91.69999694824219,91.69999694824219,89500
2010-10-27,73.03047943115234,91.72000122070312,91.72000122070312,91.69999694824219,91.69999694824219,115000
2010-10-28,73.0145492553711,91.69999694824219,91.72000122070312,91.69999694824219,91.72000122070312,86600
2010-10-29,73.03047943115234,91.72000122070312,91.72000122070312,91.69999694824219,91.69999694824219,57850
2010-11-01,73.03047943115234,91.72000122070312,91.72000122070312,91.69999694824219,91.72000122070312,242100
2010-11-02,72.99867248535156,91.68000030517578,91.72000122070312,91.68000030517578,91.69999694824219,226500
2010-11-03,73.0145492553711,91.69999694824219,91.72000122070312,91.69999694824219,91.69999694824219,229500
2010-11-04,73.0145492553711,91.69999694824219,91.72000122070312,91.69999694824219,91.69999694824219,934100
2010-11-05,73.0145492553711,91.69999694824219,91.72000122070312,91.69999694824219,91.69999694824219,327150
2010-11-08,73.0145492553711,91.69999694824219,91.72000122070312,91.69999694824219,91.69999694824219,198350
2010-11-09,73.0145492553711,91.69999694824219,91.72000122070312,91.69999694824219,91.69999694824219,223200
2010-11-10,73.0145492553711,91.69999694824219,91.72000122070312,91.69999694824219,91.69999694824219,243650
2010-11-11,72.99867248535156,91.68000030517578,91.72000122070312,91.68000030517578,91.69999694824219,49600
2010-11-12,73.03047943115234,91.72000122070312,91.72000122070312,91.69999694824219,91.69999694824219,1457000
2010-11-15,73.03047943115234,91.72000122070312,91.72000122070312,91.69999694824219,91.72000122070312,201100
2010-11-16,73.03047943115234,91.72000122070312,91.72000122070312,91.69999694824219,91.69999694824219,103450
2010-11-17,73.03047943115234,91.72000122070312,91.72000122070312,91.69999694824219,91.69999694824219,55300
2010-11-18,73.0145492553711,91.69999694824219,91.72000122070312,91.69999694824219,91.69999694824219,96500
2010-11-19,73.0145492553711,91.69999694824219,91.72000122070312,91.69999694824219,91.69999694824219,154650
2010-11-22,73.0145492553711,91.69999694824219,91.72000122070312,91.69999694824219,91.69999694824219,226650
2010-11-23,73.0145492553711,91.69999694824219,91.72000122070312,91.69999694824219,91.72000122070312,68000
2010-11-24,73.03047943115234,91.72000122070312,91.72000122070312,91.69999694824219,91.69999694824219,86600
2010-11-26,73.03047943115234,91.72000122070312,91.72000122070312,91.69999694824219,91.69999694824219,223750
2010-11-29,73.03047943115234,91.72000122070312,91.72000122070312,91.69999694824219,91.69999694824219,250500
2010-11-30,73.03047943115234,91.72000122070312,91.72000122070312,91.69999694824219,91.69999694824219,81300
2010-12-01,73.0145492553711,91.69999694824219,91.72000122070312,91.69999694824219,91.72000122070312,75350
2010-12-02,73.0145492553711,91.69999694824219,91.72000122070312,91.69999694824219,91.69999694824219,188400
2010-12-03,73.03047943115234,91.72000122070312,91.72000122070312,91.69999694824219,91.69999694824219,320300
2010-12-06,73.0145492553711,91.69999694824219,91.72000122070312,91.69999694824219,91.69999694824219,141300
2010-12-07,73.0145492553711,91.69999694824219,91.72000122070312,91.69999694824219,91.69999694824219,176500
2010-12-08,73.0145492553711,91.69999694824219,91.72000122070312,91.69999694824219,91.69999694824219,82450
2010-12-09,73.03047943115234,91.72000122070312,91.72000122070312,91.69999694824219,91.69999694824219,185250
2010-12-10,73.03047943115234,91.72000122070312,91.72000122070312,91.69999694824219,91.69999694824219,164450
2010-12-13,73.03047943115234,91.72000122070312,91.72000122070312,91.69999694824219,91.69999694824219,130800
2010-12-14,73.03047943115234,91.72000122070312,91.72000122070312,91.69999694824219,91.69999694824219,388500
2010-12-15,73.0145492553711,91.69999694824219,91.72000122070312,91.69999694824219,91.69999694824219,204550
2010-12-16,73.0145492553711,91.69999694824219,91.72000122070312,91.69999694824219,91.69999694824219,564600
2010-12-17,73.03047943115234,91.72000122070312,91.72000122070312,91.69999694824219,91.69999694824219,241750
2010-12-20,73.03047943115234,91.72000122070312,91.72000122070312,91.69999694824219,91.69999694824219,120600
2010-12-21,73.03047943115234,91.72000122070312,91.72000122070312,91.69999694824219,91.72000122070312,103350
2010-12-22,73.0145492553711,91.69999694824219,91.72000122070312,91.69999694824219,91.72000122070312,97250
2010-12-23,73.0145492553711,91.69999694824219,91.72000122070312,91.69999694824219,91.69999694824219,88000
2010-12-27,73.0145492553711,91.69999694824219,91.72000122070312,91.69999694824219,91.69999694824219,151100
2010-12-28,73.03047943115234,91.72000122070312,91.72000122070312,91.69999694824219,91.69999694824219,115200
2010-12-29,73.0145492553711,91.69999694824219,91.72000122070312,91.69999694824219,91.72000122070312,72150
2010-12-30,73.03047943115234,91.72000122070312,91.72000122070312,91.69999694824219,91.69999694824219,217650
2010-12-31,73.0145492553711,91.69999694824219,91.72000122070312,91.69999694824219,91.69999694824219,119650
2011-01-03,73.03047943115234,91.72000122070312,91.72000122070312,91.69999694824219,91.69999694824219,126850
2011-01-04,73.03047943115234,91.72000122070312,91.72000122070312,91.69999694824219,91.72000122070312,156750
2011-01-05,73.03047943115234,91.72000122070312,91.72000122070312,91.69999694824219,91.69999694824219,184350
2011-01-06,73.03047943115234,91.72000122070312,91.72000122070312,91.69999694824219,91.72000122070312,64950
2011-01-07,73.0145492553711,91.69999694824219,91.72000122070312,91.69999694824219,91.69999694824219,124600
2011-01-10,73.03047943115234,91.72000122070312,91.72000122070312,91.69999694824219,91.69999694824219,150550
2011-01-11,73.03047943115234,91.72000122070312,91.72000122070312,91.69999694824219,91.72000122070312,127300
2011-01-12,73.0145492553711,91.69999694824219,91.72000122070312,91.69999694824219,91.69999694824219,69400
2011-01-13,73.0145492553711,91.69999694824219,91.72000122070312,91.69999694824219,91.69999694824219,94600
2011-01-14,73.0145492553711,91.69999694824219,91.72000122070312,91.69999694824219,91.69999694824219,199450
2011-01-18,73.0145492553711,91.69999694824219,91.72000122070312,91.69999694824219,91.69999694824219,426600
2011-01-19,73.03047943115234,91.72000122070312,91.72000122070312,91.69999694824219,91.72000122070312,150850
2011-01-20,73.03047943115234,91.72000122070312,91.72000122070312,91.69999694824219,91.72000122070312,99650
2011-01-21,73.0145492553711,91.69999694824219,91.72000122070312,91.69999694824219,91.69999694824219,55100
2011-01-24,73.0145492553711,91.69999694824219,91.72000122070312,91.69999694824219,91.69999694824219,312100
2011-01-25,73.03047943115234,91.72000122070312,91.72000122070312,91.69999694824219,91.72000122070312,443100
2011-01-26,73.0145492553711,91.69999694824219,91.72000122070312,91.69999694824219,91.72000122070312,87800
2011-01-27,73.03047943115234,91.72000122070312,91.72000122070312,91.69999694824219,91.69999694824219,89000
2011-01-28,73.0145492553711,91.69999694824219,91.72000122070312,91.69999694824219,91.69999694824219,158550
2011-01-31,73.0145492553711,91.69999694824219,91.72000122070312,91.69999694824219,91.69999694824219,87250
2011-02-01,73.0145492553711,91.69999694824219,91.72000122070312,91.69999694824219,91.69999694824219,787600
2011-02-02,73.0145492553711,91.69999694824219,91.72000122070312,91.69999694824219,91.69999694824219,283550
2011-02-03,73.0145492553711,91.69999694824219,91.72000122070312,91.69999694824219,91.72000122070312,91000
2011-02-04,73.03047943115234,91.72000122070312,91.72000122070312,91.69999694824219,91.69999694824219,101000
2011-02-07,73.0145492553711,91.69999694824219,91.72000122070312,91.69999694824219,91.72000122070312,131550
2011-02-08,73.0145492553711,91.69999694824219,91.72000122070312,91.69999694824219,91.72000122070312,155400
2011-02-09,73.03047943115234,91.72000122070312,91.72000122070312,91.69999694824219,91.72000122070312,147700
2011-02-10,73.0145492553711,91.69999694824219,91.72000122070312,91.69999694824219,91.69999694824219,148650
2011-02-11,73.0145492553711,91.69999694824219,91.72000122070312,91.69999694824219,91.72000122070312,138150
2011-02-14,73.0145492553711,91.69999694824219,91.72000122070312,91.69999694824219,91.72000122070312,74450
2011-02-15,73.03047943115234,91.72000122070312,91.72000122070312,91.69999694824219,91.72000122070312,193200
2011-02-16,73.03047943115234,91.72000122070312,91.72000122070312,91.69999694824219,91.72000122070312,136800
2011-02-17,73.03047943115234,91.72000122070312,91.72000122070312,91.69999694824219,91.69999694824219,68250
2011-02-18,73.0145492553711,91.69999694824219,91.72000122070312,91.69999694824219,91.69999694824219,93750
2011-02-22,73.0145492553711,91.69999694824219,91.72000122070312,91.69999694824219,91.72000122070312,144050
2011-02-23,73.03047943115234,91.72000122070312,91.72000122070312,91.69999694824219,91.72000122070312,493500
2011-02-24,73.03047943115234,91.72000122070312,91.72000122070312,91.69999694824219,91.72000122070312,126750
2011-02-25,73.03047943115234,91.72000122070312,91.72000122070312,91.69999694824219,91.72000122070312,91350
2011-02-28,73.0145492553711,91.69999694824219,91.72000122070312,91.69999694824219,91.72000122070312,145850
2011-03-01,73.0145492553711,91.69999694824219,91.72000122070312,91.69999694824219,91.72000122070312,138400
2011-03-02,73.03047943115234,91.72000122070312,91.72000122070312,91.69999694824219,91.72000122070312,128000
2011-03-03,73.0145492553711,91.69999694824219,91.72000122070312,91.69999694824219,91.72000122070312,139950
2011-03-04,73.03047943115234,91.72000122070312,91.72000122070312,91.69999694824219,91.69999694824219,132300
2011-03-07,73.0145492553711,91.69999694824219,91.72000122070312,91.69999694824219,91.72000122070312,95850
2011-03-08,73.0145492553711,91.69999694824219,91.72000122070312,91.69999694824219,91.72000122070312,1178800
2011-03-09,73.0145492553711,91.69999694824219,91.72000122070312,91.69999694824219,91.72000122070312,159800
2011-03-10,73.0145492553711,91.69999694824219,91.72000122070312,91.69999694824219,91.69999694824219,140200
2011-03-11,73.03047943115234,91.72000122070312,91.72000122070312,91.69999694824219,91.69999694824219,77750
2011-03-14,73.03047943115234,91.72000122070312,91.73999786376953,91.69999694824219,91.69999694824219,929650
2011-03-15,73.04642486572266,91.73999786376953,91.73999786376953,91.69999694824219,91.73999786376953,754300
2011-03-16,73.04642486572266,91.73999786376953,91.73999786376953,91.72000122070312,91.72000122070312,122300
2011-03-17,73.04642486572266,91.73999786376953,91.73999786376953,91.72000122070312,91.73999786376953,595450
2011-03-18,73.04642486572266,91.73999786376953,91.73999786376953,91.72000122070312,91.72000122070312,222750
2011-03-21,73.04642486572266,91.73999786376953,91.73999786376953,91.72000122070312,91.72000122070312,102350
2011-03-22,73.0145492553711,91.69999694824219,91.72000122070312,91.69999694824219,91.69999694824219,117100
2011-03-23,73.03047943115234,91.72000122070312,91.72000122070312,91.69999694824219,91.69999694824219,156950
2011-03-24,73.0145492553711,91.69999694824219,91.72000122070312,91.69999694824219,91.69999694824219,557950
2011-03-25,73.0145492553711,91.69999694824219,91.72000122070312,91.69999694824219,91.69999694824219,1271900
2011-03-28,73.03047943115234,91.72000122070312,91.72000122070312,91.69999694824219,91.69999694824219,733950
2011-03-29,73.0145492553711,91.69999694824219,91.72000122070312,91.69999694824219,91.72000122070312,240950
2011-03-30,73.03047943115234,91.72000122070312,91.72000122070312,91.69999694824219,91.72000122070312,589950
2011-03-31,73.0145492553711,91.69999694824219,91.72000122070312,91.69999694824219,91.69999694824219,145200
2011-04-01,73.0145492553711,91.69999694824219,91.72000122070312,91.69999694824219,91.72000122070312,148850
2011-04-04,73.0145492553711,91.69999694824219,91.73999786376953,91.69999694824219,91.69999694824219,144700
2011-04-05,73.0145492553711,91.69999694824219,91.72000122070312,91.69999694824219,91.72000122070312,165000
2011-04-06,73.0145492553711,91.69999694824219,91.72000122070312,91.69999694824219,91.69999694824219,116900
2011-04-07,73.03047943115234,91.72000122070312,91.72000122070312,91.69999694824219,91.69999694824219,129450
2011-04-08,73.0145492553711,91.69999694824219,91.72000122070312,91.69999694824219,91.72000122070312,1310750
2011-04-11,73.0145492553711,91.69999694824219,91.72000122070312,91.69999694824219,91.69999694824219,230850
2011-04-12,73.03047943115234,91.72000122070312,91.73999786376953,91.69999694824219,91.72000122070312,61100
2011-04-13,73.03047943115234,91.72000122070312,91.73999786376953,91.69999694824219,91.72000122070312,79200
2011-04-14,73.0145492553711,91.69999694824219,91.73999786376953,91.69999694824219,91.73999786376953,245750
2011-04-15,73.03047943115234,91.72000122070312,91.72000122070312,91.69999694824219,91.69999694824219,152600
2011-04-18,73.0145492553711,91.69999694824219,91.72000122070312,91.69999694824219,91.69999694824219,112300
2011-04-19,73.0145492553711,91.69999694824219,91.72000122070312,91.69999694824219,91.69999694824219,110650
2011-04-20,73.0145492553711,91.69999694824219,91.72000122070312,91.69999694824219,91.72000122070312,102200
2011-04-21,73.0145492553711,91.69999694824219,91.72000122070312,91.69999694824219,91.69999694824219,89850
2011-04-25,73.0145492553711,91.69999694824219,91.72000122070312,91.69999694824219,91.72000122070312,103150
2011-04-26,73.0145492553711,91.69999694824219,91.72000122070312,91.69999694824219,91.72000122070312,41450
2011-04-27,73.0145492553711,91.69999694824219,91.72000122070312,91.69999694824219,91.69999694824219,106000
2011-04-28,73.0145492553711,91.69999694824219,91.72000122070312,91.69999694824219,91.69999694824219,97050
2011-04-29,73.0145492553711,91.69999694824219,91.72000122070312,91.69999694824219,91.69999694824219,74500
2011-05-02,73.0145492553711,91.69999694824219,91.72000122070312,91.69999694824219,91.72000122070312,76000
2011-05-03,73.0145492553711,91.69999694824219,91.72000122070312,91.69999694824219,91.72000122070312,127100
2011-05-04,73.04642486572266,91.73999786376953,91.73999786376953,91.69999694824219,91.73999786376953,449750
2011-05-05,73.04642486572266,91.73999786376953,91.73999786376953,91.72000122070312,91.72000122070312,800000
2011-05-06,73.04642486572266,91.73999786376953,91.73999786376953,91.72000122070312,91.72000122070312,143400
2011-05-09,73.04642486572266,91.73999786376953,91.73999786376953,91.72000122070312,91.72000122070312,808500
2011-05-10,73.04642486572266,91.73999786376953,91.73999786376953,91.72000122070312,91.73999786376953,182200
2011-05-11,73.04642486572266,91.73999786376953,91.73999786376953,91.72000122070312,91.72000122070312,76150
2011-05-12,73.04642486572266,91.73999786376953,91.73999786376953,91.72000122070312,91.73999786376953,88350
2011-05-13,73.03047943115234,91.72000122070312,91.73999786376953,91.72000122070312,91.73999786376953,42950
2011-05-16,73.03047943115234,91.72000122070312,91.73999786376953,91.72000122070312,91.73999786376953,905750
2011-05-17,73.03047943115234,91.72000122070312,91.73999786376953,91.72000122070312,91.73999786376953,582700
2011-05-18,73.0145492553711,91.69999694824219,91.72000122070312,91.69999694824219,91.69999694824219,75550
2011-05-19,73.04642486572266,91.73999786376953,91.73999786376953,91.69999694824219,91.69999694824219,71300
2011-05-20,73.03047943115234,91.72000122070312,91.72000122070312,91.69999694824219,91.72000122070312,443400
2011-05-23,73.03047943115234,91.72000122070312,91.72000122070312,91.69999694824219,91.72000122070312,328750
2011-05-24,73.03047943115234,91.72000122070312,91.72000122070312,91.69999694824219,91.69999694824219,68000
2011-05-25,73.03047943115234,91.72000122070312,91.72000122070312,91.69999694824219,91.72000122070312,159800
2011-05-26,73.03047943115234,91.72000122070312,91.72000122070312,91.69999694824219,91.72000122070312,819300
2011-05-27,73.03047943115234,91.72000122070312,91.72000122070312,91.69999694824219,91.69999694824219,161350
2011-05-31,73.03047943115234,91.72000122070312,91.72000122070312,91.69999694824219,91.69999694824219,133700
2011-06-01,73.0145492553711,91.69999694824219,91.72000122070312,91.69999694824219,91.69999694824219,471900
2011-06-02,73.0145492553711,91.69999694824219,91.72000122070312,91.69999694824219,91.69999694824219,69000
2011-06-03,73.0145492553711,91.69999694824219,91.72000122070312,91.69999694824219,91.69999694824219,62750
2011-06-06,73.0145492553711,91.69999694824219,91.72000122070312,91.69999694824219,91.72000122070312,655250
2011-06-07,73.03047943115234,91.72000122070312,91.72000122070312,91.69999694824219,91.72000122070312,882450
2011-06-08,73.03047943115234,91.72000122070312,91.72000122070312,91.69999694824219,91.69999694824219,64950
2011-06-09,73.0145492553711,91.69999694824219,91.72000122070312,91.69999694824219,91.72000122070312,376350
2011-06-10,73.03047943115234,91.72000122070312,91.72000122070312,91.69999694824219,91.69999694824219,79400
2011-06-13,73.0145492553711,91.69999694824219,91.72000122070312,91.69999694824219,91.72000122070312,94950
2011-06-14,73.03047943115234,91.72000122070312,91.72000122070312,91.69999694824219,91.69999694824219,862400
2011-06-15,73.03047943115234,91.72000122070312,91.72000122070312,91.69999694824219,91.72000122070312,113650
2011-06-16,73.03047943115234,91.72000122070312,91.72000122070312,91.69999694824219,91.72000122070312,101900
2011-06-17,73.03047943115234,91.72000122070312,91.72000122070312,91.69999694824219,91.72000122070312,96750
2011-06-20,73.03047943115234,91.72000122070312,91.72000122070312,91.69999694824219,91.72000122070312,102900
2011-06-21,73.0145492553711,91.69999694824219,91.72000122070312,91.69999694824219,91.72000122070312,433350
2011-06-22,73.03047943115234,91.72000122070312,91.72000122070312,91.69999694824219,91.69999694824219,158700
2011-06-23,73.03047943115234,91.72000122070312,91.72000122070312,91.69999694824219,91.72000122070312,523750
2011-06-24,73.0145492553711,91.69999694824219,91.72000122070312,91.69999694824219,91.72000122070312,357750
2011-06-27,73.0145492553711,91.69999694824219,91.72000122070312,91.69999694824219,91.72000122070312,126950
2011-06-28,73.0145492553711,91.69999694824219,91.72000122070312,91.69999694824219,91.72000122070312,289650
2011-06-29,73.03047943115234,91.72000122070312,91.72000122070312,91.69999694824219,91.69999694824219,1148950
2011-06-30,73.03047943115234,91.72000122070312,91.72000122070312,91.69999694824219,91.69999694824219,1730050
2011-07-01,73.0145492553711,91.69999694824219,91.72000122070312,91.69999694824219,91.72000122070312,496400
2011-07-05,73.0145492553711,91.69999694824219,91.72000122070312,91.69999694824219,91.72000122070312,786700
2011-07-06,73.03047943115234,91.72000122070312,91.72000122070312,91.69999694824219,91.69999694824219,222350
2011-07-07,73.0145492553711,91.69999694824219,91.72000122070312,91.69999694824219,91.69999694824219,158850
2011-07-08,73.0145492553711,91.69999694824219,91.72000122070312,91.69999694824219,91.69999694824219,70650
2011-07-11,72.99867248535156,91.68000030517578,91.72000122070312,91.68000030517578,91.72000122070312,147850
2011-07-12,73.0145492553711,91.69999694824219,91.72000122070312,91.69999694824219,91.72000122070312,1150000
2011-07-13,73.03047943115234,91.72000122070312,91.72000122070312,91.69999694824219,91.69999694824219,1115500
2011-07-14,73.03047943115234,91.72000122070312,91.72000122070312,91.69999694824219,91.72000122070312,216650
2011-07-15,73.03047943115234,91.72000122070312,91.72000122070312,91.69999694824219,91.69999694824219,496050
2011-07-18,73.03047943115234,91.72000122070312,91.72000122070312,91.69999694824219,91.69999694824219,803350
2011-07-19,73.03047943115234,91.72000122070312,91.72000122070312,91.69999694824219,91.72000122070312,790000
2011-07-20,73.0145492553711,91.69999694824219,91.72000122070312,91.69999694824219,91.69999694824219,162650
2011-07-21,73.0145492553711,91.69999694824219,91.72000122070312,91.69999694824219,91.72000122070312,790450
2011-07-22,73.03047943115234,91.72000122070312,91.72000122070312,91.69999694824219,91.69999694824219,162550
2011-07-25,73.03047943115234,91.72000122070312,91.72000122070312,91.69999694824219,91.72000122070312,72300
2011-07-26,73.03047943115234,91.72000122070312,91.72000122070312,91.69999694824219,91.69999694824219,85800
2011-07-27,73.03047943115234,91.72000122070312,91.72000122070312,91.69999694824219,91.72000122070312,906050
2011-07-28,73.03047943115234,91.72000122070312,91.72000122070312,91.69999694824219,91.69999694824219,802800
2011-07-29,73.03047943115234,91.72000122070312,91.72000122070312,91.69999694824219,91.69999694824219,1060950
2011-08-01,73.03047943115234,91.72000122070312,91.72000122070312,91.68000030517578,91.69999694824219,290250
2011-08-02,73.03047943115234,91.72000122070312,91.72000122070312,91.68000030517578,91.69999694824219,1012600
2011-08-03,73.03047943115234,91.72000122070312,91.72000122070312,91.69999694824219,91.72000122070312,681150
2011-08-04,73.03047943115234,91.72000122070312,91.72000122070312,91.69999694824219,91.72000122070312,1335150
2011-08-05,73.03047943115234,91.72000122070312,91.72000122070312,91.69999694824219,91.72000122070312,438750
2011-08-08,73.03047943115234,91.72000122070312,91.72000122070312,91.69999694824219,91.69999694824219,560600
2011-08-09,73.03047943115234,91.72000122070312,91.72000122070312,91.69999694824219,91.72000122070312,658450
2011-08-10,73.03047943115234,91.72000122070312,91.72000122070312,91.68000030517578,91.69999694824219,374150
2011-08-11,73.03047943115234,91.72000122070312,91.72000122070312,91.68000030517578,91.69999694824219,224700
2011-08-12,73.03047943115234,91.72000122070312,91.72000122070312,91.69999694824219,91.72000122070312,779850
2011-08-15,73.03047943115234,91.72000122070312,91.72000122070312,91.69999694824219,91.69999694824219,9127350
2011-08-16,73.03047943115234,91.72000122070312,91.72000122070312,91.69999694824219,91.72000122070312,368100
2011-08-17,73.03047943115234,91.72000122070312,91.72000122070312,91.69999694824219,91.72000122070312,331200
2011-08-18,72.99867248535156,91.68000030517578,91.72000122070312,91.68000030517578,91.72000122070312,525450
2011-08-19,73.03047943115234,91.72000122070312,91.72000122070312,91.69999694824219,91.72000122070312,941750
2011-08-22,72.99867248535156,91.68000030517578,91.72000122070312,91.68000030517578,91.69999694824219,247900
2011-08-23,73.03047943115234,91.72000122070312,91.72000122070312,91.69999694824219,91.69999694824219,709250
2011-08-24,73.03047943115234,91.72000122070312,91.72000122070312,91.69999694824219,91.72000122070312,190750
2011-08-25,72.99867248535156,91.68000030517578,91.72000122070312,91.68000030517578,91.72000122070312,334800
2011-08-26,73.03047943115234,91.72000122070312,91.72000122070312,91.69999694824219,91.72000122070312,247950
2011-08-29,73.03047943115234,91.72000122070312,91.72000122070312,91.69999694824219,91.72000122070312,11294400
2011-08-30,73.03047943115234,91.72000122070312,91.72000122070312,91.69999694824219,91.69999694824219,952000
2011-08-31,73.03047943115234,91.72000122070312,91.72000122070312,91.69999694824219,91.72000122070312,523750
2011-09-01,73.03047943115234,91.72000122070312,91.72000122070312,91.68000030517578,91.69999694824219,1048100
2011-09-02,73.03047943115234,91.72000122070312,91.72000122070312,91.69999694824219,91.72000122070312,479450
2011-09-06,73.0145492553711,91.69999694824219,91.72000122070312,91.68000030517578,91.69999694824219,8617200
2011-09-07,72.99867248535156,91.68000030517578,91.69999694824219,91.68000030517578,91.69999694824219,367950
2011-09-08,72.99867248535156,91.68000030517578,91.69999694824219,91.68000030517578,91.68000030517578,698000
2011-09-09,73.0145492553711,91.69999694824219,91.72000122070312,91.68000030517578,91.68000030517578,731050
2011-09-12,73.0145492553711,91.69999694824219,91.69999694824219,91.68000030517578,91.68000030517578,287700
2011-09-13,72.99867248535156,91.68000030517578,91.69999694824219,91.68000030517578,91.69999694824219,568550
2011-09-14,72.99867248535156,91.68000030517578,91.69999694824219,91.68000030517578,91.69999694824219,308000
2011-09-15,72.99867248535156,91.68000030517578,91.72000122070312,91.68000030517578,91.69999694824219,923750
2011-09-16,72.99867248535156,91.68000030517578,91.69999694824219,91.68000030517578,91.69999694824219,276450
2011-09-19,73.0145492553711,91.69999694824219,91.69999694824219,91.68000030517578,91.69999694824219,517100
2011-09-20,73.0145492553711,91.69999694824219,91.69999694824219,91.68000030517578,91.68000030517578,373000
2011-09-21,73.0145492553711,91.69999694824219,91.69999694824219,91.68000030517578,91.69999694824219,314150
2011-09-22,72.99867248535156,91.68000030517578,91.69999694824219,91.68000030517578,91.68000030517578,1011650
2011-09-23,73.0145492553711,91.69999694824219,91.69999694824219,91.68000030517578,91.69999694824219,604150
2011-09-26,73.0145492553711,91.69999694824219,91.69999694824219,91.68000030517578,91.69999694824219,497400
2011-09-27,72.99867248535156,91.68000030517578,91.69999694824219,91.68000030517578,91.68000030517578,404150
2011-09-28,73.0145492553711,91.69999694824219,91.69999694824219,91.68000030517578,91.69999694824219,383650
2011-09-29,73.0145492553711,91.69999694824219,91.69999694824219,91.68000030517578,91.69999694824219,451650
2011-09-30,73.0145492553711,91.69999694824219,91.69999694824219,91.68000030517578,91.69999694824219,611450
2011-10-03,73.0145492553711,91.69999694824219,91.69999694824219,91.68000030517578,91.69999694824219,13151250
2011-10-04,73.0145492553711,91.69999694824219,91.69999694824219,91.68000030517578,91.69999694824219,691050
2011-10-05,73.0145492553711,91.69999694824219,91.69999694824219,91.68000030517578,91.69999694824219,689300
2011-10-06,72.99867248535156,91.68000030517578,91.69999694824219,91.68000030517578,91.69999694824219,353400
2011-10-07,73.0145492553711,91.69999694824219,91.69999694824219,91.68000030517578,91.68000030517578,750650
2011-10-10,72.99867248535156,91.68000030517578,91.69999694824219,91.66000366210938,91.68000030517578,1657350
2011-10-11,73.0145492553711,91.69999694824219,91.69999694824219,91.68000030517578,91.68000030517578,562550
2011-10-12,72.99867248535156,91.68000030517578,91.69999694824219,91.68000030517578,91.69999694824219,383000
2011-10-13,73.0145492553711,91.69999694824219,91.69999694824219,91.68000030517578,91.68000030517578,494050
2011-10-14,72.99867248535156,91.68000030517578,91.69999694824219,91.68000030517578,91.69999694824219,459250
2011-10-17,72.99867248535156,91.68000030517578,91.69999694824219,91.68000030517578,91.68000030517578,12224600
2011-10-18,73.0145492553711,91.69999694824219,91.69999694824219,91.68000030517578,91.68000030517578,350650
2011-10-19,73.0145492553711,91.69999694824219,91.69999694824219,91.68000030517578,91.68000030517578,294450
2011-10-20,73.0145492553711,91.69999694824219,91.69999694824219,91.68000030517578,91.68000030517578,1126100
2011-10-21,72.99867248535156,91.68000030517578,91.69999694824219,91.68000030517578,91.68000030517578,583750
2011-10-24,72.99867248535156,91.68000030517578,91.69999694824219,91.68000030517578,91.68000030517578,8779750
2011-10-25,73.0145492553711,91.69999694824219,91.69999694824219,91.68000030517578,91.68000030517578,482500
2011-10-26,73.0145492553711,91.69999694824219,91.69999694824219,91.68000030517578,91.68000030517578,239450
2011-10-27,72.99867248535156,91.68000030517578,91.69999694824219,91.68000030517578,91.68000030517578,1490300
2011-10-28,72.99867248535156,91.68000030517578,91.69999694824219,91.68000030517578,91.68000030517578,404400
2011-10-31,72.98272705078125,91.66000366210938,91.69999694824219,91.66000366210938,91.69999694824219,3112450
2011-11-01,73.0145492553711,91.69999694824219,91.69999694824219,91.68000030517578,91.69999694824219,1423150
2011-11-02,72.99867248535156,91.68000030517578,91.69999694824219,91.68000030517578,91.69999694824219,284650
2011-11-03,72.98272705078125,91.66000366210938,91.69999694824219,91.66000366210938,91.69999694824219,326800
2011-11-04,72.99867248535156,91.68000030517578,91.69999694824219,91.68000030517578,91.69999694824219,203000
2011-11-07,73.0145492553711,91.69999694824219,91.69999694824219,91.68000030517578,91.68000030517578,197600
2011-11-08,73.0145492553711,91.69999694824219,91.69999694824219,91.68000030517578,91.68000030517578,537300
2011-11-09,72.99867248535156,91.68000030517578,91.69999694824219,91.68000030517578,91.69999694824219,174200
2011-11-10,73.0145492553711,91.69999694824219,91.69999694824219,91.68000030517578,91.68000030517578,362150
2011-11-11,72.99867248535156,91.68000030517578,91.72000122070312,91.68000030517578,91.68000030517578,344400
2011-11-14,73.0145492553711,91.69999694824219,91.69999694824219,91.68000030517578,91.69999694824219,649000
2011-11-15,72.99867248535156,91.68000030517578,91.69999694824219,91.68000030517578,91.69999694824219,232900
2011-11-16,73.0145492553711,91.69999694824219,91.69999694824219,91.68000030517578,91.68000030517578,341300
2011-11-17,73.0145492553711,91.69999694824219,91.69999694824219,91.68000030517578,91.68000030517578,843800
2011-11-18,73.0145492553711,91.69999694824219,91.69999694824219,91.68000030517578,91.69999694824219,274700
2011-11-21,73.0145492553711,91.69999694824219,91.69999694824219,91.68000030517578,91.69999694824219,2169100
2011-11-22,72.99867248535156,91.68000030517578,91.69999694824219,91.68000030517578,91.69999694824219,631450
2011-11-23,73.0145492553711,91.69999694824219,91.69999694824219,91.66000366210938,91.69999694824219,877150
2011-11-25,73.0145492553711,91.69999694824219,91.69999694824219,91.68000030517578,91.69999694824219,268300
2011-11-28,73.0145492553711,91.69999694824219,91.69999694824219,91.68000030517578,91.68000030517578,467550
2011-11-29,72.98272705078125,91.66000366210938,91.69999694824219,91.66000366210938,91.68000030517578,537700
2011-11-30,72.99867248535156,91.68000030517578,91.68000030517578,91.66000366210938,91.68000030517578,1701850
2011-12-01,72.98272705078125,91.66000366210938,91.68000030517578,91.66000366210938,91.66000366210938,2137000
2011-12-02,72.99867248535156,91.68000030517578,91.68000030517578,91.66000366210938,91.68000030517578,353750
2011-12-05,72.99867248535156,91.68000030517578,91.68000030517578,91.66000366210938,91.68000030517578,2240550
2011-12-06,73.0145492553711,91.69999694824219,91.72000122070312,91.66000366210938,91.66000366210938,211150
2011-12-07,72.99867248535156,91.68000030517578,91.68000030517578,91.66000366210938,91.68000030517578,259950
2011-12-08,72.99867248535156,91.68000030517578,91.68000030517578,91.66000366210938,91.68000030517578,248050
2011-12-09,72.98272705078125,91.66000366210938,91.68000030517578,91.66000366210938,91.66000366210938,199800
2011-12-12,72.98272705078125,91.66000366210938,91.68000030517578,91.66000366210938,91.66000366210938,11094100
2011-12-13,72.98272705078125,91.66000366210938,91.68000030517578,91.66000366210938,91.66000366210938,399150
2011-12-14,72.99867248535156,91.68000030517578,91.68000030517578,91.66000366210938,91.66000366210938,1237650
2011-12-15,72.98272705078125,91.66000366210938,91.68000030517578,91.66000366210938,91.68000030517578,535050
2011-12-16,72.99867248535156,91.68000030517578,91.68000030517578,91.66000366210938,91.68000030517578,264200
2011-12-19,72.99867248535156,91.68000030517578,91.68000030517578,91.66000366210938,91.66000366210938,348500
2011-12-20,72.99867248535156,91.68000030517578,91.68000030517578,91.66000366210938,91.68000030517578,235500
2011-12-21,72.99867248535156,91.68000030517578,91.68000030517578,91.66000366210938,91.68000030517578,299450
2011-12-22,72.99867248535156,91.68000030517578,91.68000030517578,91.66000366210938,91.68000030517578,141850
2011-12-23,72.99867248535156,91.68000030517578,91.68000030517578,91.5199966430664,91.68000030517578,508300
2011-12-27,72.98272705078125,91.66000366210938,91.68000030517578,91.66000366210938,91.66000366210938,158500
2011-12-28,72.98593139648438,91.66000366210938,91.68000030517578,91.66000366210938,91.66000366210938,273600
2011-12-29,72.98593139648438,91.66000366210938,91.68000030517578,91.66000366210938,91.66000366210938,196900
2011-12-30,72.98593139648438,91.66000366210938,91.68000030517578,91.66000366210938,91.66000366210938,200350
2012-01-03,72.969970703125,91.63999938964844,91.68000030517578,91.63999938964844,91.66000366210938,4246650
2012-01-04,72.969970703125,91.63999938964844,91.66000366210938,91.63999938964844,91.66000366210938,443250
2012-01-05,72.969970703125,91.63999938964844,91.66000366210938,91.63999938964844,91.63999938964844,489350
2012-01-06,72.969970703125,91.63999938964844,91.66000366210938,91.63999938964844,91.63999938964844,476800
2012-01-09,72.98593139648438,91.66000366210938,91.66000366210938,91.63999938964844,91.66000366210938,490300
2012-01-10,72.98593139648438,91.66000366210938,91.66000366210938,91.63999938964844,91.63999938964844,352250
2012-01-11,72.969970703125,91.63999938964844,91.66000366210938,91.63999938964844,91.66000366210938,402000
2012-01-12,72.969970703125,91.63999938964844,91.66000366210938,91.63999938964844,91.63999938964844,344250
2012-01-13,72.969970703125,91.63999938964844,91.66000366210938,91.63999938964844,91.63999938964844,581600
2012-01-17,72.969970703125,91.63999938964844,91.66000366210938,91.63999938964844,91.63999938964844,210850
2012-01-18,72.969970703125,91.63999938964844,91.66000366210938,91.63999938964844,91.63999938964844,1529650
2012-01-19,72.969970703125,91.63999938964844,91.66000366210938,91.63999938964844,91.63999938964844,728100
2012-01-20,72.969970703125,91.63999938964844,91.66000366210938,91.63999938964844,91.63999938964844,211400
2012-01-23,72.969970703125,91.63999938964844,91.66000366210938,91.63999938964844,91.66000366210938,224350
2012-01-24,72.969970703125,91.63999938964844,91.66000366210938,91.63999938964844,91.63999938964844,216150
2012-01-25,72.969970703125,91.63999938964844,91.66000366210938,91.63999938964844,91.63999938964844,269800
2012-01-26,72.969970703125,91.63999938964844,91.66000366210938,91.63999938964844,91.66000366210938,182200
2012-01-27,72.969970703125,91.63999938964844,91.66000366210938,91.63999938964844,91.63999938964844,153850
2012-01-30,72.98593139648438,91.66000366210938,91.66000366210938,91.63999938964844,91.63999938964844,256050
2012-01-31,72.969970703125,91.63999938964844,91.66000366210938,91.63999938964844,91.66000366210938,416800
2012-02-01,72.969970703125,91.63999938964844,91.66000366210938,91.63999938964844,91.63999938964844,362600
2012-02-02,72.969970703125,91.63999938964844,91.66000366210938,91.63999938964844,91.63999938964844,119000
2012-02-03,72.969970703125,91.63999938964844,91.66000366210938,91.63999938964844,91.63999938964844,365200
2012-02-06,72.98593139648438,91.66000366210938,91.66000366210938,91.63999938964844,91.63999938964844,184900
2012-02-07,72.969970703125,91.63999938964844,91.66000366210938,91.63999938964844,91.63999938964844,189500
2012-02-08,72.98593139648438,91.66000366210938,91.66000366210938,91.63999938964844,91.63999938964844,450500
2012-02-09,72.969970703125,91.63999938964844,91.66000366210938,91.63999938964844,91.63999938964844,130150
2012-02-10,72.98593139648438,91.66000366210938,91.66000366210938,91.63999938964844,91.66000366210938,521300
2012-02-13,72.969970703125,91.63999938964844,91.66000366210938,91.63999938964844,91.63999938964844,638600
2012-02-14,72.98593139648438,91.66000366210938,91.66000366210938,91.63999938964844,91.63999938964844,173950
2012-02-15,72.969970703125,91.63999938964844,91.66000366210938,91.63999938964844,91.66000366210938,103650
2012-02-16,72.98593139648438,91.66000366210938,91.66000366210938,91.63999938964844,91.66000366210938,442200
2012-02-17,72.969970703125,91.63999938964844,91.66000366210938,91.63999938964844,91.63999938964844,81400
2012-02-21,72.969970703125,91.63999938964844,91.66000366210938,91.63999938964844,91.63999938964844,154750
2012-02-22,72.969970703125,91.63999938964844,91.66000366210938,91.63999938964844,91.63999938964844,105350
2012-02-23,72.969970703125,91.63999938964844,91.66000366210938,91.63999938964844,91.66000366210938,156300
2012-02-24,72.98593139648438,91.66000366210938,91.66000366210938,91.63999938964844,91.63999938964844,186550
2012-02-27,72.969970703125,91.63999938964844,91.66000366210938,91.63999938964844,91.66000366210938,956000
2012-02-28,72.969970703125,91.63999938964844,91.66000366210938,91.63999938964844,91.66000366210938,132050
2012-02-29,72.98593139648438,91.66000366210938,91.66000366210938,91.63999938964844,91.63999938964844,453600
2012-03-01,72.969970703125,91.63999938964844,91.63999938964844,91.62000274658203,91.63999938964844,218300
2012-03-02,72.969970703125,91.63999938964844,91.63999938964844,91.62000274658203,91.63999938964844,186600
2012-03-05,72.969970703125,91.63999938964844,91.63999938964844,91.62000274658203,91.62000274658203,248900
2012-03-06,72.969970703125,91.63999938964844,91.63999938964844,91.62000274658203,91.63999938964844,179750
2012-03-07,72.969970703125,91.63999938964844,91.66000366210938,91.63999938964844,91.63999938964844,125400
2012-03-08,72.98593139648438,91.66000366210938,91.66000366210938,91.63999938964844,91.63999938964844,711300
2012-03-09,72.98593139648438,91.66000366210938,91.66000366210938,91.63999938964844,91.63999938964844,194300
2012-03-12,72.98593139648438,91.66000366210938,91.66000366210938,91.63999938964844,91.66000366210938,124850
2012-03-13,72.98593139648438,91.66000366210938,91.66000366210938,91.63999938964844,91.66000366210938,205350
2012-03-14,72.969970703125,91.63999938964844,91.66000366210938,91.63999938964844,91.63999938964844,127050
2012-03-15,72.969970703125,91.63999938964844,91.66000366210938,91.63999938964844,91.66000366210938,468050
2012-03-16,72.969970703125,91.63999938964844,91.66000366210938,91.63999938964844,91.63999938964844,501150
2012-03-19,72.98593139648438,91.66000366210938,91.66000366210938,91.63999938964844,91.66000366210938,105150
2012-03-20,72.98593139648438,91.66000366210938,91.66000366210938,91.63999938964844,91.63999938964844,117250
2012-03-21,72.98593139648438,91.66000366210938,91.66000366210938,91.63999938964844,91.63999938964844,65800
2012-03-22,72.98593139648438,91.66000366210938,91.66000366210938,91.63999938964844,91.66000366210938,106150
2012-03-23,72.98593139648438,91.66000366210938,91.66000366210938,91.63999938964844,91.63999938964844,103250
2012-03-26,72.98593139648438,91.66000366210938,91.66000366210938,91.63999938964844,91.66000366210938,1261300
2012-03-27,72.969970703125,91.63999938964844,91.66000366210938,91.63999938964844,91.66000366210938,185050
2012-03-28,72.98593139648438,91.66000366210938,91.66000366210938,91.63999938964844,91.63999938964844,55800
2012-03-29,72.969970703125,91.63999938964844,91.66000366210938,91.63999938964844,91.63999938964844,131050
2012-03-30,72.969970703125,91.63999938964844,91.66000366210938,91.63999938964844,91.63999938964844,102250
2012-04-02,72.95406341552734,91.62000274658203,91.66000366210938,91.62000274658203,91.63999938964844,778250
2012-04-03,72.969970703125,91.63999938964844,91.63999938964844,91.62000274658203,91.62000274658203,871100
2012-04-04,72.95406341552734,91.62000274658203,91.63999938964844,91.62000274658203,91.63999938964844,319850
2012-04-05,72.969970703125,91.63999938964844,91.66000366210938,91.63999938964844,91.63999938964844,381100
2012-04-09,72.98593139648438,91.66000366210938,91.66000366210938,91.63999938964844,91.63999938964844,1136000
2012-04-10,72.98593139648438,91.66000366210938,91.66000366210938,91.63999938964844,91.63999938964844,520200
2012-04-11,72.98593139648438,91.66000366210938,91.66000366210938,91.63999938964844,91.63999938964844,1014250
2012-04-12,72.969970703125,91.63999938964844,91.66000366210938,91.63999938964844,91.66000366210938,1015400
2012-04-13,72.95406341552734,91.62000274658203,91.63999938964844,91.62000274658203,91.62000274658203,148550
2012-04-16,72.969970703125,91.63999938964844,91.66000366210938,91.62000274658203,91.63999938964844,617250
2012-04-17,72.969970703125,91.63999938964844,91.66000366210938,91.63999938964844,91.63999938964844,174500
2012-04-18,72.969970703125,91.63999938964844,91.66000366210938,91.63999938964844,91.63999938964844,77500
2012-04-19,72.98593139648438,91.66000366210938,91.66000366210938,91.63999938964844,91.63999938964844,38300
2012-04-20,72.969970703125,91.63999938964844,91.66000366210938,91.63999938964844,91.66000366210938,58400
2012-04-23,72.98593139648438,91.66000366210938,91.66000366210938,91.63999938964844,91.63999938964844,1436350
2012-04-24,72.98593139648438,91.66000366210938,91.66000366210938,91.63999938964844,91.66000366210938,271500
2012-04-25,72.969970703125,91.63999938964844,91.66000366210938,91.63999938964844,91.63999938964844,415800
2012-04-26,72.98593139648438,91.66000366210938,91.66000366210938,91.63999938964844,91.66000366210938,68450
2012-04-27,72.969970703125,91.63999938964844,91.66000366210938,91.63999938964844,91.63999938964844,100150
2012-04-30,72.98593139648438,91.66000366210938,91.66000366210938,91.63999938964844,91.63999938964844,85900
2012-05-01,72.98593139648438,91.66000366210938,91.66000366210938,91.63999938964844,91.63999938964844,219500
2012-05-02,72.98593139648438,91.66000366210938,91.66000366210938,91.63999938964844,91.63999938964844,123300
2012-05-03,72.969970703125,91.63999938964844,91.66000366210938,91.63999938964844,91.63999938964844,84800
2012-05-04,72.969970703125,91.63999938964844,91.66000366210938,91.63999938964844,91.63999938964844,111350
2012-05-07,72.98593139648438,91.66000366210938,91.66000366210938,91.63999938964844,91.63999938964844,257750
2012-05-08,72.98593139648438,91.66000366210938,91.66000366210938,91.63999938964844,91.66000366210938,282950
2012-05-09,72.98593139648438,91.66000366210938,91.66000366210938,91.63999938964844,91.63999938964844,921250
2012-05-10,72.98593139648438,91.66000366210938,91.66000366210938,91.63999938964844,91.63999938964844,457000
2012-05-11,72.98593139648438,91.66000366210938,91.66000366210938,91.63999938964844,91.66000366210938,128000
2012-05-14,72.98593139648438,91.66000366210938,91.66000366210938,91.63999938964844,91.63999938964844,221050
2012-05-15,72.98593139648438,91.66000366210938,91.66000366210938,91.63999938964844,91.63999938964844,528650
2012-05-16,72.98593139648438,91.66000366210938,91.66000366210938,91.63999938964844,91.66000366210938,103950
2012-05-17,72.98593139648438,91.66000366210938,91.66000366210938,91.63999938964844,91.66000366210938,346500
2012-05-18,72.98593139648438,91.66000366210938,91.66000366210938,91.63999938964844,91.63999938964844,575400
2012-05-21,72.98593139648438,91.66000366210938,91.66000366210938,91.63999938964844,91.63999938964844,1054000
2012-05-22,72.95406341552734,91.62000274658203,91.66000366210938,91.62000274658203,91.63999938964844,649100
2012-05-23,72.95406341552734,91.62000274658203,91.63999938964844,91.62000274658203,91.62000274658203,128000
2012-05-24,72.98593139648438,91.66000366210938,91.66000366210938,91.62000274658203,91.62000274658203,1778900
2012-05-25,72.98593139648438,91.66000366210938,91.66000366210938,91.63999938964844,91.63999938964844,730250
2012-05-29,72.98593139648438,91.66000366210938,91.66000366210938,91.63999938964844,91.66000366210938,150950
2012-05-30,72.98593139648438,91.66000366210938,91.66000366210938,91.63999938964844,91.66000366210938,433500
2012-05-31,72.98593139648438,91.66000366210938,91.66000366210938,91.63999938964844,91.66000366210938,292550
2012-06-01,72.98593139648438,91.66000366210938,91.66000366210938,91.63999938964844,91.66000366210938,290650
2012-06-04,72.98593139648438,91.66000366210938,91.66000366210938,91.63999938964844,91.66000366210938,518200
2012-06-05,72.98593139648438,91.66000366210938,91.66000366210938,91.63999938964844,91.63999938964844,383300
2012-06-06,72.969970703125,91.63999938964844,91.66000366210938,91.62000274658203,91.66000366210938,753350
2012-06-07,72.969970703125,91.63999938964844,91.66000366210938,91.62000274658203,91.66000366210938,441500
2012-06-08,72.969970703125,91.63999938964844,91.66000366210938,91.63999938964844,91.63999938964844,158900
2012-06-11,72.969970703125,91.63999938964844,91.66000366210938,91.63999938964844,91.63999938964844,119800
2012-06-12,72.98593139648438,91.66000366210938,91.66000366210938,91.63999938964844,91.66000366210938,245950
2012-06-13,72.98593139648438,91.66000366210938,91.66000366210938,91.63999938964844,91.63999938964844,59550
2012-06-14,72.98593139648438,91.66000366210938,91.66000366210938,91.63999938964844,91.63999938964844,169450
2012-06-15,72.969970703125,91.63999938964844,91.66000366210938,91.63999938964844,91.63999938964844,107400
2012-06-18,72.98593139648438,91.66000366210938,91.66000366210938,91.63999938964844,91.66000366210938,132300
2012-06-19,72.95406341552734,91.62000274658203,91.66000366210938,91.62000274658203,91.66000366210938,831750
2012-06-20,72.95406341552734,91.62000274658203,91.63999938964844,91.62000274658203,91.62000274658203,124100
2012-06-21,72.98593139648438,91.66000366210938,91.66000366210938,91.62000274658203,91.62000274658203,918100
2012-06-22,72.969970703125,91.63999938964844,91.66000366210938,91.63999938964844,91.63999938964844,66950
2012-06-25,72.98593139648438,91.66000366210938,91.66000366210938,91.63999938964844,91.63999938964844,788250
2012-06-26,72.98593139648438,91.66000366210938,91.66000366210938,91.63999938964844,91.63999938964844,127900
2012-06-27,72.969970703125,91.63999938964844,91.66000366210938,91.63999938964844,91.63999938964844,118550
2012-06-28,72.98593139648438,91.66000366210938,91.66000366210938,91.63999938964844,91.66000366210938,348850
2012-06-29,72.95406341552734,91.62000274658203,91.66000366210938,91.62000274658203,91.63999938964844,1110950
2012-07-02,72.95406341552734,91.62000274658203,91.63999938964844,91.62000274658203,91.62000274658203,873900
2012-07-03,72.95406341552734,91.62000274658203,91.63999938964844,91.62000274658203,91.62000274658203,313050
2012-07-05,72.95406341552734,91.62000274658203,91.63999938964844,91.62000274658203,91.62000274658203,1299200
2012-07-06,72.95406341552734,91.62000274658203,91.63999938964844,91.62000274658203,91.63999938964844,134750
2012-07-09,72.95406341552734,91.62000274658203,91.63999938964844,91.62000274658203,91.63999938964844,417400
2012-07-10,72.95406341552734,91.62000274658203,91.63999938964844,91.62000274658203,91.62000274658203,451450
2012-07-11,72.95406341552734,91.62000274658203,91.63999938964844,91.62000274658203,91.62000274658203,124950
2012-07-12,72.95406341552734,91.62000274658203,91.63999938964844,91.62000274658203,91.62000274658203,260700
2012-07-13,72.969970703125,91.63999938964844,91.63999938964844,91.62000274658203,91.62000274658203,159750
2012-07-16,72.95406341552734,91.62000274658203,91.63999938964844,91.62000274658203,91.62000274658203,98000
2012-07-17,72.95406341552734,91.62000274658203,91.63999938964844,91.62000274658203,91.62000274658203,46550
2012-07-18,72.95406341552734,91.62000274658203,91.63999938964844,91.62000274658203,91.63999938964844,108500
2012-07-19,72.969970703125,91.63999938964844,91.63999938964844,91.62000274658203,91.63999938964844,160350
2012-07-20,72.95406341552734,91.62000274658203,91.63999938964844,91.62000274658203,91.62000274658203,121750
2012-07-23,72.95406341552734,91.62000274658203,91.63999938964844,91.62000274658203,91.63999938964844,144550
2012-07-24,72.969970703125,91.63999938964844,91.63999938964844,91.62000274658203,91.62000274658203,225300
2012-07-25,72.98593139648438,91.66000366210938,91.66000366210938,91.62000274658203,91.63999938964844,1505750
2012-07-26,72.969970703125,91.63999938964844,91.66000366210938,91.63999938964844,91.63999938964844,424850
2012-07-27,72.98593139648438,91.66000366210938,91.66000366210938,91.63999938964844,91.63999938964844,179400
2012-07-30,72.98593139648438,91.66000366210938,91.66000366210938,91.63999938964844,91.66000366210938,372150
2012-07-31,72.95406341552734,91.62000274658203,91.63999938964844,91.62000274658203,91.62000274658203,150900
2012-08-01,72.969970703125,91.63999938964844,91.66000366210938,91.63999938964844,91.66000366210938,699750
2012-08-02,72.969970703125,91.63999938964844,91.66000366210938,91.63999938964844,91.63999938964844,105600
2012-08-03,72.969970703125,91.63999938964844,91.66000366210938,91.63999938964844,91.63999938964844,123350
2012-08-06,72.98593139648438,91.66000366210938,91.66000366210938,91.63999938964844,91.63999938964844,208550
2012-08-07,72.969970703125,91.63999938964844,91.66000366210938,91.62000274658203,91.63999938964844,545300
2012-08-08,72.95406341552734,91.62000274658203,91.63999938964844,91.62000274658203,91.63999938964844,205650
2012-08-09,72.95406341552734,91.62000274658203,91.63999938964844,91.62000274658203,91.62000274658203,65400
2012-08-10,72.95406341552734,91.62000274658203,91.63999938964844,91.62000274658203,91.62000274658203,246800
2012-08-13,72.95406341552734,91.62000274658203,91.63999938964844,91.62000274658203,91.63999938964844,1007900
2012-08-14,72.95406341552734,91.62000274658203,91.63999938964844,91.62000274658203,91.62000274658203,179250
2012-08-15,72.95406341552734,91.62000274658203,91.63999938964844,91.62000274658203,91.62000274658203,85150
2012-08-16,72.95406341552734,91.62000274658203,91.63999938964844,91.62000274658203,91.62000274658203,538500
2012-08-17,72.95406341552734,91.62000274658203,91.63999938964844,91.62000274658203,91.62000274658203,190050
2012-08-20,72.95406341552734,91.62000274658203,91.63999938964844,91.62000274658203,91.62000274658203,116400
2012-08-21,72.95406341552734,91.62000274658203,91.63999938964844,91.62000274658203,91.62000274658203,152550
2012-08-22,72.95406341552734,91.62000274658203,91.63999938964844,91.62000274658203,91.62000274658203,102850
2012-08-23,72.95406341552734,91.62000274658203,91.63999938964844,91.62000274658203,91.62000274658203,134200
2012-08-24,72.95406341552734,91.62000274658203,91.63999938964844,91.62000274658203,91.63999938964844,131200
2012-08-27,72.95406341552734,91.62000274658203,91.63999938964844,91.62000274658203,91.62000274658203,101300
2012-08-28,72.95406341552734,91.62000274658203,91.63999938964844,91.62000274658203,91.62000274658203,99500
2012-08-29,72.95406341552734,91.62000274658203,91.63999938964844,91.62000274658203,91.62000274658203,72350
2012-08-30,72.95406341552734,91.62000274658203,91.63999938964844,91.62000274658203,91.63999938964844,137300
2012-08-31,72.95406341552734,91.62000274658203,91.63999938964844,91.62000274658203,91.62000274658203,183450
2012-09-04,72.95406341552734,91.62000274658203,91.63999938964844,91.62000274658203,91.62000274658203,122850
2012-09-05,72.969970703125,91.63999938964844,91.63999938964844,91.62000274658203,91.63999938964844,357800
2012-09-06,72.969970703125,91.63999938964844,91.63999938964844,91.62000274658203,91.62000274658203,133550
2012-09-07,72.95406341552734,91.62000274658203,91.63999938964844,91.62000274658203,91.62000274658203,580850
2012-09-10,72.95406341552734,91.62000274658203,91.63999938964844,91.62000274658203,91.62000274658203,430700
2012-09-11,72.95406341552734,91.62000274658203,91.63999938964844,91.62000274658203,91.63999938964844,49900
2012-09-12,72.95406341552734,91.62000274658203,91.63999938964844,91.62000274658203,91.62000274658203,192750
2012-09-13,72.95406341552734,91.62000274658203,91.63999938964844,91.62000274658203,91.62000274658203,553050
2012-09-14,72.95406341552734,91.62000274658203,91.63999938964844,91.62000274658203,91.62000274658203,97100
2012-09-17,72.95406341552734,91.62000274658203,91.63999938964844,91.62000274658203,91.62000274658203,141700
2012-09-18,72.95406341552734,91.62000274658203,91.63999938964844,91.62000274658203,91.63999938964844,1879300
2012-09-19,72.95406341552734,91.62000274658203,91.63999938964844,91.62000274658203,91.62000274658203,178100
2012-09-20,72.95406341552734,91.62000274658203,91.63999938964844,91.62000274658203,91.62000274658203,229500
2012-09-21,72.95406341552734,91.62000274658203,91.63999938964844,91.62000274658203,91.62000274658203,1148750
2012-09-24,72.95406341552734,91.62000274658203,91.63999938964844,91.62000274658203,91.63999938964844,123950
2012-09-25,72.95406341552734,91.62000274658203,91.63999938964844,91.62000274658203,91.62000274658203,276650
2012-09-26,72.95406341552734,91.62000274658203,91.63999938964844,91.62000274658203,91.62000274658203,150900
2012-09-27,72.969970703125,91.63999938964844,91.63999938964844,91.62000274658203,91.62000274658203,138000
2012-09-28,72.95406341552734,91.62000274658203,91.63999938964844,91.62000274658203,91.63999938964844,165650
2012-10-01,72.95406341552734,91.62000274658203,91.63999938964844,91.62000274658203,91.62000274658203,165100
2012-10-02,72.969970703125,91.63999938964844,91.63999938964844,91.62000274658203,91.62000274658203,92950
2012-10-03,72.95406341552734,91.62000274658203,91.63999938964844,91.62000274658203,91.62000274658203,138500
2012-10-04,72.95406341552734,91.62000274658203,91.63999938964844,91.62000274658203,91.62000274658203,738550
2012-10-05,72.95406341552734,91.62000274658203,91.63999938964844,91.62000274658203,91.63999938964844,541650
2012-10-08,72.95406341552734,91.62000274658203,91.63999938964844,91.62000274658203,91.63999938964844,273800
2012-10-09,72.95406341552734,91.62000274658203,91.63999938964844,91.62000274658203,91.62000274658203,287450
2012-10-10,72.969970703125,91.63999938964844,91.63999938964844,91.62000274658203,91.62000274658203,253600
2012-10-11,72.969970703125,91.63999938964844,91.63999938964844,91.62000274658203,91.62000274658203,69900
2012-10-12,72.95406341552734,91.62000274658203,91.63999938964844,91.62000274658203,91.63999938964844,189650
2012-10-15,72.969970703125,91.63999938964844,91.63999938964844,91.62000274658203,91.62000274658203,131800
2012-10-16,72.95406341552734,91.62000274658203,91.63999938964844,91.62000274658203,91.62000274658203,134800
2012-10-17,72.969970703125,91.63999938964844,91.63999938964844,91.62000274658203,91.62000274658203,48650
2012-10-18,72.95406341552734,91.62000274658203,91.63999938964844,91.62000274658203,91.62000274658203,97000
2012-10-19,72.95406341552734,91.62000274658203,91.63999938964844,91.62000274658203,91.63999938964844,199500
2012-10-22,72.95406341552734,91.62000274658203,91.63999938964844,91.62000274658203,91.62000274658203,78600
2012-10-23,72.969970703125,91.63999938964844,91.63999938964844,91.62000274658203,91.63999938964844,965650
2012-10-24,72.969970703125,91.63999938964844,91.63999938964844,91.62000274658203,91.62000274658203,183450
2012-10-25,72.95406341552734,91.62000274658203,91.63999938964844,91.62000274658203,91.62000274658203,223350
2012-10-26,72.95406341552734,91.62000274658203,91.63999938964844,91.62000274658203,91.63999938964844,45600
2012-10-31,72.969970703125,91.63999938964844,91.63999938964844,91.62000274658203,91.62000274658203,395350
2012-11-01,72.969970703125,91.63999938964844,91.63999938964844,91.62000274658203,91.63999938964844,66550
2012-11-02,72.969970703125,91.63999938964844,91.63999938964844,91.62000274658203,91.63999938964844,378400
2012-11-05,72.95406341552734,91.62000274658203,91.63999938964844,91.62000274658203,91.62000274658203,528000
2012-11-06,72.95406341552734,91.62000274658203,91.63999938964844,91.62000274658203,91.62000274658203,106500
2012-11-07,72.969970703125,91.63999938964844,91.63999938964844,91.62000274658203,91.62000274658203,1984650
2012-11-08,72.969970703125,91.63999938964844,91.63999938964844,91.62000274658203,91.63999938964844,452750
2012-11-09,72.969970703125,91.63999938964844,91.63999938964844,91.62000274658203,91.62000274658203,1463250
2012-11-12,72.969970703125,91.63999938964844,91.63999938964844,91.62000274658203,91.63999938964844,376650
2012-11-13,72.969970703125,91.63999938964844,91.63999938964844,91.62000274658203,91.62000274658203,2435000
2012-11-14,72.969970703125,91.63999938964844,91.63999938964844,91.62000274658203,91.62000274658203,312900
2012-11-15,72.969970703125,91.63999938964844,91.63999938964844,91.62000274658203,91.62000274658203,304450
2012-11-16,72.969970703125,91.63999938964844,91.63999938964844,91.62000274658203,91.62000274658203,148600
2012-11-19,72.969970703125,91.63999938964844,91.63999938964844,91.62000274658203,91.62000274658203,133650
2012-11-20,72.95406341552734,91.62000274658203,91.63999938964844,91.62000274658203,91.62000274658203,64900
2012-11-21,72.95406341552734,91.62000274658203,91.63999938964844,91.62000274658203,91.62000274658203,69800
2012-11-23,72.95406341552734,91.62000274658203,91.63999938964844,91.62000274658203,91.62000274658203,52900
2012-11-26,72.95406341552734,91.62000274658203,91.63999938964844,91.62000274658203,91.62000274658203,594700
2012-11-27,72.95406341552734,91.62000274658203,91.63999938964844,91.62000274658203,91.62000274658203,213150
2012-11-28,72.95406341552734,91.62000274658203,91.63999938964844,91.62000274658203,91.62000274658203,63950
2012-11-29,72.95406341552734,91.62000274658203,91.63999938964844,91.62000274658203,91.62000274658203,1176750
2012-11-30,72.95406341552734,91.62000274658203,91.63999938964844,91.62000274658203,91.63999938964844,701350
2012-12-03,72.95406341552734,91.62000274658203,91.63999938964844,91.62000274658203,91.62000274658203,694000
2012-12-04,72.95406341552734,91.62000274658203,91.63999938964844,91.62000274658203,91.63999938964844,217150
2012-12-05,72.95406341552734,91.62000274658203,91.63999938964844,91.62000274658203,91.62000274658203,141750
2012-12-06,72.95406341552734,91.62000274658203,91.63999938964844,91.62000274658203,91.62000274658203,137200
2012-12-07,72.95406341552734,91.62000274658203,91.63999938964844,91.62000274658203,91.62000274658203,376400
2012-12-10,72.95406341552734,91.62000274658203,91.63999938964844,91.62000274658203,91.62000274658203,356500
2012-12-11,72.95406341552734,91.62000274658203,91.63999938964844,91.62000274658203,91.62000274658203,308800
2012-12-12,72.95406341552734,91.62000274658203,91.63999938964844,91.62000274658203,91.62000274658203,269950
2012-12-13,72.95406341552734,91.62000274658203,91.63999938964844,91.62000274658203,91.62000274658203,151700
2012-12-14,72.95406341552734,91.62000274658203,91.63999938964844,91.62000274658203,91.63999938964844,163350
2012-12-17,72.95406341552734,91.62000274658203,91.63999938964844,91.62000274658203,91.62000274658203,665300
2012-12-18,72.969970703125,91.63999938964844,91.63999938964844,91.62000274658203,91.62000274658203,254200
2012-12-19,72.95406341552734,91.62000274658203,91.63999938964844,91.62000274658203,91.62000274658203,150550
2012-12-20,72.95406341552734,91.62000274658203,91.63999938964844,91.62000274658203,91.62000274658203,189600
2012-12-21,72.95406341552734,91.62000274658203,91.63999938964844,91.62000274658203,91.62000274658203,153400
2012-12-24,72.95406341552734,91.62000274658203,91.63999938964844,91.62000274658203,91.63999938964844,107450
2012-12-26,72.95406341552734,91.62000274658203,91.63999938964844,91.62000274658203,91.62000274658203,85000
2012-12-27,72.95406341552734,91.62000274658203,91.63999938964844,91.62000274658203,91.63999938964844,62100
2012-12-28,72.969970703125,91.63999938964844,91.63999938964844,91.62000274658203,91.62000274658203,213250
2012-12-31,72.95406341552734,91.62000274658203,91.63999938964844,91.62000274658203,91.63999938964844,373700
2013-01-02,72.95406341552734,91.62000274658203,91.63999938964844,91.62000274658203,91.62000274658203,1277900
2013-01-03,72.95406341552734,91.62000274658203,91.63999938964844,91.62000274658203,91.63999938964844,294500
2013-01-04,72.969970703125,91.63999938964844,91.63999938964844,91.62000274658203,91.62000274658203,192700
2013-01-07,72.93814086914062,91.5999984741211,91.62000274658203,91.5999984741211,91.5999984741211,179650
2013-01-08,72.93814086914062,91.5999984741211,91.62000274658203,91.5999984741211,91.62000274658203,106650
2013-01-09,72.93814086914062,91.5999984741211,91.62000274658203,91.5999984741211,91.5999984741211,197400
2013-01-10,72.93814086914062,91.5999984741211,91.62000274658203,91.5999984741211,91.5999984741211,81100
2013-01-11,72.93814086914062,91.5999984741211,91.62000274658203,91.5999984741211,91.62000274658203,58750
2013-01-14,72.93814086914062,91.5999984741211,91.62000274658203,91.5999984741211,91.62000274658203,87250
2013-01-15,72.93814086914062,91.5999984741211,91.62000274658203,91.5999984741211,91.5999984741211,72400
2013-01-16,72.93814086914062,91.5999984741211,91.62000274658203,91.5999984741211,91.5999984741211,417550
2013-01-17,72.95406341552734,91.62000274658203,91.62000274658203,91.5999984741211,91.5999984741211,739550
2013-01-18,72.93814086914062,91.5999984741211,91.62000274658203,91.5999984741211,91.62000274658203,279400
2013-01-22,72.93814086914062,91.5999984741211,91.62000274658203,91.5999984741211,91.5999984741211,139500
2013-01-23,72.93814086914062,91.5999984741211,91.62000274658203,91.5999984741211,91.5999984741211,150250
2013-01-24,72.95406341552734,91.62000274658203,91.62000274658203,91.5999984741211,91.5999984741211,2557850
2013-01-25,72.93814086914062,91.5999984741211,91.62000274658203,91.5999984741211,91.5999984741211,188800
2013-01-28,72.93814086914062,91.5999984741211,91.62000274658203,91.5999984741211,91.5999984741211,285500
2013-01-29,72.93814086914062,91.5999984741211,91.62000274658203,91.5999984741211,91.62000274658203,85300
2013-01-30,72.93814086914062,91.5999984741211,91.62000274658203,91.5999984741211,91.5999984741211,160750
2013-01-31,72.95406341552734,91.62000274658203,91.62000274658203,91.5999984741211,91.62000274658203,168450
2013-02-01,72.93814086914062,91.5999984741211,91.62000274658203,91.5999984741211,91.5999984741211,171650
2013-02-04,72.93814086914062,91.5999984741211,91.62000274658203,91.5999984741211,91.5999984741211,112550
2013-02-05,72.95406341552734,91.62000274658203,91.62000274658203,91.5999984741211,91.5999984741211,165500
2013-02-06,72.95406341552734,91.62000274658203,91.62000274658203,91.5999984741211,91.62000274658203,282550
2013-02-07,72.95406341552734,91.62000274658203,91.62000274658203,91.5999984741211,91.5999984741211,50900
2013-02-08,72.95406341552734,91.62000274658203,91.62000274658203,91.5999984741211,91.62000274658203,579750
2013-02-11,72.95406341552734,91.62000274658203,91.62000274658203,91.5999984741211,91.5999984741211,205000
2013-02-12,72.95406341552734,91.62000274658203,91.62000274658203,91.5999984741211,91.62000274658203,195600
2013-02-13,72.93814086914062,91.5999984741211,91.62000274658203,91.5999984741211,91.62000274658203,98300
2013-02-14,72.95406341552734,91.62000274658203,91.62000274658203,91.5999984741211,91.5999984741211,116500
2013-02-15,72.93814086914062,91.5999984741211,91.62000274658203,91.5999984741211,91.62000274658203,51900
2013-02-19,72.93814086914062,91.5999984741211,91.62000274658203,91.5999984741211,91.62000274658203,89200
2013-02-20,72.95406341552734,91.62000274658203,91.62000274658203,91.5999984741211,91.62000274658203,110450
2013-02-21,72.93814086914062,91.5999984741211,91.62000274658203,91.5999984741211,91.62000274658203,290850
2013-02-22,72.95406341552734,91.62000274658203,91.62000274658203,91.5999984741211,91.5999984741211,70800
2013-02-25,72.93814086914062,91.5999984741211,91.62000274658203,91.5999984741211,91.62000274658203,125400
2013-02-26,72.93814086914062,91.5999984741211,91.62000274658203,91.5999984741211,91.5999984741211,145250
2013-02-27,72.95406341552734,91.62000274658203,91.62000274658203,91.5999984741211,91.5999984741211,101600
2013-02-28,72.95406341552734,91.62000274658203,91.62000274658203,91.5999984741211,91.62000274658203,328500
2013-03-01,72.95406341552734,91.62000274658203,91.62000274658203,91.5999984741211,91.62000274658203,67500
2013-03-04,72.93814086914062,91.5999984741211,91.62000274658203,91.5999984741211,91.5999984741211,86700
2013-03-05,72.95406341552734,91.62000274658203,91.62000274658203,91.5999984741211,91.5999984741211,133700
2013-03-06,72.93814086914062,91.5999984741211,91.62000274658203,91.5999984741211,91.5999984741211,186800
2013-03-07,72.95406341552734,91.62000274658203,91.62000274658203,91.5999984741211,91.5999984741211,58250
2013-03-08,72.93814086914062,91.5999984741211,91.62000274658203,91.5999984741211,91.62000274658203,291400
2013-03-11,72.95406341552734,91.62000274658203,91.62000274658203,91.5999984741211,91.5999984741211,126700
2013-03-12,72.93814086914062,91.5999984741211,91.62000274658203,91.5999984741211,91.5999984741211,159950
2013-03-13,72.95406341552734,91.62000274658203,91.62000274658203,91.5999984741211,91.5999984741211,161300
2013-03-14,72.95406341552734,91.62000274658203,91.62000274658203,91.5999984741211,91.62000274658203,105100
2013-03-15,72.95406341552734,91.62000274658203,91.62000274658203,91.5999984741211,91.5999984741211,176800
2013-03-18,72.93814086914062,91.5999984741211,91.62000274658203,91.5999984741211,91.62000274658203,2238950
2013-03-19,72.93814086914062,91.5999984741211,91.62000274658203,91.5999984741211,91.5999984741211,93550
2013-03-20,72.93814086914062,91.5999984741211,91.62000274658203,91.5999984741211,91.5999984741211,140850
2013-03-21,72.93814086914062,91.5999984741211,91.62000274658203,91.5999984741211,91.5999984741211,61650
2013-03-22,72.95406341552734,91.62000274658203,91.62000274658203,91.5999984741211,91.5999984741211,83900
2013-03-25,72.93814086914062,91.5999984741211,91.62000274658203,91.5999984741211,91.5999984741211,338550
2013-03-26,72.95406341552734,91.62000274658203,91.62000274658203,91.5999984741211,91.62000274658203,119100
2013-03-27,72.93814086914062,91.5999984741211,91.62000274658203,91.5999984741211,91.5999984741211,262850
2013-03-28,72.95406341552734,91.62000274658203,91.62000274658203,91.5999984741211,91.5999984741211,97800
2013-04-01,72.93814086914062,91.5999984741211,91.62000274658203,91.5999984741211,91.62000274658203,182100
2013-04-02,72.95406341552734,91.62000274658203,91.62000274658203,91.5999984741211,91.62000274658203,139900
2013-04-03,72.93814086914062,91.5999984741211,91.62000274658203,91.5999984741211,91.62000274658203,143350
2013-04-04,72.93814086914062,91.5999984741211,91.62000274658203,91.5999984741211,91.5999984741211,91800
2013-04-05,72.95406341552734,91.62000274658203,91.62000274658203,91.5999984741211,91.5999984741211,182250
2013-04-08,72.95406341552734,91.62000274658203,91.62000274658203,91.5999984741211,91.62000274658203,113900
2013-04-09,72.95406341552734,91.62000274658203,91.62000274658203,91.5999984741211,91.62000274658203,82300
2013-04-10,72.95406341552734,91.62000274658203,91.62000274658203,91.5999984741211,91.62000274658203,74250
2013-04-11,72.93814086914062,91.5999984741211,91.62000274658203,91.5999984741211,91.62000274658203,281900
2013-04-12,72.95406341552734,91.62000274658203,91.62000274658203,91.5999984741211,91.62000274658203,91650
2013-04-15,72.95406341552734,91.62000274658203,91.62000274658203,91.5999984741211,91.5999984741211,146050
2013-04-16,72.95406341552734,91.62000274658203,91.62000274658203,91.5999984741211,91.62000274658203,90350
2013-04-17,72.95406341552734,91.62000274658203,91.62000274658203,91.5999984741211,91.5999984741211,73450
2013-04-18,72.93814086914062,91.5999984741211,91.62000274658203,91.5999984741211,91.5999984741211,247100
2013-04-19,72.95406341552734,91.62000274658203,91.62000274658203,91.5999984741211,91.62000274658203,90300
2013-04-22,72.95406341552734,91.62000274658203,91.62000274658203,91.5999984741211,91.5999984741211,57250
2013-04-23,72.95406341552734,91.62000274658203,91.62000274658203,91.5999984741211,91.5999984741211,355500
2013-04-24,72.95406341552734,91.62000274658203,91.62000274658203,91.5999984741211,91.62000274658203,159900
2013-04-25,72.93814086914062,91.5999984741211,91.62000274658203,91.5999984741211,91.5999984741211,104750
2013-04-26,72.93814086914062,91.5999984741211,91.62000274658203,91.5999984741211,91.5999984741211,81500
2013-04-29,72.93814086914062,91.5999984741211,91.62000274658203,91.5999984741211,91.62000274658203,117850
2013-04-30,72.93814086914062,91.5999984741211,91.62000274658203,91.5999984741211,91.62000274658203,184450
2013-05-01,72.93814086914062,91.5999984741211,91.62000274658203,91.5999984741211,91.5999984741211,704750
2013-05-02,72.95406341552734,91.62000274658203,91.62000274658203,91.5999984741211,91.62000274658203,71800
2013-05-03,72.93814086914062,91.5999984741211,91.62000274658203,91.5999984741211,91.62000274658203,263600
2013-05-06,72.93814086914062,91.5999984741211,91.62000274658203,91.5999984741211,91.5999984741211,117300
2013-05-07,72.93814086914062,91.5999984741211,91.62000274658203,91.5999984741211,91.5999984741211,51250
2013-05-08,72.95406341552734,91.62000274658203,91.62000274658203,91.5999984741211,91.5999984741211,186750
2013-05-09,72.95406341552734,91.62000274658203,91.62000274658203,91.5999984741211,91.5999984741211,59800
2013-05-10,72.93814086914062,91.5999984741211,91.62000274658203,91.5999984741211,91.5999984741211,77150
2013-05-13,72.95406341552734,91.62000274658203,91.62000274658203,91.5999984741211,91.62000274658203,90700
2013-05-14,72.93814086914062,91.5999984741211,91.62000274658203,91.5999984741211,91.62000274658203,441750
2013-05-15,72.93814086914062,91.5999984741211,91.62000274658203,91.5999984741211,91.5999984741211,110150
2013-05-16,72.93814086914062,91.5999984741211,91.62000274658203,91.5999984741211,91.62000274658203,163650
2013-05-17,72.95406341552734,91.62000274658203,91.62000274658203,91.5999984741211,91.5999984741211,181600
2013-05-20,72.93814086914062,91.5999984741211,91.62000274658203,91.5999984741211,91.5999984741211,239050
2013-05-21,72.95406341552734,91.62000274658203,91.62000274658203,91.5999984741211,91.62000274658203,113100
2013-05-22,72.95406341552734,91.62000274658203,91.62000274658203,91.5999984741211,91.5999984741211,121000
2013-05-23,72.95406341552734,91.62000274658203,91.62000274658203,91.5999984741211,91.62000274658203,434350
2013-05-24,72.95406341552734,91.62000274658203,91.62000274658203,91.5999984741211,91.62000274658203,55200
2013-05-28,72.93814086914062,91.5999984741211,91.62000274658203,91.5999984741211,91.5999984741211,110300
2013-05-29,72.95406341552734,91.62000274658203,91.62000274658203,91.5999984741211,91.62000274658203,230750
2013-05-30,72.93814086914062,91.5999984741211,91.62000274658203,91.5999984741211,91.5999984741211,92450
2013-05-31,72.95406341552734,91.62000274658203,91.62000274658203,91.5999984741211,91.5999984741211,1031050
2013-06-03,72.95406341552734,91.62000274658203,91.62000274658203,91.5999984741211,91.5999984741211,453450
2013-06-04,72.95406341552734,91.62000274658203,91.62000274658203,91.5999984741211,91.5999984741211,147200
2013-06-05,72.95406341552734,91.62000274658203,91.62000274658203,91.5999984741211,91.5999984741211,123150
2013-06-06,72.93814086914062,91.5999984741211,91.62000274658203,91.58000183105469,91.62000274658203,2841800
2013-06-07,72.95406341552734,91.62000274658203,91.62000274658203,91.58000183105469,91.58000183105469,275000
2013-06-10,72.93814086914062,91.5999984741211,91.62000274658203,91.5999984741211,91.62000274658203,212800
2013-06-11,72.95406341552734,91.62000274658203,91.62000274658203,91.5999984741211,91.62000274658203,160350
2013-06-12,72.93814086914062,91.5999984741211,91.62000274658203,91.5999984741211,91.62000274658203,490050
2013-06-13,72.95406341552734,91.62000274658203,91.62000274658203,91.5999984741211,91.5999984741211,2133200
2013-06-14,72.93814086914062,91.5999984741211,91.62000274658203,91.5999984741211,91.5999984741211,350350
2013-06-17,72.93814086914062,91.5999984741211,91.62000274658203,91.5999984741211,91.5999984741211,105150
2013-06-18,72.93814086914062,91.5999984741211,91.62000274658203,91.5999984741211,91.5999984741211,169700
2013-06-19,72.93814086914062,91.5999984741211,91.62000274658203,91.5999984741211,91.62000274658203,116200
2013-06-20,72.93814086914062,91.5999984741211,91.62000274658203,91.5999984741211,91.62000274658203,1520400
2013-06-21,72.95406341552734,91.62000274658203,91.62000274658203,91.5999984741211,91.62000274658203,444100
2013-06-24,72.95406341552734,91.62000274658203,91.62000274658203,91.5999984741211,91.5999984741211,384500
2013-06-25,72.95406341552734,91.62000274658203,91.62000274658203,91.5999984741211,91.5999984741211,3208500
2013-06-26,72.95406341552734,91.62000274658203,91.62000274658203,91.5999984741211,91.5999984741211,473600
2013-06-27,72.93814086914062,91.5999984741211,91.62000274658203,91.5999984741211,91.62000274658203,185250
2013-06-28,72.93814086914062,91.5999984741211,91.62000274658203,91.58000183105469,91.62000274658203,1420750
2013-07-01,72.95406341552734,91.62000274658203,91.62000274658203,91.5999984741211,91.5999984741211,437200
2013-07-02,72.93814086914062,91.5999984741211,91.62000274658203,91.5999984741211,91.62000274658203,378300
2013-07-03,72.95406341552734,91.62000274658203,91.62000274658203,91.5999984741211,91.62000274658203,208100
2013-07-05,72.95406341552734,91.62000274658203,91.62000274658203,91.5999984741211,91.62000274658203,342300
2013-07-08,72.92219543457031,91.58000183105469,91.62000274658203,91.58000183105469,91.5999984741211,152300
2013-07-09,72.92219543457031,91.58000183105469,91.62000274658203,91.58000183105469,91.58000183105469,631600
2013-07-10,72.92219543457031,91.58000183105469,91.5999984741211,91.58000183105469,91.58000183105469,239350
2013-07-11,72.92219543457031,91.58000183105469,91.5999984741211,91.58000183105469,91.58000183105469,790050
2013-07-12,72.92219543457031,91.58000183105469,91.5999984741211,91.58000183105469,91.58000183105469,254550
2013-07-15,72.92219543457031,91.58000183105469,91.5999984741211,91.58000183105469,91.58000183105469,298700
2013-07-16,72.92219543457031,91.58000183105469,91.5999984741211,91.58000183105469,91.5999984741211,146050
2013-07-17,72.92219543457031,91.58000183105469,91.5999984741211,91.58000183105469,91.5999984741211,156600
2013-07-18,72.93814086914062,91.5999984741211,91.5999984741211,91.58000183105469,91.5999984741211,168700
2013-07-19,72.93814086914062,91.5999984741211,91.5999984741211,91.58000183105469,91.58000183105469,85550
2013-07-22,72.93814086914062,91.5999984741211,91.5999984741211,91.58000183105469,91.5999984741211,421550
2013-07-23,72.93814086914062,91.5999984741211,91.5999984741211,91.58000183105469,91.58000183105469,92900
2013-07-24,72.95406341552734,91.62000274658203,91.62000274658203,91.58000183105469,91.5999984741211,747200
2013-07-25,72.92219543457031,91.58000183105469,91.62000274658203,91.58000183105469,91.5999984741211,149550
2013-07-26,72.92219543457031,91.58000183105469,91.62000274658203,91.58000183105469,91.62000274658203,378550
2013-07-29,72.93814086914062,91.5999984741211,91.5999984741211,91.58000183105469,91.58000183105469,160600
2013-07-30,72.92219543457031,91.58000183105469,91.5999984741211,91.58000183105469,91.58000183105469,172400
2013-07-31,72.93814086914062,91.5999984741211,91.5999984741211,91.58000183105469,91.5999984741211,238800
2013-08-01,72.92219543457031,91.58000183105469,91.5999984741211,91.58000183105469,91.58000183105469,207450
2013-08-02,72.93814086914062,91.5999984741211,91.5999984741211,91.58000183105469,91.58000183105469,273800
2013-08-05,72.93814086914062,91.5999984741211,91.5999984741211,91.58000183105469,91.5999984741211,149900
2013-08-06,72.93814086914062,91.5999984741211,91.5999984741211,91.58000183105469,91.5999984741211,89300
2013-08-07,72.92219543457031,91.58000183105469,91.5999984741211,91.58000183105469,91.5999984741211,97100
2013-08-08,72.92219543457031,91.58000183105469,91.5999984741211,91.58000183105469,91.58000183105469,112050
2013-08-09,72.93814086914062,91.5999984741211,91.5999984741211,91.58000183105469,91.58000183105469,172650
2013-08-12,72.93814086914062,91.5999984741211,91.5999984741211,91.58000183105469,91.5999984741211,118550
2013-08-13,72.93814086914062,91.5999984741211,91.5999984741211,91.58000183105469,91.5999984741211,60500
2013-08-14,72.93814086914062,91.5999984741211,91.5999984741211,91.58000183105469,91.58000183105469,131400
2013-08-15,72.93814086914062,91.5999984741211,91.5999984741211,91.58000183105469,91.5999984741211,668500
2013-08-16,72.93814086914062,91.5999984741211,91.5999984741211,91.58000183105469,91.5999984741211,491950
2013-08-19,72.92219543457031,91.58000183105469,91.5999984741211,91.58000183105469,91.5999984741211,233600
2013-08-20,72.93814086914062,91.5999984741211,91.5999984741211,91.58000183105469,91.5999984741211,207650
2013-08-21,72.93814086914062,91.5999984741211,91.5999984741211,91.58000183105469,91.58000183105469,244300
2013-08-22,72.92219543457031,91.58000183105469,91.5999984741211,91.58000183105469,91.5999984741211,240850
2013-08-23,72.93814086914062,91.5999984741211,91.5999984741211,91.58000183105469,91.5999984741211,86050
2013-08-26,72.92219543457031,91.58000183105469,91.5999984741211,91.58000183105469,91.58000183105469,249800
2013-08-27,72.92219543457031,91.58000183105469,91.5999984741211,91.58000183105469,91.5999984741211,231250
2013-08-28,72.92219543457031,91.58000183105469,91.5999984741211,91.58000183105469,91.58000183105469,77950
2013-08-29,72.93814086914062,91.5999984741211,91.5999984741211,91.58000183105469,91.5999984741211,133950
2013-08-30,72.93814086914062,91.5999984741211,91.5999984741211,91.58000183105469,91.58000183105469,500900
2013-09-03,72.93814086914062,91.5999984741211,91.5999984741211,91.58000183105469,91.58000183105469,370900
2013-09-04,72.93814086914062,91.5999984741211,91.5999984741211,91.58000183105469,91.58000183105469,206500
2013-09-05,72.93814086914062,91.5999984741211,91.5999984741211,91.58000183105469,91.58000183105469,527000
2013-09-06,72.93814086914062,91.5999984741211,91.5999984741211,91.58000183105469,91.58000183105469,265500
2013-09-09,72.90628051757812,91.55999755859375,91.5999984741211,91.55999755859375,91.5999984741211,903150
2013-09-10,72.92219543457031,91.58000183105469,91.5999984741211,91.58000183105469,91.5999984741211,275950
2013-09-11,72.92219543457031,91.58000183105469,91.5999984741211,91.58000183105469,91.5999984741211,417200
2013-09-12,72.92219543457031,91.58000183105469,91.5999984741211,91.58000183105469,91.5999984741211,97150
2013-09-13,72.93814086914062,91.5999984741211,91.5999984741211,91.58000183105469,91.5999984741211,355250
2013-09-16,72.92219543457031,91.58000183105469,91.5999984741211,91.58000183105469,91.58000183105469,185150
2013-09-17,72.92219543457031,91.58000183105469,91.5999984741211,91.58000183105469,91.58000183105469,158050
2013-09-18,72.93814086914062,91.5999984741211,91.5999984741211,91.58000183105469,91.58000183105469,295750
2013-09-19,72.93814086914062,91.5999984741211,91.5999984741211,91.58000183105469,91.58000183105469,206200
2013-09-20,72.92219543457031,91.58000183105469,91.5999984741211,91.58000183105469,91.5999984741211,647550
2013-09-23,72.92219543457031,91.58000183105469,91.5999984741211,91.58000183105469,91.58000183105469,191300
2013-09-24,72.92219543457031,91.58000183105469,91.5999984741211,91.58000183105469,91.5999984741211,160600
2013-09-25,72.92219543457031,91.58000183105469,91.5999984741211,91.58000183105469,91.58000183105469,83150
2013-09-26,72.92219543457031,91.58000183105469,91.5999984741211,91.58000183105469,91.5999984741211,102050
2013-09-27,72.92219543457031,91.58000183105469,91.5999984741211,91.58000183105469,91.58000183105469,247300
2013-09-30,72.92219543457031,91.58000183105469,91.5999984741211,91.58000183105469,91.58000183105469,480950
2013-10-01,72.93814086914062,91.5999984741211,91.5999984741211,91.55999755859375,91.5999984741211,2340450
2013-10-02,72.93814086914062,91.5999984741211,91.5999984741211,91.58000183105469,91.5999984741211,185000
2013-10-03,72.93814086914062,91.5999984741211,91.5999984741211,91.58000183105469,91.5999984741211,1240550
2013-10-04,72.93814086914062,91.5999984741211,91.5999984741211,91.58000183105469,91.58000183105469,283800
2013-10-07,72.93814086914062,91.5999984741211,91.5999984741211,91.58000183105469,91.5999984741211,203000
2013-10-08,72.93814086914062,91.5999984741211,91.5999984741211,91.58000183105469,91.58000183105469,215850
2013-10-09,72.92219543457031,91.58000183105469,91.58000183105469,91.55999755859375,91.55999755859375,325100
2013-10-10,72.90628051757812,91.55999755859375,91.58000183105469,91.55999755859375,91.55999755859375,939600
2013-10-11,72.89036560058594,91.54000091552734,91.58000183105469,91.54000091552734,91.58000183105469,6366750
2013-10-14,72.89036560058594,91.54000091552734,91.55999755859375,91.54000091552734,91.54000091552734,150500
2013-10-15,72.89036560058594,91.54000091552734,91.55999755859375,91.54000091552734,91.55999755859375,562650
2013-10-16,72.90628051757812,91.55999755859375,91.58000183105469,91.54000091552734,91.54000091552734,945500
2013-10-17,72.90628051757812,91.55999755859375,91.58000183105469,91.55999755859375,91.58000183105469,140350
2013-10-18,72.92219543457031,91.58000183105469,91.58000183105469,91.55999755859375,91.55999755859375,197450
2013-10-21,72.92219543457031,91.58000183105469,91.58000183105469,91.55999755859375,91.58000183105469,215550
2013-10-22,72.92219543457031,91.58000183105469,91.58000183105469,91.55999755859375,91.55999755859375,100200
2013-10-23,72.92219543457031,91.58000183105469,91.58000183105469,91.55999755859375,91.58000183105469,259950
2013-10-24,72.90628051757812,91.55999755859375,91.58000183105469,91.55999755859375,91.55999755859375,149050
2013-10-25,72.92219543457031,91.58000183105469,91.58000183105469,91.55999755859375,91.55999755859375,69650
2013-10-28,72.92219543457031,91.58000183105469,91.58000183105469,91.55999755859375,91.55999755859375,88300
2013-10-29,72.90628051757812,91.55999755859375,91.58000183105469,91.55999755859375,91.55999755859375,873700
2013-10-30,72.90628051757812,91.55999755859375,91.58000183105469,91.55999755859375,91.55999755859375,399450
2013-10-31,72.90628051757812,91.55999755859375,91.58000183105469,91.55999755859375,91.58000183105469,143900
2013-11-01,72.90628051757812,91.55999755859375,91.58000183105469,91.55999755859375,91.58000183105469,539750
2013-11-04,72.90628051757812,91.55999755859375,91.58000183105469,91.55999755859375,91.55999755859375,138100
2013-11-05,72.90628051757812,91.55999755859375,91.58000183105469,91.55999755859375,91.58000183105469,85150
2013-11-06,72.92219543457031,91.58000183105469,91.58000183105469,91.55999755859375,91.58000183105469,502800
2013-11-07,72.90628051757812,91.55999755859375,91.58000183105469,91.55999755859375,91.55999755859375,156350
2013-11-08,72.90628051757812,91.55999755859375,91.58000183105469,91.55999755859375,91.58000183105469,296000
2013-11-11,72.92219543457031,91.58000183105469,91.58000183105469,91.55999755859375,91.55999755859375,125500
2013-11-12,72.92219543457031,91.58000183105469,91.58000183105469,91.55999755859375,91.58000183105469,129600
2013-11-13,72.92219543457031,91.58000183105469,91.58000183105469,91.55999755859375,91.55999755859375,117500
2013-11-14,72.90628051757812,91.55999755859375,91.58000183105469,91.55999755859375,91.58000183105469,156700
2013-11-15,72.90628051757812,91.55999755859375,91.58000183105469,91.55999755859375,91.58000183105469,91950
2013-11-18,72.90628051757812,91.55999755859375,91.58000183105469,91.55999755859375,91.55999755859375,180200
2013-11-19,72.90628051757812,91.55999755859375,91.58000183105469,91.55999755859375,91.55999755859375,93750
2013-11-20,72.90628051757812,91.55999755859375,91.58000183105469,91.55999755859375,91.58000183105469,108300
2013-11-21,72.92219543457031,91.58000183105469,91.58000183105469,91.55999755859375,91.58000183105469,287750
2013-11-22,72.90628051757812,91.55999755859375,91.58000183105469,91.55999755859375,91.55999755859375,385000
2013-11-25,72.90628051757812,91.55999755859375,91.58000183105469,91.55999755859375,91.58000183105469,630850
2013-11-26,72.90628051757812,91.55999755859375,91.58000183105469,91.55999755859375,91.55999755859375,62550
2013-11-27,72.92219543457031,91.58000183105469,91.58000183105469,91.55999755859375,91.58000183105469,145900
2013-11-29,72.89036560058594,91.54000091552734,91.58000183105469,91.54000091552734,91.58000183105469,465750
2013-12-02,72.90628051757812,91.55999755859375,91.58000183105469,91.55999755859375,91.55999755859375,187800
2013-12-03,72.92219543457031,91.58000183105469,91.58000183105469,91.55999755859375,91.55999755859375,312850
2013-12-04,72.92219543457031,91.58000183105469,91.58000183105469,91.55999755859375,91.58000183105469,329300
2013-12-05,72.92219543457031,91.58000183105469,91.58000183105469,91.55999755859375,91.58000183105469,139800
2013-12-06,72.92219543457031,91.58000183105469,91.58000183105469,91.55999755859375,91.58000183105469,188750
2013-12-09,72.92219543457031,91.58000183105469,91.58000183105469,91.55999755859375,91.55999755859375,224250
2013-12-10,72.90628051757812,91.55999755859375,91.58000183105469,91.55999755859375,91.55999755859375,66400
2013-12-11,72.92219543457031,91.58000183105469,91.58000183105469,91.55999755859375,91.55999755859375,95000
2013-12-12,72.92219543457031,91.58000183105469,91.58000183105469,91.55999755859375,91.58000183105469,1124650
2013-12-13,72.92219543457031,91.58000183105469,91.58000183105469,91.55999755859375,91.58000183105469,75850
2013-12-16,72.90628051757812,91.55999755859375,91.58000183105469,91.55999755859375,91.58000183105469,412600
2013-12-17,72.90628051757812,91.55999755859375,91.58000183105469,91.55999755859375,91.55999755859375,112400
2013-12-18,72.92219543457031,91.58000183105469,91.58000183105469,91.55999755859375,91.55999755859375,114400
2013-12-19,72.92219543457031,91.58000183105469,91.58000183105469,91.55999755859375,91.55999755859375,1356750
2013-12-20,72.90628051757812,91.55999755859375,91.58000183105469,91.54000091552734,91.58000183105469,715800
2013-12-23,72.90628051757812,91.55999755859375,91.58000183105469,91.55999755859375,91.55999755859375,284700
2013-12-24,72.90628051757812,91.55999755859375,91.55999755859375,91.54000091552734,91.54000091552734,111300
2013-12-26,72.90628051757812,91.55999755859375,91.58000183105469,91.55999755859375,91.58000183105469,81300
2013-12-27,72.92219543457031,91.58000183105469,91.58000183105469,91.55999755859375,91.58000183105469,150600
2013-12-30,72.92219543457031,91.58000183105469,91.58000183105469,91.55999755859375,91.58000183105469,83650
2013-12-31,72.89036560058594,91.54000091552734,91.58000183105469,91.54000091552734,91.54000091552734,209300
2014-01-02,72.89036560058594,91.54000091552734,91.55999755859375,91.54000091552734,91.54000091552734,265900
2014-01-03,72.90628051757812,91.55999755859375,91.55999755859375,91.54000091552734,91.55999755859375,85850
2014-01-06,72.89036560058594,91.54000091552734,91.55999755859375,91.54000091552734,91.54000091552734,166200
2014-01-07,72.90628051757812,91.55999755859375,91.55999755859375,91.54000091552734,91.54000091552734,214700
2014-01-08,72.90628051757812,91.55999755859375,91.55999755859375,91.54000091552734,91.55999755859375,120550
2014-01-09,72.89036560058594,91.54000091552734,91.55999755859375,91.54000091552734,91.54000091552734,140700
2014-01-10,72.90628051757812,91.55999755859375,91.55999755859375,91.54000091552734,91.55999755859375,100050
2014-01-13,72.90628051757812,91.55999755859375,91.55999755859375,91.54000091552734,91.55999755859375,173550
2014-01-14,72.90628051757812,91.55999755859375,91.55999755859375,91.54000091552734,91.54000091552734,188500
2014-01-15,72.90628051757812,91.55999755859375,91.55999755859375,91.54000091552734,91.54000091552734,121500
2014-01-16,72.90628051757812,91.55999755859375,91.55999755859375,91.54000091552734,91.55999755859375,176250
2014-01-17,72.89036560058594,91.54000091552734,91.55999755859375,91.54000091552734,91.55999755859375,600450
2014-01-21,72.90628051757812,91.55999755859375,91.55999755859375,91.54000091552734,91.54000091552734,216350
2014-01-22,72.90628051757812,91.55999755859375,91.55999755859375,91.54000091552734,91.54000091552734,154400
2014-01-23,72.90628051757812,91.55999755859375,91.55999755859375,91.54000091552734,91.54000091552734,174600
2014-01-24,72.89036560058594,91.54000091552734,91.55999755859375,91.54000091552734,91.54000091552734,142100
2014-01-27,72.89036560058594,91.54000091552734,91.55999755859375,91.54000091552734,91.54000091552734,332700
2014-01-28,72.89036560058594,91.54000091552734,91.55999755859375,91.54000091552734,91.55999755859375,480150
2014-01-29,72.90628051757812,91.55999755859375,91.55999755859375,91.54000091552734,91.54000091552734,146350
2014-01-30,72.90628051757812,91.55999755859375,91.55999755859375,91.54000091552734,91.55999755859375,170050
2014-01-31,72.89036560058594,91.54000091552734,91.55999755859375,91.54000091552734,91.55999755859375,336200
2014-02-03,72.89036560058594,91.54000091552734,91.55999755859375,91.54000091552734,91.55999755859375,1180450
2014-02-04,72.90628051757812,91.55999755859375,91.55999755859375,91.54000091552734,91.55999755859375,1322350
2014-02-05,72.89036560058594,91.54000091552734,91.55999755859375,91.54000091552734,91.54000091552734,157650
2014-02-06,72.89036560058594,91.54000091552734,91.55999755859375,91.54000091552734,91.54000091552734,253150
2014-02-07,72.90628051757812,91.55999755859375,91.55999755859375,91.54000091552734,91.54000091552734,433800
2014-02-10,72.89036560058594,91.54000091552734,91.55999755859375,91.5199966430664,91.54000091552734,1369150
2014-02-11,72.89036560058594,91.54000091552734,91.55999755859375,91.5199966430664,91.5199966430664,915250
2014-02-12,72.90628051757812,91.55999755859375,91.55999755859375,91.54000091552734,91.54000091552734,148050
2014-02-13,72.90628051757812,91.55999755859375,91.55999755859375,91.54000091552734,91.54000091552734,471650
2014-02-14,72.90628051757812,91.55999755859375,91.55999755859375,91.54000091552734,91.54000091552734,139650
2014-02-18,72.89036560058594,91.54000091552734,91.55999755859375,91.54000091552734,91.55999755859375,303550
2014-02-19,72.90628051757812,91.55999755859375,91.55999755859375,91.54000091552734,91.55999755859375,140100
2014-02-20,72.90628051757812,91.55999755859375,91.55999755859375,91.54000091552734,91.54000091552734,240750
2014-02-21,72.89036560058594,91.54000091552734,91.55999755859375,91.54000091552734,91.54000091552734,298050
2014-02-24,72.90628051757812,91.55999755859375,91.55999755859375,91.54000091552734,91.54000091552734,613700
2014-02-25,72.90628051757812,91.55999755859375,91.55999755859375,91.54000091552734,91.55999755859375,178000
2014-02-26,72.90628051757812,91.55999755859375,91.55999755859375,91.54000091552734,91.54000091552734,87700
2014-02-27,72.89036560058594,91.54000091552734,91.55999755859375,91.54000091552734,91.54000091552734,95300
2014-02-28,72.90628051757812,91.55999755859375,91.55999755859375,91.54000091552734,91.54000091552734,167350
2014-03-03,72.90628051757812,91.55999755859375,91.55999755859375,91.54000091552734,91.54000091552734,858450
2014-03-04,72.89036560058594,91.54000091552734,91.55999755859375,91.54000091552734,91.54000091552734,490100
2014-03-05,72.90628051757812,91.55999755859375,91.55999755859375,91.54000091552734,91.54000091552734,163600
2014-03-06,72.90628051757812,91.55999755859375,91.55999755859375,91.54000091552734,91.54000091552734,159550
2014-03-07,72.89036560058594,91.54000091552734,91.55999755859375,91.54000091552734,91.54000091552734,90550
2014-03-10,72.89036560058594,91.54000091552734,91.55999755859375,91.54000091552734,91.54000091552734,293450
2014-03-11,72.89036560058594,91.54000091552734,91.55999755859375,91.54000091552734,91.54000091552734,42250
2014-03-12,72.89036560058594,91.54000091552734,91.55999755859375,91.54000091552734,91.54000091552734,115050
2014-03-13,72.89036560058594,91.54000091552734,91.55999755859375,91.54000091552734,91.54000091552734,74750
2014-03-14,72.89036560058594,91.54000091552734,91.55999755859375,91.54000091552734,91.54000091552734,1176050
2014-03-17,72.89036560058594,91.54000091552734,91.55999755859375,91.54000091552734,91.54000091552734,504750
2014-03-18,72.89036560058594,91.54000091552734,91.55999755859375,91.54000091552734,91.54000091552734,106400
2014-03-19,72.90628051757812,91.55999755859375,91.55999755859375,91.54000091552734,91.54000091552734,97950
2014-03-20,72.89036560058594,91.54000091552734,91.55999755859375,91.54000091552734,91.54000091552734,71650
2014-03-21,72.90628051757812,91.55999755859375,91.55999755859375,91.54000091552734,91.55999755859375,138200
2014-03-24,72.90628051757812,91.55999755859375,91.55999755859375,91.54000091552734,91.54000091552734,254350
2014-03-25,72.90628051757812,91.55999755859375,91.55999755859375,91.54000091552734,91.55999755859375,73600
2014-03-26,72.89036560058594,91.54000091552734,91.55999755859375,91.54000091552734,91.55999755859375,874300
2014-03-27,72.89036560058594,91.54000091552734,91.55999755859375,91.54000091552734,91.54000091552734,66100
2014-03-28,72.89036560058594,91.54000091552734,91.55999755859375,91.54000091552734,91.54000091552734,195500
2014-03-31,72.89036560058594,91.54000091552734,91.55999755859375,91.54000091552734,91.55999755859375,425900
2014-04-01,72.89036560058594,91.54000091552734,91.55999755859375,91.54000091552734,91.54000091552734,1279350
2014-04-02,72.89036560058594,91.54000091552734,91.55999755859375,91.54000091552734,91.54000091552734,455200
2014-04-03,72.90628051757812,91.55999755859375,91.55999755859375,91.54000091552734,91.54000091552734,131750
2014-04-04,72.89036560058594,91.54000091552734,91.55999755859375,91.54000091552734,91.54000091552734,80750
2014-04-07,72.89036560058594,91.54000091552734,91.55999755859375,91.54000091552734,91.54000091552734,1296300
2014-04-08,72.89036560058594,91.54000091552734,91.55999755859375,91.54000091552734,91.55999755859375,402050
2014-04-09,72.89036560058594,91.54000091552734,91.55999755859375,91.54000091552734,91.54000091552734,99600
2014-04-10,72.89036560058594,91.54000091552734,91.55999755859375,91.54000091552734,91.54000091552734,66000
2014-04-11,72.89036560058594,91.54000091552734,91.55999755859375,91.54000091552734,91.54000091552734,166600
2014-04-14,72.89036560058594,91.54000091552734,91.55999755859375,91.54000091552734,91.54000091552734,299600
2014-04-15,72.89036560058594,91.54000091552734,91.55999755859375,91.54000091552734,91.54000091552734,226800
2014-04-16,72.89036560058594,91.54000091552734,91.55999755859375,91.54000091552734,91.54000091552734,88350
2014-04-17,72.90628051757812,91.55999755859375,91.55999755859375,91.54000091552734,91.55999755859375,136850
2014-04-21,72.89036560058594,91.54000091552734,91.54000091552734,91.5199966430664,91.5199966430664,127050
2014-04-22,72.87442016601562,91.5199966430664,91.54000091552734,91.5199966430664,91.5199966430664,92550
2014-04-23,72.89036560058594,91.54000091552734,91.54000091552734,91.5199966430664,91.54000091552734,188500
2014-04-24,72.89036560058594,91.54000091552734,91.54000091552734,91.5199966430664,91.5199966430664,262250
2014-04-25,72.89036560058594,91.54000091552734,91.54000091552734,91.5199966430664,91.5199966430664,110900
2014-04-28,72.89036560058594,91.54000091552734,91.55999755859375,91.54000091552734,91.54000091552734,81100
2014-04-29,72.89036560058594,91.54000091552734,91.55999755859375,91.54000091552734,91.55999755859375,101050
2014-04-30,72.89036560058594,91.54000091552734,91.55999755859375,91.54000091552734,91.54000091552734,230600
2014-05-01,72.87442016601562,91.5199966430664,91.54000091552734,91.5199966430664,91.54000091552734,152950
2014-05-02,72.89036560058594,91.54000091552734,91.54000091552734,91.5199966430664,91.5199966430664,71850
2014-05-05,72.89036560058594,91.54000091552734,91.54000091552734,91.5199966430664,91.5199966430664,164600
2014-05-06,72.87442016601562,91.5199966430664,91.54000091552734,91.5199966430664,91.54000091552734,74800
2014-05-07,72.87442016601562,91.5199966430664,91.54000091552734,91.5199966430664,91.5199966430664,75900
2014-05-08,72.87442016601562,91.5199966430664,91.54000091552734,91.5199966430664,91.54000091552734,125300
2014-05-09,72.89036560058594,91.54000091552734,91.54000091552734,91.5199966430664,91.5199966430664,71650
2014-05-12,72.87442016601562,91.5199966430664,91.54000091552734,91.5199966430664,91.5199966430664,896250
2014-05-13,72.89036560058594,91.54000091552734,91.54000091552734,91.5199966430664,91.5199966430664,173450
2014-05-14,72.89036560058594,91.54000091552734,91.54000091552734,91.5199966430664,91.5199966430664,217900
2014-05-15,72.89036560058594,91.54000091552734,91.54000091552734,91.5199966430664,91.5199966430664,193000
2014-05-16,72.89036560058594,91.54000091552734,91.54000091552734,91.5199966430664,91.5199966430664,62550
2014-05-19,72.89036560058594,91.54000091552734,91.54000091552734,91.5199966430664,91.5199966430664,265750
2014-05-20,72.89036560058594,91.54000091552734,91.54000091552734,91.5199966430664,91.5199966430664,94850
2014-05-21,72.87442016601562,91.5199966430664,91.54000091552734,91.5199966430664,91.54000091552734,65450
2014-05-22,72.87442016601562,91.5199966430664,91.54000091552734,91.5199966430664,91.5199966430664,130950
2014-05-23,72.89036560058594,91.54000091552734,91.54000091552734,91.5199966430664,91.54000091552734,101500
2014-05-27,72.87442016601562,91.5199966430664,91.54000091552734,91.5199966430664,91.5199966430664,87000
2014-05-28,72.89036560058594,91.54000091552734,91.54000091552734,91.5199966430664,91.54000091552734,89300
2014-05-29,72.87442016601562,91.5199966430664,91.54000091552734,91.5199966430664,91.54000091552734,90150
2014-05-30,72.89036560058594,91.54000091552734,91.54000091552734,91.5199966430664,91.5199966430664,213000
2014-06-02,72.87442016601562,91.5199966430664,91.54000091552734,91.5199966430664,91.5199966430664,66000
2014-06-03,72.87442016601562,91.5199966430664,91.54000091552734,91.5199966430664,91.5199966430664,135950
2014-06-04,72.87442016601562,91.5199966430664,91.54000091552734,91.5199966430664,91.54000091552734,158000
2014-06-05,72.87442016601562,91.5199966430664,91.54000091552734,91.5199966430664,91.54000091552734,148000
2014-06-06,72.87442016601562,91.5199966430664,91.54000091552734,91.5199966430664,91.54000091552734,142950
2014-06-09,72.89036560058594,91.54000091552734,91.54000091552734,91.5199966430664,91.5199966430664,80650
2014-06-10,72.89036560058594,91.54000091552734,91.54000091552734,91.5199966430664,91.5199966430664,153750
2014-06-11,72.87442016601562,91.5199966430664,91.54000091552734,91.5199966430664,91.5199966430664,64100
2014-06-12,72.89036560058594,91.54000091552734,91.54000091552734,91.5199966430664,91.5199966430664,96350
2014-06-13,72.87442016601562,91.5199966430664,91.5199966430664,91.5,91.5,382650
2014-06-16,72.89036560058594,91.54000091552734,91.54000091552734,91.5,91.5,601050
2014-06-17,72.87442016601562,91.5199966430664,91.54000091552734,91.5199966430664,91.5199966430664,108500
2014-06-18,72.89036560058594,91.54000091552734,91.54000091552734,91.5199966430664,91.5199966430664,205950
2014-06-19,72.89036560058594,91.54000091552734,91.54000091552734,91.5199966430664,91.5199966430664,75700
2014-06-20,72.89036560058594,91.54000091552734,91.54000091552734,91.5199966430664,91.54000091552734,116850
2014-06-23,72.89036560058594,91.54000091552734,91.54000091552734,91.5199966430664,91.5199966430664,143400
2014-06-24,72.89036560058594,91.54000091552734,91.54000091552734,91.5199966430664,91.54000091552734,86900
2014-06-25,72.87442016601562,91.5199966430664,91.54000091552734,91.5199966430664,91.5199966430664,56800
2014-06-26,72.87442016601562,91.5199966430664,91.54000091552734,91.5199966430664,91.54000091552734,120600
2014-06-27,72.89036560058594,91.54000091552734,91.54000091552734,91.5199966430664,91.54000091552734,210550
2014-06-30,72.87442016601562,91.5199966430664,91.54000091552734,91.5199966430664,91.5199966430664,89300
2014-07-01,72.89036560058594,91.54000091552734,91.54000091552734,91.5199966430664,91.5199966430664,145650
2014-07-02,72.89036560058594,91.54000091552734,91.54000091552734,91.5199966430664,91.5199966430664,217800
2014-07-03,72.87442016601562,91.5199966430664,91.54000091552734,91.5199966430664,91.5199966430664,74100
2014-07-07,72.89036560058594,91.54000091552734,91.54000091552734,91.5199966430664,91.5199966430664,357200
2014-07-08,72.89036560058594,91.54000091552734,91.54000091552734,91.5199966430664,91.54000091552734,230900
2014-07-09,72.87442016601562,91.5199966430664,91.54000091552734,91.5199966430664,91.54000091552734,84150
2014-07-10,72.87442016601562,91.5199966430664,91.54000091552734,91.5199966430664,91.5199966430664,444400
2014-07-11,72.87442016601562,91.5199966430664,91.54000091552734,91.5,91.5199966430664,63350
2014-07-14,72.87442016601562,91.5199966430664,91.5199966430664,91.5,91.5199966430664,137450
2014-07-15,72.87442016601562,91.5199966430664,91.5199966430664,91.5,91.5,122150
2014-07-16,72.87442016601562,91.5199966430664,91.5199966430664,91.5,91.5,89250
2014-07-17,72.87442016601562,91.5199966430664,91.5199966430664,91.5,91.5,69450
2014-07-18,72.8584976196289,91.5,91.5199966430664,91.5,91.5199966430664,99150
2014-07-21,72.87442016601562,91.5199966430664,91.5199966430664,91.5,91.5,190300
2014-07-22,72.8584976196289,91.5,91.5199966430664,91.5,91.5199966430664,347500
2014-07-23,72.87442016601562,91.5199966430664,91.5199966430664,91.5,91.5,167400
2014-07-24,72.87442016601562,91.5199966430664,91.5199966430664,91.5,91.5199966430664,441050
2014-07-25,72.87442016601562,91.5199966430664,91.5199966430664,91.5,91.5,73150
2014-07-28,72.87442016601562,91.5199966430664,91.5199966430664,91.5,91.5,73150
2014-07-29,72.87442016601562,91.5199966430664,91.5199966430664,91.5,91.5199966430664,123900
2014-07-30,72.87442016601562,91.5199966430664,91.5199966430664,91.5,91.5199966430664,48500
2014-07-31,72.8584976196289,91.5,91.5199966430664,91.5,91.5199966430664,185050
2014-08-01,72.87442016601562,91.5199966430664,91.5199966430664,91.5,91.5199966430664,809650
2014-08-04,72.87442016601562,91.5199966430664,91.5199966430664,91.5,91.5,385750
2014-08-05,72.8584976196289,91.5,91.5199966430664,91.5,91.5,175300
2014-08-06,72.8584976196289,91.5,91.5199966430664,91.5,91.5,108550
2014-08-07,72.87442016601562,91.5199966430664,91.5199966430664,91.5,91.5,115550
2014-08-08,72.8584976196289,91.5,91.5199966430664,91.5,91.5199966430664,351600
2014-08-11,72.8584976196289,91.5,91.5199966430664,91.5,91.5199966430664,475700
2014-08-12,72.8584976196289,91.5,91.5199966430664,91.5,91.5,103950
2014-08-13,72.87442016601562,91.5199966430664,91.5199966430664,91.5,91.5,234700
2014-08-14,72.8584976196289,91.5,91.5199966430664,91.5,91.5199966430664,463700
2014-08-15,72.87442016601562,91.5199966430664,91.5199966430664,91.5,91.5199966430664,223000
2014-08-18,72.8584976196289,91.5,91.5199966430664,91.5,91.5,526850
2014-08-19,72.87442016601562,91.5199966430664,91.5199966430664,91.5,91.5,502550
2014-08-20,72.8584976196289,91.5,91.5199966430664,91.5,91.5,63650
2014-08-21,72.87442016601562,91.5199966430664,91.5199966430664,91.5,91.5,214700
2014-08-22,72.87442016601562,91.5199966430664,91.5199966430664,91.5,91.5199966430664,84050
2014-08-25,72.87442016601562,91.5199966430664,91.5199966430664,91.5,91.5,587300
2014-08-26,72.87442016601562,91.5199966430664,91.5199966430664,91.5,91.5,100350
2014-08-27,72.8584976196289,91.5,91.5199966430664,91.5,91.5,348050
2014-08-28,72.87442016601562,91.5199966430664,91.5199966430664,91.5,91.5,145100
2014-08-29,72.87442016601562,91.5199966430664,91.5199966430664,91.5,91.5,66950
2014-09-02,72.8584976196289,91.5,91.5199966430664,91.5,91.5,598400
2014-09-03,72.87442016601562,91.5199966430664,91.5199966430664,91.5,91.5,39450
2014-09-04,72.8584976196289,91.5,91.5199966430664,91.5,91.5,105250
2014-09-05,72.87442016601562,91.5199966430664,91.5199966430664,91.5,91.5199966430664,105200
2014-09-08,72.8584976196289,91.5,91.5199966430664,91.5,91.5199966430664,116700
2014-09-09,72.8584976196289,91.5,91.5199966430664,91.5,91.5,64600
2014-09-10,72.87442016601562,91.5199966430664,91.5199966430664,91.5,91.5,78350
2014-09-11,72.8584976196289,91.5,91.5199966430664,91.5,91.5,70400
2014-09-12,72.8584976196289,91.5,91.5199966430664,91.5,91.5,163750
2014-09-15,72.8584976196289,91.5,91.5199966430664,91.5,91.5,143250
2014-09-16,72.8584976196289,91.5,91.5199966430664,91.5,91.5199966430664,115400
2014-09-17,72.8584976196289,91.5,91.5199966430664,91.5,91.5199966430664,359300
2014-09-18,72.87442016601562,91.5199966430664,91.5199966430664,91.5,91.5199966430664,92100
2014-09-19,72.87442016601562,91.5199966430664,91.5199966430664,91.5,91.5,146050
2014-09-22,72.87442016601562,91.5199966430664,91.5199966430664,91.5,91.5,1013800
2014-09-23,72.87442016601562,91.5199966430664,91.5199966430664,91.5,91.5,112100
2014-09-24,72.87442016601562,91.5199966430664,91.5199966430664,91.5,91.5199966430664,65150
2014-09-25,72.87442016601562,91.5199966430664,91.5199966430664,91.5,91.5,109700
2014-09-26,72.87442016601562,91.5199966430664,91.5199966430664,91.5,91.5,54750
2014-09-29,72.8584976196289,91.5,91.5199966430664,91.5,91.5199966430664,139600
2014-09-30,72.87442016601562,91.5199966430664,91.5199966430664,91.5,91.5,251150
2014-10-01,72.87442016601562,91.5199966430664,91.5199966430664,91.5,91.5199966430664,663450
2014-10-02,72.87442016601562,91.5199966430664,91.5199966430664,91.5,91.5,269900
2014-10-03,72.84254455566406,91.4800033569336,91.5199966430664,91.4800033569336,91.5199966430664,650100
2014-10-06,72.84254455566406,91.4800033569336,91.5,91.4800033569336,91.4800033569336,237100
2014-10-07,72.8584976196289,91.5,91.5,91.4800033569336,91.5,134150
2014-10-08,72.8584976196289,91.5,91.5,91.4800033569336,91.5,147550
2014-10-09,72.8584976196289,91.5,91.5,91.4800033569336,91.4800033569336,978250
2014-10-10,72.8584976196289,91.5,91.5,91.4800033569336,91.4800033569336,581100
2014-10-13,72.8584976196289,91.5,91.5,91.4800033569336,91.5,722250
2014-10-14,72.84254455566406,91.4800033569336,91.5,91.4800033569336,91.4800033569336,424150
2014-10-15,72.84254455566406,91.4800033569336,91.5,91.4800033569336,91.4800033569336,369600
2014-10-16,72.8584976196289,91.5,91.5,91.4800033569336,91.5,601100
2014-10-17,72.8584976196289,91.5,91.5,91.4800033569336,91.5,683350
2014-10-20,72.8584976196289,91.5,91.5199966430664,91.4800033569336,91.5,4556600
2014-10-21,72.84254455566406,91.4800033569336,91.5,91.4800033569336,91.5,2076600
2014-10-22,72.8584976196289,91.5,91.5,91.4800033569336,91.4800033569336,1261150
2014-10-23,72.84254455566406,91.4800033569336,91.5,91.4800033569336,91.4800033569336,218100
2014-10-24,72.84254455566406,91.4800033569336,91.5,91.4800033569336,91.4800033569336,197200
2014-10-27,72.84254455566406,91.4800033569336,91.5,91.4800033569336,91.4800033569336,1660850
2014-10-28,72.84254455566406,91.4800033569336,91.5,91.4800033569336,91.5,2536000
2014-10-29,72.8584976196289,91.5,91.5,91.4800033569336,91.5,725950
2014-10-30,72.84254455566406,91.4800033569336,91.5,91.4800033569336,91.4800033569336,284950
2014-10-31,72.8584976196289,91.5,91.5,91.4800033569336,91.4800033569336,1133200
2014-11-03,72.84254455566406,91.4800033569336,91.5,91.4800033569336,91.5,9501200
2014-11-04,72.8584976196289,91.5,91.5,91.4800033569336,91.4800033569336,322350
2014-11-05,72.84254455566406,91.4800033569336,91.5,91.4800033569336,91.5,663100
2014-11-06,72.8584976196289,91.5,91.5,91.4800033569336,91.5,407200
2014-11-07,72.84254455566406,91.4800033569336,91.5,91.4800033569336,91.5,114000
2014-11-10,72.8584976196289,91.5,91.5,91.4800033569336,91.5,185550
2014-11-11,72.8584976196289,91.5,91.5,91.4800033569336,91.4800033569336,128400
2014-11-12,72.8584976196289,91.5,91.5,91.4800033569336,91.5,645000
2014-11-13,72.84254455566406,91.4800033569336,91.5,91.4800033569336,91.5,245250
2014-11-14,72.84254455566406,91.4800033569336,91.5,91.4800033569336,91.4800033569336,231900
2014-11-17,72.8584976196289,91.5,91.5,91.4800033569336,91.5,126500
2014-11-18,72.84254455566406,91.4800033569336,91.5,91.4800033569336,91.4800033569336,794700
2014-11-19,72.84254455566406,91.4800033569336,91.5,91.4800033569336,91.5,272750
2014-11-20,72.84254455566406,91.4800033569336,91.5,91.4800033569336,91.4800033569336,276000
2014-11-21,72.84254455566406,91.4800033569336,91.5,91.4800033569336,91.4800033569336,292700
2014-11-24,72.8584976196289,91.5,91.5,91.4800033569336,91.4800033569336,891550
2014-11-25,72.8584976196289,91.5,91.5,91.4800033569336,91.4800033569336,209000
2014-11-26,72.84254455566406,91.4800033569336,91.5,91.4800033569336,91.4800033569336,897100
2014-11-28,72.8584976196289,91.5,91.5,91.4800033569336,91.4800033569336,383200
2014-12-01,72.84254455566406,91.4800033569336,91.5,91.4800033569336,91.4800033569336,424600
2014-12-02,72.84254455566406,91.4800033569336,91.5,91.4800033569336,91.5,179150
2014-12-03,72.84254455566406,91.4800033569336,91.5,91.4800033569336,91.4800033569336,685850
2014-12-04,72.84254455566406,91.4800033569336,91.4800033569336,91.45999908447266,91.4800033569336,298650
2014-12-05,72.8584976196289,91.5,91.5,91.45999908447266,91.4800033569336,540700
2014-12-08,72.8584976196289,91.5,91.5,91.4800033569336,91.5,511500
2014-12-09,72.84254455566406,91.4800033569336,91.5,91.4800033569336,91.5,672150
2014-12-10,72.84254455566406,91.4800033569336,91.5,91.4800033569336,91.4800033569336,1242800
2014-12-11,72.84254455566406,91.4800033569336,91.5,91.4800033569336,91.4800033569336,409400
2014-12-12,72.8584976196289,91.5,91.5,91.45999908447266,91.4800033569336,1708100
2014-12-15,72.82662963867188,91.45999908447266,91.5,91.45999908447266,91.5,1886200
2014-12-16,72.82662963867188,91.45999908447266,91.4800033569336,91.45999908447266,91.4800033569336,1782450
2014-12-17,72.82662963867188,91.45999908447266,91.5,91.45999908447266,91.5,2119950
2014-12-18,72.84254455566406,91.4800033569336,91.4800033569336,91.45999908447266,91.45999908447266,3397250
2014-12-19,72.82662963867188,91.45999908447266,91.4800033569336,91.45999908447266,91.45999908447266,692250
2014-12-22,72.82662963867188,91.45999908447266,91.4800033569336,91.45999908447266,91.45999908447266,5710200
2014-12-23,72.82662963867188,91.45999908447266,91.4800033569336,91.45999908447266,91.4800033569336,1548400
2014-12-24,72.84254455566406,91.4800033569336,91.4800033569336,91.45999908447266,91.45999908447266,769050
2014-12-26,72.82662963867188,91.45999908447266,91.4800033569336,91.45999908447266,91.45999908447266,147500
2014-12-29,72.82662963867188,91.45999908447266,91.4800033569336,91.45999908447266,91.45999908447266,1374000
2014-12-30,72.82662963867188,91.45999908447266,91.4800033569336,91.45999908447266,91.4800033569336,1417950
2014-12-31,72.84254455566406,91.4800033569336,91.4800033569336,91.45999908447266,91.4800033569336,348100
2015-01-02,72.82662963867188,91.45999908447266,91.4800033569336,91.45999908447266,91.45999908447266,341000
2015-01-05,72.84254455566406,91.4800033569336,91.4800033569336,91.45999908447266,91.45999908447266,2518350
2015-01-06,72.82662963867188,91.45999908447266,91.4800033569336,91.45999908447266,91.45999908447266,541250
2015-01-07,72.82662963867188,91.45999908447266,91.4800033569336,91.45999908447266,91.4800033569336,153800
2015-01-08,72.82662963867188,91.45999908447266,91.4800033569336,91.45999908447266,91.4800033569336,236450
2015-01-09,72.82662963867188,91.45999908447266,91.4800033569336,91.45999908447266,91.4800033569336,109650
2015-01-12,72.82662963867188,91.45999908447266,91.4800033569336,91.45999908447266,91.45999908447266,221000
2015-01-13,72.82662963867188,91.45999908447266,91.4800033569336,91.45999908447266,91.4800033569336,517300
2015-01-14,72.82662963867188,91.45999908447266,91.4800033569336,91.45999908447266,91.45999908447266,57500
2015-01-15,72.82662963867188,91.45999908447266,91.4800033569336,91.45999908447266,91.45999908447266,270150
2015-01-16,72.82662963867188,91.45999908447266,91.4800033569336,91.45999908447266,91.45999908447266,738950
2015-01-20,72.82662963867188,91.45999908447266,91.4800033569336,91.45999908447266,91.45999908447266,629400
2015-01-21,72.84254455566406,91.4800033569336,91.4800033569336,91.45999908447266,91.45999908447266,952400
2015-01-22,72.82662963867188,91.45999908447266,91.4800033569336,91.45999908447266,91.45999908447266,1430950
2015-01-23,72.84254455566406,91.4800033569336,91.4800033569336,91.45999908447266,91.45999908447266,508000
2015-01-26,72.84254455566406,91.4800033569336,91.4800033569336,91.45999908447266,91.4800033569336,320600
2015-01-27,72.84254455566406,91.4800033569336,91.4800033569336,91.45999908447266,91.45999908447266,191400
2015-01-28,72.82662963867188,91.45999908447266,91.4800033569336,91.45999908447266,91.45999908447266,268900
2015-01-29,72.82662963867188,91.45999908447266,91.4800033569336,91.44000244140625,91.44000244140625,554550
2015-01-30,72.82662963867188,91.45999908447266,91.4800033569336,91.45999908447266,91.45999908447266,205700
2015-02-02,72.82662963867188,91.45999908447266,91.4800033569336,91.45999908447266,91.4800033569336,3557500
2015-02-03,72.84254455566406,91.4800033569336,91.4800033569336,91.45999908447266,91.45999908447266,266100
2015-02-04,72.82662963867188,91.45999908447266,91.4800033569336,91.45999908447266,91.45999908447266,214200
2015-02-05,72.82662963867188,91.45999908447266,91.4800033569336,91.45999908447266,91.45999908447266,414800
2015-02-06,72.82662963867188,91.45999908447266,91.4800033569336,91.45999908447266,91.4800033569336,291750
2015-02-09,72.81071472167969,91.44000244140625,91.45999908447266,91.44000244140625,91.45999908447266,147050
2015-02-10,72.82662963867188,91.45999908447266,91.45999908447266,91.44000244140625,91.45999908447266,170450
2015-02-11,72.81071472167969,91.44000244140625,91.45999908447266,91.44000244140625,91.44000244140625,493200
2015-02-12,72.81071472167969,91.44000244140625,91.45999908447266,91.44000244140625,91.44000244140625,87100
2015-02-13,72.82662963867188,91.45999908447266,91.45999908447266,91.44000244140625,91.44000244140625,383100
2015-02-17,72.82662963867188,91.45999908447266,91.45999908447266,91.44000244140625,91.45999908447266,402400
2015-02-18,72.82662963867188,91.45999908447266,91.45999908447266,91.44000244140625,91.45999908447266,143050
2015-02-19,72.82662963867188,91.45999908447266,91.45999908447266,91.44000244140625,91.44000244140625,167200
2015-02-20,72.81071472167969,91.44000244140625,91.45999908447266,91.44000244140625,91.44000244140625,145450
2015-02-23,72.82662963867188,91.45999908447266,91.45999908447266,91.44000244140625,91.45999908447266,607650
2015-02-24,72.81071472167969,91.44000244140625,91.45999908447266,91.44000244140625,91.44000244140625,330250
2015-02-25,72.82662963867188,91.45999908447266,91.45999908447266,91.44000244140625,91.44000244140625,522850
2015-02-26,72.81071472167969,91.44000244140625,91.45999908447266,91.44000244140625,91.44000244140625,167000
2015-02-27,72.82662963867188,91.45999908447266,91.45999908447266,91.44000244140625,91.45999908447266,200450
2015-03-02,72.81071472167969,91.44000244140625,91.45999908447266,91.44000244140625,91.44000244140625,462650
2015-03-03,72.82662963867188,91.45999908447266,91.45999908447266,91.44000244140625,91.45999908447266,503200
2015-03-04,72.82662963867188,91.45999908447266,91.45999908447266,91.44000244140625,91.44000244140625,124500
2015-03-05,72.82662963867188,91.45999908447266,91.45999908447266,91.44000244140625,91.44000244140625,130450
2015-03-06,72.81071472167969,91.44000244140625,91.45999908447266,91.44000244140625,91.44000244140625,262500
2015-03-09,72.82662963867188,91.45999908447266,91.45999908447266,91.44000244140625,91.45999908447266,986450
2015-03-10,72.82662963867188,91.45999908447266,91.45999908447266,91.44000244140625,91.45999908447266,232150
2015-03-11,72.82662963867188,91.45999908447266,91.45999908447266,91.44000244140625,91.44000244140625,170050
2015-03-12,72.81071472167969,91.44000244140625,91.45999908447266,91.44000244140625,91.45999908447266,812300
2015-03-13,72.82662963867188,91.45999908447266,91.45999908447266,91.44000244140625,91.44000244140625,415650
2015-03-16,72.82662963867188,91.45999908447266,91.45999908447266,91.44000244140625,91.44000244140625,491350
2015-03-17,72.82662963867188,91.45999908447266,91.45999908447266,91.44000244140625,91.44000244140625,429350
2015-03-18,72.82662963867188,91.45999908447266,91.45999908447266,91.44000244140625,91.44000244140625,672550
2015-03-19,72.82662963867188,91.45999908447266,91.45999908447266,91.44000244140625,91.44000244140625,459750
2015-03-20,72.82662963867188,91.45999908447266,91.45999908447266,91.44000244140625,91.44000244140625,183450
2015-03-23,72.81071472167969,91.44000244140625,91.45999908447266,91.44000244140625,91.44000244140625,552400
2015-03-24,72.82662963867188,91.45999908447266,91.45999908447266,91.44000244140625,91.44000244140625,590450
2015-03-25,72.81071472167969,91.44000244140625,91.45999908447266,91.44000244140625,91.44000244140625,983250
2015-03-26,72.81071472167969,91.44000244140625,91.45999908447266,91.44000244140625,91.44000244140625,782950
2015-03-27,72.81071472167969,91.44000244140625,91.45999908447266,91.44000244140625,91.44000244140625,254350
2015-03-30,72.79483032226562,91.41999816894531,91.45999908447266,91.41999816894531,91.45999908447266,648400
2015-03-31,72.82662963867188,91.45999908447266,91.45999908447266,91.41999816894531,91.41999816894531,704400
2015-04-01,72.79483032226562,91.41999816894531,91.44000244140625,91.41999816894531,91.44000244140625,598050
2015-04-02,72.81071472167969,91.44000244140625,91.44000244140625,91.41999816894531,91.41999816894531,126500
2015-04-06,72.81071472167969,91.44000244140625,91.44000244140625,91.41999816894531,91.44000244140625,302550
2015-04-07,72.82662963867188,91.45999908447266,91.45999908447266,91.44000244140625,91.45999908447266,128100
2015-04-08,72.82662963867188,91.45999908447266,91.45999908447266,91.44000244140625,91.45999908447266,244900
2015-04-09,72.81071472167969,91.44000244140625,91.45999908447266,91.41999816894531,91.44000244140625,257750
2015-04-10,72.81071472167969,91.44000244140625,91.44000244140625,91.41999816894531,91.41999816894531,159800
2015-04-13,72.79483032226562,91.41999816894531,91.44000244140625,91.41999816894531,91.41999816894531,84550
2015-04-14,72.81071472167969,91.44000244140625,91.44000244140625,91.41999816894531,91.44000244140625,72500
2015-04-15,72.79483032226562,91.41999816894531,91.44000244140625,91.41999816894531,91.41999816894531,105950
2015-04-16,72.81071472167969,91.44000244140625,91.44000244140625,91.41999816894531,91.41999816894531,187450
2015-04-17,72.79483032226562,91.41999816894531,91.44000244140625,91.41999816894531,91.41999816894531,182550
2015-04-20,72.79483032226562,91.41999816894531,91.44000244140625,91.41999816894531,91.44000244140625,130500
2015-04-21,72.81071472167969,91.44000244140625,91.44000244140625,91.41999816894531,91.41999816894531,125850
2015-04-22,72.79483032226562,91.41999816894531,91.44000244140625,91.41999816894531,91.44000244140625,186350
2015-04-23,72.79483032226562,91.41999816894531,91.44000244140625,91.41999816894531,91.41999816894531,132150
2015-04-24,72.79483032226562,91.41999816894531,91.44000244140625,91.41999816894531,91.41999816894531,119600
2015-04-27,72.81071472167969,91.44000244140625,91.44000244140625,91.41999816894531,91.41999816894531,79500
2015-04-28,72.81071472167969,91.44000244140625,91.44000244140625,91.41999816894531,91.41999816894531,79650
2015-04-29,72.81071472167969,91.44000244140625,91.44000244140625,91.41999816894531,91.44000244140625,182600
2015-04-30,72.81071472167969,91.44000244140625,91.44000244140625,91.41999816894531,91.41999816894531,388650
2015-05-01,72.79483032226562,91.41999816894531,91.44000244140625,91.41999816894531,91.41999816894531,365700
2015-05-04,72.81071472167969,91.44000244140625,91.44000244140625,91.41999816894531,91.44000244140625,296250
2015-05-05,72.81071472167969,91.44000244140625,91.44000244140625,91.41999816894531,91.44000244140625,326750
2015-05-06,72.81071472167969,91.44000244140625,91.44000244140625,91.41999816894531,91.44000244140625,442550
2015-05-07,72.79483032226562,91.41999816894531,91.44000244140625,91.41999816894531,91.44000244140625,112850
2015-05-08,72.81071472167969,91.44000244140625,91.44000244140625,91.41999816894531,91.41999816894531,289750
2015-05-11,72.79483032226562,91.41999816894531,91.44000244140625,91.41999816894531,91.41999816894531,1544150
2015-05-12,72.81071472167969,91.44000244140625,91.44000244140625,91.41999816894531,91.41999816894531,72450
2015-05-13,72.81071472167969,91.44000244140625,91.44000244140625,91.41999816894531,91.41999816894531,173600
2015-05-14,72.79483032226562,91.41999816894531,91.44000244140625,91.41999816894531,91.41999816894531,175950
2015-05-15,72.79483032226562,91.41999816894531,91.44000244140625,91.41999816894531,91.44000244140625,101650
2015-05-18,72.79483032226562,91.41999816894531,91.44000244140625,91.41999816894531,91.44000244140625,135000
2015-05-19,72.79483032226562,91.41999816894531,91.44000244140625,91.41999816894531,91.44000244140625,470250
2015-05-20,72.79483032226562,91.41999816894531,91.44000244140625,91.41999816894531,91.41999816894531,119050
2015-05-21,72.81071472167969,91.44000244140625,91.44000244140625,91.41999816894531,91.41999816894531,651750
2015-05-22,72.81071472167969,91.44000244140625,91.44000244140625,91.41999816894531,91.41999816894531,152300
2015-05-26,72.81071472167969,91.44000244140625,91.44000244140625,91.41999816894531,91.44000244140625,503600
2015-05-27,72.81071472167969,91.44000244140625,91.44000244140625,91.41999816894531,91.41999816894531,351200
2015-05-28,72.79483032226562,91.41999816894531,91.44000244140625,91.41999816894531,91.44000244140625,148950
2015-05-29,72.79483032226562,91.41999816894531,91.44000244140625,91.41999816894531,91.44000244140625,181050
2015-06-01,72.79483032226562,91.41999816894531,91.44000244140625,91.41999816894531,91.44000244140625,352100
2015-06-02,72.81071472167969,91.44000244140625,91.44000244140625,91.41999816894531,91.44000244140625,169700
2015-06-03,72.81071472167969,91.44000244140625,91.44000244140625,91.41999816894531,91.44000244140625,2925700
2015-06-04,72.79483032226562,91.41999816894531,91.44000244140625,91.41999816894531,91.44000244140625,241400
2015-06-05,72.79483032226562,91.41999816894531,91.44000244140625,91.4000015258789,91.44000244140625,360750
2015-06-08,72.77886199951172,91.4000015258789,91.41999816894531,91.4000015258789,91.41999816894531,209150
2015-06-09,72.77886199951172,91.4000015258789,91.41999816894531,91.4000015258789,91.41999816894531,143850
2015-06-10,72.79483032226562,91.41999816894531,91.41999816894531,91.4000015258789,91.4000015258789,664400
2015-06-11,72.81071472167969,91.44000244140625,91.44000244140625,91.41999816894531,91.41999816894531,330100
2015-06-12,72.79483032226562,91.41999816894531,91.44000244140625,91.41999816894531,91.44000244140625,66900
2015-06-15,72.81071472167969,91.44000244140625,91.44000244140625,91.41999816894531,91.44000244140625,170800
2015-06-16,72.77886199951172,91.4000015258789,91.41999816894531,91.4000015258789,91.4000015258789,177700
2015-06-17,72.81071472167969,91.44000244140625,91.44000244140625,91.41999816894531,91.41999816894531,315600
2015-06-18,72.77886199951172,91.4000015258789,91.44000244140625,91.4000015258789,91.44000244140625,208000
2015-06-19,72.77886199951172,91.4000015258789,91.41999816894531,91.4000015258789,91.41999816894531,59050
2015-06-22,72.79483032226562,91.41999816894531,91.41999816894531,91.4000015258789,91.4000015258789,253550
2015-06-23,72.77886199951172,91.4000015258789,91.41999816894531,91.4000015258789,91.4000015258789,423750
2015-06-24,72.77886199951172,91.4000015258789,91.41999816894531,91.4000015258789,91.41999816894531,60750
2015-06-25,72.79483032226562,91.41999816894531,91.41999816894531,91.4000015258789,91.41999816894531,240050
2015-06-26,72.77886199951172,91.4000015258789,91.44000244140625,91.4000015258789,91.4000015258789,113450
2015-06-29,72.79483032226562,91.41999816894531,91.41999816894531,91.4000015258789,91.4000015258789,2018150
2015-06-30,72.79483032226562,91.41999816894531,91.41999816894531,91.4000015258789,91.41999816894531,363000
2015-07-01,72.79483032226562,91.41999816894531,91.41999816894531,91.4000015258789,91.41999816894531,555650
2015-07-02,72.79483032226562,91.41999816894531,91.41999816894531,91.4000015258789,91.41999816894531,623300
2015-07-06,72.79483032226562,91.41999816894531,91.41999816894531,91.4000015258789,91.4000015258789,178400
2015-07-07,72.77886199951172,91.4000015258789,91.41999816894531,91.4000015258789,91.4000015258789,430250
2015-07-08,72.77886199951172,91.4000015258789,91.41999816894531,91.4000015258789,91.41999816894531,408150
2015-07-09,72.77886199951172,91.4000015258789,91.41999816894531,91.4000015258789,91.4000015258789,228900
2015-07-10,72.77886199951172,91.4000015258789,91.41999816894531,91.4000015258789,91.41999816894531,208650
2015-07-13,72.77886199951172,91.4000015258789,91.41999816894531,91.4000015258789,91.4000015258789,438200
2015-07-14,72.79483032226562,91.41999816894531,91.41999816894531,91.4000015258789,91.4000015258789,482900
2015-07-15,72.77886199951172,91.4000015258789,91.41999816894531,91.4000015258789,91.41999816894531,77250
2015-07-16,72.77886199951172,91.4000015258789,91.41999816894531,91.4000015258789,91.4000015258789,680000
2015-07-17,72.79483032226562,91.41999816894531,91.41999816894531,91.4000015258789,91.41999816894531,347200
2015-07-20,72.77886199951172,91.4000015258789,91.41999816894531,91.4000015258789,91.4000015258789,299400
2015-07-21,72.79483032226562,91.41999816894531,91.41999816894531,91.4000015258789,91.41999816894531,530500
2015-07-22,72.77886199951172,91.4000015258789,91.41999816894531,91.4000015258789,91.41999816894531,941000
2015-07-23,72.77886199951172,91.4000015258789,91.41999816894531,91.4000015258789,91.4000015258789,111100
2015-07-24,72.79483032226562,91.41999816894531,91.41999816894531,91.4000015258789,91.4000015258789,148250
2015-07-27,72.77886199951172,91.4000015258789,91.41999816894531,91.4000015258789,91.4000015258789,436900
2015-07-28,72.77886199951172,91.4000015258789,91.41999816894531,91.4000015258789,91.41999816894531,471900
2015-07-29,72.79483032226562,91.41999816894531,91.41999816894531,91.4000015258789,91.41999816894531,264400
2015-07-30,72.79483032226562,91.41999816894531,91.41999816894531,91.4000015258789,91.4000015258789,125550
2015-07-31,72.79483032226562,91.41999816894531,91.41999816894531,91.4000015258789,91.4000015258789,788850
2015-08-03,72.79483032226562,91.41999816894531,91.41999816894531,91.4000015258789,91.41999816894531,501750
2015-08-04,72.77886199951172,91.4000015258789,91.41999816894531,91.4000015258789,91.4000015258789,2544550
2015-08-05,72.77886199951172,91.4000015258789,91.41999816894531,91.4000015258789,91.4000015258789,235700
2015-08-06,72.77886199951172,91.4000015258789,91.41999816894531,91.4000015258789,91.41999816894531,147700
2015-08-07,72.77886199951172,91.4000015258789,91.41999816894531,91.4000015258789,91.41999816894531,86700
2015-08-10,72.79483032226562,91.41999816894531,91.41999816894531,91.4000015258789,91.4000015258789,396250
2015-08-11,72.77886199951172,91.4000015258789,91.41999816894531,91.4000015258789,91.4000015258789,31100
2015-08-12,72.77886199951172,91.4000015258789,91.41999816894531,91.4000015258789,91.41999816894531,258300
2015-08-13,72.77886199951172,91.4000015258789,91.41999816894531,91.4000015258789,91.41999816894531,57450
2015-08-14,72.76290893554688,91.37999725341797,91.4000015258789,91.37999725341797,91.4000015258789,275200
2015-08-17,72.76290893554688,91.37999725341797,91.4000015258789,91.37999725341797,91.37999725341797,198950
2015-08-18,72.77886199951172,91.4000015258789,91.41999816894531,91.37999725341797,91.37999725341797,196700
2015-08-19,72.79483032226562,91.41999816894531,91.41999816894531,91.4000015258789,91.4000015258789,219200
2015-08-20,72.77886199951172,91.4000015258789,91.4000015258789,91.37999725341797,91.37999725341797,117100
2015-08-21,72.77886199951172,91.4000015258789,91.41999816894531,91.4000015258789,91.41999816894531,1321450
2015-08-24,72.77886199951172,91.4000015258789,91.44000244140625,91.4000015258789,91.41999816894531,3923250
2015-08-25,72.77886199951172,91.4000015258789,91.41999816894531,91.4000015258789,91.4000015258789,3951700
2015-08-26,72.79483032226562,91.41999816894531,91.41999816894531,91.4000015258789,91.4000015258789,1379650
2015-08-27,72.77886199951172,91.4000015258789,91.41999816894531,91.4000015258789,91.41999816894531,303350
2015-08-28,72.79483032226562,91.41999816894531,91.41999816894531,91.4000015258789,91.41999816894531,2947150
2015-08-31,72.79483032226562,91.41999816894531,91.41999816894531,91.4000015258789,91.41999816894531,2775450
2015-09-01,72.79483032226562,91.41999816894531,91.41999816894531,91.4000015258789,91.41999816894531,1368350
2015-09-02,72.77886199951172,91.4000015258789,91.41999816894531,91.4000015258789,91.4000015258789,610700
2015-09-03,72.79483032226562,91.41999816894531,91.41999816894531,91.4000015258789,91.41999816894531,313500
2015-09-04,72.77886199951172,91.4000015258789,91.41999816894531,91.4000015258789,91.4000015258789,461550
2015-09-08,72.77886199951172,91.4000015258789,91.41999816894531,91.4000015258789,91.4000015258789,1896250
2015-09-09,72.77886199951172,91.4000015258789,91.41999816894531,91.4000015258789,91.4000015258789,223500
2015-09-10,72.76290893554688,91.37999725341797,91.41999816894531,91.37999725341797,91.4000015258789,432750
2015-09-11,72.77886199951172,91.4000015258789,91.4000015258789,91.37999725341797,91.37999725341797,273400
2015-09-14,72.77886199951172,91.4000015258789,91.4000015258789,91.37999725341797,91.37999725341797,457050
2015-09-15,72.76290893554688,91.37999725341797,91.41999816894531,91.37999725341797,91.41999816894531,201950
2015-09-16,72.76290893554688,91.37999725341797,91.4000015258789,91.37999725341797,91.37999725341797,321450
2015-09-17,72.76290893554688,91.37999725341797,91.4000015258789,91.37999725341797,91.37999725341797,425000
2015-09-18,72.76290893554688,91.37999725341797,91.4000015258789,91.37999725341797,91.4000015258789,390500
2015-09-21,72.77886199951172,91.4000015258789,91.4000015258789,91.37999725341797,91.37999725341797,281400
2015-09-22,72.77886199951172,91.4000015258789,91.4000015258789,91.37999725341797,91.4000015258789,180850
2015-09-23,72.76290893554688,91.37999725341797,91.4000015258789,91.37999725341797,91.4000015258789,223500
2015-09-24,72.76290893554688,91.37999725341797,91.4000015258789,91.37999725341797,91.4000015258789,462750
2015-09-25,72.76290893554688,91.37999725341797,91.4000015258789,91.37999725341797,91.37999725341797,554550
2015-09-28,72.77886199951172,91.4000015258789,91.4000015258789,91.37999725341797,91.4000015258789,267100
2015-09-29,72.77886199951172,91.4000015258789,91.4000015258789,91.37999725341797,91.37999725341797,1344350
2015-09-30,72.76290893554688,91.37999725341797,91.4000015258789,91.37999725341797,91.4000015258789,494800
2015-10-01,72.77886199951172,91.4000015258789,91.4000015258789,91.37999725341797,91.37999725341797,2686650
2015-10-02,72.77886199951172,91.4000015258789,91.4000015258789,91.37999725341797,91.4000015258789,2358450
2015-10-05,72.76290893554688,91.37999725341797,91.4000015258789,91.37999725341797,91.37999725341797,696850
2015-10-06,72.76290893554688,91.37999725341797,91.4000015258789,91.37999725341797,91.37999725341797,1357750
2015-10-07,72.76290893554688,91.37999725341797,91.4000015258789,91.37999725341797,91.37999725341797,716550
2015-10-08,72.76290893554688,91.37999725341797,91.4000015258789,91.37999725341797,91.37999725341797,275100
2015-10-09,72.76290893554688,91.37999725341797,91.4000015258789,91.37999725341797,91.37999725341797,774950
2015-10-12,72.76290893554688,91.37999725341797,91.4000015258789,91.36000061035156,91.4000015258789,3216300
2015-10-13,72.76290893554688,91.37999725341797,91.37999725341797,91.36000061035156,91.37999725341797,736400
2015-10-14,72.76290893554688,91.37999725341797,91.37999725341797,91.36000061035156,91.37999725341797,370550
2015-10-15,72.76290893554688,91.37999725341797,91.4000015258789,91.37999725341797,91.37999725341797,151850
2015-10-16,72.76290893554688,91.37999725341797,91.4000015258789,91.37999725341797,91.4000015258789,577950
2015-10-19,72.76290893554688,91.37999725341797,91.4000015258789,91.36000061035156,91.37999725341797,917200
2015-10-20,72.7470474243164,91.36000061035156,91.37999725341797,91.36000061035156,91.37999725341797,546750
2015-10-21,72.76290893554688,91.37999725341797,91.37999725341797,91.36000061035156,91.36000061035156,277100
2015-10-22,72.76290893554688,91.37999725341797,91.37999725341797,91.36000061035156,91.37999725341797,327100
2015-10-23,72.76290893554688,91.37999725341797,91.37999725341797,91.36000061035156,91.36000061035156,743550
2015-10-26,72.7470474243164,91.36000061035156,91.37999725341797,91.36000061035156,91.37999725341797,1571850
2015-10-27,72.7470474243164,91.36000061035156,91.37999725341797,91.36000061035156,91.36000061035156,231450
2015-10-28,72.7470474243164,91.36000061035156,91.37999725341797,91.36000061035156,91.36000061035156,817900
2015-10-29,72.7470474243164,91.36000061035156,91.37999725341797,91.36000061035156,91.37999725341797,429000
2015-10-30,72.7470474243164,91.36000061035156,91.37999725341797,91.36000061035156,91.36000061035156,697900
2015-11-02,72.7470474243164,91.36000061035156,91.37999725341797,91.33999633789062,91.36000061035156,8863450
2015-11-03,72.76290893554688,91.37999725341797,91.37999725341797,91.36000061035156,91.37999725341797,532200
2015-11-04,72.7470474243164,91.36000061035156,91.37999725341797,91.36000061035156,91.36000061035156,1298100
2015-11-05,72.7470474243164,91.36000061035156,91.37999725341797,91.36000061035156,91.36000061035156,156000
2015-11-06,72.7470474243164,91.36000061035156,91.37999725341797,91.36000061035156,91.36000061035156,956000
2015-11-09,72.76290893554688,91.37999725341797,91.37999725341797,91.36000061035156,91.36000061035156,341650
2015-11-10,72.7470474243164,91.36000061035156,91.37999725341797,91.36000061035156,91.37999725341797,1268400
2015-11-11,72.76290893554688,91.37999725341797,91.37999725341797,91.36000061035156,91.36000061035156,268400
2015-11-12,72.76290893554688,91.37999725341797,91.37999725341797,91.36000061035156,91.36000061035156,107150
2015-11-13,72.7470474243164,91.36000061035156,91.37999725341797,91.36000061035156,91.37999725341797,357700
2015-11-16,72.76290893554688,91.37999725341797,91.37999725341797,91.36000061035156,91.37999725341797,1754800
2015-11-17,72.7470474243164,91.36000061035156,91.37999725341797,91.36000061035156,91.36000061035156,230100
2015-11-18,72.7470474243164,91.36000061035156,91.37999725341797,91.36000061035156,91.36000061035156,454100
2015-11-19,72.76290893554688,91.37999725341797,91.37999725341797,91.36000061035156,91.37999725341797,116100
2015-11-20,72.7470474243164,91.36000061035156,91.37999725341797,91.36000061035156,91.37999725341797,536200
2015-11-23,72.76290893554688,91.37999725341797,91.37999725341797,91.36000061035156,91.36000061035156,1124550
2015-11-24,72.7470474243164,91.36000061035156,91.37999725341797,91.36000061035156,91.36000061035156,686550
2015-11-25,72.7470474243164,91.36000061035156,91.37999725341797,91.36000061035156,91.36000061035156,695700
2015-11-27,72.76290893554688,91.37999725341797,91.37999725341797,91.36000061035156,91.36000061035156,3610850
2015-11-30,72.76290893554688,91.37999725341797,91.37999725341797,91.36000061035156,91.37999725341797,153550
2015-12-01,72.7470474243164,91.36000061035156,91.37999725341797,91.36000061035156,91.37999725341797,183750
2015-12-02,72.7470474243164,91.36000061035156,91.37999725341797,91.36000061035156,91.37999725341797,520800
2015-12-03,72.76290893554688,91.37999725341797,91.37999725341797,91.36000061035156,91.37999725341797,529300
2015-12-04,72.76290893554688,91.37999725341797,91.37999725341797,91.36000061035156,91.37999725341797,398850
2015-12-07,72.76290893554688,91.37999725341797,91.37999725341797,91.36000061035156,91.36000061035156,239750
2015-12-08,72.7470474243164,91.36000061035156,91.37999725341797,91.36000061035156,91.37999725341797,101150
2015-12-09,72.7310791015625,91.33999633789062,91.36000061035156,91.33999633789062,91.36000061035156,411700
2015-12-10,72.7470474243164,91.36000061035156,91.37999725341797,91.36000061035156,91.37999725341797,581700
2015-12-11,72.76290893554688,91.37999725341797,91.37999725341797,91.36000061035156,91.36000061035156,673250
2015-12-14,72.76290893554688,91.37999725341797,91.37999725341797,91.36000061035156,91.36000061035156,4853350
2015-12-15,72.7470474243164,91.36000061035156,91.37999725341797,91.36000061035156,91.36000061035156,2550350
2015-12-16,72.76290893554688,91.37999725341797,91.37999725341797,91.36000061035156,91.37999725341797,623400
2015-12-17,72.7470474243164,91.36000061035156,91.37999725341797,91.36000061035156,91.36000061035156,1134550
2015-12-18,72.76290893554688,91.37999725341797,91.37999725341797,91.36000061035156,91.36000061035156,877500
2015-12-21,72.7470474243164,91.36000061035156,91.37999725341797,91.36000061035156,91.36000061035156,1594500
2015-12-22,72.7470474243164,91.36000061035156,91.37999725341797,91.36000061035156,91.36000061035156,988400
2015-12-23,72.7470474243164,91.36000061035156,91.37999725341797,91.36000061035156,91.37999725341797,247900
2015-12-24,72.76290893554688,91.37999725341797,91.37999725341797,91.36000061035156,91.36000061035156,521050
2015-12-28,72.7470474243164,91.36000061035156,91.37999725341797,91.36000061035156,91.37999725341797,243750
2015-12-29,72.7470474243164,91.36000061035156,91.37999725341797,91.36000061035156,91.37999725341797,173050
2015-12-30,72.76290893554688,91.37999725341797,91.37999725341797,91.36000061035156,91.37999725341797,299100
2015-12-31,72.7470474243164,91.36000061035156,91.37999725341797,91.36000061035156,91.37999725341797,447800
2016-01-04,72.76290893554688,91.37999725341797,91.37999725341797,91.36000061035156,91.37999725341797,1065800
2016-01-05,72.76290893554688,91.37999725341797,91.37999725341797,91.36000061035156,91.36000061035156,4878450
2016-01-06,72.7310791015625,91.33999633789062,91.36000061035156,91.33999633789062,91.36000061035156,377400
2016-01-07,72.7470474243164,91.36000061035156,91.37999725341797,91.36000061035156,91.37999725341797,651350
2016-01-08,72.7470474243164,91.36000061035156,91.37999725341797,91.36000061035156,91.36000061035156,585650
2016-01-11,72.7470474243164,91.36000061035156,91.37999725341797,91.36000061035156,91.36000061035156,1457550
2016-01-12,72.76290893554688,91.37999725341797,91.37999725341797,91.33999633789062,91.33999633789062,441900
2016-01-13,72.7470474243164,91.36000061035156,91.37999725341797,91.33999633789062,91.36000061035156,2031450
2016-01-14,72.7310791015625,91.33999633789062,91.37999725341797,91.33999633789062,91.37999725341797,1757450
2016-01-15,72.7310791015625,91.33999633789062,91.36000061035156,91.33999633789062,91.33999633789062,601550
2016-01-19,72.7470474243164,91.36000061035156,91.36000061035156,91.33999633789062,91.36000061035156,4424450
2016-01-20,72.7470474243164,91.36000061035156,91.37999725341797,91.36000061035156,91.36000061035156,738700
2016-01-21,72.76290893554688,91.37999725341797,91.37999725341797,91.36000061035156,91.36000061035156,1290650
2016-01-22,72.7310791015625,91.33999633789062,91.37999725341797,91.33999633789062,91.37999725341797,1004350
2016-01-25,72.7470474243164,91.36000061035156,91.36000061035156,91.33999633789062,91.36000061035156,605250
2016-01-26,72.7310791015625,91.33999633789062,91.36000061035156,91.33999633789062,91.36000061035156,311800
2016-01-27,72.7470474243164,91.36000061035156,91.36000061035156,91.33999633789062,91.36000061035156,1668300
2016-01-28,72.7470474243164,91.36000061035156,91.36000061035156,91.33999633789062,91.33999633789062,163800
2016-01-29,72.76290893554688,91.37999725341797,91.37999725341797,91.33999633789062,91.33999633789062,793200
2016-02-01,72.7310791015625,91.33999633789062,91.37999725341797,91.33999633789062,91.36000061035156,844900
2016-02-02,72.7310791015625,91.33999633789062,91.36000061035156,91.33999633789062,91.33999633789062,1627300
2016-02-03,72.7470474243164,91.36000061035156,91.37999725341797,91.33999633789062,91.36000061035156,2395650
2016-02-04,72.76290893554688,91.37999725341797,91.37999725341797,91.36000061035156,91.36000061035156,275450
2016-02-05,72.76290893554688,91.37999725341797,91.37999725341797,91.36000061035156,91.37999725341797,324200
2016-02-08,72.7470474243164,91.36000061035156,91.37999725341797,91.36000061035156,91.37999725341797,599450
2016-02-09,72.76290893554688,91.37999725341797,91.37999725341797,91.36000061035156,91.37999725341797,869550
2016-02-10,72.7470474243164,91.36000061035156,91.37999725341797,91.36000061035156,91.36000061035156,610950
2016-02-11,72.76290893554688,91.37999725341797,91.37999725341797,91.36000061035156,91.37999725341797,465450
2016-02-12,72.7470474243164,91.36000061035156,91.37999725341797,91.36000061035156,91.37999725341797,438850
2016-02-16,72.7470474243164,91.36000061035156,91.37999725341797,91.36000061035156,91.37999725341797,392650
2016-02-17,72.7470474243164,91.36000061035156,91.37999725341797,91.36000061035156,91.37999725341797,1282250
2016-02-18,72.76290893554688,91.37999725341797,91.37999725341797,91.36000061035156,91.37999725341797,712250
2016-02-19,72.76290893554688,91.37999725341797,91.37999725341797,91.36000061035156,91.37999725341797,911150
2016-02-22,72.76290893554688,91.37999725341797,91.37999725341797,91.36000061035156,91.37999725341797,201600
2016-02-23,72.7470474243164,91.36000061035156,91.37999725341797,91.36000061035156,91.37999725341797,1000450
2016-02-24,72.76290893554688,91.37999725341797,91.37999725341797,91.36000061035156,91.37999725341797,664950
2016-02-25,72.7470474243164,91.36000061035156,91.37999725341797,91.36000061035156,91.36000061035156,1243200
2016-02-26,72.7470474243164,91.36000061035156,91.37999725341797,91.36000061035156,91.36000061035156,883250
2016-02-29,72.76290893554688,91.37999725341797,91.37999725341797,91.36000061035156,91.37999725341797,1613200
2016-03-01,72.76290893554688,91.37999725341797,91.37999725341797,91.36000061035156,91.36000061035156,630600
2016-03-02,72.7470474243164,91.36000061035156,91.37999725341797,91.36000061035156,91.37999725341797,1869950
2016-03-03,72.76290893554688,91.37999725341797,91.37999725341797,91.36000061035156,91.36000061035156,1296950
2016-03-04,72.76290893554688,91.37999725341797,91.37999725341797,91.36000061035156,91.37999725341797,2205550
2016-03-07,72.76290893554688,91.37999725341797,91.37999725341797,91.36000061035156,91.37999725341797,908700
2016-03-08,72.7470474243164,91.36000061035156,91.37999725341797,91.36000061035156,91.36000061035156,542200
2016-03-09,72.76290893554688,91.37999725341797,91.37999725341797,91.36000061035156,91.36000061035156,661400
2016-03-10,72.76290893554688,91.37999725341797,91.37999725341797,91.36000061035156,91.36000061035156,198500
2016-03-11,72.7470474243164,91.36000061035156,91.37999725341797,91.36000061035156,91.36000061035156,383600
2016-03-14,72.7470474243164,91.36000061035156,91.37999725341797,91.36000061035156,91.36000061035156,292700
2016-03-15,72.7470474243164,91.36000061035156,91.37999725341797,91.36000061035156,91.37999725341797,2669300
2016-03-16,72.76290893554688,91.37999725341797,91.37999725341797,91.36000061035156,91.36000061035156,306250
2016-03-17,72.7470474243164,91.36000061035156,91.4000015258789,91.36000061035156,91.37999725341797,199450
2016-03-18,72.7470474243164,91.36000061035156,91.37999725341797,91.36000061035156,91.37999725341797,598800
2016-03-21,72.76290893554688,91.37999725341797,91.37999725341797,91.36000061035156,91.36000061035156,1510600
2016-03-22,72.76290893554688,91.37999725341797,91.37999725341797,91.36000061035156,91.36000061035156,286650
2016-03-23,72.7470474243164,91.36000061035156,91.37999725341797,91.36000061035156,91.36000061035156,260400
2016-03-24,72.76290893554688,91.37999725341797,91.37999725341797,91.36000061035156,91.36000061035156,711350
2016-03-28,72.76290893554688,91.37999725341797,91.4000015258789,91.37999725341797,91.37999725341797,347950
2016-03-29,72.76290893554688,91.37999725341797,91.4000015258789,91.37999725341797,91.37999725341797,631250
2016-03-30,72.76290893554688,91.37999725341797,91.4000015258789,91.37999725341797,91.4000015258789,264000
2016-03-31,72.76290893554688,91.37999725341797,91.4000015258789,91.37999725341797,91.37999725341797,2956800
2016-04-01,72.76290893554688,91.37999725341797,91.4000015258789,91.37999725341797,91.37999725341797,942500
2016-04-04,72.76290893554688,91.37999725341797,91.4000015258789,91.37999725341797,91.37999725341797,1619200
2016-04-05,72.77886199951172,91.4000015258789,91.4000015258789,91.37999725341797,91.4000015258789,1829950
2016-04-06,72.77886199951172,91.4000015258789,91.4000015258789,91.37999725341797,91.37999725341797,1081800
2016-04-07,72.76290893554688,91.37999725341797,91.4000015258789,91.37999725341797,91.37999725341797,1307000
2016-04-08,72.77886199951172,91.4000015258789,91.4000015258789,91.37999725341797,91.37999725341797,191950
2016-04-11,72.76290893554688,91.37999725341797,91.4000015258789,91.37999725341797,91.37999725341797,587150
2016-04-12,72.76290893554688,91.37999725341797,91.4000015258789,91.37999725341797,91.4000015258789,169600
2016-04-13,72.77886199951172,91.4000015258789,91.4000015258789,91.37999725341797,91.37999725341797,182400
2016-04-14,72.77886199951172,91.4000015258789,91.4000015258789,91.37999725341797,91.37999725341797,143950
2016-04-15,72.76290893554688,91.37999725341797,91.4000015258789,91.37999725341797,91.4000015258789,219000
2016-04-18,72.77886199951172,91.4000015258789,91.4000015258789,91.37999725341797,91.37999725341797,1972050
2016-04-19,72.77886199951172,91.4000015258789,91.4000015258789,91.37999725341797,91.37999725341797,138400
2016-04-20,72.77886199951172,91.4000015258789,91.4000015258789,91.37999725341797,91.4000015258789,199350
2016-04-21,72.76290893554688,91.37999725341797,91.4000015258789,91.37999725341797,91.4000015258789,446300
2016-04-22,72.77886199951172,91.4000015258789,91.4000015258789,91.37999725341797,91.4000015258789,388450
2016-04-25,72.76290893554688,91.37999725341797,91.4000015258789,91.37999725341797,91.37999725341797,515350
2016-04-26,72.77886199951172,91.4000015258789,91.4000015258789,91.37999725341797,91.37999725341797,250000
2016-04-27,72.77886199951172,91.4000015258789,91.4000015258789,91.37999725341797,91.4000015258789,104050
2016-04-28,72.77886199951172,91.4000015258789,91.4000015258789,91.37999725341797,91.37999725341797,274200
2016-04-29,72.79483032226562,91.41999816894531,91.41999816894531,91.4000015258789,91.4000015258789,722100
2016-05-02,72.77886199951172,91.4000015258789,91.41999816894531,91.4000015258789,91.41999816894531,370050
2016-05-03,72.79483032226562,91.41999816894531,91.41999816894531,91.4000015258789,91.4000015258789,665850
2016-05-04,72.77886199951172,91.4000015258789,91.41999816894531,91.4000015258789,91.4000015258789,700400
2016-05-05,72.77886199951172,91.4000015258789,91.41999816894531,91.4000015258789,91.4000015258789,578500
2016-05-06,72.79483032226562,91.41999816894531,91.41999816894531,91.4000015258789,91.4000015258789,2157200
2016-05-09,72.79483032226562,91.41999816894531,91.41999816894531,91.4000015258789,91.41999816894531,108850
2016-05-10,72.79483032226562,91.41999816894531,91.41999816894531,91.4000015258789,91.4000015258789,875050
2016-05-11,72.76290893554688,91.37999725341797,91.4000015258789,91.37999725341797,91.4000015258789,156800
2016-05-12,72.76290893554688,91.37999725341797,91.4000015258789,91.37999725341797,91.4000015258789,189900
2016-05-13,72.76290893554688,91.37999725341797,91.4000015258789,91.37999725341797,91.37999725341797,512850
2016-05-16,72.76290893554688,91.37999725341797,91.4000015258789,91.37999725341797,91.37999725341797,184500
2016-05-17,72.76290893554688,91.37999725341797,91.4000015258789,91.37999725341797,91.4000015258789,410200
2016-05-18,72.77886199951172,91.4000015258789,91.41999816894531,91.4000015258789,91.4000015258789,1319700
2016-05-19,72.76290893554688,91.37999725341797,91.4000015258789,91.37999725341797,91.37999725341797,122150
2016-05-20,72.77886199951172,91.4000015258789,91.41999816894531,91.37999725341797,91.4000015258789,389400
2016-05-23,72.79483032226562,91.41999816894531,91.41999816894531,91.37999725341797,91.4000015258789,827400
2016-05-24,72.76290893554688,91.37999725341797,91.41999816894531,91.37999725341797,91.4000015258789,612800
2016-05-25,72.77886199951172,91.4000015258789,91.4000015258789,91.37999725341797,91.4000015258789,242100
2016-05-26,72.77886199951172,91.4000015258789,91.41999816894531,91.37999725341797,91.4000015258789,284150
2016-05-27,72.79483032226562,91.41999816894531,91.41999816894531,91.4000015258789,91.4000015258789,270350
2016-05-31,72.79483032226562,91.41999816894531,91.41999816894531,91.37999725341797,91.41999816894531,498850
2016-06-01,72.79483032226562,91.41999816894531,91.41999816894531,91.4000015258789,91.4000015258789,578400
2016-06-02,72.77886199951172,91.4000015258789,91.41999816894531,91.4000015258789,91.4000015258789,175600
2016-06-03,72.79483032226562,91.41999816894531,91.44000244140625,91.4000015258789,91.41999816894531,735650
2016-06-06,72.81071472167969,91.44000244140625,91.44000244140625,91.41999816894531,91.41999816894531,365550
2016-06-07,72.81071472167969,91.44000244140625,91.44000244140625,91.41999816894531,91.41999816894531,154600
2016-06-08,72.81071472167969,91.44000244140625,91.44000244140625,91.41999816894531,91.41999816894531,250550
2016-06-09,72.77886199951172,91.4000015258789,91.44000244140625,91.4000015258789,91.44000244140625,1767200
2016-06-10,72.77886199951172,91.4000015258789,91.41999816894531,91.4000015258789,91.4000015258789,278100
2016-06-13,72.77886199951172,91.4000015258789,91.41999816894531,91.4000015258789,91.41999816894531,159100
2016-06-14,72.77886199951172,91.4000015258789,91.41999816894531,91.4000015258789,91.4000015258789,771300
2016-06-15,72.77886199951172,91.4000015258789,91.41999816894531,91.4000015258789,91.41999816894531,683100
2016-06-16,72.79483032226562,91.41999816894531,91.44000244140625,91.4000015258789,91.41999816894531,876400
2016-06-17,72.77886199951172,91.4000015258789,91.44000244140625,91.4000015258789,91.41999816894531,463250
2016-06-20,72.79483032226562,91.41999816894531,91.41999816894531,91.4000015258789,91.4000015258789,130900
2016-06-21,72.79483032226562,91.41999816894531,91.44000244140625,91.4000015258789,91.41999816894531,965700
2016-06-22,72.79483032226562,91.41999816894531,91.41999816894531,91.4000015258789,91.41999816894531,171250
2016-06-23,72.79483032226562,91.41999816894531,91.41999816894531,91.4000015258789,91.4000015258789,1232700
2016-06-24,72.77886199951172,91.4000015258789,91.41999816894531,91.4000015258789,91.4000015258789,640800
2016-06-27,72.77886199951172,91.4000015258789,91.44000244140625,91.4000015258789,91.4000015258789,3124250
2016-06-28,72.77886199951172,91.4000015258789,91.44000244140625,91.4000015258789,91.41999816894531,794050
2016-06-29,72.77886199951172,91.4000015258789,91.44000244140625,91.4000015258789,91.44000244140625,1667550
2016-06-30,72.77886199951172,91.4000015258789,91.44000244140625,91.4000015258789,91.41999816894531,690150
2016-07-01,72.81071472167969,91.44000244140625,91.44000244140625,91.4000015258789,91.41999816894531,511550
2016-07-05,72.81071472167969,91.44000244140625,91.44000244140625,91.4000015258789,91.41999816894531,1129200
2016-07-06,72.79483032226562,91.41999816894531,91.44000244140625,91.4000015258789,91.44000244140625,734450
2016-07-07,72.81071472167969,91.44000244140625,91.44000244140625,91.41999816894531,91.41999816894531,199950
2016-07-08,72.79483032226562,91.41999816894531,91.44000244140625,91.4000015258789,91.44000244140625,724150
2016-07-11,72.81071472167969,91.44000244140625,91.44000244140625,91.4000015258789,91.44000244140625,580150
2016-07-12,72.77886199951172,91.4000015258789,91.41999816894531,91.4000015258789,91.41999816894531,1158200
2016-07-13,72.79483032226562,91.41999816894531,91.41999816894531,91.4000015258789,91.4000015258789,422500
2016-07-14,72.81071472167969,91.44000244140625,91.44000244140625,91.4000015258789,91.41999816894531,2044250
2016-07-15,72.79483032226562,91.41999816894531,91.44000244140625,91.41999816894531,91.41999816894531,93400
2016-07-18,72.79483032226562,91.41999816894531,91.44000244140625,91.41999816894531,91.41999816894531,167100
2016-07-19,72.81071472167969,91.44000244140625,91.44000244140625,91.41999816894531,91.41999816894531,447400
2016-07-20,72.81071472167969,91.44000244140625,91.44000244140625,91.41999816894531,91.41999816894531,167500
2016-07-21,72.81071472167969,91.44000244140625,91.44000244140625,91.41999816894531,91.41999816894531,116700
2016-07-22,72.81071472167969,91.44000244140625,91.44000244140625,91.41999816894531,91.41999816894531,180450
2016-07-25,72.79483032226562,91.41999816894531,91.44000244140625,91.41999816894531,91.41999816894531,129050
2016-07-26,72.79483032226562,91.41999816894531,91.44000244140625,91.41999816894531,91.41999816894531,180700
2016-07-27,72.81071472167969,91.44000244140625,91.44000244140625,91.41999816894531,91.44000244140625,220300
2016-07-28,72.79483032226562,91.41999816894531,91.44000244140625,91.41999816894531,91.41999816894531,136700
2016-07-29,72.81071472167969,91.44000244140625,91.44000244140625,91.41999816894531,91.44000244140625,84000
2016-08-01,72.79483032226562,91.41999816894531,91.44000244140625,91.41999816894531,91.41999816894531,97000
2016-08-02,72.81071472167969,91.44000244140625,91.44000244140625,91.41999816894531,91.41999816894531,267100
2016-08-03,72.79483032226562,91.41999816894531,91.44000244140625,91.41999816894531,91.41999816894531,658950
2016-08-04,72.79483032226562,91.41999816894531,91.44000244140625,91.41999816894531,91.41999816894531,128750
2016-08-05,72.79483032226562,91.41999816894531,91.44000244140625,91.41999816894531,91.41999816894531,192100
2016-08-08,72.79483032226562,91.41999816894531,91.44000244140625,91.41999816894531,91.41999816894531,161400
2016-08-09,72.79483032226562,91.41999816894531,91.44000244140625,91.41999816894531,91.44000244140625,1148800
2016-08-10,72.79483032226562,91.41999816894531,91.44000244140625,91.41999816894531,91.41999816894531,100450
2016-08-11,72.79483032226562,91.41999816894531,91.44000244140625,91.41999816894531,91.41999816894531,98900
2016-08-12,72.79483032226562,91.41999816894531,91.44000244140625,91.41999816894531,91.44000244140625,101150
2016-08-15,72.79483032226562,91.41999816894531,91.44000244140625,91.41999816894531,91.41999816894531,296650
2016-08-16,72.79483032226562,91.41999816894531,91.44000244140625,91.41999816894531,91.41999816894531,101000
2016-08-17,72.79483032226562,91.41999816894531,91.44000244140625,91.41999816894531,91.41999816894531,342800
2016-08-18,72.81071472167969,91.44000244140625,91.44000244140625,91.41999816894531,91.41999816894531,109350
2016-08-19,72.79483032226562,91.41999816894531,91.44000244140625,91.41999816894531,91.41999816894531,120200
2016-08-22,72.79483032226562,91.41999816894531,91.44000244140625,91.41999816894531,91.41999816894531,1466200
2016-08-23,72.79483032226562,91.41999816894531,91.44000244140625,91.41999816894531,91.44000244140625,124250
2016-08-24,72.81071472167969,91.44000244140625,91.44000244140625,91.41999816894531,91.41999816894531,85100
2016-08-25,72.79483032226562,91.41999816894531,91.44000244140625,91.41999816894531,91.44000244140625,154050
2016-08-26,72.79483032226562,91.41999816894531,91.44000244140625,91.41999816894531,91.41999816894531,182050
2016-08-29,72.81071472167969,91.44000244140625,91.45999908447266,91.41999816894531,91.44000244140625,330350
2016-08-30,72.81071472167969,91.44000244140625,91.45999908447266,91.41999816894531,91.44000244140625,299450
2016-08-31,72.81071472167969,91.44000244140625,91.45999908447266,91.41999816894531,91.44000244140625,190000
2016-09-01,72.81071472167969,91.44000244140625,91.45999908447266,91.41999816894531,91.44000244140625,174350
2016-09-02,72.82662963867188,91.45999908447266,91.45999908447266,91.44000244140625,91.44000244140625,307000
2016-09-06,72.82662963867188,91.45999908447266,91.45999908447266,91.44000244140625,91.44000244140625,352500
2016-09-07,72.81071472167969,91.44000244140625,91.45999908447266,91.44000244140625,91.45999908447266,790650
2016-09-08,72.81071472167969,91.44000244140625,91.45999908447266,91.41999816894531,91.44000244140625,497150
2016-09-09,72.82662963867188,91.45999908447266,91.45999908447266,91.44000244140625,91.45999908447266,342800
2016-09-12,72.79483032226562,91.41999816894531,91.45999908447266,91.41999816894531,91.45999908447266,725000
2016-09-13,72.81071472167969,91.44000244140625,91.45999908447266,91.41999816894531,91.45999908447266,264650
2016-09-14,72.81071472167969,91.44000244140625,91.45999908447266,91.44000244140625,91.45999908447266,202550
2016-09-15,72.81071472167969,91.44000244140625,91.45999908447266,91.41999816894531,91.44000244140625,374150
2016-09-16,72.81071472167969,91.44000244140625,91.45999908447266,91.44000244140625,91.45999908447266,425950
2016-09-19,72.81071472167969,91.44000244140625,91.45999908447266,91.44000244140625,91.45999908447266,1269550
2016-09-20,72.81071472167969,91.44000244140625,91.45999908447266,91.44000244140625,91.44000244140625,706800
2016-09-21,72.81071472167969,91.44000244140625,91.45999908447266,91.44000244140625,91.44000244140625,536150
2016-09-22,72.82662963867188,91.45999908447266,91.45999908447266,91.44000244140625,91.45999908447266,514950
2016-09-23,72.82662963867188,91.45999908447266,91.4800033569336,91.44000244140625,91.45999908447266,369250
2016-09-26,72.82662963867188,91.45999908447266,91.45999908447266,91.44000244140625,91.44000244140625,433400
2016-09-27,72.81071472167969,91.44000244140625,91.45999908447266,91.44000244140625,91.45999908447266,453800
2016-09-28,72.81071472167969,91.44000244140625,91.45999908447266,91.44000244140625,91.44000244140625,481200
2016-09-29,72.81071472167969,91.44000244140625,91.45999908447266,91.44000244140625,91.44000244140625,878100
2016-09-30,72.82662963867188,91.45999908447266,91.45999908447266,91.44000244140625,91.44000244140625,458350
2016-10-03,72.81071472167969,91.44000244140625,91.45999908447266,91.44000244140625,91.45999908447266,231800
2016-10-04,72.82662963867188,91.45999908447266,91.45999908447266,91.44000244140625,91.44000244140625,392400
2016-10-05,72.82662963867188,91.45999908447266,91.45999908447266,91.44000244140625,91.44000244140625,518500
2016-10-06,72.82662963867188,91.45999908447266,91.45999908447266,91.44000244140625,91.45999908447266,193850
2016-10-07,72.82662963867188,91.45999908447266,91.45999908447266,91.44000244140625,91.45999908447266,139550
2016-10-10,72.82662963867188,91.45999908447266,91.45999908447266,91.44000244140625,91.45999908447266,67050
2016-10-11,72.81071472167969,91.44000244140625,91.45999908447266,91.44000244140625,91.45999908447266,374900
2016-10-12,72.82662963867188,91.45999908447266,91.45999908447266,91.44000244140625,91.44000244140625,411550
2016-10-13,72.81071472167969,91.44000244140625,91.45999908447266,91.44000244140625,91.45999908447266,156250
2016-10-14,72.81071472167969,91.44000244140625,91.45999908447266,91.44000244140625,91.44000244140625,130100
2016-10-17,72.81071472167969,91.44000244140625,91.45999908447266,91.44000244140625,91.45999908447266,237750
2016-10-18,72.81071472167969,91.44000244140625,91.45999908447266,91.44000244140625,91.44000244140625,180350
2016-10-19,72.82662963867188,91.45999908447266,91.45999908447266,91.44000244140625,91.44000244140625,138150
2016-10-20,72.81071472167969,91.44000244140625,91.45999908447266,91.44000244140625,91.45999908447266,261900
2016-10-21,72.81071472167969,91.44000244140625,91.45999908447266,91.44000244140625,91.44000244140625,424150
2016-10-24,72.81071472167969,91.44000244140625,91.45999908447266,91.44000244140625,91.45999908447266,106800
2016-10-25,72.81071472167969,91.44000244140625,91.45999908447266,91.44000244140625,91.45999908447266,175350
2016-10-26,72.82662963867188,91.45999908447266,91.45999908447266,91.44000244140625,91.44000244140625,200900
2016-10-27,72.81071472167969,91.44000244140625,91.45999908447266,91.44000244140625,91.45999908447266,184200
2016-10-28,72.82662963867188,91.45999908447266,91.4800033569336,91.44000244140625,91.4800033569336,546550
2016-10-31,72.84254455566406,91.4800033569336,91.4800033569336,91.45999908447266,91.45999908447266,735450
2016-11-01,72.82662963867188,91.45999908447266,91.4800033569336,91.45999908447266,91.4800033569336,1208600
2016-11-02,72.84254455566406,91.4800033569336,91.4800033569336,91.45999908447266,91.4800033569336,499750
2016-11-03,72.82662963867188,91.45999908447266,91.4800033569336,91.45999908447266,91.4800033569336,212400
2016-11-04,72.84254455566406,91.4800033569336,91.4800033569336,91.45999908447266,91.45999908447266,554100
2016-11-07,72.82662963867188,91.45999908447266,91.4800033569336,91.45999908447266,91.4800033569336,1122200
2016-11-08,72.84254455566406,91.4800033569336,91.4800033569336,91.45999908447266,91.45999908447266,360450
2016-11-09,72.81071472167969,91.44000244140625,91.4800033569336,91.44000244140625,91.45999908447266,596850
2016-11-10,72.81071472167969,91.44000244140625,91.45999908447266,91.44000244140625,91.44000244140625,966300
2016-11-11,72.77886199951172,91.4000015258789,91.45999908447266,91.4000015258789,91.45999908447266,1164250
2016-11-14,72.81071472167969,91.44000244140625,91.45999908447266,91.44000244140625,91.44000244140625,735500
2016-11-15,72.82662963867188,91.45999908447266,91.45999908447266,91.44000244140625,91.45999908447266,1437100
2016-11-16,72.82662963867188,91.45999908447266,91.45999908447266,91.44000244140625,91.45999908447266,611850
2016-11-17,72.84254455566406,91.4800033569336,91.4800033569336,91.44000244140625,91.45999908447266,906650
2016-11-18,72.82662963867188,91.45999908447266,91.4800033569336,91.45999908447266,91.45999908447266,554550
2016-11-21,72.81071472167969,91.44000244140625,91.4800033569336,91.44000244140625,91.45999908447266,234800
2016-11-22,72.81071472167969,91.44000244140625,91.45999908447266,91.44000244140625,91.45999908447266,1102700
2016-11-23,72.81071472167969,91.44000244140625,91.45999908447266,91.44000244140625,91.44000244140625,454950
2016-11-25,72.82662963867188,91.45999908447266,91.45999908447266,91.44000244140625,91.45999908447266,171350
2016-11-28,72.81071472167969,91.44000244140625,91.4800033569336,91.44000244140625,91.4800033569336,122900
2016-11-29,72.81071472167969,91.44000244140625,91.4800033569336,91.44000244140625,91.45999908447266,122450
2016-11-30,72.81071472167969,91.44000244140625,91.45999908447266,91.44000244140625,91.44000244140625,503150
2016-12-01,72.84419250488281,91.44000244140625,91.44000244140625,91.4000015258789,91.4000015258789,2137550
2016-12-02,72.82823944091797,91.41999816894531,91.44000244140625,91.41999816894531,91.44000244140625,411650
2016-12-05,72.82823944091797,91.41999816894531,91.44000244140625,91.41999816894531,91.44000244140625,897100
2016-12-06,72.84419250488281,91.44000244140625,91.44000244140625,91.41999816894531,91.41999816894531,278850
2016-12-07,72.84419250488281,91.44000244140625,91.44000244140625,91.41999816894531,91.41999816894531,431450
2016-12-08,72.84419250488281,91.44000244140625,91.44000244140625,91.41999816894531,91.41999816894531,463700
2016-12-09,72.84419250488281,91.44000244140625,91.44000244140625,91.41999816894531,91.44000244140625,390000
2016-12-12,72.82823944091797,91.41999816894531,91.44000244140625,91.41999816894531,91.41999816894531,212850
2016-12-13,72.84419250488281,91.44000244140625,91.44000244140625,91.4000015258789,91.4000015258789,531850
2016-12-14,72.84419250488281,91.44000244140625,91.44000244140625,91.41999816894531,91.44000244140625,219150
2016-12-15,72.84419250488281,91.44000244140625,91.44000244140625,91.41999816894531,91.44000244140625,221850
2016-12-16,72.82823944091797,91.41999816894531,91.44000244140625,91.41999816894531,91.44000244140625,220900
2016-12-19,72.84419250488281,91.44000244140625,91.44000244140625,91.41999816894531,91.41999816894531,188700
2016-12-20,72.82823944091797,91.41999816894531,91.44000244140625,91.41999816894531,91.41999816894531,308100
2016-12-21,72.84419250488281,91.44000244140625,91.44000244140625,91.41999816894531,91.44000244140625,217850
2016-12-22,72.82823944091797,91.41999816894531,91.44000244140625,91.41999816894531,91.44000244140625,263050
2016-12-23,72.82823944091797,91.41999816894531,91.44000244140625,91.41999816894531,91.41999816894531,238000
2016-12-27,72.84419250488281,91.44000244140625,91.44000244140625,91.41999816894531,91.41999816894531,231850
2016-12-28,72.84258270263672,91.41999816894531,91.41999816894531,91.4000015258789,91.41999816894531,190200
2016-12-29,72.85852813720703,91.44000244140625,91.44000244140625,91.4000015258789,91.44000244140625,286650
2016-12-30,72.82662200927734,91.4000015258789,91.41999816894531,91.4000015258789,91.41999816894531,156600
2017-01-03,72.85852813720703,91.44000244140625,91.44000244140625,91.41999816894531,91.44000244140625,1769500
2017-01-04,72.85852813720703,91.44000244140625,91.44000244140625,91.41999816894531,91.44000244140625,522750
2017-01-05,72.84258270263672,91.41999816894531,91.44000244140625,91.41999816894531,91.44000244140625,627500
2017-01-06,72.85852813720703,91.44000244140625,91.44000244140625,91.41999816894531,91.44000244140625,321550
2017-01-09,72.85852813720703,91.44000244140625,91.44000244140625,91.41999816894531,91.41999816894531,198600
2017-01-10,72.84258270263672,91.41999816894531,91.44000244140625,91.41999816894531,91.44000244140625,139000
2017-01-11,72.85852813720703,91.44000244140625,91.44000244140625,91.41999816894531,91.41999816894531,707250
2017-01-12,72.85852813720703,91.44000244140625,91.44000244140625,91.41999816894531,91.41999816894531,221350
2017-01-13,72.85852813720703,91.44000244140625,91.44000244140625,91.41999816894531,91.41999816894531,159800
2017-01-17,72.85852813720703,91.44000244140625,91.44000244140625,91.41999816894531,91.41999816894531,353250
2017-01-18,72.84258270263672,91.41999816894531,91.44000244140625,91.41999816894531,91.41999816894531,235400
2017-01-19,72.84258270263672,91.41999816894531,91.44000244140625,91.41999816894531,91.44000244140625,188700
2017-01-20,72.85852813720703,91.44000244140625,91.44000244140625,91.41999816894531,91.41999816894531,153650
2017-01-23,72.84258270263672,91.41999816894531,91.44000244140625,91.41999816894531,91.41999816894531,507200
2017-01-24,72.84258270263672,91.41999816894531,91.44000244140625,91.41999816894531,91.41999816894531,588300
2017-01-25,72.85852813720703,91.44000244140625,91.44000244140625,91.41999816894531,91.41999816894531,440100
2017-01-26,72.87448120117188,91.45999908447266,91.45999908447266,91.41999816894531,91.44000244140625,357350
2017-01-27,72.84258270263672,91.41999816894531,91.45999908447266,91.41999816894531,91.44000244140625,228000
2017-01-30,72.87448120117188,91.45999908447266,91.45999908447266,91.41999816894531,91.41999816894531,272650
2017-01-31,72.85852813720703,91.44000244140625,91.45999908447266,91.44000244140625,91.44000244140625,173800
2017-02-01,72.86331939697266,91.41999816894531,91.44000244140625,91.4000015258789,91.4000015258789,264050
2017-02-02,72.86331939697266,91.41999816894531,91.44000244140625,91.4000015258789,91.4000015258789,288000
2017-02-03,72.84732818603516,91.4000015258789,91.44000244140625,91.4000015258789,91.41999816894531,414700
2017-02-06,72.87926483154297,91.44000244140625,91.44000244140625,91.4000015258789,91.41999816894531,206550
2017-02-07,72.87926483154297,91.44000244140625,91.44000244140625,91.41999816894531,91.44000244140625,446850
2017-02-08,72.87926483154297,91.44000244140625,91.44000244140625,91.41999816894531,91.41999816894531,265100
2017-02-09,72.87926483154297,91.44000244140625,91.44000244140625,91.41999816894531,91.41999816894531,336550
2017-02-10,72.86331939697266,91.41999816894531,91.44000244140625,91.41999816894531,91.44000244140625,566050
2017-02-13,72.86331939697266,91.41999816894531,91.44000244140625,91.41999816894531,91.41999816894531,191000
2017-02-14,72.87926483154297,91.44000244140625,91.44000244140625,91.41999816894531,91.44000244140625,124500
2017-02-15,72.86331939697266,91.41999816894531,91.44000244140625,91.41999816894531,91.44000244140625,374350
2017-02-16,72.86331939697266,91.41999816894531,91.44000244140625,91.41999816894531,91.41999816894531,122400
2017-02-17,72.87926483154297,91.44000244140625,91.44000244140625,91.41999816894531,91.44000244140625,154300
2017-02-21,72.86331939697266,91.41999816894531,91.44000244140625,91.41999816894531,91.41999816894531,297000
2017-02-22,72.86331939697266,91.41999816894531,91.44000244140625,91.41999816894531,91.41999816894531,270350
2017-02-23,72.86331939697266,91.41999816894531,91.44000244140625,91.41999816894531,91.41999816894531,402350
2017-02-24,72.86331939697266,91.41999816894531,91.45999908447266,91.41999816894531,91.41999816894531,725450
2017-02-27,72.86331939697266,91.41999816894531,91.45999908447266,91.41999816894531,91.41999816894531,177650
2017-02-28,72.89521026611328,91.45999908447266,91.45999908447266,91.44000244140625,91.45999908447266,175150
2017-03-01,72.866455078125,91.4000015258789,91.41999816894531,91.4000015258789,91.4000015258789,230950
2017-03-02,72.866455078125,91.4000015258789,91.41999816894531,91.4000015258789,91.4000015258789,185850
2017-03-03,72.88243865966797,91.41999816894531,91.41999816894531,91.4000015258789,91.41999816894531,332050
2017-03-06,72.89839935302734,91.44000244140625,91.44000244140625,91.4000015258789,91.4000015258789,193950
2017-03-07,72.866455078125,91.4000015258789,91.44000244140625,91.4000015258789,91.44000244140625,95600
2017-03-08,72.866455078125,91.4000015258789,91.41999816894531,91.4000015258789,91.41999816894531,179950
2017-03-09,72.866455078125,91.4000015258789,91.41999816894531,91.4000015258789,91.4000015258789,298200
2017-03-10,72.88243865966797,91.41999816894531,91.41999816894531,91.4000015258789,91.41999816894531,423800
2017-03-13,72.866455078125,91.4000015258789,91.41999816894531,91.4000015258789,91.41999816894531,300950
2017-03-14,72.866455078125,91.4000015258789,91.41999816894531,91.4000015258789,91.4000015258789,350700
2017-03-15,72.88243865966797,91.41999816894531,91.41999816894531,91.4000015258789,91.4000015258789,740300
2017-03-16,72.89839935302734,91.44000244140625,91.44000244140625,91.4000015258789,91.4000015258789,298300
2017-03-17,72.89839935302734,91.44000244140625,91.44000244140625,91.4000015258789,91.4000015258789,182950
2017-03-20,72.88243865966797,91.41999816894531,91.44000244140625,91.4000015258789,91.4000015258789,147200
2017-03-21,72.89839935302734,91.44000244140625,91.44000244140625,91.4000015258789,91.44000244140625,650300
2017-03-22,72.89839935302734,91.44000244140625,91.44000244140625,91.4000015258789,91.4000015258789,555550
2017-03-23,72.88243865966797,91.41999816894531,91.44000244140625,91.41999816894531,91.44000244140625,339550
2017-03-24,72.89839935302734,91.44000244140625,91.44000244140625,91.41999816894531,91.41999816894531,184750
2017-03-27,72.89839935302734,91.44000244140625,91.44000244140625,91.4000015258789,91.4000015258789,386850
2017-03-28,72.89839935302734,91.44000244140625,91.44000244140625,91.41999816894531,91.44000244140625,894350
2017-03-29,72.89839935302734,91.44000244140625,91.44000244140625,91.41999816894531,91.44000244140625,83400
2017-03-30,72.89839935302734,91.44000244140625,91.44000244140625,91.41999816894531,91.44000244140625,539400
2017-03-31,72.88243865966797,91.41999816894531,91.45999908447266,91.41999816894531,91.45999908447266,526650
2017-04-03,72.88880157470703,91.4000015258789,91.41999816894531,91.37999725341797,91.37999725341797,2097900
2017-04-04,72.88880157470703,91.4000015258789,91.41999816894531,91.4000015258789,91.4000015258789,714500
2017-04-05,72.88880157470703,91.4000015258789,91.41999816894531,91.4000015258789,91.41999816894531,581750
2017-04-06,72.88880157470703,91.4000015258789,91.41999816894531,91.4000015258789,91.4000015258789,246550
2017-04-07,72.88880157470703,91.4000015258789,91.41999816894531,91.4000015258789,91.41999816894531,129300
2017-04-10,72.88880157470703,91.4000015258789,91.44000244140625,91.4000015258789,91.44000244140625,429050
2017-04-11,72.90477752685547,91.41999816894531,91.41999816894531,91.4000015258789,91.41999816894531,161050
2017-04-12,72.88880157470703,91.4000015258789,91.44000244140625,91.4000015258789,91.44000244140625,270500
2017-04-13,72.90477752685547,91.41999816894531,91.44000244140625,91.4000015258789,91.4000015258789,953350
2017-04-17,72.90477752685547,91.41999816894531,91.44000244140625,91.4000015258789,91.4000015258789,753200
2017-04-18,72.92073822021484,91.44000244140625,91.44000244140625,91.41999816894531,91.41999816894531,100450
2017-04-19,72.92073822021484,91.44000244140625,91.44000244140625,91.41999816894531,91.41999816894531,114100
2017-04-20,72.92073822021484,91.44000244140625,91.44000244140625,91.41999816894531,91.41999816894531,243750
2017-04-21,72.92073822021484,91.44000244140625,91.45999908447266,91.44000244140625,91.44000244140625,250700
2017-04-24,72.90477752685547,91.41999816894531,91.44000244140625,91.41999816894531,91.44000244140625,479150
2017-04-25,72.90477752685547,91.41999816894531,91.44000244140625,91.41999816894531,91.44000244140625,405750
2017-04-26,72.92073822021484,91.44000244140625,91.44000244140625,91.41999816894531,91.41999816894531,355450
2017-04-27,72.90477752685547,91.41999816894531,91.44000244140625,91.41999816894531,91.41999816894531,376900
2017-04-28,72.9366455078125,91.45999908447266,91.45999908447266,91.41999816894531,91.44000244140625,212300
2017-05-01,72.931884765625,91.41999816894531,91.44000244140625,91.4000015258789,91.44000244140625,390250
2017-05-02,72.9159164428711,91.4000015258789,91.41999816894531,91.4000015258789,91.4000015258789,70900
2017-05-03,72.9159164428711,91.4000015258789,91.41999816894531,91.4000015258789,91.4000015258789,226500
2017-05-04,72.931884765625,91.41999816894531,91.41999816894531,91.4000015258789,91.4000015258789,163450
2017-05-05,72.9159164428711,91.4000015258789,91.41999816894531,91.4000015258789,91.4000015258789,254050
2017-05-08,72.931884765625,91.41999816894531,91.44000244140625,91.4000015258789,91.41999816894531,217500
2017-05-09,72.931884765625,91.41999816894531,91.44000244140625,91.41999816894531,91.44000244140625,493400
2017-05-10,72.94786071777344,91.44000244140625,91.44000244140625,91.41999816894531,91.44000244140625,309450
2017-05-11,72.94786071777344,91.44000244140625,91.45999908447266,91.41999816894531,91.41999816894531,397200
2017-05-12,72.931884765625,91.41999816894531,91.45999908447266,91.41999816894531,91.44000244140625,129250
2017-05-15,72.94786071777344,91.44000244140625,91.45999908447266,91.44000244140625,91.44000244140625,376600
2017-05-16,72.94786071777344,91.44000244140625,91.45999908447266,91.44000244140625,91.44000244140625,166200
2017-05-17,72.96377563476562,91.45999908447266,91.45999908447266,91.44000244140625,91.44000244140625,1395300
2017-05-18,72.96377563476562,91.45999908447266,91.45999908447266,91.44000244140625,91.44000244140625,1384900
2017-05-19,72.94786071777344,91.44000244140625,91.45999908447266,91.44000244140625,91.44000244140625,106700
2017-05-22,72.96377563476562,91.45999908447266,91.45999908447266,91.44000244140625,91.44000244140625,63900
2017-05-23,72.96377563476562,91.45999908447266,91.45999908447266,91.44000244140625,91.44000244140625,195150
2017-05-24,72.94786071777344,91.44000244140625,91.45999908447266,91.44000244140625,91.44000244140625,307000
2017-05-25,72.96377563476562,91.45999908447266,91.45999908447266,91.44000244140625,91.44000244140625,136350
2017-05-26,72.97976684570312,91.4800033569336,91.4800033569336,91.44000244140625,91.44000244140625,143650
2017-05-30,72.94786071777344,91.44000244140625,91.4800033569336,91.44000244140625,91.45999908447266,190450
2017-05-31,72.94786071777344,91.44000244140625,91.45999908447266,91.44000244140625,91.45999908447266,319600
2017-06-01,72.9749755859375,91.41999816894531,91.41999816894531,91.4000015258789,91.4000015258789,225100
2017-06-02,72.95899963378906,91.4000015258789,91.41999816894531,91.4000015258789,91.4000015258789,417900
2017-06-05,72.9749755859375,91.41999816894531,91.41999816894531,91.4000015258789,91.4000015258789,275800
2017-06-06,72.95899963378906,91.4000015258789,91.41999816894531,91.4000015258789,91.4000015258789,136350
2017-06-07,72.99095153808594,91.44000244140625,91.44000244140625,91.4000015258789,91.4000015258789,257750
2017-06-08,72.9749755859375,91.41999816894531,91.44000244140625,91.41999816894531,91.44000244140625,252500
2017-06-09,72.99095153808594,91.44000244140625,91.44000244140625,91.41999816894531,91.41999816894531,184700
2017-06-12,72.9749755859375,91.41999816894531,91.44000244140625,91.41999816894531,91.44000244140625,199600
2017-06-13,72.99095153808594,91.44000244140625,91.44000244140625,91.41999816894531,91.41999816894531,552550
2017-06-14,72.9749755859375,91.41999816894531,91.45999908447266,91.41999816894531,91.44000244140625,64350
2017-06-15,72.9749755859375,91.41999816894531,91.44000244140625,91.41999816894531,91.41999816894531,380800
2017-06-16,73.00688934326172,91.45999908447266,91.45999908447266,91.41999816894531,91.41999816894531,502600
2017-06-19,72.99095153808594,91.44000244140625,91.45999908447266,91.44000244140625,91.44000244140625,289700
2017-06-20,72.99095153808594,91.44000244140625,91.45999908447266,91.44000244140625,91.45999908447266,121050
2017-06-21,73.00688934326172,91.45999908447266,91.45999908447266,91.45999908447266,91.45999908447266,140600
2017-06-22,73.02289581298828,91.4800033569336,91.4800033569336,91.44000244140625,91.45999908447266,220000
2017-06-23,73.00688934326172,91.45999908447266,91.4800033569336,91.45999908447266,91.4800033569336,67200
2017-06-26,72.99095153808594,91.44000244140625,91.4800033569336,91.44000244140625,91.44000244140625,297850
2017-06-27,72.99095153808594,91.44000244140625,91.45999908447266,91.44000244140625,91.45999908447266,125000
2017-06-28,73.02289581298828,91.4800033569336,91.4800033569336,91.44000244140625,91.45999908447266,179200
2017-06-29,73.00688934326172,91.45999908447266,91.4800033569336,91.44000244140625,91.44000244140625,466100
2017-06-30,73.02289581298828,91.4800033569336,91.5,91.45999908447266,91.45999908447266,615300
2017-07-03,73.03086853027344,91.44000244140625,91.44000244140625,91.41999816894531,91.41999816894531,186100
2017-07-05,73.014892578125,91.41999816894531,91.44000244140625,91.41999816894531,91.44000244140625,369400
2017-07-06,73.03086853027344,91.44000244140625,91.44000244140625,91.41999816894531,91.41999816894531,445500
2017-07-07,73.03086853027344,91.44000244140625,91.44000244140625,91.41999816894531,91.41999816894531,140950
2017-07-10,73.03086853027344,91.44000244140625,91.44000244140625,91.41999816894531,91.41999816894531,185600
2017-07-11,73.03086853027344,91.44000244140625,91.44000244140625,91.41999816894531,91.44000244140625,136900
2017-07-12,73.014892578125,91.41999816894531,91.44000244140625,91.41999816894531,91.41999816894531,403200
2017-07-13,73.014892578125,91.41999816894531,91.45999908447266,91.41999816894531,91.44000244140625,137300
2017-07-14,73.04684448242188,91.45999908447266,91.45999908447266,91.41999816894531,91.41999816894531,255950
2017-07-17,73.03086853027344,91.44000244140625,91.45999908447266,91.44000244140625,91.44000244140625,588900
2017-07-18,73.03086853027344,91.44000244140625,91.45999908447266,91.44000244140625,91.44000244140625,61150
2017-07-19,73.03086853027344,91.44000244140625,91.45999908447266,91.44000244140625,91.44000244140625,99350
2017-07-20,73.03086853027344,91.44000244140625,91.45999908447266,91.44000244140625,91.44000244140625,71950
2017-07-21,73.03086853027344,91.44000244140625,91.45999908447266,91.44000244140625,91.44000244140625,211000
2017-07-24,73.03086853027344,91.44000244140625,91.45999908447266,91.44000244140625,91.44000244140625,140600
2017-07-25,73.03086853027344,91.44000244140625,91.4800033569336,91.44000244140625,91.44000244140625,265850
2017-07-26,73.04684448242188,91.45999908447266,91.4800033569336,91.44000244140625,91.44000244140625,232100
2017-07-27,73.06279754638672,91.4800033569336,91.4800033569336,91.45999908447266,91.4800033569336,221700
2017-07-28,73.04684448242188,91.45999908447266,91.4800033569336,91.45999908447266,91.45999908447266,159600
2017-07-31,73.04684448242188,91.45999908447266,91.5,91.45999908447266,91.5,449600
2017-08-01,73.0660171508789,91.41999816894531,91.41999816894531,91.4000015258789,91.4000015258789,315600
2017-08-02,73.08201599121094,91.44000244140625,91.44000244140625,91.4000015258789,91.41999816894531,263800
2017-08-03,73.08201599121094,91.44000244140625,91.44000244140625,91.4000015258789,91.4000015258789,158400
2017-08-04,73.08201599121094,91.44000244140625,91.44000244140625,91.4000015258789,91.41999816894531,350700
2017-08-07,73.08201599121094,91.44000244140625,91.44000244140625,91.4000015258789,91.4000015258789,130400
2017-08-08,73.08201599121094,91.44000244140625,91.44000244140625,91.41999816894531,91.44000244140625,309800
2017-08-09,73.08201599121094,91.44000244140625,91.44000244140625,91.41999816894531,91.44000244140625,142200
2017-08-10,73.08201599121094,91.44000244140625,91.44000244140625,91.41999816894531,91.41999816894531,111150
2017-08-11,73.09796905517578,91.45999908447266,91.45999908447266,91.41999816894531,91.44000244140625,211350
2017-08-14,73.08201599121094,91.44000244140625,91.45999908447266,91.44000244140625,91.45999908447266,331150
2017-08-15,73.09796905517578,91.45999908447266,91.45999908447266,91.44000244140625,91.44000244140625,192600
2017-08-16,73.08201599121094,91.44000244140625,91.45999908447266,91.44000244140625,91.45999908447266,141250
2017-08-17,73.09796905517578,91.45999908447266,91.45999908447266,91.44000244140625,91.44000244140625,363050
2017-08-18,73.08201599121094,91.44000244140625,91.45999908447266,91.44000244140625,91.45999908447266,230900
2017-08-21,73.09796905517578,91.45999908447266,91.4800033569336,91.45999908447266,91.45999908447266,483800
2017-08-22,73.11398315429688,91.4800033569336,91.4800033569336,91.45999908447266,91.45999908447266,208800
2017-08-23,73.11398315429688,91.4800033569336,91.4800033569336,91.45999908447266,91.4800033569336,292750
2017-08-24,73.11398315429688,91.4800033569336,91.4800033569336,91.45999908447266,91.45999908447266,1055500
2017-08-25,73.09796905517578,91.45999908447266,91.4800033569336,91.45999908447266,91.45999908447266,310550
2017-08-28,73.11398315429688,91.4800033569336,91.4800033569336,91.45999908447266,91.4800033569336,102050
2017-08-29,73.11398315429688,91.4800033569336,91.5,91.45999908447266,91.4800033569336,130450
2017-08-30,73.11398315429688,91.4800033569336,91.5,91.4800033569336,91.4800033569336,291150
2017-08-31,73.12995147705078,91.5,91.5,91.4800033569336,91.4800033569336,1212850
2017-09-01,73.1347885131836,91.44000244140625,91.44000244140625,91.41999816894531,91.44000244140625,373450
2017-09-05,73.10273742675781,91.4000015258789,91.44000244140625,91.4000015258789,91.44000244140625,437850
2017-09-06,73.1347885131836,91.44000244140625,91.44000244140625,91.41999816894531,91.41999816894531,927900
2017-09-07,73.1347885131836,91.44000244140625,91.44000244140625,91.41999816894531,91.44000244140625,159400
2017-09-08,73.1187515258789,91.41999816894531,91.44000244140625,91.41999816894531,91.41999816894531,514550
2017-09-11,73.1187515258789,91.41999816894531,91.44000244140625,91.41999816894531,91.44000244140625,130950
2017-09-12,73.1507568359375,91.45999908447266,91.45999908447266,91.41999816894531,91.41999816894531,257950
2017-09-13,73.1507568359375,91.45999908447266,91.45999908447266,91.44000244140625,91.44000244140625,438200
2017-09-14,73.1347885131836,91.44000244140625,91.45999908447266,91.44000244140625,91.44000244140625,238800
2017-09-15,73.1347885131836,91.44000244140625,91.45999908447266,91.44000244140625,91.45999908447266,96500
2017-09-18,73.1347885131836,91.44000244140625,91.4800033569336,91.44000244140625,91.45999908447266,276400
2017-09-19,73.16677856445312,91.4800033569336,91.4800033569336,91.44000244140625,91.45999908447266,61300
2017-09-20,73.16677856445312,91.4800033569336,91.4800033569336,91.45999908447266,91.4800033569336,129400
2017-09-21,73.16677856445312,91.4800033569336,91.4800033569336,91.45999908447266,91.45999908447266,108000
2017-09-22,73.16677856445312,91.4800033569336,91.4800033569336,91.45999908447266,91.4800033569336,133300
2017-09-25,73.16677856445312,91.4800033569336,91.4800033569336,91.45999908447266,91.4800033569336,158200
2017-09-26,73.16677856445312,91.4800033569336,91.4800033569336,91.45999908447266,91.45999908447266,255800
2017-09-27,73.16677856445312,91.4800033569336,91.4800033569336,91.45999908447266,91.4800033569336,229300
2017-09-28,73.1507568359375,91.45999908447266,91.4800033569336,91.45999908447266,91.45999908447266,76550
2017-09-29,73.18274688720703,91.5,91.5,91.45999908447266,91.4800033569336,173100
2017-10-02,73.18594360351562,91.44000244140625,91.44000244140625,91.41999816894531,91.44000244140625,158800
2017-10-03,73.18594360351562,91.44000244140625,91.44000244140625,91.41999816894531,91.41999816894531,429250
2017-10-04,73.16992950439453,91.41999816894531,91.44000244140625,91.41999816894531,91.41999816894531,1119400
2017-10-05,73.18594360351562,91.44000244140625,91.44000244140625,91.41999816894531,91.41999816894531,186250
2017-10-06,73.16992950439453,91.41999816894531,91.44000244140625,91.41999816894531,91.44000244140625,205400
2017-10-09,73.16992950439453,91.41999816894531,91.44000244140625,91.41999816894531,91.41999816894531,141250
2017-10-10,73.16992950439453,91.41999816894531,91.44000244140625,91.41999816894531,91.41999816894531,264050
2017-10-11,73.16992950439453,91.41999816894531,91.44000244140625,91.41999816894531,91.44000244140625,148300
2017-10-12,73.20196533203125,91.45999908447266,91.45999908447266,91.41999816894531,91.44000244140625,244300
2017-10-13,73.20196533203125,91.45999908447266,91.45999908447266,91.44000244140625,91.45999908447266,78450
2017-10-16,73.18594360351562,91.44000244140625,91.45999908447266,91.44000244140625,91.44000244140625,189900
2017-10-17,73.20196533203125,91.45999908447266,91.4800033569336,91.44000244140625,91.44000244140625,227500
2017-10-18,73.20196533203125,91.45999908447266,91.4800033569336,91.45999908447266,91.45999908447266,64150
2017-10-19,73.20196533203125,91.45999908447266,91.4800033569336,91.44000244140625,91.45999908447266,199850
2017-10-20,73.21796417236328,91.4800033569336,91.4800033569336,91.45999908447266,91.45999908447266,57150
2017-10-23,73.20196533203125,91.45999908447266,91.4800033569336,91.45999908447266,91.4800033569336,136250
2017-10-24,73.2339859008789,91.5,91.5,91.45999908447266,91.45999908447266,157350
2017-10-25,73.2339859008789,91.5,91.5,91.4800033569336,91.4800033569336,293900
2017-10-26,73.2339859008789,91.5,91.5,91.4800033569336,91.4800033569336,301050
2017-10-27,73.2339859008789,91.5,91.5,91.4800033569336,91.4800033569336,1063500
2017-10-30,73.21796417236328,91.4800033569336,91.5,91.4800033569336,91.4800033569336,286950
2017-10-31,73.2339859008789,91.5,91.5,91.4800033569336,91.4800033569336,430350
2017-11-01,73.24197387695312,91.44000244140625,91.44000244140625,91.41999816894531,91.44000244140625,586100
2017-11-02,73.22596740722656,91.41999816894531,91.44000244140625,91.41999816894531,91.44000244140625,137250
2017-11-03,73.22596740722656,91.41999816894531,91.44000244140625,91.41999816894531,91.41999816894531,222550
2017-11-06,73.24197387695312,91.44000244140625,91.44000244140625,91.41999816894531,91.41999816894531,95200
2017-11-07,73.24197387695312,91.44000244140625,91.44000244140625,91.41999816894531,91.41999816894531,89950
2017-11-08,73.24197387695312,91.44000244140625,91.44000244140625,91.41999816894531,91.44000244140625,238750
2017-11-09,73.22596740722656,91.41999816894531,91.44000244140625,91.41999816894531,91.44000244140625,518050
2017-11-10,73.24197387695312,91.44000244140625,91.45999908447266,91.41999816894531,91.44000244140625,278000
2017-11-13,73.24197387695312,91.44000244140625,91.45999908447266,91.44000244140625,91.45999908447266,229800
2017-11-14,73.24197387695312,91.44000244140625,91.45999908447266,91.44000244140625,91.45999908447266,119450
2017-11-15,73.24197387695312,91.44000244140625,91.45999908447266,91.44000244140625,91.44000244140625,278750
2017-11-16,73.25798797607422,91.45999908447266,91.45999908447266,91.44000244140625,91.44000244140625,232900
2017-11-17,73.24197387695312,91.44000244140625,91.45999908447266,91.44000244140625,91.44000244140625,164550
2017-11-20,73.25798797607422,91.45999908447266,91.4800033569336,91.44000244140625,91.44000244140625,372450
2017-11-21,73.27400970458984,91.4800033569336,91.4800033569336,91.44000244140625,91.45999908447266,259000
2017-11-22,73.27400970458984,91.4800033569336,91.4800033569336,91.45999908447266,91.45999908447266,153600
2017-11-24,73.25798797607422,91.45999908447266,91.5,91.45999908447266,91.4800033569336,577050
2017-11-27,73.25798797607422,91.45999908447266,91.4800033569336,91.45999908447266,91.45999908447266,373900
2017-11-28,73.2900619506836,91.5,91.5,91.45999908447266,91.45999908447266,244700
2017-11-29,73.27400970458984,91.4800033569336,91.5,91.45999908447266,91.4800033569336,366300
2017-11-30,73.27400970458984,91.4800033569336,91.5,91.4800033569336,91.5,288000
2017-12-01,73.27881622314453,91.41999816894531,91.43000030517578,91.41999816894531,91.43000030517578,283200
2017-12-04,73.2868423461914,91.43000030517578,91.43000030517578,91.41999816894531,91.41999816894531,142700
2017-12-05,73.29487609863281,91.44000244140625,91.44000244140625,91.41999816894531,91.43000030517578,532500
2017-12-06,73.2868423461914,91.43000030517578,91.44000244140625,91.43000030517578,91.44000244140625,544900
2017-12-07,73.29487609863281,91.44000244140625,91.44000244140625,91.43000030517578,91.43000030517578,145100
2017-12-08,73.30284881591797,91.44999694824219,91.44999694824219,91.43000030517578,91.44000244140625,196100
2017-12-11,73.29487609863281,91.44000244140625,91.44999694824219,91.44000244140625,91.44999694824219,138900
2017-12-12,73.30284881591797,91.44999694824219,91.45999908447266,91.44000244140625,91.45999908447266,184900
2017-12-13,73.29487609863281,91.44000244140625,91.44999694824219,91.44000244140625,91.44999694824219,375100
2017-12-14,73.30284881591797,91.44999694824219,91.45999908447266,91.44000244140625,91.44999694824219,143000
2017-12-15,73.31088256835938,91.45999908447266,91.45999908447266,91.44999694824219,91.44999694824219,389600
2017-12-18,73.31889343261719,91.47000122070312,91.47000122070312,91.44999694824219,91.44999694824219,288500
2017-12-19,73.32049560546875,91.38999938964844,91.38999938964844,91.37000274658203,91.37999725341797,287600
2017-12-20,73.32049560546875,91.38999938964844,91.38999938964844,91.37000274658203,91.37000274658203,614200
2017-12-21,73.32049560546875,91.38999938964844,91.4000015258789,91.37999725341797,91.37999725341797,233500
2017-12-22,73.33654022216797,91.41000366210938,91.41000366210938,91.38999938964844,91.4000015258789,1997600
2017-12-26,73.32853698730469,91.4000015258789,91.41000366210938,91.4000015258789,91.41000366210938,498300
2017-12-27,73.34456634521484,91.41999816894531,91.41999816894531,91.4000015258789,91.41000366210938,320100
2017-12-28,73.34456634521484,91.41999816894531,91.41999816894531,91.41000366210938,91.41000366210938,366100
2017-12-29,73.32853698730469,91.4000015258789,91.43000030517578,91.4000015258789,91.41000366210938,414600
2018-01-02,73.33654022216797,91.41000366210938,91.43000030517578,91.41000366210938,91.41000366210938,790000
2018-01-03,73.35260009765625,91.43000030517578,91.43000030517578,91.41999816894531,91.43000030517578,218300
2018-01-04,73.36064147949219,91.44000244140625,91.44000244140625,91.41999816894531,91.44000244140625,1098100
2018-01-05,73.36064147949219,91.44000244140625,91.44000244140625,91.43000030517578,91.43000030517578,247600
2018-01-08,73.36864471435547,91.44999694824219,91.44999694824219,91.43000030517578,91.43000030517578,199800
2018-01-09,73.36864471435547,91.44999694824219,91.44999694824219,91.43000030517578,91.43000030517578,185900
2018-01-10,73.36864471435547,91.44999694824219,91.44999694824219,91.44000244140625,91.44000244140625,222400
2018-01-11,73.36064147949219,91.44000244140625,91.45999908447266,91.44000244140625,91.44999694824219,163800
2018-01-12,73.38467407226562,91.47000122070312,91.47000122070312,91.44999694824219,91.45999908447266,531300
2018-01-16,73.36864471435547,91.44999694824219,91.45999908447266,91.44999694824219,91.44999694824219,280200
2018-01-17,73.38467407226562,91.47000122070312,91.47000122070312,91.44999694824219,91.44999694824219,229000
2018-01-18,73.38467407226562,91.47000122070312,91.47000122070312,91.45999908447266,91.45999908447266,238900
2018-01-19,73.39271545410156,91.4800033569336,91.4800033569336,91.47000122070312,91.47000122070312,273300
2018-01-22,73.4007339477539,91.48999786376953,91.48999786376953,91.4800033569336,91.48999786376953,285200
2018-01-23,73.4007339477539,91.48999786376953,91.48999786376953,91.4800033569336,91.48999786376953,706900
2018-01-24,73.40874481201172,91.5,91.5,91.4800033569336,91.5,214600
2018-01-25,73.40874481201172,91.5,91.5,91.48999786376953,91.5,493200
2018-01-26,73.42476654052734,91.5199966430664,91.5199966430664,91.5,91.5,430600
2018-01-29,73.40874481201172,91.5,91.5199966430664,91.5,91.5199966430664,696400
2018-01-30,73.41676330566406,91.51000213623047,91.5199966430664,91.48999786376953,91.48999786376953,581300
2018-01-31,73.42476654052734,91.5199966430664,91.5199966430664,91.51000213623047,91.51000213623047,258900
2018-02-01,73.42156982421875,91.43000030517578,91.44000244140625,91.41000366210938,91.41000366210938,1016400
2018-02-02,73.42964172363281,91.44000244140625,91.44000244140625,91.43000030517578,91.44000244140625,459100
2018-02-05,73.42156982421875,91.43000030517578,91.44999694824219,91.43000030517578,91.44999694824219,757000
2018-02-06,73.42964172363281,91.44000244140625,91.44999694824219,91.41999816894531,91.41999816894531,1558600
2018-02-07,73.43766021728516,91.44999694824219,91.5,91.41000366210938,91.43000030517578,1294900
2018-02-08,73.42964172363281,91.44000244140625,91.45999908447266,91.43000030517578,91.43000030517578,1547200
2018-02-09,73.44568634033203,91.45999908447266,91.45999908447266,91.43000030517578,91.43000030517578,2932600
2018-02-12,73.44568634033203,91.45999908447266,91.45999908447266,91.44999694824219,91.45999908447266,2039300
2018-02-13,73.44568634033203,91.45999908447266,91.47000122070312,91.44000244140625,91.44000244140625,4352400
2018-02-14,73.44568634033203,91.45999908447266,91.45999908447266,91.44999694824219,91.44999694824219,549700
2018-02-15,73.45368957519531,91.47000122070312,91.47000122070312,91.44999694824219,91.47000122070312,924900
2018-02-16,73.46173858642578,91.4800033569336,91.4800033569336,91.45999908447266,91.45999908447266,920500
2018-02-20,73.46173858642578,91.4800033569336,91.4800033569336,91.45999908447266,91.47000122070312,590100
2018-02-21,73.45368957519531,91.47000122070312,91.4800033569336,91.47000122070312,91.4800033569336,1012400
2018-02-22,73.46173858642578,91.4800033569336,91.48999786376953,91.47000122070312,91.4800033569336,468700
2018-02-23,73.47779083251953,91.5,91.5,91.4800033569336,91.48999786376953,2653500
2018-02-26,73.46173858642578,91.4800033569336,91.5,91.4800033569336,91.48999786376953,2981600
2018-02-27,73.47779083251953,91.5,91.5,91.4800033569336,91.4800033569336,373600
2018-02-28,73.48583221435547,91.51000213623047,91.51000213623047,91.48999786376953,91.5,882200
2018-03-01,73.49308013916016,91.44000244140625,91.44000244140625,91.41999816894531,91.41999816894531,1260500
2018-03-02,73.50110626220703,91.44999694824219,91.44999694824219,91.43000030517578,91.43000030517578,1353900
2018-03-05,73.50110626220703,91.44999694824219,91.44999694824219,91.43000030517578,91.44999694824219,849200
2018-03-06,73.50110626220703,91.44999694824219,91.44999694824219,91.43000030517578,91.44999694824219,232700
2018-03-07,73.50110626220703,91.44999694824219,91.44999694824219,91.44000244140625,91.44000244140625,978700
2018-03-08,73.49308013916016,91.44000244140625,91.44999694824219,91.44000244140625,91.44000244140625,257400
2018-03-09,73.5091323852539,91.45999908447266,91.47000122070312,91.44999694824219,91.44999694824219,596500
2018-03-12,73.51717376708984,91.47000122070312,91.47000122070312,91.44999694824219,91.47000122070312,506300
2018-03-13,73.51717376708984,91.47000122070312,91.47000122070312,91.44999694824219,91.44999694824219,469400
2018-03-14,73.51717376708984,91.47000122070312,91.47000122070312,91.44999694824219,91.44999694824219,245000
2018-03-15,73.5091323852539,91.45999908447266,91.47000122070312,91.45999908447266,91.47000122070312,863800
2018-03-16,73.52520751953125,91.4800033569336,91.4800033569336,91.47000122070312,91.47000122070312,1216900
2018-03-19,73.52520751953125,91.4800033569336,91.48999786376953,91.47000122070312,91.47000122070312,466100
2018-03-20,73.51717376708984,91.47000122070312,91.48999786376953,91.47000122070312,91.4800033569336,444500
2018-03-21,73.53327178955078,91.48999786376953,91.48999786376953,91.4800033569336,91.4800033569336,336300
2018-03-22,73.54129791259766,91.5,91.5,91.4800033569336,91.4800033569336,305600
2018-03-23,73.54930877685547,91.51000213623047,91.51000213623047,91.5,91.5,633100
2018-03-26,73.54129791259766,91.5,91.51000213623047,91.5,91.5,451300
2018-03-27,73.55732727050781,91.5199966430664,91.5199966430664,91.5,91.5199966430664,1357300
2018-03-28,73.56537628173828,91.52999877929688,91.52999877929688,91.5199966430664,91.5199966430664,3030200
2018-03-29,73.58149719238281,91.55000305175781,91.55000305175781,91.52999877929688,91.52999877929688,737400
2018-04-02,73.57746887207031,91.44000244140625,91.44000244140625,91.41999816894531,91.44000244140625,1681600
2018-04-03,73.56938171386719,91.43000030517578,91.44000244140625,91.43000030517578,91.44000244140625,1893300
2018-04-04,73.58549499511719,91.44999694824219,91.44999694824219,91.43000030517578,91.43000030517578,3535400
2018-04-05,73.59354400634766,91.45999908447266,91.45999908447266,91.44999694824219,91.45999908447266,2245800
2018-04-06,73.59354400634766,91.45999908447266,91.45999908447266,91.44999694824219,91.45999908447266,310400
2018-04-09,73.60157775878906,91.47000122070312,91.47000122070312,91.45999908447266,91.47000122070312,238500
2018-04-10,73.59354400634766,91.45999908447266,91.47000122070312,91.45999908447266,91.47000122070312,491300
2018-04-11,73.609619140625,91.4800033569336,91.4800033569336,91.47000122070312,91.4800033569336,249300
2018-04-12,73.609619140625,91.4800033569336,91.4800033569336,91.47000122070312,91.47000122070312,8103700
2018-04-13,73.609619140625,91.4800033569336,91.48999786376953,91.4800033569336,91.4800033569336,287900
2018-04-16,73.625732421875,91.5,91.5,91.4800033569336,91.5,321100
2018-04-17,73.625732421875,91.5,91.5,91.48999786376953,91.48999786376953,3475000
2018-04-18,73.61769104003906,91.48999786376953,91.5,91.48999786376953,91.5,277900
2018-04-19,73.6337661743164,91.51000213623047,91.51000213623047,91.5,91.51000213623047,473200
2018-04-20,73.6337661743164,91.51000213623047,91.5199966430664,91.5,91.5,264000
2018-04-23,73.6337661743164,91.51000213623047,91.5199966430664,91.51000213623047,91.51000213623047,1125900
2018-04-24,73.64177703857422,91.5199966430664,91.52999877929688,91.51000213623047,91.51000213623047,1031600
2018-04-25,73.64984893798828,91.52999877929688,91.52999877929688,91.5199966430664,91.5199966430664,1001600
2018-04-26,73.65791320800781,91.54000091552734,91.55000305175781,91.52999877929688,91.52999877929688,1484300
2018-04-27,73.6659927368164,91.55000305175781,91.55000305175781,91.54000091552734,91.54000091552734,295500
2018-04-30,73.65791320800781,91.54000091552734,91.55000305175781,91.54000091552734,91.55000305175781,325900
2018-05-01,73.66356658935547,91.44000244140625,91.44999694824219,91.43000030517578,91.43000030517578,1429800
2018-05-02,73.67161560058594,91.44999694824219,91.44999694824219,91.44000244140625,91.44000244140625,398200
2018-05-03,73.67161560058594,91.44999694824219,91.45999908447266,91.44999694824219,91.45999908447266,3642700
2018-05-04,73.687744140625,91.47000122070312,91.47000122070312,91.45999908447266,91.47000122070312,1208100
2018-05-07,73.687744140625,91.47000122070312,91.47000122070312,91.45999908447266,91.45999908447266,365500
2018-05-08,73.6957778930664,91.4800033569336,91.4800033569336,91.47000122070312,91.47000122070312,432900
2018-05-09,73.6957778930664,91.4800033569336,91.4800033569336,91.45999908447266,91.45999908447266,807900
2018-05-10,73.6957778930664,91.4800033569336,91.48999786376953,91.4800033569336,91.4800033569336,4673600
2018-05-11,73.6957778930664,91.4800033569336,91.5,91.4800033569336,91.5,348900
2018-05-14,73.6957778930664,91.4800033569336,91.5,91.4800033569336,91.4800033569336,897600
2018-05-15,73.71190643310547,91.5,91.5,91.48999786376953,91.48999786376953,1825800
2018-05-16,73.71994018554688,91.51000213623047,91.51000213623047,91.48999786376953,91.5,1147500
2018-05-17,73.71994018554688,91.51000213623047,91.51000213623047,91.5,91.51000213623047,2799200
2018-05-18,73.7280044555664,91.5199966430664,91.5199966430664,91.51000213623047,91.5199966430664,1550100
2018-05-21,73.7280044555664,91.5199966430664,91.52999877929688,91.51000213623047,91.5199966430664,509500
2018-05-22,73.7280044555664,91.5199966430664,91.52999877929688,91.5199966430664,91.52999877929688,587800
2018-05-23,73.7360610961914,91.52999877929688,91.54000091552734,91.5199966430664,91.54000091552734,244900
2018-05-24,73.752197265625,91.55000305175781,91.55000305175781,91.54000091552734,91.54000091552734,260000
2018-05-25,73.76020812988281,91.55999755859375,91.55999755859375,91.55000305175781,91.55000305175781,479400
2018-05-29,73.76020812988281,91.55999755859375,91.55999755859375,91.55000305175781,91.55000305175781,845400
2018-05-30,73.752197265625,91.55000305175781,91.55999755859375,91.55000305175781,91.55000305175781,450400
2018-05-31,73.76827239990234,91.56999969482422,91.58000183105469,91.55999755859375,91.58000183105469,901800
2018-06-01,73.77310943603516,91.44999694824219,91.44999694824219,91.44000244140625,91.44999694824219,707400
2018-06-04,73.78119659423828,91.45999908447266,91.45999908447266,91.44999694824219,91.44999694824219,1174100
2018-06-05,73.78119659423828,91.45999908447266,91.45999908447266,91.44999694824219,91.45999908447266,726900
2018-06-06,73.77310943603516,91.44999694824219,91.45999908447266,91.44999694824219,91.45999908447266,594200
2018-06-07,73.78119659423828,91.45999908447266,91.4800033569336,91.45999908447266,91.45999908447266,1595100
2018-06-08,73.79730987548828,91.4800033569336,91.4800033569336,91.47000122070312,91.4800033569336,323200
2018-06-11,73.80538940429688,91.48999786376953,91.48999786376953,91.47000122070312,91.4800033569336,871700
2018-06-12,73.80538940429688,91.48999786376953,91.48999786376953,91.4800033569336,91.48999786376953,1142100
2018-06-13,73.79730987548828,91.4800033569336,91.5,91.4800033569336,91.4800033569336,244100
2018-06-14,73.8215103149414,91.51000213623047,91.51000213623047,91.5,91.5,440900
2018-06-15,73.8215103149414,91.51000213623047,91.51000213623047,91.5,91.51000213623047,255400
2018-06-18,73.8134765625,91.5,91.5199966430664,91.5,91.5199966430664,1502900
2018-06-19,73.82958221435547,91.5199966430664,91.5199966430664,91.51000213623047,91.5199966430664,207800
2018-06-20,73.8215103149414,91.51000213623047,91.52999877929688,91.51000213623047,91.52999877929688,616100
2018-06-21,73.82958221435547,91.5199966430664,91.54000091552734,91.5199966430664,91.54000091552734,782600
2018-06-22,73.83766174316406,91.52999877929688,91.54000091552734,91.52999877929688,91.54000091552734,289400
2018-06-25,73.85380554199219,91.55000305175781,91.55000305175781,91.54000091552734,91.55000305175781,1069700
2018-06-26,73.84575653076172,91.54000091552734,91.55999755859375,91.54000091552734,91.54000091552734,908600
2018-06-27,73.86184692382812,91.55999755859375,91.55999755859375,91.55000305175781,91.55999755859375,326100
2018-06-28,73.86184692382812,91.55999755859375,91.56999969482422,91.55999755859375,91.55999755859375,467100
2018-06-29,73.87801361083984,91.58000183105469,91.58000183105469,91.56999969482422,91.58000183105469,811600
2018-07-02,73.86749267578125,91.44000244140625,91.45999908447266,91.44000244140625,91.44999694824219,1826900
2018-07-03,73.88365936279297,91.45999908447266,91.45999908447266,91.44999694824219,91.44999694824219,1022400
2018-07-05,73.88365936279297,91.45999908447266,91.47000122070312,91.45999908447266,91.45999908447266,1033600
2018-07-06,73.89978790283203,91.4800033569336,91.4800033569336,91.47000122070312,91.47000122070312,1050600
2018-07-09,73.89978790283203,91.4800033569336,91.48999786376953,91.47000122070312,91.47000122070312,388200
2018-07-10,73.90789031982422,91.48999786376953,91.48999786376953,91.47000122070312,91.48999786376953,468100
2018-07-11,73.90789031982422,91.48999786376953,91.48999786376953,91.4800033569336,91.4800033569336,960700
2018-07-12,73.90789031982422,91.48999786376953,91.51000213623047,91.48999786376953,91.48999786376953,639200
2018-07-13,73.91598510742188,91.5,91.51000213623047,91.5,91.51000213623047,628900
2018-07-16,73.92402648925781,91.51000213623047,91.51000213623047,91.5,91.51000213623047,377800
2018-07-17,73.92402648925781,91.51000213623047,91.5199966430664,91.5,91.5199966430664,862800
2018-07-18,73.9321060180664,91.5199966430664,91.5199966430664,91.51000213623047,91.51000213623047,437400
2018-07-19,73.94020080566406,91.52999877929688,91.54000091552734,91.5199966430664,91.5199966430664,352200
2018-07-20,73.94830322265625,91.54000091552734,91.54000091552734,91.52999877929688,91.54000091552734,1845000
2018-07-23,73.94020080566406,91.52999877929688,91.55000305175781,91.52999877929688,91.55000305175781,293200
2018-07-24,73.95636749267578,91.55000305175781,91.55000305175781,91.54000091552734,91.54000091552734,450100
2018-07-25,73.94830322265625,91.54000091552734,91.55000305175781,91.54000091552734,91.55000305175781,316000
2018-07-26,73.95636749267578,91.55000305175781,91.56999969482422,91.55000305175781,91.56999969482422,269600
2018-07-27,73.97250366210938,91.56999969482422,91.56999969482422,91.55999755859375,91.56999969482422,457400
2018-07-30,73.96440887451172,91.55999755859375,91.58000183105469,91.55999755859375,91.58000183105469,377100
2018-07-31,73.98060607910156,91.58000183105469,91.58000183105469,91.56999969482422,91.58000183105469,778700
2018-08-01,73.984619140625,91.44999694824219,91.44999694824219,91.44000244140625,91.44000244140625,1117200
2018-08-02,73.99273681640625,91.45999908447266,91.45999908447266,91.44999694824219,91.45999908447266,691800
2018-08-03,73.99273681640625,91.45999908447266,91.47000122070312,91.44999694824219,91.45999908447266,353500
2018-08-06,74.00083923339844,91.47000122070312,91.4800033569336,91.45999908447266,91.4800033569336,710200
2018-08-07,74.00889587402344,91.4800033569336,91.4800033569336,91.45999908447266,91.4800033569336,660800
2018-08-08,74.00083923339844,91.47000122070312,91.4800033569336,91.47000122070312,91.4800033569336,741400
2018-08-09,74.00889587402344,91.4800033569336,91.48999786376953,91.4800033569336,91.4800033569336,340500
2018-08-10,74.02511596679688,91.5,91.5,91.48999786376953,91.5,287400
2018-08-13,74.03317260742188,91.51000213623047,91.51000213623047,91.5,91.51000213623047,664500
2018-08-14,74.0169906616211,91.48999786376953,91.51000213623047,91.48999786376953,91.51000213623047,339800
2018-08-15,74.03317260742188,91.51000213623047,91.51000213623047,91.5,91.5,533000
2018-08-16,74.03317260742188,91.51000213623047,91.52999877929688,91.51000213623047,91.5199966430664,539800
2018-08-17,74.041259765625,91.5199966430664,91.52999877929688,91.5199966430664,91.5199966430664,656600
2018-08-20,74.041259765625,91.5199966430664,91.52999877929688,91.5199966430664,91.5199966430664,600900
2018-08-21,74.04934692382812,91.52999877929688,91.54000091552734,91.52999877929688,91.54000091552734,354100
2018-08-22,74.04934692382812,91.52999877929688,91.54000091552734,91.52999877929688,91.54000091552734,735700
2018-08-23,74.0736083984375,91.55999755859375,91.55999755859375,91.54000091552734,91.55999755859375,1007000
2018-08-24,74.0736083984375,91.55999755859375,91.55999755859375,91.55000305175781,91.55999755859375,229800
2018-08-27,74.08169555664062,91.56999969482422,91.56999969482422,91.55000305175781,91.55999755859375,323800
2018-08-28,74.08169555664062,91.56999969482422,91.56999969482422,91.55999755859375,91.55999755859375,610700
2018-08-29,74.0736083984375,91.55999755859375,91.58000183105469,91.55999755859375,91.58000183105469,908800
2018-08-30,74.10598754882812,91.5999984741211,91.5999984741211,91.58000183105469,91.58000183105469,748500
2018-08-31,74.0978775024414,91.58999633789062,91.5999984741211,91.58999633789062,91.58999633789062,494800
2018-09-04,74.1043930053711,91.45999908447266,91.45999908447266,91.44999694824219,91.44999694824219,973900
2018-09-05,74.09626007080078,91.44999694824219,91.47000122070312,91.44999694824219,91.45999908447266,883300
2018-09-06,74.11250305175781,91.47000122070312,91.4800033569336,91.47000122070312,91.4800033569336,1809500
2018-09-07,74.1286849975586,91.48999786376953,91.48999786376953,91.4800033569336,91.4800033569336,472300
2018-09-10,74.1286849975586,91.48999786376953,91.48999786376953,91.4800033569336,91.4800033569336,593200
2018-09-11,74.1368179321289,91.5,91.5,91.4800033569336,91.4800033569336,1580300
2018-09-12,74.1368179321289,91.5,91.5,91.48999786376953,91.48999786376953,757500
2018-09-13,74.1368179321289,91.5,91.5199966430664,91.5,91.5199966430664,458700
2018-09-14,74.14488983154297,91.51000213623047,91.5199966430664,91.51000213623047,91.5199966430664,1126400
2018-09-17,74.16108703613281,91.52999877929688,91.52999877929688,91.51000213623047,91.51000213623047,639100
2018-09-18,74.16108703613281,91.52999877929688,91.52999877929688,91.5199966430664,91.52999877929688,457500
2018-09-19,74.16108703613281,91.52999877929688,91.52999877929688,91.5199966430664,91.5199966430664,942300
2018-09-20,74.17731475830078,91.55000305175781,91.55000305175781,91.54000091552734,91.54000091552734,448700
2018-09-21,74.17731475830078,91.55000305175781,91.55000305175781,91.54000091552734,91.54000091552734,274400
2018-09-24,74.18537139892578,91.55999755859375,91.55999755859375,91.55000305175781,91.55000305175781,1329600
2018-09-25,74.18537139892578,91.55999755859375,91.55999755859375,91.55000305175781,91.55000305175781,662400
2018-09-26,74.18537139892578,91.55999755859375,91.56999969482422,91.55999755859375,91.56999969482422,256900
2018-09-27,74.20162200927734,91.58000183105469,91.58000183105469,91.56999969482422,91.58000183105469,343000
2018-09-28,74.20162200927734,91.58000183105469,91.58000183105469,91.56999969482422,91.56999969482422,409800
2018-10-01,74.20648956298828,91.44000244140625,91.44000244140625,91.43000030517578,91.44000244140625,3788900
2018-10-02,74.2145767211914,91.44999694824219,91.44999694824219,91.44000244140625,91.44000244140625,584800
2018-10-03,74.2145767211914,91.44999694824219,91.44999694824219,91.44000244140625,91.44999694824219,380100
2018-10-04,74.2308349609375,91.47000122070312,91.47000122070312,91.45999908447266,91.47000122070312,1154500
2018-10-05,74.23892974853516,91.4800033569336,91.4800033569336,91.47000122070312,91.4800033569336,4664400
2018-10-08,74.23892974853516,91.4800033569336,91.4800033569336,91.47000122070312,91.4800033569336,638800
2018-10-09,74.2308349609375,91.47000122070312,91.4800033569336,91.47000122070312,91.4800033569336,506400
2018-10-10,74.2470474243164,91.48999786376953,91.48999786376953,91.4800033569336,91.48999786376953,2091100
2018-10-11,74.25518798828125,91.5,91.5,91.48999786376953,91.5,1687600
2018-10-12,74.25518798828125,91.5,91.51000213623047,91.5,91.5,741500
2018-10-15,74.26329040527344,91.51000213623047,91.51000213623047,91.5,91.51000213623047,4029300
2018-10-16,74.27137756347656,91.5199966430664,91.5199966430664,91.51000213623047,91.51000213623047,1265500
2018-10-17,74.27137756347656,91.5199966430664,91.5199966430664,91.51000213623047,91.51000213623047,6981000
2018-10-18,74.27137756347656,91.5199966430664,91.52999877929688,91.5199966430664,91.52999877929688,733900
2018-10-19,74.2795181274414,91.52999877929688,91.54000091552734,91.52999877929688,91.52999877929688,693400
2018-10-22,74.29576873779297,91.55000305175781,91.55000305175781,91.52999877929688,91.52999877929688,746900
2018-10-23,74.29576873779297,91.55000305175781,91.55000305175781,91.52999877929688,91.52999877929688,1982600
2018-10-24,74.3038330078125,91.55999755859375,91.55999755859375,91.55000305175781,91.55999755859375,1071600
2018-10-25,74.31196594238281,91.56999969482422,91.58000183105469,91.55999755859375,91.55999755859375,3574800
2018-10-26,74.32012176513672,91.58000183105469,91.58000183105469,91.56999969482422,91.58000183105469,6698900
2018-10-29,74.32012176513672,91.58000183105469,91.58000183105469,91.56999969482422,91.58000183105469,1477400
2018-10-30,74.32012176513672,91.58000183105469,91.58999633789062,91.58000183105469,91.58999633789062,1303100
2018-10-31,74.32818603515625,91.58999633789062,91.58999633789062,91.58000183105469,91.58999633789062,2389400
2018-11-01,74.34446716308594,91.45999908447266,91.45999908447266,91.44999694824219,91.45999908447266,2666600
2018-11-02,74.34446716308594,91.45999908447266,91.45999908447266,91.44999694824219,91.44999694824219,2036700
2018-11-05,74.35260772705078,91.47000122070312,91.47000122070312,91.45999908447266,91.45999908447266,2684100
2018-11-06,74.35260772705078,91.47000122070312,91.47000122070312,91.45999908447266,91.47000122070312,1105200
2018-11-07,74.3607177734375,91.4800033569336,91.4800033569336,91.47000122070312,91.4800033569336,1135100
2018-11-08,74.36884307861328,91.48999786376953,91.51000213623047,91.48999786376953,91.48999786376953,1624800
2018-11-09,74.3851089477539,91.51000213623047,91.51000213623047,91.48999786376953,91.5,3348300
2018-11-12,74.37699890136719,91.5,91.51000213623047,91.5,91.51000213623047,601500
2018-11-13,74.3851089477539,91.51000213623047,91.51000213623047,91.5,91.5,802200
2018-11-14,74.37699890136719,91.5,91.51000213623047,91.5,91.51000213623047,2459500
2018-11-15,74.4013442993164,91.52999877929688,91.52999877929688,91.5199966430664,91.52999877929688,1448300
2018-11-16,74.40951538085938,91.54000091552734,91.54000091552734,91.52999877929688,91.54000091552734,7584300
2018-11-19,74.4013442993164,91.52999877929688,91.54000091552734,91.52999877929688,91.54000091552734,1754300
2018-11-20,74.41763305664062,91.55000305175781,91.55000305175781,91.54000091552734,91.55000305175781,5355400
2018-11-21,74.4338607788086,91.56999969482422,91.58000183105469,91.55999755859375,91.58000183105469,1683200
2018-11-23,74.4338607788086,91.56999969482422,91.58000183105469,91.55999755859375,91.56999969482422,544500
2018-11-26,74.4420394897461,91.58000183105469,91.58000183105469,91.56999969482422,91.58000183105469,945300
2018-11-27,74.4420394897461,91.58000183105469,91.58999633789062,91.56999969482422,91.58000183105469,701300
2018-11-28,74.45011901855469,91.58999633789062,91.58999633789062,91.58000183105469,91.58000183105469,1463800
2018-11-29,74.458251953125,91.5999984741211,91.61000061035156,91.5999984741211,91.5999984741211,5720200
2018-11-30,74.46638488769531,91.61000061035156,91.62000274658203,91.5999984741211,91.62000274658203,1795600
2018-12-03,74.46394348144531,91.44999694824219,91.45999908447266,91.44999694824219,91.44999694824219,2369700
2018-12-04,74.47209930419922,91.45999908447266,91.45999908447266,91.44999694824219,91.45999908447266,1610600
2018-12-06,74.48837280273438,91.4800033569336,91.48999786376953,91.47000122070312,91.4800033569336,4606200
2018-12-07,74.49652862548828,91.48999786376953,91.48999786376953,91.4800033569336,91.48999786376953,1924600
2018-12-10,74.50466918945312,91.5,91.5,91.48999786376953,91.5,1474800
2018-12-11,74.49652862548828,91.48999786376953,91.5,91.48999786376953,91.5,1734600
2018-12-12,74.5127944946289,91.51000213623047,91.51000213623047,91.5,91.51000213623047,959200
2018-12-13,74.52092742919922,91.5199966430664,91.5199966430664,91.51000213623047,91.5199966430664,1410000
2018-12-14,74.52906799316406,91.52999877929688,91.52999877929688,91.5199966430664,91.5199966430664,939300
2018-12-17,74.5372543334961,91.54000091552734,91.54000091552734,91.5199966430664,91.52999877929688,3563400
2018-12-18,74.5372543334961,91.54000091552734,91.54000091552734,91.52999877929688,91.54000091552734,2394700
2018-12-19,74.52906036376953,91.37000274658203,91.38999938964844,91.37000274658203,91.38999938964844,2636300
2018-12-20,74.54537963867188,91.38999938964844,91.4000015258789,91.38999938964844,91.38999938964844,2938700
2018-12-21,74.56171417236328,91.41000366210938,91.41000366210938,91.4000015258789,91.41000366210938,2612300
2018-12-24,74.56986236572266,91.41999816894531,91.41999816894531,91.41000366210938,91.41999816894531,2979200
2018-12-26,74.56171417236328,91.41000366210938,91.41999816894531,91.41000366210938,91.41999816894531,2751600
2018-12-27,74.58618927001953,91.44000244140625,91.44000244140625,91.43000030517578,91.43000030517578,3096100
2018-12-28,74.59432983398438,91.44999694824219,91.44999694824219,91.44000244140625,91.44999694824219,1835800
2018-12-31,74.60249328613281,91.45999908447266,91.45999908447266,91.44000244140625,91.45999908447266,3490000
2019-01-02,74.59432983398438,91.44999694824219,91.47000122070312,91.44999694824219,91.47000122070312,15671600
2019-01-03,74.61881256103516,91.4800033569336,91.48999786376953,91.47000122070312,91.47000122070312,3316200
2019-01-04,74.6269760131836,91.48999786376953,91.48999786376953,91.47000122070312,91.48999786376953,5483000
2019-01-07,74.6269760131836,91.48999786376953,91.48999786376953,91.4800033569336,91.4800033569336,2840200
2019-01-08,74.6269760131836,91.48999786376953,91.48999786376953,91.4800033569336,91.48999786376953,1923100
2019-01-09,74.6269760131836,91.48999786376953,91.5,91.48999786376953,91.5,1486900
2019-01-10,74.63511657714844,91.5,91.5199966430664,91.5,91.5199966430664,1865800
2019-01-11,74.65141296386719,91.5199966430664,91.5199966430664,91.51000213623047,91.5199966430664,1329200
2019-01-14,74.64325714111328,91.51000213623047,91.52999877929688,91.51000213623047,91.52999877929688,1986900
2019-01-15,74.65956115722656,91.52999877929688,91.52999877929688,91.5199966430664,91.52999877929688,1177800
2019-01-16,74.66777038574219,91.54000091552734,91.54000091552734,91.52999877929688,91.54000091552734,1310100
2019-01-17,74.68405151367188,91.55999755859375,91.55999755859375,91.55000305175781,91.55000305175781,809400
2019-01-18,74.68405151367188,91.55999755859375,91.56999969482422,91.55000305175781,91.55999755859375,1950700
2019-01-22,74.69219970703125,91.56999969482422,91.56999969482422,91.55000305175781,91.55999755859375,1930700
2019-01-23,74.69219970703125,91.56999969482422,91.58000183105469,91.56999969482422,91.58000183105469,1637700
2019-01-24,74.7166748046875,91.5999984741211,91.5999984741211,91.58999633789062,91.58999633789062,1200800
2019-01-25,74.70851135253906,91.58999633789062,91.5999984741211,91.58999633789062,91.58999633789062,2123700
2019-01-28,74.7166748046875,91.5999984741211,91.61000061035156,91.5999984741211,91.61000061035156,1286100
2019-01-29,74.7166748046875,91.5999984741211,91.61000061035156,91.5999984741211,91.5999984741211,965000
2019-01-30,74.73297882080078,91.62000274658203,91.62000274658203,91.61000061035156,91.61000061035156,1784900
2019-01-31,74.73297882080078,91.62000274658203,91.63999938964844,91.62000274658203,91.62000274658203,4576700
2019-02-01,74.74034881591797,91.44999694824219,91.45999908447266,91.44999694824219,91.45999908447266,2534500
2019-02-04,74.74855041503906,91.45999908447266,91.45999908447266,91.44999694824219,91.44999694824219,3375400
2019-02-05,74.74855041503906,91.45999908447266,91.47000122070312,91.45999908447266,91.45999908447266,2471300
2019-02-06,74.7648696899414,91.4800033569336,91.4800033569336,91.47000122070312,91.47000122070312,2135400
2019-02-07,74.7648696899414,91.4800033569336,91.48999786376953,91.4800033569336,91.4800033569336,1894000
2019-02-08,74.78123474121094,91.5,91.5,91.48999786376953,91.5,584400
2019-02-11,74.7730484008789,91.48999786376953,91.5,91.48999786376953,91.5,1328200
2019-02-12,74.78938293457031,91.51000213623047,91.51000213623047,91.5,91.5,986400
2019-02-13,74.78938293457031,91.51000213623047,91.51000213623047,91.5,91.51000213623047,818800
2019-02-14,74.80570983886719,91.52999877929688,91.54000091552734,91.52999877929688,91.52999877929688,2038600
2019-02-15,74.80570983886719,91.52999877929688,91.54000091552734,91.52999877929688,91.54000091552734,1547700
2019-02-19,74.82213592529297,91.55000305175781,91.55000305175781,91.54000091552734,91.55000305175781,1858700
2019-02-20,74.82213592529297,91.55000305175781,91.55000305175781,91.54000091552734,91.55000305175781,4086700
2019-02-21,74.83026123046875,91.55999755859375,91.56999969482422,91.55999755859375,91.56999969482422,1288200
2019-02-22,74.84661865234375,91.58000183105469,91.58000183105469,91.56999969482422,91.56999969482422,3265500
2019-02-25,74.83840942382812,91.56999969482422,91.58000183105469,91.56999969482422,91.58000183105469,1026500
2019-02-26,74.84661865234375,91.58000183105469,91.58999633789062,91.58000183105469,91.58000183105469,1202400
2019-02-27,74.85477447509766,91.58999633789062,91.58999633789062,91.58000183105469,91.58999633789062,1260300
2019-02-28,74.87109375,91.61000061035156,91.61000061035156,91.5999984741211,91.5999984741211,1073800
2019-03-01,74.87928009033203,91.44999694824219,91.44999694824219,91.44000244140625,91.44999694824219,2044200
2019-03-04,74.87112426757812,91.44000244140625,91.44999694824219,91.44000244140625,91.44000244140625,1554500
2019-03-05,74.87928009033203,91.44999694824219,91.45999908447266,91.44999694824219,91.44999694824219,2614100
2019-03-06,74.88748931884766,91.45999908447266,91.45999908447266,91.44999694824219,91.45999908447266,706100
2019-03-07,74.90386962890625,91.4800033569336,91.4800033569336,91.47000122070312,91.4800033569336,1106400
2019-03-08,74.91207885742188,91.48999786376953,91.48999786376953,91.4800033569336,91.48999786376953,1061100
2019-03-11,74.91207885742188,91.48999786376953,91.48999786376953,91.4800033569336,91.48999786376953,861100
2019-03-12,74.92025756835938,91.5,91.5,91.48999786376953,91.5,938300
2019-03-13,74.9284439086914,91.51000213623047,91.51000213623047,91.5,91.51000213623047,1796500
2019-03-14,74.9284439086914,91.51000213623047,91.5199966430664,91.51000213623047,91.51000213623047,520100
2019-03-15,74.93661499023438,91.5199966430664,91.52999877929688,91.51000213623047,91.5199966430664,1115400
2019-03-18,74.94481658935547,91.52999877929688,91.52999877929688,91.5199966430664,91.5199966430664,1144100
2019-03-19,74.94481658935547,91.52999877929688,91.54000091552734,91.52999877929688,91.54000091552734,3794400
2019-03-20,74.94481658935547,91.52999877929688,91.54000091552734,91.52999877929688,91.54000091552734,1988500
2019-03-21,74.96936798095703,91.55999755859375,91.55999755859375,91.55000305175781,91.55000305175781,1957600
2019-03-22,74.96936798095703,91.55999755859375,91.55999755859375,91.55000305175781,91.55999755859375,2049600
2019-03-25,74.96936798095703,91.55999755859375,91.56999969482422,91.55999755859375,91.56999969482422,1231800
2019-03-26,74.97756958007812,91.56999969482422,91.58000183105469,91.56999969482422,91.56999969482422,661600
2019-03-27,74.9857406616211,91.58000183105469,91.58000183105469,91.56999969482422,91.56999969482422,2214100
2019-03-28,75.00212097167969,91.5999984741211,91.5999984741211,91.58999633789062,91.5999984741211,924100
2019-03-29,75.00212097167969,91.5999984741211,91.61000061035156,91.5999984741211,91.5999984741211,1576100
2019-04-01,75.01525115966797,91.44000244140625,91.44000244140625,91.43000030517578,91.43000030517578,2419200
2019-04-02,75.00704193115234,91.43000030517578,91.44000244140625,91.43000030517578,91.44000244140625,1138800
2019-04-03,75.01525115966797,91.44000244140625,91.44999694824219,91.44000244140625,91.44000244140625,1422400
2019-04-04,75.03986358642578,91.47000122070312,91.47000122070312,91.45999908447266,91.45999908447266,1208000
2019-04-05,75.03986358642578,91.47000122070312,91.47000122070312,91.45999908447266,91.45999908447266,655700
2019-04-08,75.03986358642578,91.47000122070312,91.4800033569336,91.47000122070312,91.4800033569336,1349200
2019-04-09,75.0480728149414,91.4800033569336,91.4800033569336,91.47000122070312,91.47000122070312,1438000
2019-04-10,75.0480728149414,91.4800033569336,91.48999786376953,91.4800033569336,91.48999786376953,2261600
2019-04-11,75.07267761230469,91.51000213623047,91.51000213623047,91.5,91.5,674900
2019-04-12,75.07267761230469,91.51000213623047,91.51000213623047,91.5,91.5,890600
2019-04-15,75.08087158203125,91.5199966430664,91.5199966430664,91.51000213623047,91.51000213623047,1087900
2019-04-16,75.08087158203125,91.5199966430664,91.5199966430664,91.51000213623047,91.5199966430664,767900
2019-04-17,75.09729766845703,91.54000091552734,91.55000305175781,91.54000091552734,91.54000091552734,691500
2019-04-18,75.10552978515625,91.55000305175781,91.55000305175781,91.54000091552734,91.55000305175781,2976400
2019-04-22,75.10552978515625,91.55000305175781,91.55999755859375,91.55000305175781,91.55000305175781,1171400
2019-04-23,75.10552978515625,91.55000305175781,91.55999755859375,91.55000305175781,91.55000305175781,912100
2019-04-24,75.12187194824219,91.56999969482422,91.56999969482422,91.55999755859375,91.56999969482422,1103500
2019-04-25,75.1383285522461,91.58999633789062,91.58999633789062,91.58000183105469,91.58999633789062,1838500
2019-04-26,75.1301040649414,91.58000183105469,91.58999633789062,91.58000183105469,91.58999633789062,2449400
2019-04-29,75.1383285522461,91.58999633789062,91.5999984741211,91.58999633789062,91.58999633789062,667700
2019-04-30,75.14652252197266,91.5999984741211,91.5999984741211,91.58999633789062,91.5999984741211,1161400
2019-05-01,75.14978790283203,91.43000030517578,91.43000030517578,91.41999816894531,91.43000030517578,1237600
2019-05-02,75.15802764892578,91.44000244140625,91.44999694824219,91.44000244140625,91.44999694824219,856100
2019-05-03,75.16625213623047,91.44999694824219,91.45999908447266,91.44999694824219,91.44999694824219,1443500
2019-05-06,75.17446899414062,91.45999908447266,91.45999908447266,91.44999694824219,91.45999908447266,879800
2019-05-07,75.18268585205078,91.47000122070312,91.47000122070312,91.45999908447266,91.47000122070312,1217900
2019-05-08,75.18268585205078,91.47000122070312,91.47000122070312,91.45999908447266,91.47000122070312,980900
2019-05-09,75.1908950805664,91.4800033569336,91.48999786376953,91.4800033569336,91.48999786376953,2029800
2019-05-10,75.20732879638672,91.5,91.5,91.48999786376953,91.5,966600
2019-05-13,75.19912719726562,91.48999786376953,91.5,91.48999786376953,91.5,1953000
2019-05-14,75.20732879638672,91.5,91.51000213623047,91.5,91.51000213623047,1097000
2019-05-15,75.21556854248047,91.51000213623047,91.51000213623047,91.5,91.51000213623047,1061900
2019-05-16,75.22373962402344,91.5199966430664,91.52999877929688,91.5199966430664,91.5199966430664,1681600
2019-05-17,75.23197174072266,91.52999877929688,91.54000091552734,91.52999877929688,91.54000091552734,339300
2019-05-20,75.24021911621094,91.54000091552734,91.55000305175781,91.54000091552734,91.55000305175781,524300
2019-05-21,75.24021911621094,91.54000091552734,91.55000305175781,91.54000091552734,91.55000305175781,673700
2019-05-22,75.25663757324219,91.55999755859375,91.55999755859375,91.55000305175781,91.55999755859375,1218500
2019-05-23,75.27310943603516,91.58000183105469,91.58000183105469,91.56999969482422,91.56999969482422,1198800
2019-05-24,75.27310943603516,91.58000183105469,91.58999633789062,91.58000183105469,91.58000183105469,1337100
2019-05-28,75.28131103515625,91.58999633789062,91.58999633789062,91.58000183105469,91.58999633789062,981000
2019-05-29,75.28131103515625,91.58999633789062,91.5999984741211,91.58999633789062,91.5999984741211,4239400
2019-05-30,75.30597686767578,91.62000274658203,91.62000274658203,91.61000061035156,91.61000061035156,1223300
2019-05-31,75.30597686767578,91.62000274658203,91.62000274658203,91.61000061035156,91.62000274658203,2770300
2019-06-03,75.30268096923828,91.44000244140625,91.44999694824219,91.44000244140625,91.44000244140625,3486900
2019-06-04,75.31916046142578,91.45999908447266,91.45999908447266,91.44999694824219,91.44999694824219,9008800
2019-06-05,75.31916046142578,91.45999908447266,91.45999908447266,91.44999694824219,91.45999908447266,2028500
2019-06-06,75.3438720703125,91.48999786376953,91.48999786376953,91.47000122070312,91.47000122070312,7013200
2019-06-07,75.33560943603516,91.4800033569336,91.48999786376953,91.4800033569336,91.48999786376953,2299000
2019-06-10,75.35210418701172,91.5,91.5,91.48999786376953,91.5,2795300
2019-06-11,75.3438720703125,91.48999786376953,91.5,91.48999786376953,91.48999786376953,1563700
2019-06-12,75.35210418701172,91.5,91.51000213623047,91.5,91.5,2308800
2019-06-13,75.37679290771484,91.52999877929688,91.52999877929688,91.5199966430664,91.5199966430664,4044200
2019-06-14,75.38501739501953,91.54000091552734,91.54000091552734,91.52999877929688,91.54000091552734,601300
2019-06-17,75.38501739501953,91.54000091552734,91.55000305175781,91.54000091552734,91.54000091552734,3386000
2019-06-18,75.38501739501953,91.54000091552734,91.55000305175781,91.54000091552734,91.54000091552734,3183100
2019-06-19,75.40147399902344,91.55999755859375,91.55999755859375,91.55000305175781,91.55000305175781,521300
2019-06-20,75.40972137451172,91.56999969482422,91.58000183105469,91.56999969482422,91.56999969482422,2524000
2019-06-21,75.40972137451172,91.56999969482422,91.58000183105469,91.56999969482422,91.56999969482422,2016700
2019-06-24,75.41797637939453,91.58000183105469,91.58999633789062,91.58000183105469,91.58000183105469,1223700
2019-06-25,75.41797637939453,91.58000183105469,91.58999633789062,91.58000183105469,91.58999633789062,826600
2019-06-26,75.43443298339844,91.5999984741211,91.5999984741211,91.58999633789062,91.58999633789062,1006400
2019-06-27,75.43443298339844,91.5999984741211,91.61000061035156,91.5999984741211,91.5999984741211,615800
2019-06-28,75.44264221191406,91.61000061035156,91.62000274658203,91.61000061035156,91.62000274658203,1112800
2019-07-01,75.43855285644531,91.44000244140625,91.45999908447266,91.44000244140625,91.44999694824219,3984100
2019-07-02,75.4468002319336,91.44999694824219,91.45999908447266,91.44999694824219,91.44999694824219,5031700
2019-07-03,75.4715576171875,91.4800033569336,91.4800033569336,91.47000122070312,91.4800033569336,1988600
2019-07-05,75.46329498291016,91.47000122070312,91.4800033569336,91.47000122070312,91.47000122070312,1294500
2019-07-08,75.46329498291016,91.47000122070312,91.4800033569336,91.47000122070312,91.4800033569336,3557000
2019-07-09,75.4715576171875,91.4800033569336,91.4800033569336,91.47000122070312,91.4800033569336,1612400
2019-07-10,75.47980499267578,91.48999786376953,91.48999786376953,91.4800033569336,91.4800033569336,1257200
2019-07-11,75.49627685546875,91.51000213623047,91.51000213623047,91.5,91.5,1230400
2019-07-12,75.50453186035156,91.5199966430664,91.5199966430664,91.51000213623047,91.5199966430664,792900
2019-07-15,75.50453186035156,91.5199966430664,91.5199966430664,91.51000213623047,91.5199966430664,521000
2019-07-16,75.51278686523438,91.52999877929688,91.52999877929688,91.5199966430664,91.5199966430664,731500
2019-07-17,75.51278686523438,91.52999877929688,91.52999877929688,91.5199966430664,91.52999877929688,650700
2019-07-18,75.53753662109375,91.55999755859375,91.55999755859375,91.54000091552734,91.54000091552734,1130400
2019-07-19,75.53753662109375,91.55999755859375,91.55999755859375,91.55000305175781,91.55000305175781,1509200
2019-07-22,75.53753662109375,91.55999755859375,91.55999755859375,91.55000305175781,91.55000305175781,524400
2019-07-23,75.52930450439453,91.55000305175781,91.55999755859375,91.55000305175781,91.55000305175781,1703300
2019-07-24,75.5457992553711,91.56999969482422,91.56999969482422,91.55999755859375,91.55999755859375,793900
2019-07-25,75.56230926513672,91.58999633789062,91.58999633789062,91.56999969482422,91.56999969482422,1428400
2019-07-26,75.55403900146484,91.58000183105469,91.58999633789062,91.58000183105469,91.58999633789062,1202800
2019-07-29,75.57054138183594,91.5999984741211,91.5999984741211,91.58999633789062,91.5999984741211,871300
2019-07-30,75.57054138183594,91.5999984741211,91.5999984741211,91.58999633789062,91.58999633789062,2294000
2019-07-31,75.57878112792969,91.61000061035156,91.61000061035156,91.5999984741211,91.61000061035156,3291100
2019-08-01,75.59944152832031,91.4800033569336,91.4800033569336,91.45999908447266,91.47000122070312,5657100
2019-08-02,75.59944152832031,91.4800033569336,91.4800033569336,91.47000122070312,91.4800033569336,5480500
2019-08-05,75.59119415283203,91.47000122070312,91.48999786376953,91.47000122070312,91.4800033569336,2182900
2019-08-06,75.59944152832031,91.4800033569336,91.48999786376953,91.4800033569336,91.4800033569336,4955000
2019-08-07,75.61598205566406,91.5,91.5,91.4800033569336,91.4800033569336,2365100
2019-08-08,75.62428283691406,91.51000213623047,91.51000213623047,91.5,91.51000213623047,1279000
2019-08-09,75.61598205566406,91.5,91.51000213623047,91.5,91.5,2542200
2019-08-12,75.63249206542969,91.5199966430664,91.5199966430664,91.51000213623047,91.51000213623047,2547400
2019-08-13,75.6407470703125,91.52999877929688,91.52999877929688,91.51000213623047,91.51000213623047,904300
2019-08-14,75.63249206542969,91.5199966430664,91.54000091552734,91.5199966430664,91.52999877929688,1988000
2019-08-15,75.66553497314453,91.55999755859375,91.55999755859375,91.54000091552734,91.55000305175781,2998300
2019-08-16,75.65730285644531,91.55000305175781,91.55999755859375,91.55000305175781,91.55999755859375,2471500
2019-08-19,75.65730285644531,91.55000305175781,91.56999969482422,91.55000305175781,91.56999969482422,4949900
2019-08-20,75.66553497314453,91.55999755859375,91.55999755859375,91.55000305175781,91.55999755859375,1675500
2019-08-21,75.65730285644531,91.55000305175781,91.56999969482422,91.55000305175781,91.55999755859375,1433700
2019-08-22,75.68212127685547,91.58000183105469,91.58000183105469,91.56999969482422,91.56999969482422,1162700
2019-08-23,75.67382049560547,91.56999969482422,91.58000183105469,91.55999755859375,91.58000183105469,10788500
2019-08-26,75.68212127685547,91.58000183105469,91.58999633789062,91.58000183105469,91.58999633789062,2234600
2019-08-27,75.69033813476562,91.58999633789062,91.58999633789062,91.58000183105469,91.58999633789062,1616900
2019-08-28,75.68212127685547,91.58000183105469,91.58999633789062,91.58000183105469,91.58999633789062,3861800
2019-08-29,75.69862365722656,91.5999984741211,91.61000061035156,91.5999984741211,91.5999984741211,2276800
2019-08-30,75.70689392089844,91.61000061035156,91.62000274658203,91.61000061035156,91.61000061035156,3418100
2019-09-03,75.7218017578125,91.45999908447266,91.45999908447266,91.44999694824219,91.45999908447266,4842500
2019-09-04,75.71350860595703,91.44999694824219,91.45999908447266,91.44999694824219,91.45999908447266,1895600
2019-09-05,75.7218017578125,91.45999908447266,91.47000122070312,91.45999908447266,91.47000122070312,4888800
2019-09-06,75.73008728027344,91.47000122070312,91.4800033569336,91.45999908447266,91.47000122070312,2094700
2019-09-09,75.73008728027344,91.47000122070312,91.4800033569336,91.47000122070312,91.47000122070312,1064400
2019-09-10,75.74664306640625,91.48999786376953,91.48999786376953,91.4800033569336,91.48999786376953,2325200
2019-09-11,75.73833465576172,91.4800033569336,91.48999786376953,91.4800033569336,91.4800033569336,1437400
2019-09-12,75.75494384765625,91.5,91.51000213623047,91.5,91.5,1867500
2019-09-13,75.75494384765625,91.5,91.51000213623047,91.5,91.51000213623047,1638200
2019-09-16,75.75494384765625,91.5,91.5199966430664,91.5,91.51000213623047,1119300
2019-09-17,75.76321411132812,91.51000213623047,91.5199966430664,91.5,91.51000213623047,1032800
2019-09-18,75.77975463867188,91.52999877929688,91.52999877929688,91.51000213623047,91.5199966430664,1094500
2019-09-19,75.77975463867188,91.52999877929688,91.55000305175781,91.52999877929688,91.55000305175781,1980600
2019-09-20,75.78804779052734,91.54000091552734,91.54000091552734,91.52999877929688,91.54000091552734,2298500
2019-09-23,75.80455780029297,91.55999755859375,91.55999755859375,91.54000091552734,91.54000091552734,1669600
2019-09-24,75.80455780029297,91.55999755859375,91.55999755859375,91.55000305175781,91.55999755859375,1661700
2019-09-25,75.80455780029297,91.55999755859375,91.55999755859375,91.55000305175781,91.55999755859375,1362600
2019-09-26,75.82117462158203,91.58000183105469,91.58000183105469,91.56999969482422,91.56999969482422,1741100
2019-09-27,75.82117462158203,91.58000183105469,91.58999633789062,91.56999969482422,91.58999633789062,1033000
2019-09-30,75.82941436767578,91.58999633789062,91.58999633789062,91.58000183105469,91.58000183105469,3144600
2019-10-01,75.82691955566406,91.44999694824219,91.45999908447266,91.44999694824219,91.45999908447266,2016800
2019-10-02,75.82691955566406,91.44999694824219,91.45999908447266,91.44999694824219,91.45999908447266,2410000
2019-10-03,75.8517837524414,91.4800033569336,91.4800033569336,91.47000122070312,91.47000122070312,1101300
2019-10-04,75.8517837524414,91.4800033569336,91.4800033569336,91.47000122070312,91.47000122070312,924300
2019-10-07,75.86009979248047,91.48999786376953,91.48999786376953,91.4800033569336,91.48999786376953,686900
2019-10-08,75.86009979248047,91.48999786376953,91.48999786376953,91.4800033569336,91.48999786376953,1207500
2019-10-09,75.86009979248047,91.48999786376953,91.5,91.48999786376953,91.5,1714000
2019-10-10,75.87666320800781,91.51000213623047,91.5199966430664,91.51000213623047,91.5199966430664,1404600
2019-10-11,75.88497924804688,91.5199966430664,91.5199966430664,91.51000213623047,91.5199966430664,1446100
2019-10-14,75.87666320800781,91.51000213623047,91.52999877929688,91.44999694824219,91.51000213623047,2720500
2019-10-15,75.88497924804688,91.5199966430664,91.5199966430664,91.51000213623047,91.51000213623047,1621300
2019-10-16,75.89324951171875,91.52999877929688,91.52999877929688,91.5199966430664,91.5199966430664,1620400
2019-10-17,75.90155792236328,91.54000091552734,91.54000091552734,91.52999877929688,91.52999877929688,1350600
2019-10-18,75.90155792236328,91.54000091552734,91.54000091552734,91.52999877929688,91.52999877929688,3141500
2019-10-21,75.90984344482422,91.55000305175781,91.55000305175781,91.54000091552734,91.55000305175781,820500
2019-10-22,75.90984344482422,91.55000305175781,91.55000305175781,91.54000091552734,91.55000305175781,1818900
2019-10-23,75.90984344482422,91.55000305175781,91.55000305175781,91.54000091552734,91.54000091552734,707600
2019-10-24,75.92644500732422,91.56999969482422,91.56999969482422,91.55999755859375,91.55999755859375,734400
2019-10-25,75.92644500732422,91.56999969482422,91.56999969482422,91.55999755859375,91.55999755859375,857300
2019-10-28,75.91812133789062,91.55999755859375,91.56999969482422,91.55999755859375,91.56999969482422,1936500
2019-10-29,75.93476104736328,91.58000183105469,91.58000183105469,91.56999969482422,91.56999969482422,486100
2019-10-30,75.94300842285156,91.58999633789062,91.58999633789062,91.56999969482422,91.58000183105469,1025500
2019-10-31,75.95132446289062,91.5999984741211,91.5999984741211,91.58999633789062,91.58999633789062,1240700
2019-11-01,75.95048522949219,91.45999908447266,91.47000122070312,91.45999908447266,91.45999908447266,5615400
2019-11-04,75.95880126953125,91.47000122070312,91.47000122070312,91.45999908447266,91.45999908447266,2305900
2019-11-05,75.95048522949219,91.45999908447266,91.47000122070312,91.45999908447266,91.45999908447266,1253400
2019-11-06,75.95880126953125,91.47000122070312,91.4800033569336,91.47000122070312,91.47000122070312,1095800
2019-11-07,75.97541809082031,91.48999786376953,91.48999786376953,91.4800033569336,91.4800033569336,1334700
2019-11-08,75.97541809082031,91.48999786376953,91.48999786376953,91.4800033569336,91.48999786376953,727700
2019-11-11,75.97541809082031,91.48999786376953,91.48999786376953,91.4800033569336,91.48999786376953,464600
2019-11-12,75.98373413085938,91.5,91.5,91.48999786376953,91.5,1818400
2019-11-13,75.98373413085938,91.5,91.5,91.48999786376953,91.5,1170700
2019-11-14,75.99199676513672,91.51000213623047,91.51000213623047,91.5,91.5,3100000
2019-11-15,75.98373413085938,91.5,91.51000213623047,91.5,91.51000213623047,2225800
2019-11-18,76.00028991699219,91.5199966430664,91.5199966430664,91.51000213623047,91.51000213623047,1610600
2019-11-19,75.99199676513672,91.51000213623047,91.5199966430664,91.51000213623047,91.5199966430664,928000
2019-11-20,76.00028991699219,91.5199966430664,91.5199966430664,91.51000213623047,91.5199966430664,2396400
2019-11-21,76.00028991699219,91.5199966430664,91.52999877929688,91.5199966430664,91.52999877929688,975300
2019-11-22,76.00860595703125,91.52999877929688,91.54000091552734,91.52999877929688,91.52999877929688,1197900
2019-11-25,76.00860595703125,91.52999877929688,91.54000091552734,91.52999877929688,91.54000091552734,955100
2019-11-26,76.01692962646484,91.54000091552734,91.55000305175781,91.54000091552734,91.54000091552734,952000
2019-11-27,76.03350830078125,91.55999755859375,91.55999755859375,91.55000305175781,91.55000305175781,775900
2019-11-29,76.03350830078125,91.55999755859375,91.55999755859375,91.55000305175781,91.55000305175781,687500
2019-12-02,76.03936004638672,91.44999694824219,91.44999694824219,91.44000244140625,91.44000244140625,985300
2019-12-03,76.03105163574219,91.44000244140625,91.44999694824219,91.44000244140625,91.44999694824219,2002400
2019-12-04,76.03936004638672,91.44999694824219,91.45999908447266,91.44999694824219,91.44999694824219,1008000
2019-12-05,76.05596160888672,91.47000122070312,91.47000122070312,91.45999908447266,91.47000122070312,866100
2019-12-06,76.05596160888672,91.47000122070312,91.47000122070312,91.45999908447266,91.45999908447266,1171300
2019-12-09,76.06427764892578,91.4800033569336,91.4800033569336,91.47000122070312,91.47000122070312,776200
2019-12-10,76.06427764892578,91.4800033569336,91.4800033569336,91.47000122070312,91.4800033569336,1040700
2019-12-11,76.06427764892578,91.4800033569336,91.4800033569336,91.47000122070312,91.4800033569336,1288600
2019-12-12,76.08091735839844,91.5,91.5,91.48999786376953,91.5,601800
2019-12-13,76.06427764892578,91.4800033569336,91.5,91.4800033569336,91.48999786376953,753100
2019-12-16,76.08091735839844,91.5,91.5,91.48999786376953,91.48999786376953,702700
2019-12-17,76.07258605957031,91.48999786376953,91.51000213623047,91.48999786376953,91.5,2353000
2019-12-18,76.08921813964844,91.51000213623047,91.51000213623047,91.5,91.51000213623047,1059900
2019-12-19,76.0975341796875,91.5199966430664,91.5199966430664,91.51000213623047,91.51000213623047,1412900
2019-12-20,76.10173797607422,91.41000366210938,91.41000366210938,91.4000015258789,91.41000366210938,1375800
2019-12-23,76.10173797607422,91.41000366210938,91.41000366210938,91.4000015258789,91.4000015258789,2846500
2019-12-24,76.1100082397461,91.41999816894531,91.41999816894531,91.41000366210938,91.41999816894531,1042700
2019-12-26,76.11837005615234,91.43000030517578,91.43000030517578,91.41000366210938,91.41000366210938,956200
2019-12-27,76.1100082397461,91.41999816894531,91.43000030517578,91.41999816894531,91.41999816894531,1325600
2019-12-30,76.11837005615234,91.43000030517578,91.44000244140625,91.43000030517578,91.44000244140625,1381300
2019-12-31,76.11837005615234,91.43000030517578,91.44999694824219,91.43000030517578,91.44999694824219,1406200
2020-01-02,76.14332580566406,91.45999908447266,91.45999908447266,91.44000244140625,91.44999694824219,3167200
2020-01-03,76.14332580566406,91.45999908447266,91.45999908447266,91.44999694824219,91.45999908447266,853200
2020-01-06,76.13502502441406,91.44999694824219,91.47000122070312,91.44999694824219,91.45999908447266,2471900
2020-01-07,76.13502502441406,91.44999694824219,91.45999908447266,91.44999694824219,91.45999908447266,1267300
2020-01-08,76.15166473388672,91.47000122070312,91.47000122070312,91.45999908447266,91.45999908447266,1286100
2020-01-09,76.15999603271484,91.4800033569336,91.4800033569336,91.47000122070312,91.4800033569336,984300
2020-01-10,76.15999603271484,91.4800033569336,91.4800033569336,91.47000122070312,91.47000122070312,1137100
2020-01-13,76.15999603271484,91.4800033569336,91.4800033569336,91.47000122070312,91.4800033569336,1459100
2020-01-14,76.15999603271484,91.4800033569336,91.48999786376953,91.4800033569336,91.4800033569336,1055400
2020-01-15,76.16832733154297,91.48999786376953,91.48999786376953,91.4800033569336,91.48999786376953,862300
2020-01-16,76.18497467041016,91.51000213623047,91.51000213623047,91.48999786376953,91.48999786376953,1104100
2020-01-17,76.1766586303711,91.5,91.51000213623047,91.5,91.51000213623047,1323200
2020-01-21,76.18497467041016,91.51000213623047,91.51000213623047,91.5,91.51000213623047,3170700
2020-01-22,76.18497467041016,91.51000213623047,91.51000213623047,91.5,91.51000213623047,1156800
2020-01-23,76.19330596923828,91.5199966430664,91.52999877929688,91.5199966430664,91.5199966430664,893000
2020-01-24,76.19330596923828,91.5199966430664,91.52999877929688,91.5199966430664,91.52999877929688,1243700
2020-01-27,76.20162200927734,91.52999877929688,91.52999877929688,91.5199966430664,91.5199966430664,1463500
2020-01-28,76.20162200927734,91.52999877929688,91.54000091552734,91.52999877929688,91.52999877929688,1708000
2020-01-29,76.20994567871094,91.54000091552734,91.54000091552734,91.52999877929688,91.52999877929688,845200
2020-01-30,76.20994567871094,91.54000091552734,91.55000305175781,91.54000091552734,91.54000091552734,787300
2020-01-31,76.20994567871094,91.54000091552734,91.55000305175781,91.54000091552734,91.55000305175781,1760700
2020-02-03,76.21662902832031,91.44000244140625,91.44999694824219,91.44000244140625,91.44999694824219,1826500
2020-02-04,76.21662902832031,91.44000244140625,91.44999694824219,91.44000244140625,91.44999694824219,1013700
2020-02-05,76.2332763671875,91.45999908447266,91.45999908447266,91.44000244140625,91.44999694824219,1015900
2020-02-06,76.24161529541016,91.47000122070312,91.47000122070312,91.45999908447266,91.45999908447266,1156000
2020-02-07,76.24161529541016,91.47000122070312,91.47000122070312,91.45999908447266,91.47000122070312,873000
2020-02-10,76.2332763671875,91.45999908447266,91.4800033569336,91.45999908447266,91.47000122070312,635800
2020-02-11,76.24161529541016,91.47000122070312,91.47000122070312,91.45999908447266,91.45999908447266,1152900
2020-02-12,76.24995422363281,91.4800033569336,91.4800033569336,91.47000122070312,91.47000122070312,823600
2020-02-13,76.25830078125,91.48999786376953,91.48999786376953,91.4800033569336,91.48999786376953,1231100
2020-02-14,76.25830078125,91.48999786376953,91.5,91.4800033569336,91.5,1200800
2020-02-18,76.26663970947266,91.5,91.5,91.48999786376953,91.48999786376953,894900
2020-02-19,76.26663970947266,91.5,91.5,91.48999786376953,91.5,1327300
2020-02-20,76.26663970947266,91.5,91.51000213623047,91.5,91.51000213623047,2327900
2020-02-21,76.28329467773438,91.5199966430664,91.5199966430664,91.51000213623047,91.51000213623047,865100
2020-02-24,76.27496337890625,91.51000213623047,91.5199966430664,91.51000213623047,91.5199966430664,3162600
2020-02-25,76.27496337890625,91.51000213623047,91.5199966430664,91.51000213623047,91.5199966430664,4337200
2020-02-26,76.29164123535156,91.52999877929688,91.52999877929688,91.5199966430664,91.52999877929688,4843100
2020-02-27,76.30831146240234,91.55000305175781,91.55000305175781,91.52999877929688,91.52999877929688,7014300
2020-02-28,76.29997253417969,91.54000091552734,91.55000305175781,91.54000091552734,91.54000091552734,10079400
2020-03-02,76.3224868774414,91.47000122070312,91.4800033569336,91.45999908447266,91.45999908447266,8320700
2020-03-03,76.33917999267578,91.48999786376953,91.51000213623047,91.45999908447266,91.47000122070312,6196300
2020-03-04,76.37255096435547,91.52999877929688,91.52999877929688,91.5,91.51000213623047,7400300
2020-03-05,76.38925170898438,91.55000305175781,91.55000305175781,91.52999877929688,91.54000091552734,4722200
2020-03-06,76.38925170898438,91.55000305175781,91.56999969482422,91.54000091552734,91.54000091552734,4562200
2020-03-09,76.422607421875,91.58999633789062,91.62999725341797,91.55999755859375,91.58000183105469,14089900
2020-03-10,76.40594482421875,91.56999969482422,91.61000061035156,91.55999755859375,91.56999969482422,10764300
2020-03-11,76.422607421875,91.58999633789062,91.61000061035156,91.56999969482422,91.56999969482422,19939900
2020-03-12,76.43095397949219,91.5999984741211,95.97000122070312,91.56999969482422,91.56999969482422,20352200
2020-03-13,76.4476547241211,91.62000274658203,91.62999725341797,91.58999633789062,91.5999984741211,11069000
2020-03-16,76.45600128173828,91.62999725341797,91.63999938964844,91.5999984741211,91.63999938964844,11009100
2020-03-17,76.45600128173828,91.62999725341797,91.63999938964844,91.5999984741211,91.63999938964844,10016900
2020-03-18,76.47266387939453,91.6500015258789,91.66999816894531,91.62000274658203,91.6500015258789,11352300
2020-03-19,76.45600128173828,91.62999725341797,91.6500015258789,91.5999984741211,91.63999938964844,10002900
2020-03-20,76.48103332519531,91.66000366210938,91.66000366210938,91.62000274658203,91.62999725341797,14884700
2020-03-23,76.46434783935547,91.63999938964844,91.63999938964844,91.61000061035156,91.62000274658203,7880900
2020-03-24,76.46434783935547,91.63999938964844,91.63999938964844,91.58000183105469,91.62000274658203,7108400
2020-03-25,76.46434783935547,91.63999938964844,91.63999938964844,91.62000274658203,91.62999725341797,6265900
2020-03-26,76.46434783935547,91.63999938964844,91.63999938964844,91.62000274658203,91.62000274658203,5907600
2020-03-27,76.4476547241211,91.62000274658203,91.63999938964844,91.62000274658203,91.63999938964844,5413800
2020-03-30,76.4476547241211,91.62000274658203,91.62999725341797,91.62000274658203,91.62999725341797,4208600
2020-03-31,76.45600128173828,91.62999725341797,91.62999725341797,91.61000061035156,91.62999725341797,6837900
2020-04-01,76.44930267333984,91.56999969482422,91.58000183105469,91.55999755859375,91.58000183105469,3865800
2020-04-02,76.4576644897461,91.58000183105469,91.58000183105469,91.55999755859375,91.56999969482422,4489300
2020-04-03,76.43262481689453,91.55000305175781,91.56999969482422,91.55000305175781,91.55999755859375,4371000
2020-04-06,76.44094848632812,91.55999755859375,91.56999969482422,91.55000305175781,91.56999969482422,3804200
2020-04-07,76.42426300048828,91.54000091552734,91.56999969482422,91.54000091552734,91.56999969482422,4866200
2020-04-08,76.43262481689453,91.55000305175781,91.55999755859375,91.55000305175781,91.55000305175781,3326600
2020-04-09,76.41590881347656,91.52999877929688,91.55999755859375,91.52999877929688,91.55000305175781,7432700
2020-04-13,76.43262481689453,91.55000305175781,91.55999755859375,91.52999877929688,91.52999877929688,4806700
2020-04-14,76.44094848632812,91.55999755859375,91.55999755859375,91.52999877929688,91.52999877929688,7368800
2020-04-15,76.43262481689453,91.55000305175781,91.55999755859375,91.54000091552734,91.55000305175781,5840100
2020-04-16,76.42426300048828,91.54000091552734,91.55999755859375,91.54000091552734,91.55000305175781,5563300
2020-04-17,76.44094848632812,91.55999755859375,91.55999755859375,91.55000305175781,91.55000305175781,4217400
2020-04-20,76.43262481689453,91.55000305175781,91.55999755859375,91.55000305175781,91.55999755859375,5258700
2020-04-21,76.43262481689453,91.55000305175781,91.56999969482422,91.55000305175781,91.56999969482422,3527200
2020-04-22,76.43262481689453,91.55000305175781,91.55999755859375,91.55000305175781,91.55999755859375,2065200
2020-04-23,76.44094848632812,91.55999755859375,91.55999755859375,91.55000305175781,91.55999755859375,1928700
2020-04-24,76.43262481689453,91.55000305175781,91.55999755859375,91.55000305175781,91.55999755859375,1618100
2020-04-27,76.43262481689453,91.55000305175781,91.55999755859375,91.54000091552734,91.55000305175781,2244700
2020-04-28,76.43262481689453,91.55000305175781,91.55999755859375,91.55000305175781,91.55999755859375,2744800
2020-04-29,76.42426300048828,91.54000091552734,91.55999755859375,91.54000091552734,91.55999755859375,5313500
2020-04-30,76.44094848632812,91.55999755859375,91.55999755859375,91.54000091552734,91.54000091552734,7305600
2020-05-01,76.4275894165039,91.52999877929688,91.55000305175781,91.52999877929688,91.55000305175781,3710300
2020-05-04,76.4275894165039,91.52999877929688,91.55000305175781,91.52999877929688,91.55000305175781,5973500
2020-05-05,76.4275894165039,91.52999877929688,91.55000305175781,91.52999877929688,91.52999877929688,2949300
2020-05-06,76.43597412109375,91.54000091552734,91.55000305175781,91.52999877929688,91.55000305175781,1716300
2020-05-07,76.4275894165039,91.52999877929688,91.55000305175781,91.52999877929688,91.55000305175781,2271200
2020-05-08,76.4275894165039,91.52999877929688,91.55000305175781,91.52999877929688,91.52999877929688,3100700
2020-05-11,76.43597412109375,91.54000091552734,91.54000091552734,91.52999877929688,91.52999877929688,3903700
2020-05-12,76.43597412109375,91.54000091552734,91.54000091552734,91.52999877929688,91.52999877929688,3110500
2020-05-13,76.43597412109375,91.54000091552734,91.54000091552734,91.52999877929688,91.54000091552734,3524800
2020-05-14,76.44429779052734,91.55000305175781,91.55000305175781,91.52999877929688,91.54000091552734,4505200
2020-05-15,76.4275894165039,91.52999877929688,91.54000091552734,91.52999877929688,91.54000091552734,2361800
2020-05-18,76.4275894165039,91.52999877929688,91.54000091552734,91.52999877929688,91.52999877929688,2297500
2020-05-19,76.4275894165039,91.52999877929688,91.54000091552734,91.52999877929688,91.54000091552734,6505800
2020-05-20,76.4275894165039,91.52999877929688,91.54000091552734,91.52999877929688,91.54000091552734,1722400
2020-05-21,76.43597412109375,91.54000091552734,91.54000091552734,91.52999877929688,91.52999877929688,2400900
2020-05-22,76.4275894165039,91.52999877929688,91.54000091552734,91.52999877929688,91.54000091552734,1935600
2020-05-26,76.43597412109375,91.54000091552734,91.54000091552734,91.52999877929688,91.54000091552734,4214200
2020-05-27,76.4275894165039,91.52999877929688,91.54000091552734,91.52999877929688,91.52999877929688,3887400
2020-05-28,76.4275894165039,91.52999877929688,91.54000091552734,91.52999877929688,91.52999877929688,5061200
2020-05-29,76.4275894165039,91.52999877929688,91.54000091552734,91.52999877929688,91.52999877929688,3714600
2020-06-01,76.43597412109375,91.54000091552734,91.54000091552734,91.51000213623047,91.52999877929688,2919600
2020-06-02,76.43597412109375,91.54000091552734,91.54000091552734,91.52999877929688,91.54000091552734,4644600
2020-06-03,76.43597412109375,91.54000091552734,91.54000091552734,91.5199966430664,91.52999877929688,5447700
2020-06-04,76.43597412109375,91.54000091552734,91.54000091552734,91.52999877929688,91.54000091552734,3574600
2020-06-05,76.41925048828125,91.5199966430664,91.54000091552734,91.5199966430664,91.52999877929688,4808800
2020-06-08,76.4275894165039,91.52999877929688,91.54000091552734,91.5199966430664,91.54000091552734,3937200
2020-06-09,76.4275894165039,91.52999877929688,91.54000091552734,91.5199966430664,91.52999877929688,8989100
2020-06-10,76.43597412109375,91.54000091552734,91.54000091552734,91.5199966430664,91.5199966430664,3090200
2020-06-11,76.41925048828125,91.5199966430664,91.54000091552734,91.5199966430664,91.52999877929688,10544900
2020-06-12,76.43597412109375,91.54000091552734,91.54000091552734,91.5199966430664,91.54000091552734,8819400
2020-06-15,76.43597412109375,91.54000091552734,91.54000091552734,91.52999877929688,91.54000091552734,3391500
2020-06-16,76.43597412109375,91.54000091552734,91.54000091552734,91.5199966430664,91.52999877929688,2413600
2020-06-17,76.43597412109375,91.54000091552734,91.54000091552734,91.5199966430664,91.52999877929688,3992000
2020-06-18,76.4275894165039,91.52999877929688,91.54000091552734,91.52999877929688,91.54000091552734,1837800
2020-06-19,76.4275894165039,91.52999877929688,91.54000091552734,91.52999877929688,91.52999877929688,3115500
2020-06-22,76.4275894165039,91.52999877929688,91.54000091552734,91.52999877929688,91.52999877929688,3091900
2020-06-23,76.4275894165039,91.52999877929688,91.54000091552734,91.52999877929688,91.52999877929688,2898000
2020-06-24,76.4275894165039,91.52999877929688,91.54000091552734,91.52999877929688,91.52999877929688,3779000
2020-06-25,76.43597412109375,91.54000091552734,91.54000091552734,91.52999877929688,91.52999877929688,1767500
2020-06-26,76.4275894165039,91.52999877929688,91.54000091552734,91.52999877929688,91.52999877929688,1350100
2020-06-29,76.4275894165039,91.52999877929688,91.54000091552734,91.52999877929688,91.52999877929688,2431500
2020-06-30,76.4275894165039,91.52999877929688,91.54000091552734,91.52999877929688,91.52999877929688,3381100
2020-07-01,76.4275894165039,91.52999877929688,91.54000091552734,91.5199966430664,91.52999877929688,3160000
2020-07-02,76.43597412109375,91.54000091552734,91.54000091552734,91.52999877929688,91.54000091552734,2639700
2020-07-06,76.4275894165039,91.52999877929688,91.54000091552734,91.52999877929688,91.52999877929688,4064700
2020-07-07,76.4275894165039,91.52999877929688,91.54000091552734,91.52999877929688,91.52999877929688,2092700
2020-07-08,76.4275894165039,91.52999877929688,91.54000091552734,91.52999877929688,91.54000091552734,4376800
2020-07-09,76.4275894165039,91.52999877929688,91.54000091552734,91.52999877929688,91.52999877929688,1516600
2020-07-10,76.43597412109375,91.54000091552734,91.54000091552734,91.52999877929688,91.54000091552734,1241800
2020-07-13,76.43597412109375,91.54000091552734,91.54000091552734,91.52999877929688,91.52999877929688,2126500
2020-07-14,76.43597412109375,91.54000091552734,91.54000091552734,91.52999877929688,91.54000091552734,1326000
2020-07-15,76.43597412109375,91.54000091552734,91.54000091552734,91.52999877929688,91.52999877929688,2793100
2020-07-16,76.4275894165039,91.52999877929688,91.54000091552734,91.5199966430664,91.54000091552734,2395500
2020-07-17,76.43597412109375,91.54000091552734,91.54000091552734,91.52999877929688,91.52999877929688,2551400
2020-07-20,76.43597412109375,91.54000091552734,91.54000091552734,91.52999877929688,91.54000091552734,1276700
2020-07-21,76.43597412109375,91.54000091552734,91.54000091552734,91.52999877929688,91.54000091552734,1882700
2020-07-22,76.4275894165039,91.52999877929688,91.54000091552734,91.52999877929688,91.52999877929688,1479200
2020-07-23,76.43597412109375,91.54000091552734,91.54000091552734,91.52999877929688,91.52999877929688,1118300
2020-07-24,76.4275894165039,91.52999877929688,91.54000091552734,91.52999877929688,91.54000091552734,1009900
2020-07-27,76.4275894165039,91.52999877929688,91.54000091552734,91.52999877929688,91.52999877929688,1412400
2020-07-28,76.43597412109375,91.54000091552734,91.54000091552734,91.52999877929688,91.52999877929688,2012800
2020-07-29,76.43597412109375,91.54000091552734,91.54000091552734,91.52999877929688,91.52999877929688,1418100
2020-07-30,76.4275894165039,91.52999877929688,91.54000091552734,91.52999877929688,91.54000091552734,2403300
2020-07-31,76.43597412109375,91.54000091552734,91.54000091552734,91.52999877929688,91.52999877929688,1099800
2020-08-03,76.4275894165039,91.52999877929688,91.55000305175781,91.52999877929688,91.52999877929688,1564800
2020-08-04,76.43597412109375,91.54000091552734,91.54000091552734,91.52999877929688,91.54000091552734,1654700
2020-08-05,76.4275894165039,91.52999877929688,91.54000091552734,91.52999877929688,91.52999877929688,1980000
2020-08-06,76.4275894165039,91.52999877929688,91.54000091552734,91.52999877929688,91.52999877929688,1591300
2020-08-07,76.43597412109375,91.54000091552734,91.54000091552734,91.52999877929688,91.54000091552734,2105100
2020-08-10,76.43597412109375,91.54000091552734,91.54000091552734,91.52999877929688,91.52999877929688,887500
2020-08-11,76.4275894165039,91.52999877929688,91.54000091552734,91.52999877929688,91.52999877929688,1734100
2020-08-12,76.4275894165039,91.52999877929688,91.54000091552734,91.52999877929688,91.52999877929688,2876300
2020-08-13,76.43597412109375,91.54000091552734,91.54000091552734,91.52999877929688,91.54000091552734,2350800
2020-08-14,76.4275894165039,91.52999877929688,91.54000091552734,91.52999877929688,91.52999877929688,1206000
2020-08-17,76.4275894165039,91.52999877929688,91.55000305175781,91.52999877929688,91.54000091552734,2250100
2020-08-18,76.43597412109375,91.54000091552734,91.54000091552734,91.52999877929688,91.54000091552734,3536200
2020-08-19,76.43597412109375,91.54000091552734,91.54000091552734,91.52999877929688,91.54000091552734,1785500
2020-08-20,76.43597412109375,91.54000091552734,91.54000091552734,91.52999877929688,91.52999877929688,1091000
2020-08-21,76.43597412109375,91.54000091552734,91.54000091552734,91.52999877929688,91.54000091552734,1877100
2020-08-24,76.43597412109375,91.54000091552734,91.54000091552734,91.52999877929688,91.52999877929688,1276800
2020-08-25,76.4275894165039,91.52999877929688,91.54000091552734,91.52999877929688,91.52999877929688,1318300
2020-08-26,76.4275894165039,91.52999877929688,91.54000091552734,91.52999877929688,91.52999877929688,1058400
2020-08-27,76.4275894165039,91.52999877929688,91.54000091552734,91.52999877929688,91.52999877929688,1314500
2020-08-28,76.43597412109375,91.54000091552734,91.54000091552734,91.52999877929688,91.52999877929688,1023000
2020-08-31,76.43597412109375,91.54000091552734,91.54000091552734,91.52999877929688,91.52999877929688,1467200
2020-09-01,76.43597412109375,91.54000091552734,91.54000091552734,91.5199966430664,91.54000091552734,1091500
2020-09-02,76.43597412109375,91.54000091552734,91.54000091552734,91.52999877929688,91.54000091552734,1550000
2020-09-03,76.4275894165039,91.52999877929688,91.54000091552734,91.52999877929688,91.54000091552734,1942600
2020-09-04,76.43597412109375,91.54000091552734,91.54000091552734,91.52999877929688,91.52999877929688,1946100
2020-09-08,76.43597412109375,91.54000091552734,91.54000091552734,91.5199966430664,91.52999877929688,3647900
2020-09-09,76.4275894165039,91.52999877929688,91.54000091552734,91.52999877929688,91.54000091552734,2260900
2020-09-10,76.4275894165039,91.52999877929688,91.54000091552734,91.52999877929688,91.52999877929688,1667000
2020-09-11,76.41925048828125,91.5199966430664,91.54000091552734,91.5199966430664,91.54000091552734,1213400
2020-09-14,76.43597412109375,91.54000091552734,91.54000091552734,91.5199966430664,91.52999877929688,2103900
2020-09-15,76.41925048828125,91.5199966430664,91.52999877929688,91.5199966430664,91.52999877929688,1512900
2020-09-16,76.43597412109375,91.54000091552734,91.54000091552734,91.5199966430664,91.5199966430664,1248300
2020-09-17,76.43597412109375,91.54000091552734,91.54000091552734,91.5199966430664,91.52999877929688,2402500
2020-09-18,76.41925048828125,91.5199966430664,91.54000091552734,91.5199966430664,91.52999877929688,841400
2020-09-21,76.41925048828125,91.5199966430664,91.54000091552734,91.5199966430664,91.5199966430664,1605700
2020-09-22,76.41925048828125,91.5199966430664,91.54000091552734,91.5199966430664,91.54000091552734,1571600
2020-09-23,76.41925048828125,91.5199966430664,91.54000091552734,91.5199966430664,91.52999877929688,2503300
2020-09-24,76.4275894165039,91.52999877929688,91.54000091552734,91.52999877929688,91.52999877929688,2325600
2020-09-25,76.41925048828125,91.5199966430664,91.54000091552734,91.5199966430664,91.52999877929688,1971200
2020-09-28,76.4275894165039,91.52999877929688,91.54000091552734,91.5199966430664,91.52999877929688,4095200
2020-09-29,76.4275894165039,91.52999877929688,91.52999877929688,91.5199966430664,91.5199966430664,2004100
2020-09-30,76.41925048828125,91.5199966430664,91.52999877929688,91.5199966430664,91.52999877929688,2507800
2020-10-01,76.41925048828125,91.5199966430664,91.54000091552734,91.51000213623047,91.5199966430664,1030700
2020-10-02,76.41925048828125,91.5199966430664,91.52999877929688,91.5199966430664,91.52999877929688,2053700
2020-10-05,76.41925048828125,91.5199966430664,91.52999877929688,91.5199966430664,91.52999877929688,1286100
2020-10-06,76.4275894165039,91.52999877929688,91.52999877929688,91.5199966430664,91.5199966430664,2457600
2020-10-07,76.41925048828125,91.5199966430664,91.52999877929688,91.5199966430664,91.5199966430664,945100
2020-10-08,76.41925048828125,91.5199966430664,91.52999877929688,91.5199966430664,91.5199966430664,832100
2020-10-09,76.41925048828125,91.5199966430664,91.52999877929688,91.5199966430664,91.5199966430664,965400
2020-10-12,76.4275894165039,91.52999877929688,91.52999877929688,91.5199966430664,91.5199966430664,2242500
2020-10-13,76.41925048828125,91.5199966430664,91.52999877929688,91.5199966430664,91.52999877929688,1903900
2020-10-14,76.41925048828125,91.5199966430664,91.52999877929688,91.5199966430664,91.5199966430664,1505200
2020-10-15,76.41925048828125,91.5199966430664,91.52999877929688,91.5199966430664,91.52999877929688,1188800
2020-10-16,76.4275894165039,91.52999877929688,91.52999877929688,91.5199966430664,91.52999877929688,1251400
2020-10-19,76.4275894165039,91.52999877929688,91.52999877929688,91.5199966430664,91.52999877929688,788900
2020-10-20,76.41925048828125,91.5199966430664,91.52999877929688,91.5199966430664,91.5199966430664,1401400
2020-10-21,76.41925048828125,91.5199966430664,91.52999877929688,91.5199966430664,91.5199966430664,1065100
2020-10-22,76.4275894165039,91.52999877929688,91.52999877929688,91.5199966430664,91.5199966430664,926900
2020-10-23,76.4275894165039,91.52999877929688,91.52999877929688,91.5199966430664,91.52999877929688,995700
2020-10-26,76.4275894165039,91.52999877929688,91.52999877929688,91.5199966430664,91.5199966430664,3162400
2020-10-27,76.41925048828125,91.5199966430664,91.52999877929688,91.5199966430664,91.5199966430664,1034700
2020-10-28,76.41925048828125,91.5199966430664,91.52999877929688,91.5199966430664,91.52999877929688,2147600
2020-10-29,76.4275894165039,91.52999877929688,91.52999877929688,91.5199966430664,91.5199966430664,2664200
2020-10-30,76.4275894165039,91.52999877929688,91.52999877929688,91.5199966430664,91.52999877929688,2486300
2020-11-02,76.4275894165039,91.52999877929688,91.52999877929688,91.5199966430664,91.5199966430664,1380500
2020-11-03,76.4275894165039,91.52999877929688,91.52999877929688,91.5199966430664,91.5199966430664,920100
2020-11-04,76.41925048828125,91.5199966430664,91.52999877929688,91.5199966430664,91.52999877929688,2331100
2020-11-05,76.4275894165039,91.52999877929688,91.52999877929688,91.5199966430664,91.5199966430664,2171400
2020-11-06,76.41925048828125,91.5199966430664,91.52999877929688,91.5199966430664,91.52999877929688,1638900
2020-11-09,76.4275894165039,91.52999877929688,91.52999877929688,91.5199966430664,91.52999877929688,3195700
2020-11-10,76.41925048828125,91.5199966430664,91.52999877929688,91.5199966430664,91.5199966430664,2775700
2020-11-11,76.41925048828125,91.5199966430664,91.52999877929688,91.5199966430664,91.5199966430664,960500
2020-11-12,76.41925048828125,91.5199966430664,91.52999877929688,91.5199966430664,91.52999877929688,1124800
2020-11-13,76.4275894165039,91.52999877929688,91.52999877929688,91.5199966430664,91.5199966430664,1039100
2020-11-16,76.4275894165039,91.52999877929688,91.52999877929688,91.5199966430664,91.5199966430664,1092400
2020-11-17,76.4275894165039,91.52999877929688,91.52999877929688,91.5199966430664,91.5199966430664,1679100
2020-11-18,76.4275894165039,91.52999877929688,91.52999877929688,91.5199966430664,91.52999877929688,2600200
2020-11-19,76.4275894165039,91.52999877929688,91.52999877929688,91.5199966430664,91.52999877929688,1110400
2020-11-20,76.4275894165039,91.52999877929688,91.52999877929688,91.5199966430664,91.5199966430664,896200
2020-11-23,76.4275894165039,91.52999877929688,91.52999877929688,91.5199966430664,91.52999877929688,1082400
2020-11-24,76.4275894165039,91.52999877929688,91.52999877929688,91.5199966430664,91.5199966430664,2147000
2020-11-25,76.41925048828125,91.5199966430664,91.52999877929688,91.5199966430664,91.5199966430664,991600
2020-11-27,76.4275894165039,91.52999877929688,91.52999877929688,91.5199966430664,91.5199966430664,525100
2020-11-30,76.41925048828125,91.5199966430664,91.52999877929688,91.5199966430664,91.5199966430664,1224500
2020-12-01,76.41342163085938,91.51000213623047,91.52999877929688,91.51000213623047,91.51000213623047,2887900
2020-12-02,76.42174530029297,91.5199966430664,91.52999877929688,91.51000213623047,91.51000213623047,3397400
2020-12-03,76.42174530029297,91.5199966430664,91.52999877929688,91.5199966430664,91.5199966430664,1342700
2020-12-04,76.43010711669922,91.52999877929688,91.52999877929688,91.5199966430664,91.5199966430664,1283000
2020-12-07,76.41342163085938,91.51000213623047,91.52999877929688,91.51000213623047,91.5199966430664,1714900
2020-12-08,76.41342163085938,91.51000213623047,91.52999877929688,91.51000213623047,91.51000213623047,2136200
2020-12-09,76.41342163085938,91.51000213623047,91.5199966430664,91.51000213623047,91.5199966430664,2411300
2020-12-10,76.41342163085938,91.51000213623047,91.5199966430664,91.51000213623047,91.5199966430664,802800
2020-12-11,76.42174530029297,91.5199966430664,91.5199966430664,91.51000213623047,91.51000213623047,807400
2020-12-14,76.41342163085938,91.51000213623047,91.5199966430664,91.51000213623047,91.51000213623047,1270300
2020-12-15,76.41342163085938,91.51000213623047,91.5199966430664,91.51000213623047,91.51000213623047,1235300
2020-12-16,76.42174530029297,91.5199966430664,91.5199966430664,91.51000213623047,91.51000213623047,1036600
2020-12-17,76.42174530029297,91.5199966430664,91.5199966430664,91.51000213623047,91.51000213623047,1051500
2020-12-18,76.42174530029297,91.5199966430664,91.5199966430664,91.51000213623047,91.5199966430664,1041400
2020-12-21,76.42174530029297,91.5199966430664,91.5199966430664,91.51000213623047,91.51000213623047,1352900
2020-12-22,76.42174530029297,91.5199966430664,91.5199966430664,91.51000213623047,91.5199966430664,1140800
2020-12-23,76.41342163085938,91.51000213623047,91.5199966430664,91.51000213623047,91.51000213623047,1066100
2020-12-24,76.42174530029297,91.5199966430664,91.5199966430664,91.51000213623047,91.5199966430664,580500
2020-12-28,76.42174530029297,91.5199966430664,91.5199966430664,91.51000213623047,91.51000213623047,794600
2020-12-29,76.42174530029297,91.5199966430664,91.5199966430664,91.51000213623047,91.5199966430664,1590400
2020-12-30,76.41342163085938,91.51000213623047,91.5199966430664,91.51000213623047,91.51000213623047,1219400
2020-12-31,76.42174530029297,91.5199966430664,91.5199966430664,91.51000213623047,91.51000213623047,1343900
2021-01-04,76.42174530029297,91.5199966430664,91.5199966430664,91.51000213623047,91.5199966430664,1588000
2021-01-05,76.41342163085938,91.51000213623047,91.5199966430664,91.51000213623047,91.51000213623047,940300
2021-01-06,76.42174530029297,91.5199966430664,91.5199966430664,91.51000213623047,91.51000213623047,1710800
2021-01-07,76.42174530029297,91.5199966430664,91.5199966430664,91.51000213623047,91.51000213623047,1249400
2021-01-08,76.41342163085938,91.51000213623047,91.5199966430664,91.51000213623047,91.51000213623047,1767600
2021-01-11,76.42174530029297,91.5199966430664,91.5199966430664,91.51000213623047,91.51000213623047,1128800
2021-01-12,76.41342163085938,91.51000213623047,91.5199966430664,91.51000213623047,91.5199966430664,6770200
2021-01-13,76.41342163085938,91.51000213623047,91.5199966430664,91.51000213623047,91.51000213623047,3257300
2021-01-14,76.42174530029297,91.5199966430664,91.5199966430664,91.51000213623047,91.51000213623047,2009300
2021-01-15,76.42174530029297,91.5199966430664,91.5199966430664,91.51000213623047,91.51000213623047,2250400
2021-01-19,76.42174530029297,91.5199966430664,91.5199966430664,91.51000213623047,91.51000213623047,1974300
2021-01-20,76.42174530029297,91.5199966430664,91.5199966430664,91.51000213623047,91.51000213623047,641900
2021-01-21,76.42174530029297,91.5199966430664,91.5199966430664,91.51000213623047,91.51000213623047,867000
2021-01-22,76.41342163085938,91.51000213623047,91.5199966430664,91.51000213623047,91.51000213623047,780900
2021-01-25,76.42174530029297,91.5199966430664,91.5199966430664,91.51000213623047,91.51000213623047,921400
2021-01-26,76.41342163085938,91.51000213623047,91.5199966430664,91.51000213623047,91.51000213623047,1878400
2021-01-27,76.41342163085938,91.51000213623047,91.5199966430664,91.51000213623047,91.5199966430664,1615100
2021-01-28,76.42174530029297,91.5199966430664,91.5199966430664,91.51000213623047,91.51000213623047,1965600
2021-01-29,76.42174530029297,91.5199966430664,91.5199966430664,91.51000213623047,91.51000213623047,3702300
2021-02-01,76.42174530029297,91.5199966430664,91.52999877929688,91.51000213623047,91.5199966430664,1563000
2021-02-02,76.41342163085938,91.51000213623047,91.5199966430664,91.51000213623047,91.51000213623047,1099500
2021-02-03,76.41342163085938,91.51000213623047,91.5199966430664,91.51000213623047,91.5199966430664,1207900
2021-02-04,76.42174530029297,91.5199966430664,91.5199966430664,91.51000213623047,91.51000213623047,944000
2021-02-05,76.42174530029297,91.5199966430664,91.5199966430664,91.51000213623047,91.5199966430664,726400
2021-02-08,76.42174530029297,91.5199966430664,91.5199966430664,91.51000213623047,91.51000213623047,1505100
2021-02-09,76.42174530029297,91.5199966430664,91.5199966430664,91.51000213623047,91.51000213623047,1270000
2021-02-10,76.41342163085938,91.51000213623047,91.5199966430664,91.51000213623047,91.5199966430664,1424400
2021-02-11,76.42174530029297,91.5199966430664,91.5199966430664,91.51000213623047,91.51000213623047,696900
2021-02-12,76.41342163085938,91.51000213623047,91.5199966430664,91.51000213623047,91.51000213623047,900900
2021-02-16,76.42174530029297,91.5199966430664,91.5199966430664,91.51000213623047,91.51000213623047,1026200
2021-02-17,76.42174530029297,91.5199966430664,91.5199966430664,91.51000213623047,91.51000213623047,781400
2021-02-18,76.41342163085938,91.51000213623047,91.5199966430664,91.51000213623047,91.51000213623047,1406500
2021-02-19,76.42174530029297,91.5199966430664,91.5199966430664,91.51000213623047,91.51000213623047,805200
2021-02-22,76.41342163085938,91.51000213623047,91.5199966430664,91.51000213623047,91.51000213623047,1284500
2021-02-23,76.41342163085938,91.51000213623047,91.5199966430664,91.51000213623047,91.51000213623047,1169800
2021-02-24,76.40506744384766,91.5,91.51000213623047,91.5,91.51000213623047,861500
2021-02-25,76.41342163085938,91.51000213623047,91.51000213623047,91.5,91.5,1371000
2021-02-26,76.41342163085938,91.51000213623047,91.51000213623047,91.5,91.51000213623047,1971100
2021-03-01,76.40506744384766,91.5,91.51000213623047,91.5,91.51000213623047,1287100
2021-03-02,76.40506744384766,91.5,91.51000213623047,91.5,91.51000213623047,1588400
2021-03-03,76.41342163085938,91.51000213623047,91.51000213623047,91.5,91.5,1801400
2021-03-04,76.41342163085938,91.51000213623047,91.51000213623047,91.5,91.51000213623047,1452400
2021-03-05,76.41342163085938,91.51000213623047,91.51000213623047,91.5,91.5,1249000
2021-03-08,76.40506744384766,91.5,91.51000213623047,91.5,91.5,1075500
2021-03-09,76.40506744384766,91.5,91.51000213623047,91.5,91.5,1518600
2021-03-10,76.40506744384766,91.5,91.51000213623047,91.5,91.5,1100600
2021-03-11,76.41342163085938,91.51000213623047,91.51000213623047,91.5,91.5,659400
2021-03-12,76.40506744384766,91.5,91.51000213623047,91.5,91.5,737700
2021-03-15,76.40506744384766,91.5,91.51000213623047,91.5,91.5,976300
2021-03-16,76.40506744384766,91.5,91.51000213623047,91.5,91.5,1145000
2021-03-17,76.41342163085938,91.51000213623047,91.51000213623047,91.5,91.5,1021500
2021-03-18,76.40506744384766,91.5,91.51000213623047,91.5,91.5,955600
2021-03-19,76.40506744384766,91.5,91.51000213623047,91.5,91.51000213623047,704300
2021-03-22,76.40506744384766,91.5,91.51000213623047,91.5,91.5,676600
2021-03-23,76.41342163085938,91.51000213623047,91.51000213623047,91.5,91.51000213623047,1691300
2021-03-24,76.40506744384766,91.5,91.51000213623047,91.5,91.5,510200
2021-03-25,76.40506744384766,91.5,91.51000213623047,91.5,91.5,1224000
2021-03-26,76.40506744384766,91.5,91.51000213623047,91.5,91.5,797900
2021-03-29,76.40506744384766,91.5,91.51000213623047,91.5,91.5,925500
2021-03-30,76.41342163085938,91.51000213623047,91.51000213623047,91.5,91.5,606500
2021-03-31,76.40506744384766,91.5,91.51000213623047,91.5,91.5,882400
2021-04-01,76.41342163085938,91.51000213623047,91.51000213623047,91.48999786376953,91.51000213623047,2289200
2021-04-05,76.40506744384766,91.5,91.5,91.48999786376953,91.5,1014800
2021-04-06,76.396728515625,91.48999786376953,91.5,91.48999786376953,91.48999786376953,672100
2021-04-07,76.396728515625,91.48999786376953,91.5,91.48999786376953,91.5,1039700
2021-04-08,76.40506744384766,91.5,91.5,91.48999786376953,91.48999786376953,2910500
2021-04-09,76.396728515625,91.48999786376953,91.5,91.48999786376953,91.48999786376953,735800
2021-04-12,76.396728515625,91.48999786376953,91.5,91.48999786376953,91.48999786376953,866900
2021-04-13,76.396728515625,91.48999786376953,91.5,91.48999786376953,91.5,2840800
2021-04-14,76.396728515625,91.48999786376953,91.5,91.48999786376953,91.48999786376953,645200
2021-04-15,76.40506744384766,91.5,91.5,91.48999786376953,91.5,794100
2021-04-16,76.40506744384766,91.5,91.5,91.48999786376953,91.48999786376953,2055200
2021-04-19,76.396728515625,91.48999786376953,91.5,91.48999786376953,91.48999786376953,754300
2021-04-20,76.396728515625,91.48999786376953,91.5,91.48999786376953,91.48999786376953,1548600
2021-04-21,76.396728515625,91.48999786376953,91.5,91.48999786376953,91.48999786376953,980000
2021-04-22,76.40506744384766,91.5,91.5,91.48999786376953,91.48999786376953,1226600
2021-04-23,76.40506744384766,91.5,91.5,91.48999786376953,91.5,495500
2021-04-26,76.396728515625,91.48999786376953,91.5,91.48999786376953,91.48999786376953,1061300
2021-04-27,76.40506744384766,91.5,91.5,91.48999786376953,91.48999786376953,787900
2021-04-28,76.396728515625,91.48999786376953,91.5,91.48999786376953,91.48999786376953,999200
2021-04-29,76.396728515625,91.48999786376953,91.5,91.48999786376953,91.48999786376953,899800
2021-04-30,76.40506744384766,91.5,91.5,91.48999786376953,91.48999786376953,1064300
2021-05-03,76.40506744384766,91.5,91.5,91.48999786376953,91.48999786376953,1169100
2021-05-04,76.396728515625,91.48999786376953,91.5,91.48999786376953,91.48999786376953,2178200
2021-05-05,76.40506744384766,91.5,91.5,91.48999786376953,91.48999786376953,553500
2021-05-06,76.40506744384766,91.5,91.5,91.48999786376953,91.48999786376953,1066600
2021-05-07,76.396728515625,91.48999786376953,91.48999786376953,91.4800033569336,91.4800033569336,1829300
2021-05-10,76.396728515625,91.48999786376953,91.48999786376953,91.4800033569336,91.4800033569336,723700
2021-05-11,76.396728515625,91.48999786376953,91.48999786376953,91.4800033569336,91.4800033569336,1157100
2021-05-12,76.38833618164062,91.4800033569336,91.48999786376953,91.4800033569336,91.48999786376953,915700
2021-05-13,76.38833618164062,91.4800033569336,91.5,91.4800033569336,91.4800033569336,5954600
2021-05-14,76.38833618164062,91.4800033569336,91.48999786376953,91.4800033569336,91.4800033569336,1662900
2021-05-17,76.396728515625,91.48999786376953,91.48999786376953,91.4800033569336,91.4800033569336,867100
2021-05-18,76.396728515625,91.48999786376953,91.48999786376953,91.4800033569336,91.48999786376953,1047800
2021-05-19,76.38833618164062,91.4800033569336,91.48999786376953,91.4800033569336,91.4800033569336,1675300
2021-05-20,76.38833618164062,91.4800033569336,91.48999786376953,91.4800033569336,91.4800033569336,852400
2021-05-21,76.396728515625,91.48999786376953,91.48999786376953,91.4800033569336,91.4800033569336,785900
2021-05-24,76.38833618164062,91.4800033569336,91.48999786376953,91.4800033569336,91.4800033569336,1014300
2021-05-25,76.38833618164062,91.4800033569336,91.48999786376953,91.4800033569336,91.4800033569336,686900
2021-05-26,76.38833618164062,91.4800033569336,91.48999786376953,91.4800033569336,91.48999786376953,998100
2021-05-27,76.396728515625,91.48999786376953,91.48999786376953,91.4800033569336,91.4800033569336,675600
2021-05-28,76.396728515625,91.48999786376953,91.48999786376953,91.4800033569336,91.4800033569336,927900
2021-06-01,76.38833618164062,91.4800033569336,91.48999786376953,91.4800033569336,91.4800033569336,1121200
2021-06-02,76.38833618164062,91.4800033569336,91.48999786376953,91.4800033569336,91.48999786376953,1752700
2021-06-03,76.38833618164062,91.4800033569336,91.48999786376953,91.4800033569336,91.4800033569336,517400
2021-06-04,76.396728515625,91.48999786376953,91.48999786376953,91.4800033569336,91.4800033569336,962300
2021-06-07,76.37999725341797,91.47000122070312,91.48999786376953,91.47000122070312,91.4800033569336,983600
2021-06-08,76.37999725341797,91.47000122070312,91.4800033569336,91.47000122070312,91.47000122070312,833500
2021-06-09,76.37999725341797,91.47000122070312,91.4800033569336,91.47000122070312,91.4800033569336,1122600
2021-06-10,76.37999725341797,91.47000122070312,91.4800033569336,91.47000122070312,91.47000122070312,858000
2021-06-11,76.38833618164062,91.4800033569336,91.4800033569336,91.47000122070312,91.47000122070312,732300
2021-06-14,76.37999725341797,91.47000122070312,91.4800033569336,91.47000122070312,91.47000122070312,439100
2021-06-15,76.37999725341797,91.47000122070312,91.4800033569336,91.47000122070312,91.47000122070312,1008600
2021-06-16,76.38833618164062,91.4800033569336,91.4800033569336,91.47000122070312,91.47000122070312,575400
2021-06-17,76.37999725341797,91.47000122070312,91.4800033569336,91.47000122070312,91.4800033569336,1458900
2021-06-18,76.38833618164062,91.4800033569336,91.4800033569336,91.47000122070312,91.47000122070312,885300
2021-06-21,76.37999725341797,91.47000122070312,91.4800033569336,91.47000122070312,91.4800033569336,846700
2021-06-22,76.37999725341797,91.47000122070312,91.4800033569336,91.47000122070312,91.47000122070312,386000
2021-06-23,76.37999725341797,91.47000122070312,91.4800033569336,91.47000122070312,91.47000122070312,651800
2021-06-24,76.38833618164062,91.4800033569336,91.4800033569336,91.47000122070312,91.47000122070312,912400
2021-06-25,76.38833618164062,91.4800033569336,91.4800033569336,91.47000122070312,91.47000122070312,1276500
2021-06-28,76.37999725341797,91.47000122070312,91.4800033569336,91.47000122070312,91.4800033569336,592700
2021-06-29,76.37999725341797,91.47000122070312,91.4800033569336,91.47000122070312,91.47000122070312,887100
2021-06-30,76.37999725341797,91.47000122070312,91.4800033569336,91.47000122070312,91.4800033569336,555300
2021-07-01,76.38833618164062,91.4800033569336,91.4800033569336,91.47000122070312,91.47000122070312,584000
2021-07-02,76.37999725341797,91.47000122070312,91.47000122070312,91.45999908447266,91.47000122070312,638800
2021-07-06,76.37168884277344,91.45999908447266,91.47000122070312,91.45999908447266,91.45999908447266,654200
2021-07-07,76.37168884277344,91.45999908447266,91.47000122070312,91.45999908447266,91.45999908447266,820700
2021-07-08,76.37999725341797,91.47000122070312,91.47000122070312,91.45999908447266,91.45999908447266,934200
2021-07-09,76.37999725341797,91.47000122070312,91.47000122070312,91.45999908447266,91.47000122070312,632900
2021-07-12,76.37999725341797,91.47000122070312,91.47000122070312,91.45999908447266,91.45999908447266,709400
2021-07-13,76.37999725341797,91.47000122070312,91.47000122070312,91.45999908447266,91.45999908447266,1037700
2021-07-14,76.37168884277344,91.45999908447266,91.47000122070312,91.45999908447266,91.45999908447266,583500
2021-07-15,76.37999725341797,91.47000122070312,91.47000122070312,91.45999908447266,91.45999908447266,961800
2021-07-16,76.37999725341797,91.47000122070312,91.47000122070312,91.45999908447266,91.45999908447266,618600
2021-07-19,76.37168884277344,91.45999908447266,91.47000122070312,91.45999908447266,91.45999908447266,2751000
2021-07-20,76.37168884277344,91.45999908447266,91.47000122070312,91.45999908447266,91.45999908447266,1726400
2021-07-21,76.37168884277344,91.45999908447266,91.47000122070312,91.45999908447266,91.45999908447266,1123100
2021-07-22,76.37999725341797,91.47000122070312,91.47000122070312,91.45999908447266,91.45999908447266,680500
2021-07-23,76.37168884277344,91.45999908447266,91.47000122070312,91.45999908447266,91.45999908447266,1078300
2021-07-26,76.37999725341797,91.47000122070312,91.47000122070312,91.45999908447266,91.45999908447266,712500
2021-07-27,76.37168884277344,91.45999908447266,91.47000122070312,91.45999908447266,91.47000122070312,878600
2021-07-28,76.37168884277344,91.45999908447266,91.47000122070312,91.45999908447266,91.45999908447266,1342100
2021-07-29,76.37999725341797,91.47000122070312,91.47000122070312,91.45999908447266,91.45999908447266,903400
2021-07-30,76.37168884277344,91.45999908447266,91.47000122070312,91.45999908447266,91.45999908447266,410800
2021-08-02,76.37168884277344,91.45999908447266,91.47000122070312,91.45999908447266,91.45999908447266,597700
2021-08-03,76.37168884277344,91.45999908447266,91.47000122070312,91.45999908447266,91.45999908447266,745100
2021-08-04,76.37168884277344,91.45999908447266,91.47000122070312,91.45999908447266,91.45999908447266,1067700
2021-08-05,76.37168884277344,91.45999908447266,91.47000122070312,91.45999908447266,91.45999908447266,488300
2021-08-06,76.37999725341797,91.47000122070312,91.47000122070312,91.45999908447266,91.45999908447266,694200
2021-08-09,76.37999725341797,91.47000122070312,91.47000122070312,91.45999908447266,91.45999908447266,1642900
2021-08-10,76.37168884277344,91.45999908447266,91.47000122070312,91.45999908447266,91.47000122070312,937200
2021-08-11,76.37168884277344,91.45999908447266,91.47000122070312,91.45999908447266,91.45999908447266,1080500
2021-08-12,76.37168884277344,91.45999908447266,91.47000122070312,91.45999908447266,91.45999908447266,616500
2021-08-13,76.37999725341797,91.47000122070312,91.47000122070312,91.45999908447266,91.47000122070312,1124700
2021-08-16,76.36331176757812,91.44999694824219,91.47000122070312,91.44999694824219,91.45999908447266,1689700
2021-08-17,76.36331176757812,91.44999694824219,91.47000122070312,91.44999694824219,91.47000122070312,1564100
2021-08-18,76.36331176757812,91.44999694824219,91.47000122070312,91.44999694824219,91.44999694824219,925700
2021-08-19,76.37999725341797,91.47000122070312,91.47000122070312,91.44999694824219,91.44999694824219,1720600
2021-08-20,76.37999725341797,91.47000122070312,91.47000122070312,91.44999694824219,91.45999908447266,796200
2021-08-23,76.36331176757812,91.44999694824219,91.45999908447266,91.44999694824219,91.45999908447266,470700
2021-08-24,76.36331176757812,91.44999694824219,91.45999908447266,91.44999694824219,91.44999694824219,808200
2021-08-25,76.36331176757812,91.44999694824219,91.45999908447266,91.44999694824219,91.44999694824219,555200
2021-08-26,76.37168884277344,91.45999908447266,91.45999908447266,91.44999694824219,91.45999908447266,785600
2021-08-27,76.37168884277344,91.45999908447266,91.45999908447266,91.44999694824219,91.45999908447266,479900
2021-08-30,76.37168884277344,91.45999908447266,91.45999908447266,91.44999694824219,91.45999908447266,617900
2021-08-31,76.36331176757812,91.44999694824219,91.45999908447266,91.44999694824219,91.44999694824219,1021300
2021-09-01,76.36331176757812,91.44999694824219,91.45999908447266,91.44999694824219,91.45999908447266,1076800
2021-09-02,76.37999725341797,91.47000122070312,91.47000122070312,91.44999694824219,91.44999694824219,673800
2021-09-03,76.36331176757812,91.44999694824219,91.45999908447266,91.44999694824219,91.45999908447266,496300
2021-09-07,76.36331176757812,91.44999694824219,91.45999908447266,91.44999694824219,91.45999908447266,1597100
2021-09-08,76.36331176757812,91.44999694824219,91.45999908447266,91.44999694824219,91.44999694824219,1053500
2021-09-09,76.36331176757812,91.44999694824219,91.45999908447266,91.44999694824219,91.44999694824219,735500
2021-09-10,76.37168884277344,91.45999908447266,91.45999908447266,91.44999694824219,91.44999694824219,521700
2021-09-13,76.37168884277344,91.45999908447266,91.45999908447266,91.44999694824219,91.44999694824219,5164600
2021-09-14,76.36331176757812,91.44999694824219,91.45999908447266,91.44999694824219,91.45999908447266,4534300
2021-09-15,76.36331176757812,91.44999694824219,91.45999908447266,91.44999694824219,91.44999694824219,1465500
2021-09-16,76.37168884277344,91.45999908447266,91.45999908447266,91.44999694824219,91.45999908447266,1322600
2021-09-17,76.36331176757812,91.44999694824219,91.45999908447266,91.44999694824219,91.44999694824219,810900
2021-09-20,76.37168884277344,91.45999908447266,91.45999908447266,91.44999694824219,91.44999694824219,1087100
2021-09-21,76.36331176757812,91.44999694824219,91.45999908447266,91.44999694824219,91.44999694824219,1462300
2021-09-22,76.36331176757812,91.44999694824219,91.45999908447266,91.44999694824219,91.44999694824219,1062200
2021-09-23,76.37168884277344,91.45999908447266,91.45999908447266,91.44999694824219,91.44999694824219,1108400
2021-09-24,76.36331176757812,91.44999694824219,91.45999908447266,91.44999694824219,91.45999908447266,1912100
2021-09-27,76.36331176757812,91.44999694824219,91.45999908447266,91.44000244140625,91.45999908447266,2605900
2021-09-28,76.36331176757812,91.44999694824219,91.45999908447266,91.44000244140625,91.45999908447266,978800
2021-09-29,76.37168884277344,91.45999908447266,91.45999908447266,91.44999694824219,91.44999694824219,787600
2021-09-30,76.37168884277344,91.45999908447266,91.45999908447266,91.44999694824219,91.44999694824219,777700
2021-10-01,76.37168884277344,91.45999908447266,91.45999908447266,91.44000244140625,91.45999908447266,1484700
2021-10-04,76.35497283935547,91.44000244140625,91.44999694824219,91.44000244140625,91.44999694824219,757500
2021-10-05,76.36331176757812,91.44999694824219,91.44999694824219,91.44000244140625,91.44000244140625,537800
2021-10-06,76.36331176757812,91.44999694824219,91.44999694824219,91.44000244140625,91.44000244140625,1394800
2021-10-07,76.36331176757812,91.44999694824219,91.44999694824219,91.44000244140625,91.44000244140625,775400
2021-10-08,76.36331176757812,91.44999694824219,91.44999694824219,91.44000244140625,91.44999694824219,487600
2021-10-11,76.36331176757812,91.44999694824219,91.44999694824219,91.44000244140625,91.44000244140625,622200
2021-10-12,76.36331176757812,91.44999694824219,91.44999694824219,91.44000244140625,91.44000244140625,580200
2021-10-13,76.36331176757812,91.44999694824219,91.44999694824219,91.44000244140625,91.44000244140625,934200
2021-10-14,76.35497283935547,91.44000244140625,91.44999694824219,91.44000244140625,91.44999694824219,610500
2021-10-15,76.36331176757812,91.44999694824219,91.44999694824219,91.44000244140625,91.44000244140625,798700
2021-10-18,76.35497283935547,91.44000244140625,91.44999694824219,91.44000244140625,91.44000244140625,650100
2021-10-19,76.35497283935547,91.44000244140625,91.44999694824219,91.44000244140625,91.44000244140625,585400
2021-10-20,76.35497283935547,91.44000244140625,91.44999694824219,91.44000244140625,91.44999694824219,2241500
2021-10-21,76.35497283935547,91.44000244140625,91.44999694824219,91.44000244140625,91.44000244140625,733500
2021-10-22,76.35497283935547,91.44000244140625,91.44999694824219,91.43000030517578,91.44000244140625,721000
2021-10-25,76.36331176757812,91.44999694824219,91.44999694824219,91.44000244140625,91.44999694824219,674100
2021-10-26,76.34661102294922,91.43000030517578,91.44999694824219,91.43000030517578,91.44000244140625,1092600
2021-10-27,76.34661102294922,91.43000030517578,91.44999694824219,91.43000030517578,91.44000244140625,779600
2021-10-28,76.36331176757812,91.44999694824219,91.44999694824219,91.44000244140625,91.44000244140625,663800
2021-10-29,76.36331176757812,91.44999694824219,91.44999694824219,91.43000030517578,91.44000244140625,886900
2021-11-01,76.36331176757812,91.44999694824219,91.44999694824219,91.44000244140625,91.44000244140625,1121800
2021-11-02,76.34661102294922,91.43000030517578,91.44999694824219,91.43000030517578,91.44000244140625,699200
2021-11-03,76.34661102294922,91.43000030517578,91.44000244140625,91.43000030517578,91.44000244140625,1099500
2021-11-04,76.35497283935547,91.44000244140625,91.44999694824219,91.43000030517578,91.44000244140625,791500
2021-11-05,76.35497283935547,91.44000244140625,91.44000244140625,91.43000030517578,91.44000244140625,829100
2021-11-08,76.36331176757812,91.44999694824219,91.44999694824219,91.43000030517578,91.44000244140625,1379300
2021-11-09,76.34661102294922,91.43000030517578,91.44000244140625,91.43000030517578,91.44000244140625,962800
2021-11-10,76.34661102294922,91.43000030517578,91.44999694824219,91.43000030517578,91.44000244140625,1147600
2021-11-11,76.35497283935547,91.44000244140625,91.44000244140625,91.43000030517578,91.44000244140625,789300
2021-11-12,76.35497283935547,91.44000244140625,91.44000244140625,91.43000030517578,91.43000030517578,558600
2021-11-15,76.35497283935547,91.44000244140625,91.44000244140625,91.43000030517578,91.44000244140625,670800
2021-11-16,76.34661102294922,91.43000030517578,91.44000244140625,91.43000030517578,91.44000244140625,1105900
2021-11-17,76.34661102294922,91.43000030517578,91.44000244140625,91.43000030517578,91.43000030517578,1197200
2021-11-18,76.35497283935547,91.44000244140625,91.44000244140625,91.43000030517578,91.43000030517578,801900
2021-11-19,76.35497283935547,91.44000244140625,91.44000244140625,91.43000030517578,91.44000244140625,1430300
2021-11-22,76.35497283935547,91.44000244140625,91.44000244140625,91.43000030517578,91.43000030517578,778900
2021-11-23,76.34661102294922,91.43000030517578,91.44000244140625,91.43000030517578,91.43000030517578,771400
2021-11-24,76.35497283935547,91.44000244140625,91.44000244140625,91.43000030517578,91.43000030517578,677000
2021-11-26,76.34661102294922,91.43000030517578,91.44000244140625,91.43000030517578,91.43000030517578,735800
2021-11-29,76.35497283935547,91.44000244140625,91.44000244140625,91.43000030517578,91.43000030517578,1067100
2021-11-30,76.34661102294922,91.43000030517578,91.44000244140625,91.43000030517578,91.44000244140625,2554800
2021-12-01,76.35497283935547,91.44000244140625,91.44000244140625,91.43000030517578,91.44000244140625,1989400
2021-12-02,76.35497283935547,91.44000244140625,91.44000244140625,91.43000030517578,91.44000244140625,1502400
2021-12-03,76.34661102294922,91.43000030517578,91.44000244140625,91.43000030517578,91.44000244140625,717900
2021-12-06,76.34661102294922,91.43000030517578,91.44000244140625,91.43000030517578,91.44000244140625,796700
2021-12-07,76.34661102294922,91.43000030517578,91.44000244140625,91.43000030517578,91.44000244140625,617900
2021-12-08,76.35497283935547,91.44000244140625,91.44000244140625,91.43000030517578,91.43000030517578,1446600
2021-12-09,76.34661102294922,91.43000030517578,91.44000244140625,91.43000030517578,91.43000030517578,1110700
2021-12-10,76.35497283935547,91.44000244140625,91.44000244140625,91.43000030517578,91.44000244140625,935300
2021-12-13,76.35497283935547,91.44000244140625,91.44000244140625,91.43000030517578,91.43000030517578,462600
2021-12-14,76.35497283935547,91.44000244140625,91.44000244140625,91.43000030517578,91.44000244140625,817200
2021-12-15,76.35497283935547,91.44000244140625,91.44000244140625,91.43000030517578,91.43000030517578,1653900
2021-12-16,76.34661102294922,91.43000030517578,91.44000244140625,91.43000030517578,91.43000030517578,809600
2021-12-17,76.35497283935547,91.44000244140625,91.44000244140625,91.43000030517578,91.44000244140625,1063900
2021-12-20,76.34661102294922,91.43000030517578,91.44000244140625,91.43000030517578,91.43000030517578,2235100
2021-12-21,76.33824920654297,91.41999816894531,91.44000244140625,91.41999816894531,91.43000030517578,2372300
2021-12-22,76.33824920654297,91.41999816894531,91.44000244140625,91.41999816894531,91.43000030517578,1001900
2021-12-23,76.33824920654297,91.41999816894531,91.43000030517578,91.41999816894531,91.41999816894531,571400
2021-12-27,76.34661102294922,91.43000030517578,91.43000030517578,91.41999816894531,91.41999816894531,730400
2021-12-28,76.33824920654297,91.41999816894531,91.43000030517578,91.41999816894531,91.43000030517578,1933000
2021-12-29,76.33824920654297,91.41999816894531,91.43000030517578,91.41999816894531,91.41999816894531,1246300
2021-12-30,76.34661102294922,91.43000030517578,91.43000030517578,91.41999816894531,91.41999816894531,837000
2021-12-31,76.34661102294922,91.43000030517578,91.43000030517578,91.41999816894531,91.41999816894531,871400
2022-01-03,76.33824920654297,91.41999816894531,91.43000030517578,91.41999816894531,91.43000030517578,1764000
2022-01-04,76.34661102294922,91.43000030517578,91.43000030517578,91.41999816894531,91.41999816894531,2511800
2022-01-05,76.34661102294922,91.43000030517578,91.43000030517578,91.41999816894531,91.43000030517578,1637300
2022-01-06,76.34661102294922,91.43000030517578,91.43000030517578,91.41999816894531,91.43000030517578,1077900
2022-01-07,76.34661102294922,91.43000030517578,91.43000030517578,91.41999816894531,91.43000030517578,766900
2022-01-10,76.33824920654297,91.41999816894531,91.43000030517578,91.41999816894531,91.41999816894531,1846800
2022-01-11,76.32994079589844,91.41000366210938,91.41999816894531,91.41000366210938,91.41999816894531,1847500
2022-01-12,76.33824920654297,91.41999816894531,91.43000030517578,91.41999816894531,91.41999816894531,959700
2022-01-13,76.34661102294922,91.43000030517578,91.43000030517578,91.41999816894531,91.41999816894531,1056500
2022-01-14,76.34661102294922,91.43000030517578,91.43000030517578,91.41999816894531,91.41999816894531,564000
2022-01-18,76.32994079589844,91.41000366210938,91.43000030517578,91.41000366210938,91.43000030517578,3068100
2022-01-19,76.34661102294922,91.43000030517578,91.43000030517578,91.41999816894531,91.43000030517578,2074900
2022-01-20,76.34661102294922,91.43000030517578,91.43000030517578,91.41999816894531,91.43000030517578,1628700
2022-01-21,76.33824920654297,91.41999816894531,91.43000030517578,91.41000366210938,91.41999816894531,2937600
2022-01-24,76.34661102294922,91.43000030517578,91.43000030517578,91.41000366210938,91.41000366210938,4854900
2022-01-25,76.32994079589844,91.41000366210938,91.43000030517578,91.41000366210938,91.41999816894531,4776800
2022-01-26,76.33824920654297,91.41999816894531,91.43000030517578,91.41000366210938,91.41000366210938,3694400
2022-01-27,76.34661102294922,91.43000030517578,91.43000030517578,91.41000366210938,91.41000366210938,6218700
2022-01-28,76.32994079589844,91.41000366210938,91.43000030517578,91.41000366210938,91.41999816894531,4811100
2022-01-31,76.34661102294922,91.43000030517578,91.43000030517578,91.41000366210938,91.41999816894531,26333300
2022-02-01,76.33824920654297,91.41999816894531,91.43000030517578,91.41000366210938,91.41000366210938,6452700
2022-02-02,76.34661102294922,91.43000030517578,91.43000030517578,91.41999816894531,91.41999816894531,2119800
2022-02-03,76.34661102294922,91.43000030517578,91.43000030517578,91.41000366210938,91.41999816894531,2323000
2022-02-04,76.32994079589844,91.41000366210938,91.41999816894531,91.41000366210938,91.41999816894531,6726000
2022-02-07,76.32994079589844,91.41000366210938,91.41999816894531,91.41000366210938,91.41999816894531,1667500
2022-02-08,76.33824920654297,91.41999816894531,91.41999816894531,91.41000366210938,91.41999816894531,24173900
2022-02-09,76.32994079589844,91.41000366210938,91.41999816894531,91.41000366210938,91.41000366210938,4386800
2022-02-10,76.32994079589844,91.41000366210938,91.41999816894531,91.4000015258789,91.41000366210938,6107100
2022-02-11,76.32994079589844,91.41000366210938,91.41999816894531,91.4000015258789,91.41000366210938,3164600
2022-02-14,76.32154083251953,91.4000015258789,91.41999816894531,91.4000015258789,91.41000366210938,1876400
2022-02-15,76.33824920654297,91.41999816894531,91.41999816894531,91.41000366210938,91.41000366210938,923100
2022-02-16,76.33824920654297,91.41999816894531,91.41999816894531,91.41000366210938,91.41999816894531,1057500
2022-02-17,76.32994079589844,91.41000366210938,91.41999816894531,91.41000366210938,91.41999816894531,2324900
2022-02-18,76.33824920654297,91.41999816894531,91.41999816894531,91.41000366210938,91.41999816894531,1485300
2022-02-22,76.33824920654297,91.41999816894531,91.41999816894531,91.41000366210938,91.41000366210938,2188500
2022-02-23,76.32994079589844,91.41000366210938,91.41999816894531,91.41000366210938,91.41000366210938,11535000
2022-02-24,76.32994079589844,91.41000366210938,91.43000030517578,91.41000366210938,91.41999816894531,8393400
2022-02-25,76.32994079589844,91.41000366210938,91.41999816894531,91.41000366210938,91.41999816894531,1846500
2022-02-28,76.32994079589844,91.41000366210938,91.41999816894531,91.41000366210938,91.41999816894531,1769300
2022-03-01,76.34828186035156,91.41000366210938,91.41999816894531,91.41000366210938,91.41999816894531,4195900
2022-03-02,76.34828186035156,91.41000366210938,91.41999816894531,91.41000366210938,91.41999816894531,2298700
2022-03-03,76.35663604736328,91.41999816894531,91.41999816894531,91.41000366210938,91.41999816894531,2265500
2022-03-04,76.35663604736328,91.41999816894531,91.41999816894531,91.41000366210938,91.41000366210938,1231700
2022-03-07,76.35663604736328,91.41999816894531,91.41999816894531,91.4000015258789,91.4000015258789,15932100
2022-03-08,76.35663604736328,91.41999816894531,91.41999816894531,91.41000366210938,91.41999816894531,7738700
2022-03-09,76.35663604736328,91.41999816894531,91.41999816894531,91.41000366210938,91.41999816894531,2580700
2022-03-10,76.35663604736328,91.41999816894531,91.41999816894531,91.41000366210938,91.41999816894531,2353100
2022-03-11,76.34828186035156,91.41000366210938,91.41999816894531,91.41000366210938,91.41999816894531,805100
2022-03-14,76.35663604736328,91.41999816894531,91.41999816894531,91.41000366210938,91.41000366210938,3886800
2022-03-15,76.33991241455078,91.4000015258789,91.41999816894531,91.4000015258789,91.41999816894531,6259700
2022-03-16,76.35663604736328,91.41999816894531,91.41999816894531,91.4000015258789,91.41000366210938,1773200
2022-03-17,76.35663604736328,91.41999816894531,91.41999816894531,91.41000366210938,91.41000366210938,5463400
2022-03-18,76.34828186035156,91.41000366210938,91.41999816894531,91.41000366210938,91.41999816894531,3115300
2022-03-21,76.34828186035156,91.41000366210938,91.41999816894531,91.41000366210938,91.41000366210938,3961400
2022-03-22,76.34828186035156,91.41000366210938,91.41999816894531,91.41000366210938,91.41999816894531,3440100
2022-03-23,76.364990234375,91.43000030517578,91.43000030517578,91.41000366210938,91.41000366210938,2205600
2022-03-24,76.364990234375,91.43000030517578,91.43000030517578,91.41999816894531,91.41999816894531,1749600
2022-03-25,76.34828186035156,91.41000366210938,91.43000030517578,91.41000366210938,91.43000030517578,2840100
2022-03-28,76.34828186035156,91.41000366210938,91.41999816894531,91.41000366210938,91.41999816894531,2839400
2022-03-29,76.34828186035156,91.41000366210938,91.43000030517578,91.41000366210938,91.41999816894531,4356400
2022-03-30,76.364990234375,91.43000030517578,91.43000030517578,91.41000366210938,91.41000366210938,5278400
2022-03-31,76.364990234375,91.43000030517578,91.43000030517578,91.41999816894531,91.43000030517578,4311600
2022-04-01,76.364990234375,91.43000030517578,91.43000030517578,91.41000366210938,91.41999816894531,2302500
2022-04-04,76.35663604736328,91.41999816894531,91.41999816894531,91.41000366210938,91.41000366210938,2478600
2022-04-05,76.34828186035156,91.41000366210938,91.41999816894531,91.41000366210938,91.41000366210938,2060900
2022-04-06,76.35663604736328,91.41999816894531,91.41999816894531,91.41000366210938,91.41999816894531,2698700
2022-04-07,76.35663604736328,91.41999816894531,91.41999816894531,91.41000366210938,91.41000366210938,2615000
2022-04-08,76.34828186035156,91.41000366210938,91.41999816894531,91.41000366210938,91.41000366210938,4726200
2022-04-11,76.35663604736328,91.41999816894531,91.41999816894531,91.41000366210938,91.41999816894531,3597100
2022-04-12,76.35663604736328,91.41999816894531,91.41999816894531,91.41000366210938,91.41000366210938,5780400
2022-04-13,76.35663604736328,91.41999816894531,91.41999816894531,91.41000366210938,91.41000366210938,3719200
2022-04-14,76.34828186035156,91.41000366210938,91.41999816894531,91.41000366210938,91.41000366210938,1612700
2022-04-18,76.35663604736328,91.41999816894531,91.41999816894531,91.41000366210938,91.41000366210938,2689000
2022-04-19,76.34828186035156,91.41000366210938,91.41999816894531,91.41000366210938,91.41000366210938,3194900
2022-04-20,76.364990234375,91.43000030517578,91.43000030517578,91.41000366210938,91.41000366210938,1901700
2022-04-21,76.364990234375,91.43000030517578,91.43000030517578,91.41999816894531,91.43000030517578,3573700
2022-04-22,76.35663604736328,91.41999816894531,91.43000030517578,91.41000366210938,91.41000366210938,2183300
2022-04-25,76.364990234375,91.43000030517578,91.43000030517578,91.41000366210938,91.41000366210938,10561900
2022-04-26,76.35663604736328,91.41999816894531,91.43000030517578,91.41999816894531,91.41999816894531,4266900
2022-04-27,76.35663604736328,91.41999816894531,91.43000030517578,91.41999816894531,91.41999816894531,7534800
2022-04-28,76.37332916259766,91.44000244140625,91.44000244140625,91.41999816894531,91.41999816894531,5876900
2022-04-29,76.35663604736328,91.41999816894531,91.43000030517578,91.41999816894531,91.43000030517578,2678700
2022-05-02,76.364990234375,91.43000030517578,91.44000244140625,91.41999816894531,91.44000244140625,7420800
2022-05-03,76.35663604736328,91.41999816894531,91.44000244140625,91.41999816894531,91.44000244140625,5964300
2022-05-04,76.37332916259766,91.44000244140625,91.44000244140625,91.41999816894531,91.41999816894531,3019400
2022-05-05,76.37332916259766,91.44000244140625,91.44000244140625,91.43000030517578,91.44000244140625,4886800
2022-05-06,76.37332916259766,91.44000244140625,91.44000244140625,91.43000030517578,91.43000030517578,4785800
2022-05-09,76.364990234375,91.43000030517578,91.44999694824219,91.43000030517578,91.44999694824219,8826900
2022-05-10,76.364990234375,91.43000030517578,91.44999694824219,91.43000030517578,91.44000244140625,8261200
2022-05-11,76.364990234375,91.43000030517578,91.44999694824219,91.43000030517578,91.43000030517578,6387100
2022-05-12,76.37332916259766,91.44000244140625,91.44999694824219,91.43000030517578,91.44000244140625,9010900
2022-05-13,76.38169860839844,91.44999694824219,91.44999694824219,91.43000030517578,91.43000030517578,14920600
2022-05-16,76.37332916259766,91.44000244140625,91.44000244140625,91.43000030517578,91.44000244140625,2700400
2022-05-17,76.37332916259766,91.44000244140625,91.44999694824219,91.43000030517578,91.43000030517578,2456600
2022-05-18,76.37332916259766,91.44000244140625,91.44999694824219,91.43000030517578,91.44000244140625,4456300
2022-05-19,76.39006805419922,91.45999908447266,91.45999908447266,91.44000244140625,91.44999694824219,4009000
2022-05-20,76.39006805419922,91.45999908447266,91.45999908447266,91.44000244140625,91.44999694824219,3051600
2022-05-23,76.39006805419922,91.45999908447266,91.45999908447266,91.44999694824219,91.44999694824219,2073200
2022-05-24,76.38169860839844,91.44999694824219,91.45999908447266,91.44999694824219,91.45999908447266,3355300
2022-05-25,76.39006805419922,91.45999908447266,91.45999908447266,91.44999694824219,91.44999694824219,1700700
2022-05-26,76.40673828125,91.4800033569336,91.4800033569336,91.44999694824219,91.44999694824219,3220500
2022-05-27,76.39006805419922,91.45999908447266,91.47000122070312,91.44999694824219,91.47000122070312,2958500
2022-05-31,76.38169860839844,91.44999694824219,91.47000122070312,91.44000244140625,91.47000122070312,19779300
2022-06-01,76.38252258300781,91.41999816894531,91.44000244140625,91.41999816894531,91.44000244140625,18526200
2022-06-02,76.39923858642578,91.44000244140625,91.44000244140625,91.41999816894531,91.43000030517578,1281900
2022-06-03,76.38252258300781,91.41999816894531,91.44000244140625,91.41999816894531,91.43000030517578,3104000
2022-06-06,76.39089965820312,91.43000030517578,91.43000030517578,91.41999816894531,91.43000030517578,1593400
2022-06-07,76.38252258300781,91.41999816894531,91.44000244140625,91.41999816894531,91.43000030517578,1682100
2022-06-08,76.39089965820312,91.43000030517578,91.44000244140625,91.43000030517578,91.44000244140625,2004600
2022-06-09,76.39923858642578,91.44000244140625,91.44000244140625,91.43000030517578,91.44000244140625,1762500
2022-06-10,76.38252258300781,91.41999816894531,91.44000244140625,91.41999816894531,91.44000244140625,7140300
2022-06-13,76.39089965820312,91.43000030517578,91.43000030517578,91.41999816894531,91.43000030517578,37231500
2022-06-14,76.38252258300781,91.41999816894531,91.41999816894531,91.41000366210938,91.41999816894531,8434200
2022-06-15,76.39089965820312,91.43000030517578,91.43000030517578,91.41000366210938,91.41999816894531,2895100
2022-06-16,76.4075927734375,91.44999694824219,91.44999694824219,91.41999816894531,91.43000030517578,5284100
2022-06-17,76.39923858642578,91.44000244140625,91.44999694824219,91.44000244140625,91.44000244140625,3422300
2022-06-21,76.41595458984375,91.45999908447266,91.45999908447266,91.44000244140625,91.44999694824219,5266300
2022-06-22,76.42430877685547,91.47000122070312,91.47000122070312,91.44999694824219,91.45999908447266,2871200
2022-06-23,76.42430877685547,91.47000122070312,91.47000122070312,91.45999908447266,91.47000122070312,4669500
2022-06-24,76.4075927734375,91.44999694824219,91.47000122070312,91.44999694824219,91.47000122070312,3544200
2022-06-27,76.4075927734375,91.44999694824219,91.45999908447266,91.44999694824219,91.45999908447266,7641900
2022-06-28,76.42430877685547,91.47000122070312,91.47000122070312,91.45999908447266,91.45999908447266,2885300
2022-06-29,76.43265533447266,91.4800033569336,91.4800033569336,91.44999694824219,91.44999694824219,1893500
2022-06-30,76.4410171508789,91.48999786376953,91.48999786376953,91.47000122070312,91.4800033569336,4423500
2022-07-01,76.43516540527344,91.43000030517578,91.44000244140625,91.41000366210938,91.43000030517578,35879400
2022-07-05,76.43516540527344,91.43000030517578,91.43000030517578,91.41999816894531,91.43000030517578,9036600
2022-07-06,76.43516540527344,91.43000030517578,91.43000030517578,91.41999816894531,91.43000030517578,3783200
2022-07-07,76.43516540527344,91.43000030517578,91.44000244140625,91.41999816894531,91.44000244140625,1840500
2022-07-08,76.42680358886719,91.41999816894531,91.43000030517578,91.41999816894531,91.43000030517578,1363900
2022-07-11,76.43516540527344,91.43000030517578,91.43000030517578,91.41999816894531,91.41999816894531,2316900
2022-07-12,76.42680358886719,91.41999816894531,91.43000030517578,91.41999816894531,91.43000030517578,15559600
2022-07-13,76.42680358886719,91.41999816894531,91.43000030517578,91.4000015258789,91.41999816894531,12606500
2022-07-14,76.43516540527344,91.43000030517578,91.43000030517578,91.41000366210938,91.41000366210938,5037600
2022-07-15,76.42680358886719,91.41999816894531,91.43000030517578,91.41999816894531,91.43000030517578,6939500
2022-07-18,76.42680358886719,91.41999816894531,91.43000030517578,91.41000366210938,91.41999816894531,3639500
2022-07-19,76.42680358886719,91.41999816894531,91.43000030517578,91.41999816894531,91.43000030517578,6771200
2022-07-20,76.42680358886719,91.41999816894531,91.44000244140625,91.41999816894531,91.43000030517578,4695800
2022-07-21,76.45185089111328,91.44999694824219,91.44999694824219,91.41999816894531,91.43000030517578,3627900
2022-07-22,76.4602279663086,91.45999908447266,91.45999908447266,91.44000244140625,91.44999694824219,3511300
2022-07-25,76.45185089111328,91.44999694824219,91.44999694824219,91.44000244140625,91.44999694824219,3172000
2022-07-26,76.45185089111328,91.44999694824219,91.44999694824219,91.44000244140625,91.44999694824219,1477200
2022-07-27,76.45185089111328,91.44999694824219,91.45999908447266,91.44000244140625,91.44999694824219,2611200
2022-07-28,76.4602279663086,91.45999908447266,91.47000122070312,91.45999908447266,91.45999908447266,7732500
2022-07-29,76.46858978271484,91.47000122070312,91.4800033569336,91.45999908447266,91.45999908447266,6626600
2022-08-01,76.47444915771484,91.37999725341797,91.38999938964844,91.37000274658203,91.37000274658203,10760700
2022-08-02,76.48282623291016,91.38999938964844,91.38999938964844,91.37999725341797,91.37999725341797,3115600
2022-08-03,76.47444915771484,91.37999725341797,91.4000015258789,91.37999725341797,91.4000015258789,4216500
2022-08-04,76.4912109375,91.4000015258789,91.41999816894531,91.4000015258789,91.41000366210938,6491000
2022-08-05,76.50792694091797,91.41999816894531,91.41999816894531,91.41000366210938,91.41999816894531,1852700
2022-08-08,76.51629638671875,91.43000030517578,91.43000030517578,91.41000366210938,91.41000366210938,2745500
2022-08-09,76.50792694091797,91.41999816894531,91.43000030517578,91.41000366210938,91.41000366210938,3834300
2022-08-10,76.51629638671875,91.43000030517578,91.44000244140625,91.41999816894531,91.41999816894531,3782000
2022-08-11,76.51629638671875,91.43000030517578,91.44999694824219,91.43000030517578,91.44000244140625,6543700
2022-08-12,76.53305053710938,91.44999694824219,91.44999694824219,91.44000244140625,91.44000244140625,2110900
2022-08-15,76.5246810913086,91.44000244140625,91.44999694824219,91.44000244140625,91.44000244140625,5605700
2022-08-16,76.53305053710938,91.44999694824219,91.45999908447266,91.44999694824219,91.45999908447266,4336300
2022-08-17,76.53305053710938,91.44999694824219,91.47000122070312,91.44999694824219,91.45999908447266,3673500
2022-08-18,76.56651306152344,91.48999786376953,91.48999786376953,91.47000122070312,91.4800033569336,2227900
2022-08-19,76.56651306152344,91.48999786376953,91.48999786376953,91.47000122070312,91.4800033569336,4136800
2022-08-22,76.57488250732422,91.5,91.5,91.4800033569336,91.4800033569336,5597500
2022-08-23,76.55817413330078,91.4800033569336,91.5,91.4800033569336,91.5,6860300
2022-08-24,76.583251953125,91.51000213623047,91.51000213623047,91.48999786376953,91.5,2585800
2022-08-25,76.59160614013672,91.5199966430664,91.5199966430664,91.51000213623047,91.51000213623047,3997700
2022-08-26,76.59160614013672,91.5199966430664,91.52999877929688,91.51000213623047,91.51000213623047,5442900
2022-08-29,76.59160614013672,91.5199966430664,91.52999877929688,91.5199966430664,91.5199966430664,7337600
2022-08-30,76.5999984741211,91.52999877929688,91.54000091552734,91.5199966430664,91.52999877929688,32133200
2022-08-31,76.6167221069336,91.55000305175781,91.55000305175781,91.52999877929688,91.54000091552734,9405200
2022-09-01,76.63264465332031,91.43000030517578,91.43000030517578,91.41999816894531,91.43000030517578,8174900
2022-09-02,76.64102172851562,91.44000244140625,91.44000244140625,91.41999816894531,91.43000030517578,5871700
2022-09-06,76.64102172851562,91.44000244140625,91.44000244140625,91.43000030517578,91.43000030517578,7990900
2022-09-07,76.6494140625,91.44999694824219,91.44999694824219,91.43000030517578,91.43000030517578,5180700
2022-09-08,76.66617584228516,91.47000122070312,91.47000122070312,91.44999694824219,91.47000122070312,4564500
2022-09-09,76.66617584228516,91.47000122070312,91.47000122070312,91.45999908447266,91.45999908447266,1905300
2022-09-12,76.65780639648438,91.45999908447266,91.4800033569336,91.45999908447266,91.47000122070312,5377000
2022-09-13,76.67456817626953,91.4800033569336,91.4800033569336,91.45999908447266,91.45999908447266,6223300
2022-09-14,76.67456817626953,91.4800033569336,91.4800033569336,91.47000122070312,91.4800033569336,4226700
2022-09-15,76.69969940185547,91.51000213623047,91.51000213623047,91.48999786376953,91.48999786376953,5787100
2022-09-16,76.69969940185547,91.51000213623047,91.51000213623047,91.5,91.51000213623047,3512300
2022-09-19,76.69969940185547,91.51000213623047,91.5199966430664,91.5,91.51000213623047,5158100
2022-09-20,76.69132995605469,91.5,91.5199966430664,91.5,91.5199966430664,3792700
2022-09-21,76.70807647705078,91.5199966430664,91.52999877929688,91.51000213623047,91.51000213623047,3739800
2022-09-22,76.74163055419922,91.55999755859375,91.55999755859375,91.52999877929688,91.54000091552734,10975000
2022-09-23,76.74163055419922,91.55999755859375,91.55999755859375,91.54000091552734,91.55000305175781,15103200
2022-09-26,76.72486114501953,91.54000091552734,91.55999755859375,91.54000091552734,91.55999755859375,7695700
2022-09-27,76.75001525878906,91.56999969482422,91.56999969482422,91.55999755859375,91.55999755859375,5871100
2022-09-28,76.75838470458984,91.58000183105469,91.58000183105469,91.55999755859375,91.56999969482422,6709900
2022-09-29,76.77513885498047,91.5999984741211,91.5999984741211,91.58999633789062,91.5999984741211,5973300
2022-09-30,76.77513885498047,91.5999984741211,91.5999984741211,91.58000183105469,91.5999984741211,9858400
2022-10-03,76.75416564941406,91.41999816894531,91.44999694824219,91.41999816894531,91.44999694824219,7300900
2022-10-04,76.77932739257812,91.44999694824219,91.44999694824219,91.43000030517578,91.44999694824219,6583100
2022-10-05,76.77932739257812,91.44999694824219,91.45999908447266,91.44000244140625,91.44999694824219,6425800
2022-10-06,76.79613494873047,91.47000122070312,91.4800033569336,91.47000122070312,91.4800033569336,3415600
2022-10-07,76.79613494873047,91.47000122070312,91.4800033569336,91.47000122070312,91.47000122070312,5033700
2022-10-10,76.80451202392578,91.4800033569336,91.48999786376953,91.4800033569336,91.48999786376953,5591100
2022-10-11,76.80451202392578,91.4800033569336,91.48999786376953,91.4800033569336,91.4800033569336,7847100
2022-10-12,76.80451202392578,91.4800033569336,91.48999786376953,91.4800033569336,91.48999786376953,4389200
2022-10-13,76.82974243164062,91.51000213623047,91.51000213623047,91.5,91.5,5012800
2022-10-14,76.82974243164062,91.51000213623047,91.51000213623047,91.5,91.51000213623047,3121700
2022-10-17,76.82974243164062,91.51000213623047,91.5199966430664,91.51000213623047,91.5199966430664,6373200
2022-10-18,76.82974243164062,91.51000213623047,91.5199966430664,91.51000213623047,91.51000213623047,4985900
2022-10-19,76.82974243164062,91.51000213623047,91.5199966430664,91.51000213623047,91.5199966430664,4334600
2022-10-20,76.86327362060547,91.55000305175781,91.55000305175781,91.52999877929688,91.52999877929688,4561800
2022-10-21,76.87169647216797,91.55999755859375,91.55999755859375,91.54000091552734,91.55000305175781,4658600
2022-10-24,76.86327362060547,91.55000305175781,91.55999755859375,91.55000305175781,91.55000305175781,2286700
2022-10-25,76.86327362060547,91.55000305175781,91.56999969482422,91.55000305175781,91.55000305175781,7035300
2022-10-26,76.88008117675781,91.56999969482422,91.56999969482422,91.55999755859375,91.55999755859375,8136300
2022-10-27,76.9052734375,91.5999984741211,91.5999984741211,91.58000183105469,91.58999633789062,4473800
2022-10-28,76.8968734741211,91.58999633789062,91.5999984741211,91.58999633789062,91.5999984741211,25494400
2022-10-31,76.8968734741211,91.58999633789062,91.61000061035156,91.58999633789062,91.5999984741211,6145800
2022-11-01,76.90360260009766,91.38999938964844,91.41000366210938,91.38999938964844,91.41000366210938,6054500
2022-11-02,76.92886352539062,91.41999816894531,91.41999816894531,91.41000366210938,91.41999816894531,3264900
2022-11-03,76.95409393310547,91.44999694824219,91.44999694824219,91.43000030517578,91.44000244140625,8957600
2022-11-04,76.97093963623047,91.47000122070312,91.47000122070312,91.44999694824219,91.45999908447266,9427700
2022-11-07,76.96250915527344,91.45999908447266,91.47000122070312,91.45999908447266,91.47000122070312,6503900
2022-11-08,76.97093963623047,91.47000122070312,91.4800033569336,91.47000122070312,91.47000122070312,5843000
2022-11-09,77.01299285888672,91.5199966430664,91.5199966430664,91.5,91.51000213623047,3602500
2022-11-10,77.02140808105469,91.52999877929688,91.52999877929688,91.5199966430664,91.5199966430664,5835600
2022-11-11,77.01299285888672,91.5199966430664,91.52999877929688,91.5199966430664,91.52999877929688,6645400
2022-11-14,77.01299285888672,91.5199966430664,91.54000091552734,91.5199966430664,91.54000091552734,10464400
2022-11-15,77.02983856201172,91.54000091552734,91.54000091552734,91.52999877929688,91.54000091552734,9800800
2022-11-16,77.03823852539062,91.55000305175781,91.55000305175781,91.54000091552734,91.54000091552734,7824100
2022-11-17,77.06348419189453,91.58000183105469,91.58000183105469,91.56999969482422,91.56999969482422,4772400
2022-11-18,77.06348419189453,91.58000183105469,91.58000183105469,91.56999969482422,91.56999969482422,7062900
2022-11-21,77.07190704345703,91.58999633789062,91.58999633789062,91.58000183105469,91.58999633789062,3437100
2022-11-22,77.0887222290039,91.61000061035156,91.61000061035156,91.58999633789062,91.58999633789062,5261000
2022-11-23,77.10557556152344,91.62999725341797,91.63999938964844,91.62000274658203,91.62000274658203,4144300
2022-11-25,77.10557556152344,91.62999725341797,91.63999938964844,91.62999725341797,91.63999938964844,2543100
2022-11-28,77.11399841308594,91.63999938964844,91.6500015258789,91.63999938964844,91.63999938964844,4455700
2022-11-29,77.13922882080078,91.66999816894531,91.66999816894531,91.6500015258789,91.66000366210938,3754700
2022-11-30,77.13922882080078,91.66999816894531,91.66999816894531,91.66000366210938,91.66000366210938,5418300
2022-12-01,77.1561050415039,91.43000030517578,91.44000244140625,91.43000030517578,91.43000030517578,10968000
2022-12-02,77.16455078125,91.44000244140625,91.44999694824219,91.44000244140625,91.44999694824219,10316300
2022-12-05,77.1729736328125,91.44999694824219,91.45999908447266,91.44999694824219,91.44999694824219,8943700
2022-12-06,77.19829559326172,91.4800033569336,91.4800033569336,91.45999908447266,91.47000122070312,9646800
2022-12-07,77.19829559326172,91.4800033569336,91.5,91.4800033569336,91.48999786376953,9798600
2022-12-08,77.2489242553711,91.54000091552734,91.54000091552734,91.51000213623047,91.51000213623047,3855900
2022-12-09,77.24046325683594,91.52999877929688,91.54000091552734,91.52999877929688,91.52999877929688,7718900
2022-12-12,77.2489242553711,91.54000091552734,91.55000305175781,91.54000091552734,91.55000305175781,4383600
2022-12-13,77.2489242553711,91.54000091552734,91.55999755859375,91.54000091552734,91.55000305175781,6645800
2022-12-14,77.27424621582031,91.56999969482422,91.56999969482422,91.54000091552734,91.55999755859375,6898400
2022-12-15,77.29113006591797,91.58999633789062,91.58999633789062,91.58000183105469,91.58000183105469,7768100
2022-12-16,77.29113006591797,91.58999633789062,91.5999984741211,91.58999633789062,91.5999984741211,4121700
2022-12-19,77.30043029785156,91.33000183105469,91.33999633789062,91.33000183105469,91.33999633789062,8627100
2022-12-20,77.30892181396484,91.33999633789062,91.3499984741211,91.33999633789062,91.3499984741211,5204300
2022-12-21,77.31736755371094,91.3499984741211,91.36000061035156,91.3499984741211,91.36000061035156,6471800
2022-12-22,77.36812591552734,91.41000366210938,91.41000366210938,91.38999938964844,91.38999938964844,6592400
2022-12-23,77.36812591552734,91.41000366210938,91.41000366210938,91.4000015258789,91.4000015258789,3683100
2022-12-27,77.36812591552734,91.41000366210938,91.41999816894531,91.41000366210938,91.41000366210938,4267900
2022-12-28,77.39353942871094,91.44000244140625,91.44000244140625,91.41999816894531,91.44000244140625,4123200
2022-12-29,77.42739868164062,91.4800033569336,91.4800033569336,91.47000122070312,91.47000122070312,5637400
2022-12-30,77.41893005371094,91.47000122070312,91.47000122070312,91.45999908447266,91.47000122070312,6537000
2023-01-03,77.42739868164062,91.4800033569336,91.4800033569336,91.47000122070312,91.4800033569336,12503100
2023-01-04,77.41893005371094,91.47000122070312,91.48999786376953,91.47000122070312,91.4800033569336,9074500
2023-01-05,77.44434356689453,91.5,91.51000213623047,91.48999786376953,91.5,6454100
2023-01-06,77.43585205078125,91.48999786376953,91.51000213623047,91.48999786376953,91.5,4623500
2023-01-09,77.45278930664062,91.51000213623047,91.51000213623047,91.5,91.5,9734500
2023-01-10,77.44434356689453,91.5,91.5199966430664,91.5,91.51000213623047,5606700
2023-01-11,77.44434356689453,91.5,91.5199966430664,91.5,91.51000213623047,8601300
2023-01-12,77.5035629272461,91.56999969482422,91.56999969482422,91.55999755859375,91.55999755859375,8086900
2023-01-13,77.51202392578125,91.58000183105469,91.58000183105469,91.56999969482422,91.56999969482422,5501700
2023-01-17,77.51202392578125,91.58000183105469,91.58999633789062,91.58000183105469,91.58000183105469,9495400
2023-01-18,77.5205078125,91.58999633789062,91.5999984741211,91.58999633789062,91.58999633789062,4944800
2023-01-19,77.55436706542969,91.62999725341797,91.62999725341797,91.62000274658203,91.62000274658203,6491300
2023-01-20,77.56281280517578,91.63999938964844,91.63999938964844,91.62999725341797,91.63999938964844,4532400
2023-01-23,77.56281280517578,91.63999938964844,91.6500015258789,91.63999938964844,91.6500015258789,9166400
2023-01-24,77.57130432128906,91.6500015258789,91.66000366210938,91.6500015258789,91.66000366210938,5073700
2023-01-25,77.57976531982422,91.66000366210938,91.68000030517578,91.66000366210938,91.66999816894531,7570300
2023-01-26,77.62206268310547,91.70999908447266,91.70999908447266,91.69999694824219,91.69999694824219,5116500
2023-01-27,77.63050842285156,91.72000122070312,91.72000122070312,91.70999908447266,91.72000122070312,5232100
2023-01-30,77.63050842285156,91.72000122070312,91.7300033569336,91.72000122070312,91.72000122070312,4281500
2023-01-31,77.63902282714844,91.7300033569336,91.73999786376953,91.7300033569336,91.7300033569336,7362600
2023-02-01,77.64408874511719,91.4000015258789,91.41999816894531,91.4000015258789,91.41999816894531,9424000
2023-02-02,77.67806243896484,91.44000244140625,91.44999694824219,91.44000244140625,91.44000244140625,11984500
2023-02-03,77.69506072998047,91.45999908447266,91.45999908447266,91.44999694824219,91.45999908447266,8934700
2023-02-06,77.70354461669922,91.47000122070312,91.47000122070312,91.45999908447266,91.47000122070312,5928200
2023-02-07,77.71204376220703,91.4800033569336,91.4800033569336,91.47000122070312,91.4800033569336,4283200
2023-02-08,77.71204376220703,91.4800033569336,91.48999786376953,91.4800033569336,91.48999786376953,4101500
2023-02-09,77.737548828125,91.51000213623047,91.5199966430664,91.51000213623047,91.51000213623047,4909400
2023-02-10,77.74604797363281,91.5199966430664,91.52999877929688,91.5199966430664,91.5199966430664,4580800
2023-02-13,77.76300048828125,91.54000091552734,91.54000091552734,91.52999877929688,91.54000091552734,8904000
2023-02-14,77.76300048828125,91.54000091552734,91.55000305175781,91.54000091552734,91.54000091552734,4056600
2023-02-15,77.78001403808594,91.55999755859375,91.55999755859375,91.55000305175781,91.55999755859375,4895700
2023-02-16,77.82250213623047,91.61000061035156,91.61000061035156,91.5999984741211,91.61000061035156,5556400
2023-02-17,77.83099365234375,91.62000274658203,91.62000274658203,91.61000061035156,91.62000274658203,4398600
2023-02-21,77.83099365234375,91.62000274658203,91.63999938964844,91.62000274658203,91.62999725341797,17021300
2023-02-22,77.85646057128906,91.6500015258789,91.6500015258789,91.62999725341797,91.62999725341797,18697200
2023-02-23,77.88197326660156,91.68000030517578,91.68000030517578,91.66999816894531,91.68000030517578,4863200
2023-02-24,77.89046478271484,91.69000244140625,91.69000244140625,91.68000030517578,91.69000244140625,7735500
2023-02-27,77.89893341064453,91.69999694824219,91.69999694824219,91.69000244140625,91.69000244140625,7477400
2023-02-28,77.90743255615234,91.70999908447266,91.70999908447266,91.69999694824219,91.70999908447266,8086900
2023-03-01,77.91168975830078,91.45999908447266,91.47000122070312,91.45999908447266,91.47000122070312,11005600
2023-03-02,77.93726348876953,91.48999786376953,91.5,91.48999786376953,91.5,9631700
2023-03-03,77.95429992675781,91.51000213623047,91.51000213623047,91.5,91.5,7068300
2023-03-06,77.96280670166016,91.5199966430664,91.5199966430664,91.51000213623047,91.5199966430664,6131200
2023-03-07,77.96280670166016,91.5199966430664,91.54000091552734,91.5199966430664,91.52999877929688,4330700
2023-03-08,77.97984313964844,91.54000091552734,91.54000091552734,91.52999877929688,91.54000091552734,8207000
2023-03-09,77.99690246582031,91.55999755859375,91.56999969482422,91.55999755859375,91.55999755859375,6450500
2023-03-10,78.0139389038086,91.58000183105469,91.58999633789062,91.58000183105469,91.58000183105469,13475700
2023-03-13,78.03092193603516,91.5999984741211,91.62999725341797,91.5999984741211,91.62999725341797,21685200
2023-03-14,78.03947448730469,91.61000061035156,91.62999725341797,91.61000061035156,91.62000274658203,35715200
2023-03-15,78.08207702636719,91.66000366210938,91.66000366210938,91.63999938964844,91.6500015258789,11411700
2023-03-16,78.11614227294922,91.69999694824219,91.69999694824219,91.69000244140625,91.69000244140625,9320200
2023-03-17,78.13317108154297,91.72000122070312,91.72000122070312,91.69000244140625,91.69000244140625,8580300
2023-03-20,78.14169311523438,91.7300033569336,91.7300033569336,91.70999908447266,91.72000122070312,8169600
2023-03-21,78.14169311523438,91.7300033569336,91.73999786376953,91.72000122070312,91.72000122070312,7888500
2023-03-22,78.15875244140625,91.75,91.75,91.73999786376953,91.73999786376953,8202600
2023-03-23,78.19282531738281,91.79000091552734,91.79000091552734,91.7699966430664,91.7699966430664,5769500
2023-03-24,78.20982360839844,91.80999755859375,91.80999755859375,91.79000091552734,91.80000305175781,7374800
2023-03-27,78.20135498046875,91.80000305175781,91.80999755859375,91.80000305175781,91.80000305175781,6188600
2023-03-28,78.21835327148438,91.81999969482422,91.83000183105469,91.81999969482422,91.81999969482422,6215000
2023-03-29,78.21835327148438,91.81999969482422,91.83999633789062,91.81999969482422,91.81999969482422,4705700
2023-03-30,78.23540496826172,91.83999633789062,91.8499984741211,91.81999969482422,91.83999633789062,9284700
2023-03-31,78.21835327148438,91.81999969482422,91.83999633789062,91.81999969482422,91.83999633789062,11615500
2023-04-03,78.2371826171875,91.47000122070312,91.4800033569336,91.47000122070312,91.4800033569336,12494900
2023-04-04,78.2457275390625,91.4800033569336,91.48999786376953,91.4800033569336,91.4800033569336,10265800
2023-04-05,78.28850555419922,91.52999877929688,91.54000091552734,91.52999877929688,91.52999877929688,6913900
2023-04-06,78.29706573486328,91.54000091552734,91.55000305175781,91.54000091552734,91.55000305175781,4941400
2023-04-10,78.30559539794922,91.55000305175781,91.55999755859375,91.55000305175781,91.55999755859375,5741900
2023-04-11,78.31417083740234,91.55999755859375,91.56999969482422,91.55999755859375,91.55999755859375,7722600
2023-04-12,78.331298828125,91.58000183105469,91.58999633789062,91.56999969482422,91.58000183105469,8786200
2023-04-13,78.3740463256836,91.62999725341797,91.62999725341797,91.62000274658203,91.62000274658203,8673900
2023-04-14,78.3740463256836,91.62999725341797,91.63999938964844,91.62000274658203,91.62999725341797,9391100
2023-04-17,78.39112854003906,91.6500015258789,91.6500015258789,91.63999938964844,91.63999938964844,5173800
2023-04-18,78.39967346191406,91.66000366210938,91.66999816894531,91.6500015258789,91.6500015258789,4540700
2023-04-19,78.40824127197266,91.66999816894531,91.68000030517578,91.66999816894531,91.68000030517578,5901900
2023-04-20,78.4681167602539,91.73999786376953,91.73999786376953,91.70999908447266,91.72000122070312,6034400
2023-04-21,78.4595947265625,91.7300033569336,91.7300033569336,91.72000122070312,91.7300033569336,5880900
2023-04-24,78.4681167602539,91.73999786376953,91.75,91.7300033569336,91.75,8195900
2023-04-25,78.4595947265625,91.7300033569336,91.75,91.7300033569336,91.73999786376953,4222500
2023-04-26,78.4766845703125,91.75,91.75,91.73999786376953,91.73999786376953,7365200
2023-04-27,78.50236511230469,91.77999877929688,91.79000091552734,91.7699966430664,91.77999877929688,5585400
2023-04-28,78.50236511230469,91.77999877929688,91.77999877929688,91.7699966430664,91.7699966430664,6539100
2023-05-01,78.5049057006836,91.43000030517578,91.44999694824219,91.43000030517578,91.44000244140625,11273300
2023-05-02,78.48772430419922,91.41000366210938,91.44000244140625,91.41000366210938,91.44000244140625,5495900
2023-05-03,78.4963150024414,91.41999816894531,91.43000030517578,91.41999816894531,91.43000030517578,5533100
2023-05-04,78.52206420898438,91.44999694824219,91.45999908447266,91.44000244140625,91.45999908447266,8052700
2023-05-05,78.53925323486328,91.47000122070312,91.48999786376953,91.45999908447266,91.47000122070312,7170200
2023-05-08,78.54784393310547,91.4800033569336,91.48999786376953,91.4800033569336,91.4800033569336,5508600
2023-05-09,78.5564193725586,91.48999786376953,91.5,91.48999786376953,91.5,6850300
2023-05-10,78.56502532958984,91.5,91.5199966430664,91.5,91.51000213623047,4831800
2023-05-11,78.61656188964844,91.55999755859375,91.56999969482422,91.55000305175781,91.55999755859375,6159800
2023-05-12,78.63372039794922,91.58000183105469,91.58000183105469,91.56999969482422,91.58000183105469,4328600
2023-05-15,78.64230346679688,91.58999633789062,91.58999633789062,91.58000183105469,91.58000183105469,4056100
2023-05-16,78.63372039794922,91.58000183105469,91.5999984741211,91.58000183105469,91.58999633789062,8530400
2023-05-17,78.65086364746094,91.5999984741211,91.61000061035156,91.5999984741211,91.5999984741211,5415400
2023-05-18,78.69378662109375,91.6500015258789,91.6500015258789,91.62999725341797,91.63999938964844,6434000
2023-05-19,78.69378662109375,91.6500015258789,91.66000366210938,91.63999938964844,91.66000366210938,6447400
2023-05-22,78.702392578125,91.66000366210938,91.66000366210938,91.6500015258789,91.66000366210938,8404900
2023-05-23,78.702392578125,91.66000366210938,91.66999816894531,91.66000366210938,91.66000366210938,5050500
2023-05-24,78.702392578125,91.66000366210938,91.68000030517578,91.66000366210938,91.66999816894531,4762100
2023-05-25,78.75392150878906,91.72000122070312,91.7300033569336,91.72000122070312,91.7300033569336,5264000
2023-05-26,78.77110290527344,91.73999786376953,91.76000213623047,91.73999786376953,91.75,5923200
2023-05-30,78.7796859741211,91.75,91.7699966430664,91.75,91.76000213623047,11529300
2023-05-31,78.79686737060547,91.7699966430664,91.77999877929688,91.7699966430664,91.7699966430664,9807400
2023-06-01,78.84080505371094,91.44999694824219,91.44999694824219,91.44000244140625,91.44999694824219,10700500
2023-06-02,78.84945678710938,91.45999908447266,91.45999908447266,91.44000244140625,91.45999908447266,10257500
2023-06-05,78.84945678710938,91.45999908447266,91.47000122070312,91.44999694824219,91.47000122070312,9596600
2023-06-06,78.86669921875,91.4800033569336,91.48999786376953,91.47000122070312,91.4800033569336,6120900
2023-06-07,78.87529754638672,91.48999786376953,91.51000213623047,91.48999786376953,91.48999786376953,6483100
2023-06-08,78.91841125488281,91.54000091552734,91.54000091552734,91.52999877929688,91.52999877929688,8802000
2023-06-09,78.92701721191406,91.55000305175781,91.55000305175781,91.54000091552734,91.54000091552734,6452300
2023-06-12,78.93567657470703,91.55999755859375,91.56999969482422,91.55999755859375,91.55999755859375,3776900
2023-06-13,78.9529037475586,91.58000183105469,91.58000183105469,91.56999969482422,91.56999969482422,6784200
2023-06-14,78.97010040283203,91.5999984741211,91.5999984741211,91.58000183105469,91.58999633789062,5756300
2023-06-15,79.0046157836914,91.63999938964844,91.6500015258789,91.63999938964844,91.63999938964844,9827300
2023-06-16,79.01323699951172,91.6500015258789,91.66000366210938,91.6500015258789,91.66000366210938,4765300
2023-06-20,79.0304946899414,91.66999816894531,91.66999816894531,91.66000366210938,91.66000366210938,6174300
2023-06-21,79.0304946899414,91.66999816894531,91.69000244140625,91.66999816894531,91.68000030517578,4945300
2023-06-22,79.06494903564453,91.70999908447266,91.72000122070312,91.70999908447266,91.70999908447266,4698400
2023-06-23,79.0735855102539,91.72000122070312,91.7300033569336,91.72000122070312,91.72000122070312,3851500
2023-06-26,79.08222198486328,91.7300033569336,91.75,91.7300033569336,91.73999786376953,7241300
2023-06-27,79.09945678710938,91.75,91.76000213623047,91.75,91.75,5476300
2023-06-28,79.10809326171875,91.76000213623047,91.7699966430664,91.76000213623047,91.7699966430664,4486800
2023-06-29,79.13394165039062,91.79000091552734,91.80999755859375,91.79000091552734,91.80000305175781,5728000
2023-06-30,79.1597900390625,91.81999969482422,91.83000183105469,91.81999969482422,91.81999969482422,8054800
2023-07-03,79.17972564697266,91.47000122070312,91.47000122070312,91.45999908447266,91.45999908447266,7158200
2023-07-05,79.18838500976562,91.4800033569336,91.48999786376953,91.47000122070312,91.4800033569336,7981500
2023-07-06,79.21434020996094,91.51000213623047,91.5199966430664,91.51000213623047,91.51000213623047,7570000
2023-07-07,79.22298431396484,91.5199966430664,91.52999877929688,91.5199966430664,91.5199966430664,6491000
2023-07-10,79.24031066894531,91.54000091552734,91.54000091552734,91.52999877929688,91.52999877929688,4186000
2023-07-11,79.24897766113281,91.55000305175781,91.55999755859375,91.55000305175781,91.55000305175781,5567400
2023-07-12,79.26628112792969,91.56999969482422,91.56999969482422,91.55999755859375,91.55999755859375,7188100
2023-07-13,79.3009033203125,91.61000061035156,91.61000061035156,91.5999984741211,91.5999984741211,5902600
2023-07-14,79.30956268310547,91.62000274658203,91.62000274658203,91.61000061035156,91.61000061035156,6505800
2023-07-17,79.3182144165039,91.62999725341797,91.62999725341797,91.62000274658203,91.62999725341797,3932600
2023-07-18,79.3182144165039,91.62999725341797,91.63999938964844,91.62999725341797,91.63999938964844,4775800
2023-07-19,79.33551788330078,91.6500015258789,91.66000366210938,91.6500015258789,91.6500015258789,5132100
2023-07-20,79.3788070678711,91.69999694824219,91.69999694824219,91.68000030517578,91.69000244140625,5047600
2023-07-21,79.3788070678711,91.69999694824219,91.70999908447266,91.69999694824219,91.69999694824219,4087100
2023-07-24,79.38745880126953,91.70999908447266,91.72000122070312,91.70999908447266,91.70999908447266,3752400
2023-07-25,79.39612579345703,91.72000122070312,91.7300033569336,91.72000122070312,91.7300033569336,4170500
2023-07-26,79.40476989746094,91.7300033569336,91.73999786376953,91.7300033569336,91.73999786376953,4700000
2023-07-27,79.44805908203125,91.77999877929688,91.77999877929688,91.7699966430664,91.7699966430664,4727800
2023-07-28,79.45671844482422,91.79000091552734,91.80000305175781,91.79000091552734,91.79000091552734,3709200
2023-07-31,79.46534729003906,91.80000305175781,91.80999755859375,91.80000305175781,91.80000305175781,6716600
2023-08-01,79.48622131347656,91.43000030517578,91.43000030517578,91.41999816894531,91.43000030517578,13360200
2023-08-02,79.49492645263672,91.44000244140625,91.44000244140625,91.43000030517578,91.44000244140625,8208300
2023-08-03,79.52972412109375,91.4800033569336,91.4800033569336,91.47000122070312,91.4800033569336,5681100
2023-08-04,79.5470962524414,91.5,91.5,91.48999786376953,91.48999786376953,6200000
2023-08-07,79.5470962524414,91.5,91.51000213623047,91.5,91.51000213623047,5978000
2023-08-08,79.5644760131836,91.5199966430664,91.5199966430664,91.51000213623047,91.5199966430664,6517900
2023-08-09,79.57315826416016,91.52999877929688,91.54000091552734,91.52999877929688,91.52999877929688,4293000
2023-08-10,79.61666870117188,91.58000183105469,91.58000183105469,91.55999755859375,91.55999755859375,5120600
2023-08-11,79.62535095214844,91.58999633789062,91.58999633789062,91.58000183105469,91.58000183105469,3669100
2023-08-14,79.634033203125,91.5999984741211,91.5999984741211,91.58999633789062,91.58999633789062,6596100
2023-08-15,79.64273834228516,91.61000061035156,91.61000061035156,91.5999984741211,91.5999984741211,4853100
2023-08-16,79.66012573242188,91.62999725341797,91.62999725341797,91.62000274658203,91.62000274658203,7890300
2023-08-17,79.69489288330078,91.66999816894531,91.66999816894531,91.66000366210938,91.66000366210938,5621700
2023-08-18,79.70361328125,91.68000030517578,91.68000030517578,91.66999816894531,91.68000030517578,6774400
2023-08-21,79.71226501464844,91.69000244140625,91.69000244140625,91.68000030517578,91.69000244140625,5959700
2023-08-22,79.72095489501953,91.69999694824219,91.70999908447266,91.69999694824219,91.70999908447266,5775600
2023-08-23,79.73836517333984,91.72000122070312,91.72000122070312,91.70999908447266,91.70999908447266,9529300
2023-08-24,79.7644271850586,91.75,91.76000213623047,91.75,91.75,6746700
2023-08-25,79.78182983398438,91.7699966430664,91.7699966430664,91.76000213623047,91.76000213623047,4883000
2023-08-28,79.79920196533203,91.79000091552734,91.79000091552734,91.77999877929688,91.77999877929688,4264100
2023-08-29,79.79051971435547,91.77999877929688,91.80000305175781,91.77999877929688,91.80000305175781,9168200
2023-08-30,79.80786895751953,91.80000305175781,91.80999755859375,91.79000091552734,91.80000305175781,6427000
2023-08-31,79.86005401611328,91.86000061035156,91.86000061035156,91.8499984741211,91.8499984741211,7771500
2023-09-01,79.87317657470703,91.47000122070312,91.47000122070312,91.45999908447266,91.47000122070312,21540500
2023-09-05,79.890625,91.48999786376953,91.48999786376953,91.4800033569336,91.48999786376953,8316300
2023-09-06,79.890625,91.48999786376953,91.5,91.48999786376953,91.5,6524800
2023-09-07,79.9343032836914,91.54000091552734,91.54000091552734,91.52999877929688,91.52999877929688,6808100
2023-09-08,79.94303131103516,91.55000305175781,91.55000305175781,91.54000091552734,91.54000091552734,6393300
2023-09-11,79.94303131103516,91.55000305175781,91.56999969482422,91.55000305175781,91.56999969482422,8027100
2023-09-12,79.96923828125,91.58000183105469,91.58000183105469,91.56999969482422,91.56999969482422,9948400
2023-09-13,79.97795867919922,91.58999633789062,91.58999633789062,91.58000183105469,91.58000183105469,4696200
2023-09-14,80.004150390625,91.62000274658203,91.62999725341797,91.62000274658203,91.62000274658203,4214800
2023-09-15,80.02161407470703,91.63999938964844,91.63999938964844,91.62999725341797,91.63999938964844,4688800
2023-09-18,80.03032684326172,91.6500015258789,91.66000366210938,91.6500015258789,91.66000366210938,7376200
2023-09-19,80.0390853881836,91.66000366210938,91.66999816894531,91.66000366210938,91.66000366210938,4357400
2023-09-20,80.04782104492188,91.66999816894531,91.68000030517578,91.66999816894531,91.66999816894531,5946200
2023-09-21,80.09146118164062,91.72000122070312,91.72000122070312,91.70999908447266,91.70999908447266,7522700
2023-09-22,80.10020446777344,91.7300033569336,91.73999786376953,91.7300033569336,91.7300033569336,15684400
2023-09-25,80.10894012451172,91.73999786376953,91.75,91.73999786376953,91.75,7492000
2023-09-26,80.11766052246094,91.75,91.76000213623047,91.75,91.75,7130600
2023-09-27,80.14386749267578,91.77999877929688,91.77999877929688,91.76000213623047,91.77999877929688,7669700
2023-09-28,80.17005157470703,91.80999755859375,91.81999969482422,91.80000305175781,91.80000305175781,8426400
2023-09-29,80.17878723144531,91.81999969482422,91.83000183105469,91.81999969482422,91.81999969482422,9081500
2023-10-02,80.19107055664062,91.44000244140625,91.44999694824219,91.44000244140625,91.44999694824219,22550400
2023-10-03,80.20861053466797,91.45999908447266,91.45999908447266,91.44999694824219,91.45999908447266,10648800
2023-10-04,80.21737670898438,91.47000122070312,91.47000122070312,91.45999908447266,91.45999908447266,26575700
2023-10-05,80.2699966430664,91.52999877929688,91.52999877929688,91.5199966430664,91.5199966430664,8295300
2023-10-06,80.2699966430664,91.52999877929688,91.54000091552734,91.52999877929688,91.54000091552734,9856100
2023-10-09,80.27877044677734,91.54000091552734,91.55000305175781,91.52999877929688,91.54000091552734,5972300
2023-10-10,80.27877044677734,91.54000091552734,91.55999755859375,91.54000091552734,91.55000305175781,8463700
2023-10-11,80.29632568359375,91.55999755859375,91.55999755859375,91.55000305175781,91.55000305175781,6839400
2023-10-12,80.33136749267578,91.5999984741211,91.5999984741211,91.58999633789062,91.5999984741211,7528700
2023-10-13,80.34893035888672,91.62000274658203,91.62000274658203,91.61000061035156,91.61000061035156,15013900
2023-10-16,80.35770416259766,91.62999725341797,91.63999938964844,91.62000274658203,91.63999938964844,8181800
2023-10-17,80.366455078125,91.63999938964844,91.6500015258789,91.63999938964844,91.63999938964844,5363200
2023-10-18,80.37523651123047,91.6500015258789,91.66000366210938,91.6500015258789,91.6500015258789,6069500
2023-10-19,80.41030883789062,91.69000244140625,91.69999694824219,91.69000244140625,91.69000244140625,4551500
2023-10-20,80.4278564453125,91.70999908447266,91.70999908447266,91.69999694824219,91.70999908447266,4887100
2023-10-23,80.43663024902344,91.72000122070312,91.7300033569336,91.72000122070312,91.7300033569336,14352700
2023-10-24,80.44539642333984,91.7300033569336,91.73999786376953,91.7300033569336,91.73999786376953,12544200
2023-10-25,80.45414733886719,91.73999786376953,91.75,91.73999786376953,91.75,12376000
2023-10-26,80.48921966552734,91.77999877929688,91.79000091552734,91.77999877929688,91.79000091552734,9920000
2023-10-27,80.51556396484375,91.80999755859375,91.81999969482422,91.80000305175781,91.80000305175781,28351200
2023-10-30,80.5243148803711,91.81999969482422,91.81999969482422,91.80999755859375,91.80999755859375,25136900
2023-10-31,80.5243148803711,91.81999969482422,91.83000183105469,91.81999969482422,91.81999969482422,16748400
2023-11-01,80.54898071289062,91.44000244140625,91.44000244140625,91.43000030517578,91.44000244140625,25791900
2023-11-02,80.5754165649414,91.47000122070312,91.4800033569336,91.47000122070312,91.47000122070312,11970800
2023-11-03,80.58423614501953,91.4800033569336,91.48999786376953,91.4800033569336,91.4800033569336,13721100
2023-11-06,80.59300231933594,91.48999786376953,91.5,91.48999786376953,91.5,28039200
2023-11-07,80.61065673828125,91.51000213623047,91.5199966430664,91.51000213623047,91.51000213623047,6951000
2023-11-08,80.61947631835938,91.5199966430664,91.52999877929688,91.5199966430664,91.52999877929688,9180800
2023-11-09,80.66350555419922,91.56999969482422,91.56999969482422,91.55999755859375,91.55999755859375,11886800
2023-11-10,80.67231750488281,91.58000183105469,91.58999633789062,91.58000183105469,91.58000183105469,5556400
2023-11-13,80.68112182617188,91.58999633789062,91.5999984741211,91.58999633789062,91.58999633789062,6166700
2023-11-14,80.68991088867188,91.5999984741211,91.61000061035156,91.5999984741211,91.5999984741211,11126500
2023-11-15,80.70752716064453,91.62000274658203,91.62999725341797,91.62000274658203,91.62999725341797,10552700
2023-11-16,80.74279022216797,91.66000366210938,91.66999816894531,91.66000366210938,91.66000366210938,7802900
2023-11-17,80.76041412353516,91.68000030517578,91.68000030517578,91.66999816894531,91.66999816894531,6783200
2023-11-20,80.76041412353516,91.68000030517578,91.69000244140625,91.68000030517578,91.69000244140625,8494100
2023-11-21,80.78681945800781,91.70999908447266,91.72000122070312,91.70999908447266,91.72000122070312,13067100
2023-11-22,80.82206726074219,91.75,91.76000213623047,91.75,91.76000213623047,7626700
2023-11-24,80.83087921142578,91.76000213623047,91.7699966430664,91.76000213623047,91.76000213623047,2839000
2023-11-27,80.83969116210938,91.7699966430664,91.77999877929688,91.7699966430664,91.7699966430664,9166000
2023-11-28,80.85731506347656,91.79000091552734,91.80000305175781,91.79000091552734,91.79000091552734,7244700
2023-11-29,80.8661117553711,91.80000305175781,91.80999755859375,91.80000305175781,91.80000305175781,6942200
2023-11-30,80.90133666992188,91.83999633789062,91.8499984741211,91.83999633789062,91.83999633789062,18629900
2023-12-01,80.91815185546875,91.44000244140625,91.44999694824219,91.44000244140625,91.44999694824219,21247800
2023-12-04,80.91815185546875,91.44000244140625,91.45999908447266,91.44000244140625,91.44999694824219,15503000
2023-12-05,80.93585205078125,91.45999908447266,91.47000122070312,91.45999908447266,91.47000122070312,6463400
2023-12-06,80.94470977783203,91.47000122070312,91.4800033569336,91.47000122070312,91.47000122070312,6941700
2023-12-07,80.98011016845703,91.51000213623047,91.5199966430664,91.51000213623047,91.51000213623047,7369300
2023-12-08,80.997802734375,91.52999877929688,91.54000091552734,91.52999877929688,91.52999877929688,5730100
2023-12-11,81.0154800415039,91.55000305175781,91.55000305175781,91.54000091552734,91.55000305175781,5613500
2023-12-12,81.0154800415039,91.55000305175781,91.55999755859375,91.55000305175781,91.55999755859375,7885900
2023-12-13,81.02435302734375,91.55999755859375,91.56999969482422,91.55999755859375,91.55999755859375,6781800
2023-12-14,81.05972290039062,91.5999984741211,91.61000061035156,91.5999984741211,91.5999984741211,13475400
2023-12-15,81.08631896972656,91.62999725341797,91.62999725341797,91.62000274658203,91.62000274658203,6917600
2023-12-18,81.09607696533203,91.22000122070312,91.22000122070312,91.20999908447266,91.22000122070312,8910900
2023-12-19,81.09607696533203,91.22000122070312,91.23999786376953,91.22000122070312,91.2300033569336,6977300
2023-12-20,81.11386108398438,91.23999786376953,91.25,91.23999786376953,91.23999786376953,8098700
2023-12-21,81.16719818115234,91.30000305175781,91.30000305175781,91.29000091552734,91.29000091552734,5055200
2023-12-22,81.17607116699219,91.30999755859375,91.30999755859375,91.30000305175781,91.30000305175781,7471600
2023-12-26,81.19384765625,91.33000183105469,91.33000183105469,91.31999969482422,91.33000183105469,4638800
2023-12-27,81.19384765625,91.33000183105469,91.33999633789062,91.33000183105469,91.33000183105469,4717700
2023-12-28,81.24720764160156,91.38999938964844,91.38999938964844,91.37999725341797,91.37999725341797,5605100
2023-12-29,81.24720764160156,91.38999938964844,91.4000015258789,91.38999938964844,91.4000015258789,5588600
2024-01-02,81.25607299804688,91.4000015258789,91.41000366210938,91.4000015258789,91.4000015258789,9445500
2024-01-03,81.28277587890625,91.43000030517578,91.43000030517578,91.41000366210938,91.41000366210938,6793500
2024-01-04,81.30941009521484,91.45999908447266,91.47000122070312,91.45999908447266,91.45999908447266,5840200
2024-01-05,81.3183364868164,91.47000122070312,91.4800033569336,91.47000122070312,91.4800033569336,4991800
2024-01-08,81.32720184326172,91.4800033569336,91.48999786376953,91.4800033569336,91.4800033569336,4889900
2024-01-09,81.33609771728516,91.48999786376953,91.5,91.48999786376953,91.5,5080800
2024-01-10,81.35389709472656,91.51000213623047,91.5199966430664,91.51000213623047,91.51000213623047,8798600
2024-01-11,81.3983383178711,91.55999755859375,91.56999969482422,91.55999755859375,91.55999755859375,5947100
2024-01-12,81.4161148071289,91.58000183105469,91.58000183105469,91.56999969482422,91.56999969482422,5049200
2024-01-16,81.42500305175781,91.58999633789062,91.5999984741211,91.58999633789062,91.58999633789062,6485200
2024-01-17,81.44280242919922,91.61000061035156,91.61000061035156,91.5999984741211,91.5999984741211,5915700
2024-01-18,81.47834014892578,91.6500015258789,91.6500015258789,91.63999938964844,91.63999938964844,5270500
2024-01-19,81.48724365234375,91.66000366210938,91.66000366210938,91.6500015258789,91.66000366210938,5444600
2024-01-22,81.4961166381836,91.66999816894531,91.68000030517578,91.66999816894531,91.66999816894531,6114000
2024-01-23,81.5050277709961,91.68000030517578,91.69000244140625,91.68000030517578,91.68000030517578,4961800
2024-01-24,81.51390838623047,91.69000244140625,91.69999694824219,91.69000244140625,91.69000244140625,6486100
2024-01-25,81.558349609375,91.73999786376953,91.73999786376953,91.7300033569336,91.73999786376953,6059500
2024-01-26,81.56723022460938,91.75,91.75,91.73999786376953,91.75,5612900
2024-01-29,81.57615661621094,91.76000213623047,91.7699966430664,91.76000213623047,91.76000213623047,5646100
2024-01-30,81.58502960205078,91.7699966430664,91.77999877929688,91.7699966430664,91.7699966430664,30704200
2024-01-31,81.59392547607422,91.77999877929688,91.79000091552734,91.77999877929688,91.79000091552734,10964400
2024-02-01,81.6349868774414,91.41999816894531,91.43000030517578,91.41999816894531,91.41999816894531,14759200
2024-02-02,81.6528549194336,91.44000244140625,91.44000244140625,91.43000030517578,91.44000244140625,8157700
2024-02-05,81.6528549194336,91.44000244140625,91.44999694824219,91.44000244140625,91.44999694824219,6923400
2024-02-06,81.67068481445312,91.45999908447266,91.45999908447266,91.44999694824219,91.45999908447266,5037900
2024-02-07,81.67965698242188,91.47000122070312,91.4800033569336,91.47000122070312,91.4800033569336,8475400
2024-02-08,81.71537017822266,91.51000213623047,91.5199966430664,91.51000213623047,91.5199966430664,5406300
2024-02-09,81.72429656982422,91.5199966430664,91.52999877929688,91.5199966430664,91.5199966430664,5087000
2024-02-12,81.74217987060547,91.54000091552734,91.54000091552734,91.52999877929688,91.54000091552734,7216800
2024-02-13,81.74217987060547,91.54000091552734,91.55000305175781,91.54000091552734,91.54000091552734,7655100
2024-02-14,81.760009765625,91.55999755859375,91.56999969482422,91.55999755859375,91.55999755859375,6028000
2024-02-15,81.80467224121094,91.61000061035156,91.62000274658203,91.61000061035156,91.62000274658203,4800600
2024-02-16,81.822509765625,91.62999725341797,91.62999725341797,91.62000274658203,91.62000274658203,6052600
2024-02-20,81.8314437866211,91.63999938964844,91.6500015258789,91.63999938964844,91.6500015258789,4841100
2024-02-21,81.84037017822266,91.6500015258789,91.66000366210938,91.6500015258789,91.6500015258789,5127600
2024-02-22,81.88501739501953,91.69999694824219,91.69999694824219,91.69000244140625,91.69000244140625,7474000
2024-02-23,81.8939437866211,91.70999908447266,91.70999908447266,91.69999694824219,91.69999694824219,5608600
2024-02-26,81.8939437866211,91.70999908447266,91.72000122070312,91.70999908447266,91.72000122070312,4644800
2024-02-27,81.91181182861328,91.7300033569336,91.73999786376953,91.7300033569336,91.7300033569336,6027500
2024-02-28,81.92073822021484,91.73999786376953,91.75,91.73999786376953,91.73999786376953,3917600
2024-02-29,81.95646667480469,91.77999877929688,91.79000091552734,91.77999877929688,91.77999877929688,13028900
2024-03-01,81.97887420654297,91.44999694824219,91.44999694824219,91.44000244140625,91.44000244140625,13095400
2024-03-04,81.9878158569336,91.45999908447266,91.45999908447266,91.44999694824219,91.45999908447266,8628300
2024-03-05,81.9878158569336,91.45999908447266,91.47000122070312,91.45999908447266,91.47000122070312,10329500
2024-03-06,82.00576782226562,91.4800033569336,91.48999786376953,91.4800033569336,91.48999786376953,6752000
2024-03-07,82.04161834716797,91.5199966430664,91.52999877929688,91.5199966430664,91.52999877929688,4388600
2024-03-08,82.05057525634766,91.52999877929688,91.54000091552734,91.52999877929688,91.52999877929688,4298900
2024-03-11,82.05956268310547,91.54000091552734,91.55000305175781,91.54000091552734,91.55000305175781,5117900
2024-03-12,82.0864486694336,91.56999969482422,91.56999969482422,91.55999755859375,91.55999755859375,4136600
2024-03-13,82.0864486694336,91.56999969482422,91.58000183105469,91.56999969482422,91.58000183105469,4478400
2024-03-14,82.12229919433594,91.61000061035156,91.62000274658203,91.61000061035156,91.61000061035156,4603000
2024-03-15,82.1402359008789,91.62999725341797,91.62999725341797,91.62000274658203,91.62999725341797,4445600
2024-03-18,82.14918518066406,91.63999938964844,91.63999938964844,91.62999725341797,91.63999938964844,5594400
2024-03-19,82.1671371459961,91.66000366210938,91.66000366210938,91.6500015258789,91.6500015258789,5681900
2024-03-20,82.17609405517578,91.66999816894531,91.66999816894531,91.66000366210938,91.66000366210938,4398200
2024-03-21,82.20297241210938,91.69999694824219,91.70999908447266,91.69999694824219,91.69999694824219,7534900
2024-03-22,82.21192932128906,91.70999908447266,91.72000122070312,91.70999908447266,91.70999908447266,4686400
2024-03-25,82.2298812866211,91.7300033569336,91.73999786376953,91.7300033569336,91.73999786376953,4050000
2024-03-26,82.23883819580078,91.73999786376953,91.75,91.73999786376953,91.73999786376953,4276000
2024-03-27,82.29264068603516,91.80000305175781,91.80000305175781,91.79000091552734,91.79000091552734,5350700
2024-03-28,82.29264068603516,91.80000305175781,91.80999755859375,91.80000305175781,91.80000305175781,10199200
2024-04-01,82.31512451171875,91.41999816894531,91.43000030517578,91.41999816894531,91.41999816894531,14208200
2024-04-02,82.33314514160156,91.44000244140625,91.44000244140625,91.43000030517578,91.44000244140625,8902500
2024-04-03,82.33314514160156,91.44000244140625,91.44999694824219,91.44000244140625,91.44999694824219,8433900
2024-04-04,82.3691635131836,91.4800033569336,91.48999786376953,91.4800033569336,91.4800033569336,6620400
2024-04-05,82.38716888427734,91.5,91.5,91.48999786376953,91.5,5463200
2024-04-08,82.39618682861328,91.51000213623047,91.5199966430664,91.51000213623047,91.5199966430664,4983800
2024-04-09,82.40516662597656,91.5199966430664,91.52999877929688,91.5199966430664,91.5199966430664,5562500
2024-04-10,82.42318725585938,91.54000091552734,91.54000091552734,91.52999877929688,91.52999877929688,4799700
2024-04-11,82.4501953125,91.56999969482422,91.58000183105469,91.56999969482422,91.56999969482422,5081500
2024-04-12,82.45921325683594,91.58000183105469,91.58999633789062,91.58000183105469,91.58000183105469,7030200
2024-04-15,82.47718048095703,91.5999984741211,91.5999984741211,91.58999633789062,91.58999633789062,7376700
2024-04-16,82.48621368408203,91.61000061035156,91.62000274658203,91.61000061035156,91.62000274658203,8427000
2024-04-17,82.49523162841797,91.62000274658203,91.62999725341797,91.62000274658203,91.62999725341797,10975300
2024-04-18,82.54023742675781,91.66999816894531,91.66999816894531,91.66000366210938,91.66000366210938,7379200
2024-04-19,82.54922485351562,91.68000030517578,91.68000030517578,91.66999816894531,91.68000030517578,6855100
2024-04-22,82.5672378540039,91.69999694824219,91.69999694824219,91.69000244140625,91.69999694824219,6628400
2024-04-23,82.57624053955078,91.70999908447266,91.70999908447266,91.69999694824219,91.70999908447266,5991900
2024-04-24,82.57624053955078,91.70999908447266,91.72000122070312,91.70999908447266,91.70999908447266,7103500
2024-04-25,82.62126922607422,91.76000213623047,91.76000213623047,91.75,91.76000213623047,5351100
2024-04-26,82.62126922607422,91.76000213623047,91.7699966430664,91.76000213623047,91.7699966430664,6842800
2024-04-29,82.63926696777344,91.77999877929688,91.79000091552734,91.77999877929688,91.77999877929688,7880000
2024-04-30,82.6482925415039,91.79000091552734,91.80000305175781,91.79000091552734,91.79000091552734,13723600
2024-05-01,82.66455841064453,91.41999816894531,91.43000030517578,91.41999816894531,91.43000030517578,13814700
2024-05-02,82.70976257324219,91.47000122070312,91.47000122070312,91.45999908447266,91.47000122070312,8928200
2024-05-03,82.71881866455078,91.4800033569336,91.4800033569336,91.47000122070312,91.4800033569336,7417900
2024-05-06,82.71881866455078,91.4800033569336,91.48999786376953,91.4800033569336,91.48999786376953,8051000
2024-05-07,82.72785949707031,91.48999786376953,91.5,91.48999786376953,91.5,5471700
2024-05-08,82.74594116210938,91.51000213623047,91.5199966430664,91.51000213623047,91.51000213623047,4992500
2024-05-09,82.79114532470703,91.55999755859375,91.55999755859375,91.55000305175781,91.55000305175781,5300400
2024-05-10,82.79114532470703,91.55999755859375,91.56999969482422,91.55999755859375,91.55999755859375,4157600
2024-05-13,82.80924987792969,91.58000183105469,91.58000183105469,91.56999969482422,91.56999969482422,4583700
2024-05-14,82.81827545166016,91.58999633789062,91.5999984741211,91.58999633789062,91.5999984741211,6834400
2024-05-15,82.8272933959961,91.5999984741211,91.61000061035156,91.5999984741211,91.61000061035156,6416100
2024-05-16,82.86348724365234,91.63999938964844,91.6500015258789,91.63999938964844,91.6500015258789,8627400
2024-05-17,82.87252807617188,91.6500015258789,91.66000366210938,91.6500015258789,91.66000366210938,4260500
2024-05-20,82.89061737060547,91.66999816894531,91.68000030517578,91.66999816894531,91.66999816894531,4460500
2024-05-21,82.89967346191406,91.68000030517578,91.69000244140625,91.68000030517578,91.69000244140625,3358400
2024-05-22,82.91773223876953,91.69999694824219,91.70999908447266,91.69000244140625,91.69999694824219,5629600
2024-05-23,82.97200775146484,91.76000213623047,91.76000213623047,91.75,91.75,5210000
2024-05-24,82.98104095458984,91.7699966430664,91.7699966430664,91.76000213623047,91.76000213623047,4187400
2024-05-28,82.97200775146484,91.76000213623047,91.7699966430664,91.76000213623047,91.76000213623047,4940900
2024-05-29,82.99006652832031,91.77999877929688,91.77999877929688,91.7699966430664,91.7699966430664,4961200
2024-05-30,83.00817108154297,91.80000305175781,91.80000305175781,91.79000091552734,91.79000091552734,5711700
2024-05-31,83.02625274658203,91.81999969482422,91.83000183105469,91.81999969482422,91.81999969482422,12454800
2024-06-03,83.03987884521484,91.43000030517578,91.44999694824219,91.43000030517578,91.44999694824219,15275200
2024-06-04,83.05804443359375,91.44999694824219,91.45999908447266,91.44000244140625,91.44999694824219,8302300
2024-06-05,83.06713104248047,91.45999908447266,91.47000122070312,91.45999908447266,91.47000122070312,8099300
2024-06-06,83.07620239257812,91.47000122070312,91.4800033569336,91.47000122070312,91.4800033569336,4720800
2024-06-07,83.11255645751953,91.51000213623047,91.5199966430664,91.51000213623047,91.51000213623047,5032600
2024-06-10,83.13068389892578,91.52999877929688,91.52999877929688,91.5199966430664,91.5199966430664,4087500
2024-06-11,83.1397933959961,91.54000091552734,91.55000305175781,91.54000091552734,91.55000305175781,4831700
2024-06-12,83.15795135498047,91.55999755859375,91.55999755859375,91.55000305175781,91.55999755859375,6373600
2024-06-13,83.16703033447266,91.56999969482422,91.58000183105469,91.56999969482422,91.58000183105469,5132600
2024-06-14,83.21244049072266,91.62000274658203,91.62000274658203,91.5999984741211,91.5999984741211,5226500
2024-06-17,83.22154235839844,91.62999725341797,91.62999725341797,91.62000274658203,91.62999725341797,5347500
2024-06-18,83.23966979980469,91.6500015258789,91.6500015258789,91.63999938964844,91.63999938964844,6273200
2024-06-20,83.25784301757812,91.66999816894531,91.66999816894531,91.66000366210938,91.66000366210938,5238800
2024-06-21,83.28506469726562,91.69999694824219,91.70999908447266,91.69999694824219,91.69999694824219,5343800
2024-06-24,83.30328369140625,91.72000122070312,91.72000122070312,91.70999908447266,91.72000122070312,5280400
2024-06-25,83.30328369140625,91.72000122070312,91.73999786376953,91.72000122070312,91.7300033569336,3518000
2024-06-26,83.3123550415039,91.7300033569336,91.73999786376953,91.7300033569336,91.7300033569336,4098100
2024-06-27,83.33052825927734,91.75,91.76000213623047,91.75,91.75,4487200
2024-06-28,83.35775756835938,91.77999877929688,91.79000091552734,91.77999877929688,91.77999877929688,10410800
2024-07-01,83.38693237304688,91.41999816894531,91.41999816894531,91.41000366210938,91.41999816894531,11882700
2024-07-02,83.39606475830078,91.43000030517578,91.43000030517578,91.41999816894531,91.43000030517578,8228100
2024-07-03,83.42343139648438,91.45999908447266,91.45999908447266,91.44999694824219,91.45999908447266,4240100
2024-07-05,83.4508056640625,91.48999786376953,91.5,91.48999786376953,91.5,4316500
2024-07-08,83.46903991699219,91.51000213623047,91.5199966430664,91.5,91.5,4748100
2024-07-09,83.46903991699219,91.51000213623047,91.52999877929688,91.51000213623047,91.5199966430664,4311500
2024-07-10,83.4872817993164,91.52999877929688,91.54000091552734,91.5199966430664,91.54000091552734,4653500
2024-07-11,83.49640655517578,91.54000091552734,91.55000305175781,91.54000091552734,91.54000091552734,5960300
2024-07-12,83.53290557861328,91.58000183105469,91.58999633789062,91.58000183105469,91.58000183105469,5872000
2024-07-15,83.5511245727539,91.5999984741211,91.5999984741211,91.58999633789062,91.58999633789062,6130500
2024-07-16,83.5511245727539,91.5999984741211,91.61000061035156,91.5999984741211,91.61000061035156,5457000
2024-07-17,83.57850646972656,91.62999725341797,91.62999725341797,91.61000061035156,91.62000274658203,7883400
2024-07-18,83.58761596679688,91.63999938964844,91.63999938964844,91.62000274658203,91.62999725341797,5746000
2024-07-19,83.61498260498047,91.66999816894531,91.68000030517578,91.66999816894531,91.68000030517578,4604900
2024-07-22,83.63323974609375,91.69000244140625,91.69000244140625,91.68000030517578,91.68000030517578,6777700
2024-07-23,83.63323974609375,91.69000244140625,91.70999908447266,91.69000244140625,91.69000244140625,8687900
2024-07-24,83.66059112548828,91.72000122070312,91.72000122070312,91.70999908447266,91.72000122070312,5548000
2024-07-25,83.66059112548828,91.72000122070312,91.7300033569336,91.72000122070312,91.72000122070312,5926500
2024-07-26,83.7061767578125,91.7699966430664,91.7699966430664,91.75,91.7699966430664,4299300
2024-07-29,83.7061767578125,91.7699966430664,91.77999877929688,91.7699966430664,91.77999877929688,4097400
2024-07-30,83.71531677246094,91.77999877929688,91.79000091552734,91.77999877929688,91.79000091552734,6748000
2024-07-31,83.73355865478516,91.80000305175781,91.80000305175781,91.79000091552734,91.79000091552734,12395000
2024-08-01,83.75370025634766,91.41999816894531,91.41999816894531,91.41000366210938,91.41000366210938,18244900
2024-08-02,83.79952239990234,91.47000122070312,91.47000122070312,91.44999694824219,91.45999908447266,14492000
2024-08-05,83.79952239990234,91.47000122070312,91.4800033569336,91.47000122070312,91.47000122070312,21054200
2024-08-06,83.81785583496094,91.48999786376953,91.48999786376953,91.4800033569336,91.4800033569336,9774300
2024-08-07,83.8361587524414,91.51000213623047,91.51000213623047,91.48999786376953,91.5,14277100
2024-08-08,83.84532928466797,91.5199966430664,91.5199966430664,91.51000213623047,91.51000213623047,6946000
2024-08-09,83.86365509033203,91.54000091552734,91.55000305175781,91.54000091552734,91.54000091552734,7714500
2024-08-12,83.8911361694336,91.56999969482422,91.56999969482422,91.55000305175781,91.55000305175781,6167100
2024-08-13,83.90031433105469,91.58000183105469,91.58000183105469,91.56999969482422,91.56999969482422,7486700
2024-08-14,83.90945434570312,91.58999633789062,91.5999984741211,91.58000183105469,91.58000183105469,5103800
2024-08-15,83.91860961914062,91.5999984741211,91.61000061035156,91.58999633789062,91.5999984741211,6865000
2024-08-16,83.96440887451172,91.6500015258789,91.6500015258789,91.62999725341797,91.62999725341797,8828900
2024-08-19,83.96440887451172,91.6500015258789,91.66000366210938,91.6500015258789,91.66000366210938,5960000
2024-08-20,83.98274993896484,91.66999816894531,91.66999816894531,91.66000366210938,91.66000366210938,5868900
2024-08-21,84.0010986328125,91.69000244140625,91.69000244140625,91.68000030517578,91.69000244140625,4315700
2024-08-22,84.0010986328125,91.69000244140625,91.69999694824219,91.69000244140625,91.69000244140625,5644000
2024-08-23,84.0377197265625,91.7300033569336,91.73999786376953,91.7300033569336,91.7300033569336,6458000
2024-08-26,84.04690551757812,91.73999786376953,91.75,91.73999786376953,91.73999786376953,6712300
2024-08-27,84.06520080566406,91.76000213623047,91.76000213623047,91.75,91.76000213623047,6549600
2024-08-28,84.07434844970703,91.7699966430664,91.7699966430664,91.76000213623047,91.7699966430664,6373600
2024-08-29,84.07434844970703,91.7699966430664,91.79000091552734,91.7699966430664,91.77999877929688,4766800
2024-08-30,84.12016296386719,91.81999969482422,91.83000183105469,91.81999969482422,91.83000183105469,12422200
2024-09-03,84.1532974243164,91.45999908447266,91.45999908447266,91.44000244140625,91.44999694824219,18003300
2024-09-04,84.1624984741211,91.47000122070312,91.47000122070312,91.45999908447266,91.47000122070312,6427400
2024-09-05,84.17167663574219,91.4800033569336,91.48999786376953,91.47000122070312,91.4800033569336,7293000
2024-09-06,84.21770477294922,91.52999877929688,91.52999877929688,91.5199966430664,91.52999877929688,7105200
2024-09-09,84.21770477294922,91.52999877929688,91.54000091552734,91.52999877929688,91.54000091552734,5391800
2024-09-10,84.24530029296875,91.55999755859375,91.55999755859375,91.54000091552734,91.54000091552734,4815300
2024-09-11,84.24530029296875,91.55999755859375,91.56999969482422,91.55999755859375,91.55999755859375,7429500
2024-09-12,84.2545166015625,91.56999969482422,91.58000183105469,91.56999969482422,91.56999969482422,5170200
2024-09-13,84.30050659179688,91.62000274658203,91.62000274658203,91.61000061035156,91.61000061035156,8183500
2024-09-16,84.31891632080078,91.63999938964844,91.63999938964844,91.62999725341797,91.62999725341797,6037400
2024-09-17,84.328125,91.6500015258789,91.66000366210938,91.6500015258789,91.66000366210938,9658200
2024-09-18,84.34652709960938,91.66999816894531,91.68000030517578,91.66000366210938,91.66000366210938,7621200
2024-09-19,84.36494445800781,91.69000244140625,91.69000244140625,91.68000030517578,91.68000030517578,8001100
2024-09-20,84.4017333984375,91.7300033569336,91.7300033569336,91.72000122070312,91.72000122070312,6438700
2024-09-23,84.41095733642578,91.73999786376953,91.73999786376953,91.7300033569336,91.73999786376953,6998800
2024-09-24,84.42013549804688,91.75,91.76000213623047,91.75,91.75,11580200
2024-09-25,84.43852233886719,91.7699966430664,91.7699966430664,91.76000213623047,91.76000213623047,5875800
2024-09-26,84.43852233886719,91.7699966430664,91.77999877929688,91.7699966430664,91.7699966430664,4937700
2024-09-27,84.46614074707031,91.80000305175781,91.80999755859375,91.80000305175781,91.80000305175781,8616700
2024-09-30,84.47530364990234,91.80999755859375,91.81999969482422,91.80999755859375,91.80999755859375,11327400
2024-10-01,84.49473571777344,91.45999908447266,91.45999908447266,91.44999694824219,91.45999908447266,13695700
2024-10-02,84.50397491455078,91.47000122070312,91.47000122070312,91.45999908447266,91.47000122070312,7391800
2024-10-03,84.5224609375,91.48999786376953,91.48999786376953,91.4800033569336,91.4800033569336,5394900
2024-10-04,84.54092407226562,91.51000213623047,91.5199966430664,91.51000213623047,91.5199966430664,6208000
2024-10-07,84.55939483642578,91.52999877929688,91.52999877929688,91.5199966430664,91.5199966430664,6735500
2024-10-08,84.55939483642578,91.52999877929688,91.54000091552734,91.52999877929688,91.54000091552734,5266500
2024-10-09,84.56864166259766,91.54000091552734,91.55000305175781,91.54000091552734,91.54000091552734,6200800
2024-10-10,84.577880859375,91.55000305175781,91.55999755859375,91.55000305175781,91.55999755859375,4717800
2024-10-11,84.62408447265625,91.5999984741211,91.5999984741211,91.58999633789062,91.5999984741211,6011000
2024-10-14,84.61482238769531,91.58999633789062,91.61000061035156,91.58999633789062,91.5999984741211,4174900
2024-10-15,84.6425552368164,91.62000274658203,91.62000274658203,91.5999984741211,91.61000061035156,5906400
2024-10-16,84.6425552368164,91.62000274658203,91.62999725341797,91.62000274658203,91.62999725341797,5757300
2024-10-17,84.66102600097656,91.63999938964844,91.63999938964844,91.62999725341797,91.63999938964844,4395800
2024-10-18,84.6887435913086,91.66999816894531,91.68000030517578,91.66000366210938,91.68000030517578,5286800
2024-10-21,84.70724487304688,91.69000244140625,91.69000244140625,91.66999816894531,91.68000030517578,5874700
2024-10-22,84.71644592285156,91.69999694824219,91.69999694824219,91.69000244140625,91.69999694824219,4191500
2024-10-23,84.71644592285156,91.69999694824219,91.70999908447266,91.69999694824219,91.70999908447266,5462300
2024-10-24,84.72570037841797,91.70999908447266,91.72000122070312,91.70999908447266,91.72000122070312,4689000
2024-10-25,84.76264953613281,91.75,91.75,91.73999786376953,91.73999786376953,6048400
2024-10-28,84.76264953613281,91.75,91.76000213623047,91.75,91.76000213623047,5718600
2024-10-29,84.7811279296875,91.7699966430664,91.77999877929688,91.76000213623047,91.7699966430664,4704800
2024-10-30,84.79035949707031,91.77999877929688,91.79000091552734,91.77999877929688,91.77999877929688,4965800
2024-10-31,84.808837890625,91.80000305175781,91.80000305175781,91.79000091552734,91.79000091552734,12141700
2024-11-01,84.84500885009766,91.4800033569336,91.4800033569336,91.47000122070312,91.4800033569336,15201500
2024-11-04,84.8635482788086,91.5,91.5,91.48999786376953,91.5,9477100
2024-11-05,84.8635482788086,91.5,91.51000213623047,91.5,91.5,4689500
2024-11-06,84.88211822509766,91.5199966430664,91.5199966430664,91.51000213623047,91.51000213623047,9978200
2024-11-07,84.8913803100586,91.52999877929688,91.52999877929688,91.5199966430664,91.5199966430664,7827900
2024-11-08,84.9377670288086,91.58000183105469,91.58000183105469,91.55999755859375,91.56999969482422,8280900
2024-11-11,84.92848205566406,91.56999969482422,91.58000183105469,91.56999969482422,91.56999969482422,8165700
2024-11-12,84.9377670288086,91.58000183105469,91.58999633789062,91.58000183105469,91.58000183105469,5526300
2024-11-13,84.95630645751953,91.5999984741211,91.5999984741211,91.58999633789062,91.58999633789062,4860500
2024-11-14,84.95630645751953,91.5999984741211,91.61000061035156,91.5999984741211,91.61000061035156,6138400
2024-11-15,84.98416137695312,91.62999725341797,91.63999938964844,91.62999725341797,91.63999938964844,9715700
2024-11-18,84.99340057373047,91.63999938964844,91.66000366210938,91.63999938964844,91.6500015258789,7387900
2024-11-19,85.02123260498047,91.66999816894531,91.66999816894531,91.6500015258789,91.66000366210938,7470700
2024-11-20,85.03050994873047,91.68000030517578,91.68000030517578,91.66999816894531,91.66999816894531,5538200
2024-11-21,85.03980255126953,91.69000244140625,91.69000244140625,91.68000030517578,91.69000244140625,5889700
2024-11-22,85.06759643554688,91.72000122070312,91.72000122070312,91.70999908447266,91.70999908447266,6694300
2024-11-25,85.07688903808594,91.7300033569336,91.7300033569336,91.72000122070312,91.72000122070312,5107700
2024-11-26,85.07688903808594,91.7300033569336,91.73999786376953,91.7300033569336,91.7300033569336,6692000
2024-11-27,85.10469818115234,91.76000213623047,91.76000213623047,91.75,91.75,6120700
2024-11-29,85.12325286865234,91.77999877929688,91.80000305175781,91.77999877929688,91.77999877929688,9410500
2024-12-02,85.14651489257812,91.47000122070312,91.47000122070312,91.45999908447266,91.47000122070312,12973900
2024-12-03,85.1651611328125,91.48999786376953,91.48999786376953,91.4800033569336,91.4800033569336,5673500
2024-12-04,85.17445373535156,91.5,91.51000213623047,91.5,91.51000213623047,5963400
2024-12-05,85.18375396728516,91.51000213623047,91.5199966430664,91.51000213623047,91.5199966430664,5880200
2024-12-06,85.22099304199219,91.55000305175781,91.55000305175781,91.54000091552734,91.55000305175781,5706600
2024-12-09,85.23031616210938,91.55999755859375,91.56999969482422,91.55999755859375,91.55999755859375,8793100
2024-12-10,85.24893188476562,91.58000183105469,91.58000183105469,91.56999969482422,91.56999969482422,5400300
2024-12-11,85.25822448730469,91.58999633789062,91.58999633789062,91.58000183105469,91.58000183105469,5845900
2024-12-12,85.27685546875,91.61000061035156,91.61000061035156,91.5999984741211,91.5999984741211,4770200
2024-12-13,85.30477142333984,91.63999938964844,91.63999938964844,91.62999725341797,91.63999938964844,6271900
2024-12-16,85.31407928466797,91.6500015258789,91.6500015258789,91.63999938964844,91.6500015258789,6761700
2024-12-17,85.3233871459961,91.66000366210938,91.66000366210938,91.6500015258789,91.66000366210938,5827400
2024-12-18,85.3233871459961,91.66000366210938,91.66999816894531,91.66000366210938,91.66000366210938,9268200
2024-12-19,85.33554077148438,91.29000091552734,91.30000305175781,91.29000091552734,91.30000305175781,13876400
2024-12-20,85.37291717529297,91.33000183105469,91.33000183105469,91.31999969482422,91.31999969482422,12690000
2024-12-23,85.37291717529297,91.33000183105469,91.33999633789062,91.33000183105469,91.33000183105469,6572800
2024-12-24,85.39161682128906,91.3499984741211,91.36000061035156,91.3499984741211,91.3499984741211,4145600
2024-12-26,85.41031646728516,91.37000274658203,91.37000274658203,91.36000061035156,91.37000274658203,6192000
2024-12-27,85.44770812988281,91.41000366210938,91.41000366210938,91.4000015258789,91.41000366210938,6143500
2024-12-30,85.44770812988281,91.41000366210938,91.41999816894531,91.41000366210938,91.41000366210938,8990100
2024-12-31,85.46641540527344,91.43000030517578,91.44000244140625,91.43000030517578,91.44000244140625,7301500
2025-01-02,85.48509979248047,91.44999694824219,91.44999694824219,91.44000244140625,91.44999694824219,10756900
2025-01-03,85.49444580078125,91.45999908447266,91.4800033569336,91.45999908447266,91.4800033569336,7837900
2025-01-06,85.5037841796875,91.47000122070312,91.4800033569336,91.47000122070312,91.47000122070312,7827100
2025-01-07,85.52251434326172,91.48999786376953,91.5,91.4800033569336,91.48999786376953,6956800
2025-01-08,85.54119873046875,91.51000213623047,91.51000213623047,91.5,91.51000213623047,6673100
2025-01-10,85.56922149658203,91.54000091552734,91.55000305175781,91.54000091552734,91.55000305175781,10112200
2025-01-13,85.57858276367188,91.55000305175781,91.55999755859375,91.55000305175781,91.55000305175781,7854400
2025-01-14,85.59727478027344,91.56999969482422,91.56999969482422,91.55999755859375,91.55999755859375,6078300
2025-01-15,85.60665130615234,91.58000183105469,91.58000183105469,91.56999969482422,91.58000183105469,7253800
2025-01-16,85.60665130615234,91.58000183105469,91.58999633789062,91.58000183105469,91.58999633789062,6997800
2025-01-17,85.65335845947266,91.62999725341797,91.62999725341797,91.62000274658203,91.62000274658203,7745500
2025-01-21,85.65335845947266,91.62999725341797,91.63999938964844,91.62999725341797,91.62999725341797,10266200
2025-01-22,85.67205047607422,91.6500015258789,91.6500015258789,91.63999938964844,91.63999938964844,6019200
2025-01-23,85.67205047607422,91.6500015258789,91.66000366210938,91.6500015258789,91.66000366210938,6561500
2025-01-24,85.70945739746094,91.69000244140625,91.69000244140625,91.68000030517578,91.69000244140625,7242200
2025-01-27,85.71880340576172,91.69999694824219,91.69999694824219,91.69000244140625,91.69000244140625,7909600
2025-01-28,85.71880340576172,91.69999694824219,91.70999908447266,91.69999694824219,91.70999908447266,6485500
2025-01-29,85.72814178466797,91.70999908447266,91.72000122070312,91.70999908447266,91.72000122070312,5688800
2025-01-30,85.73748779296875,91.72000122070312,91.7300033569336,91.72000122070312,91.7300033569336,7369900
2025-01-31,85.76554107666016,91.75,91.76000213623047,91.75,91.75,13634400
2025-02-03,85.78992462158203,91.44999694824219,91.44999694824219,91.44000244140625,91.44999694824219,17508900
2025-02-04,85.78992462158203,91.44999694824219,91.45999908447266,91.44999694824219,91.45999908447266,9295900
2025-02-05,85.79930877685547,91.45999908447266,91.47000122070312,91.45999908447266,91.45999908447266,6249600
2025-02-06,85.81806945800781,91.4800033569336,91.4800033569336,91.47000122070312,91.4800033569336,8308300
2025-02-07,85.83683013916016,91.5,91.51000213623047,91.5,91.51000213623047,6391100
2025-02-10,85.8462142944336,91.51000213623047,91.5199966430664,91.51000213623047,91.5199966430664,5466500
2025-02-11,85.8555908203125,91.5199966430664,91.52999877929688,91.5199966430664,91.5199966430664,6959400
2025-02-12,85.86498260498047,91.52999877929688,91.54000091552734,91.52999877929688,91.52999877929688,6275700
2025-02-13,85.88373565673828,91.55000305175781,91.55000305175781,91.54000091552734,91.55000305175781,6340500
2025-02-14,85.91191101074219,91.58000183105469,91.58999633789062,91.58000183105469,91.58000183105469,6058900
2025-02-18,85.93062591552734,91.5999984741211,91.5999984741211,91.58999633789062,91.58999633789062,8777200
2025-02-19,85.94004821777344,91.61000061035156,91.61000061035156,91.5999984741211,91.61000061035156,5685800
2025-02-20,85.95877075195312,91.62999725341797,91.62999725341797,91.62000274658203,91.62000274658203,5454900
2025-02-21,85.9869384765625,91.66000366210938,91.66000366210938,91.6500015258789,91.6500015258789,7185900
2025-02-24,85.9963150024414,91.66999816894531,91.66999816894531,91.66000366210938,91.66999816894531,9061400
2025-02-25,85.9963150024414,91.66999816894531,91.68000030517578,91.66999816894531,91.68000030517578,8348300
2025-02-26,86.01507568359375,91.69000244140625,91.69000244140625,91.68000030517578,91.69000244140625,8610600
2025-02-27,86.02445983886719,91.69999694824219,91.69999694824219,91.69000244140625,91.69999694824219,6620600
2025-02-28,86.043212890625,91.72000122070312,91.7300033569336,91.72000122070312,91.72000122070312,13721500
2025-03-03,86.06110382080078,91.44999694824219,91.44999694824219,91.44000244140625,91.44999694824219,17874400
2025-03-04,86.06110382080078,91.44999694824219,91.45999908447266,91.44999694824219,91.45999908447266,12187400
2025-03-05,86.07049560546875,91.45999908447266,91.47000122070312,91.45999908447266,91.45999908447266,11850800
2025-03-06,86.07991027832031,91.47000122070312,91.4800033569336,91.47000122070312,91.4800033569336,10301700
2025-03-07,86.1175765991211,91.51000213623047,91.51000213623047,91.5,91.5,10375700
2025-03-10,86.126953125,91.5199966430664,91.5199966430664,91.51000213623047,91.51000213623047,29759000
2025-03-11,86.13638305664062,91.52999877929688,91.52999877929688,91.5199966430664,91.5199966430664,19163000
2025-03-12,86.14579010009766,91.54000091552734,91.54000091552734,91.52999877929688,91.54000091552734,20095800
2025-03-13,86.16461944580078,91.55999755859375,91.55999755859375,91.54000091552734,91.54000091552734,14549100
2025-03-14,86.1834487915039,91.58000183105469,91.58999633789062,91.58000183105469,91.58000183105469,15909000
2025-03-17,86.2022476196289,91.5999984741211,91.5999984741211,91.58999633789062,91.5999984741211,9386400
2025-03-18,86.2022476196289,91.5999984741211,91.61000061035156,91.5999984741211,91.5999984741211,8773100
2025-03-19,86.21167755126953,91.61000061035156,91.62000274658203,91.61000061035156,91.61000061035156,8833200
2025-03-20,86.23048400878906,91.62999725341797,91.62999725341797,91.62000274658203,91.62000274658203,8491000
2025-03-21,86.25872802734375,91.66000366210938,91.66000366210938,91.6500015258789,91.66000366210938,6544300
2025-03-24,86.25872802734375,91.66000366210938,91.66999816894531,91.66000366210938,91.66999816894531,8056300
2025-03-25,86.26813507080078,91.66999816894531,91.68000030517578,91.66999816894531,91.66999816894531,18837100
2025-03-26,86.27754974365234,91.68000030517578,91.69000244140625,91.68000030517578,91.69000244140625,7171300
2025-03-27,86.29637145996094,91.69999694824219,91.69999694824219,91.69000244140625,91.69000244140625,8399300
2025-03-28,86.3246078491211,91.7300033569336,91.7300033569336,91.72000122070312,91.72000122070312,10052200
2025-03-31,86.3246078491211,91.7300033569336,91.73999786376953,91.7300033569336,91.7300033569336,22045800
2025-04-01,86.34443664550781,91.43000030517578,91.43000030517578,91.41999816894531,91.43000030517578,19110200
2025-04-02,86.35387420654297,91.44000244140625,91.44000244140625,91.43000030517578,91.43000030517578,9035500
2025-04-03,86.36331939697266,91.44999694824219,91.44999694824219,91.44000244140625,91.44999694824219,24029500
2025-04-04,86.39164733886719,91.4800033569336,91.48999786376953,91.47000122070312,91.4800033569336,33920200
2025-04-07,86.40109252929688,91.48999786376953,91.5,91.4800033569336,91.5,37206000
2025-04-08,86.41998291015625,91.51000213623047,91.5199966430664,91.48999786376953,91.48999786376953,21800900
2025-04-09,86.41998291015625,91.51000213623047,91.51000213623047,91.5,91.5,22907000
2025-04-10,86.4294204711914,91.5199966430664,91.5199966430664,91.51000213623047,91.51000213623047,23678100
2025-04-11,86.46719360351562,91.55999755859375,91.55999755859375,91.54000091552734,91.55000305175781,34807600
2025-04-14,86.46719360351562,91.55999755859375,91.55999755859375,91.55000305175781,91.55999755859375,18027100
2025-04-15,86.4861068725586,91.58000183105469,91.58000183105469,91.55999755859375,91.56999969482422,10082100
2025-04-16,86.49552917480469,91.58999633789062,91.58999633789062,91.58000183105469,91.58000183105469,12016200
2025-04-17,86.53329467773438,91.62999725341797,91.63999938964844,91.62000274658203,91.62999725341797,8243800
2025-04-21,86.5427474975586,91.63999938964844,91.63999938964844,91.62999725341797,91.62999725341797,10032200
2025-04-22,86.5427474975586,91.63999938964844,91.6500015258789,91.63999938964844,91.63999938964844,9201200
2025-04-23,86.56163787841797,91.66000366210938,91.66000366210938,91.6500015258789,91.66000366210938,8478500
2025-04-24,86.56163787841797,91.66000366210938,91.66999816894531,91.66000366210938,91.66000366210938,20381700
2025-04-25,86.59941864013672,91.69999694824219,91.69999694824219,91.69000244140625,91.69000244140625,11894100
2025-04-28,86.60885620117188,91.70999908447266,91.70999908447266,91.69999694824219,91.69999694824219,9934400
2025-04-29,86.60885620117188,91.70999908447266,91.72000122070312,91.70999908447266,91.70999908447266,19478900
2025-04-30,86.61827850341797,91.72000122070312,91.7300033569336,91.72000122070312,91.72000122070312,17498400
2025-05-01,86.63914489746094,91.43000030517578,91.43000030517578,91.41999816894531,91.43000030517578,15747600
2025-05-02,86.66757202148438,91.45999908447266,91.45999908447266,91.44999694824219,91.44999694824219,14267400
2025-05-05,86.66757202148438,91.45999908447266,91.47000122070312,91.45999908447266,91.47000122070312,26580800
2025-05-06,86.6865234375,91.4800033569336,91.4800033569336,91.47000122070312,91.47000122070312,8429300
2025-05-07,86.6865234375,91.4800033569336,91.48999786376953,91.4800033569336,91.4800033569336,6212900
2025-05-08,86.70545959472656,91.5,91.5,91.48999786376953,91.48999786376953,9354600
2025-05-09,86.73389434814453,91.52999877929688,91.52999877929688,91.5199966430664,91.52999877929688,9062400
2025-05-12,86.73389434814453,91.52999877929688,91.54000091552734,91.52999877929688,91.52999877929688,14492000
2025-05-13,86.75285339355469,91.55000305175781,91.55000305175781,91.54000091552734,91.55000305175781,23455700
2025-05-14,86.75285339355469,91.55000305175781,91.55999755859375,91.55000305175781,91.55000305175781,9141900
2025-05-15,86.7623291015625,91.55999755859375,91.56999969482422,91.55999755859375,91.56999969482422,6657100
2025-05-16,86.80021667480469,91.5999984741211,91.5999984741211,91.58999633789062,91.5999984741211,8756000
2025-05-19,86.80021667480469,91.5999984741211,91.61000061035156,91.5999984741211,91.5999984741211,7618200
2025-05-20,86.8191909790039,91.62000274658203,91.62000274658203,91.61000061035156,91.61000061035156,7925400
2025-05-21,86.82865142822266,91.62999725341797,91.63999938964844,91.62999725341797,91.62999725341797,12007400
2025-05-22,86.84762573242188,91.6500015258789,91.6500015258789,91.63999938964844,91.63999938964844,7876500
2025-05-23,86.88552856445312,91.69000244140625,91.69000244140625,91.68000030517578,91.68000030517578,14805900
2025-05-27,86.88552856445312,91.69000244140625,91.69999694824219,91.69000244140625,91.69000244140625,8996500
2025-05-28,86.89497375488281,91.69999694824219,91.70999908447266,91.69999694824219,91.69999694824219,9887600
2025-05-29,86.90447235107422,91.70999908447266,91.72000122070312,91.70999908447266,91.70999908447266,7477700
2025-05-30,86.93289947509766,91.73999786376953,91.75,91.73999786376953,91.73999786376953,19202100
2025-06-02,86.9481201171875,91.44000244140625,91.44999694824219,91.44000244140625,91.44999694824219,17013900
2025-06-03,86.96712493896484,91.45999908447266,91.45999908447266,91.44999694824219,91.44999694824219,8454700
2025-06-04,86.96712493896484,91.45999908447266,91.47000122070312,91.45999908447266,91.45999908447266,14872200
2025-06-05,86.97663116455078,91.47000122070312,91.4800033569336,91.47000122070312,91.47000122070312,7780200
2025-06-06,87.00515747070312,91.5,91.51000213623047,91.5,91.5,7582100
2025-06-09,87.02417755126953,91.5199966430664,91.5199966430664,91.51000213623047,91.51000213623047,8128000
2025-06-10,87.03367614746094,91.52999877929688,91.52999877929688,91.5199966430664,91.5199966430664,9514600
2025-06-11,87.03367614746094,91.52999877929688,91.54000091552734,91.52999877929688,91.52999877929688,7435700
2025-06-12,87.04320526123047,91.54000091552734,91.55000305175781,91.54000091552734,91.54000091552734,5315900
2025-06-13,87.08125305175781,91.58000183105469,91.58000183105469,91.56999969482422,91.58000183105469,6221300
2025-06-16,87.08125305175781,91.58000183105469,91.58999633789062,91.58000183105469,91.58999633789062,8456900
2025-06-17,87.10023498535156,91.5999984741211,91.5999984741211,91.58999633789062,91.58999633789062,5518300
2025-06-18,87.1192626953125,91.62000274658203,91.62000274658203,91.61000061035156,91.61000061035156,5063800
2025-06-20,87.1382827758789,91.63999938964844,91.6500015258789,91.63999938964844,91.6500015258789,6516900
2025-06-23,87.15731048583984,91.66000366210938,91.66000366210938,91.6500015258789,91.6500015258789,6474200
2025-06-24,87.15731048583984,91.66000366210938,91.66999816894531,91.66000366210938,91.66000366210938,16266600
2025-06-25,87.16680908203125,91.66999816894531,91.68000030517578,91.66999816894531,91.68000030517578,7119500
2025-06-26,87.17633056640625,91.68000030517578,91.69000244140625,91.68000030517578,91.68000030517578,7976100
2025-06-27,87.21435546875,91.72000122070312,91.7300033569336,91.72000122070312,91.72000122070312,6878900
2025-06-30,87.22386932373047,91.7300033569336,91.73999786376953,91.7300033569336,91.73999786376953,16763400
2025-07-01,87.2391357421875,91.44000244140625,91.44000244140625,91.43000030517578,91.44000244140625,18374200
2025-07-02,87.2486801147461,91.44999694824219,91.44999694824219,91.44000244140625,91.44999694824219,6569200
2025-07-03,87.2963638305664,91.5,91.51000213623047,91.48999786376953,91.48999786376953,4860800
2025-07-07,87.30592346191406,91.51000213623047,91.51000213623047,91.5,91.5,11518400
2025-07-08,87.30592346191406,91.51000213623047,91.5199966430664,91.51000213623047,91.51000213623047,10532400
2025-07-09,87.3154525756836,91.5199966430664,91.52999877929688,91.5199966430664,91.5199966430664,10322900
2025-07-10,87.33453369140625,91.54000091552734,91.54000091552734,91.52999877929688,91.52999877929688,9514400
2025-07-11,87.35363006591797,91.55999755859375,91.56999969482422,91.55999755859375,91.55999755859375,5713900
2025-07-14,87.36314392089844,91.56999969482422,91.58000183105469,91.56999969482422,91.58000183105469,6587100
2025-07-15,87.37271118164062,91.58000183105469,91.58999633789062,91.58000183105469,91.58000183105469,6166500
2025-07-16,87.39176177978516,91.5999984741211,91.5999984741211,91.58999633789062,91.58999633789062,6745200
2025-07-17,87.39176177978516,91.5999984741211,91.61000061035156,91.5999984741211,91.61000061035156,6559900
2025-07-18,87.42994689941406,91.63999938964844,91.6500015258789,91.62999725341797,91.62999725341797,6681400
2025-07-21,87.44903564453125,91.66000366210938,91.66000366210938,91.6500015258789,91.66000366210938,6678700
2025-07-22,87.45856475830078,91.66999816894531,91.66999816894531,91.66000366210938,91.66999816894531,4792100
2025-07-23,87.46810913085938,91.68000030517578,91.68000030517578,91.66999816894531,91.66999816894531,6437300
2025-07-24,87.46810913085938,91.68000030517578,91.69000244140625,91.68000030517578,91.68000030517578,4807700
2025-07-25,87.4967269897461,91.70999908447266,91.72000122070312,91.70999908447266,91.70999908447266,5153900
2025-07-28,87.50627136230469,91.72000122070312,91.7300033569336,91.72000122070312,91.7300033569336,6305300
2025-07-29,87.51580047607422,91.7300033569336,91.73999786376953,91.7300033569336,91.7300033569336,7664300
2025-07-30,87.52536010742188,91.73999786376953,91.75,91.73999786376953,91.73999786376953,6895100
2025-07-31,87.5348892211914,91.75,91.76000213623047,91.75,91.75,11795100
2025-08-01,87.57221984863281,91.47000122070312,91.47000122070312,91.45999908447266,91.47000122070312,20144800
2025-08-04,87.58179473876953,91.4800033569336,91.4800033569336,91.47000122070312,91.4800033569336,20328000
2025-08-05,87.58179473876953,91.4800033569336,91.48999786376953,91.4800033569336,91.48999786376953,8588400
2025-08-06,87.61053466796875,91.51000213623047,91.51000213623047,91.48999786376953,91.5,7208800
2025-08-07,87.61053466796875,91.51000213623047,91.5199966430664,91.51000213623047,91.51000213623047,7157900
2025-08-08,87.63924407958984,91.54000091552734,91.55000305175781,91.54000091552734,91.55000305175781,6243500
2025-08-11,87.64881896972656,91.55000305175781,91.55999755859375,91.55000305175781,91.55000305175781,8361400
2025-08-12,87.65840148925781,91.55999755859375,91.56999969482422,91.55999755859375,91.55999755859375,6571900
2025-08-13,87.66796112060547,91.56999969482422,91.58000183105469,91.56999969482422,91.56999969482422,6791500
2025-08-14,87.67755126953125,91.58000183105469,91.58999633789062,91.58000183105469,91.58999633789062,6475800
2025-08-15,87.71582794189453,91.62000274658203,91.62000274658203,91.61000061035156,91.62000274658203,5354600
2025-08-18,87.71582794189453,91.62000274658203,91.62999725341797,91.62000274658203,91.62000274658203,15606200
2025-08-19,87.7349853515625,91.63999938964844,91.63999938964844,91.62999725341797,91.63999938964844,11862700
2025-08-20,87.75414276123047,91.66000366210938,91.66000366210938,91.6500015258789,91.6500015258789,6916000
2025-08-21,87.75414276123047,91.66000366210938,91.66999816894531,91.66000366210938,91.66000366210938,4656000
2025-08-22,87.7828598022461,91.69000244140625,91.69999694824219,91.69000244140625,91.69999694824219,7468100
2025-08-25,87.79241943359375,91.69999694824219,91.70999908447266,91.69999694824219,91.69999694824219,7319800
2025-08-26,87.802001953125,91.70999908447266,91.72000122070312,91.70999908447266,91.72000122070312,8729600
2025-08-27,87.81157684326172,91.72000122070312,91.7300033569336,91.72000122070312,91.72000122070312,4919400
2025-08-28,87.8211441040039,91.7300033569336,91.73999786376953,91.7300033569336,91.7300033569336,5490300
2025-08-29,87.85943603515625,91.7699966430664,91.77999877929688,91.7699966430664,91.7699966430664,11546500
2025-09-02,87.88058471679688,91.47000122070312,91.47000122070312,91.45999908447266,91.47000122070312,13477100
2025-09-03,87.89019775390625,91.4800033569336,91.4800033569336,91.47000122070312,91.4800033569336,7040700
2025-09-04,87.90937805175781,91.5,91.5,91.4800033569336,91.48999786376953,9180600
2025-09-05,87.93822479248047,91.52999877929688,91.52999877929688,91.5199966430664,91.5199966430664,10223000
2025-09-08,87.94783020019531,91.54000091552734,91.55000305175781,91.54000091552734,91.54000091552734,9201200
2025-09-09,87.95744323730469,91.55000305175781,91.55000305175781,91.54000091552734,91.55000305175781,8740800
2025-09-10,87.96704864501953,91.55999755859375,91.55999755859375,91.55000305175781,91.55000305175781,9027200
2025-09-11,87.97664642333984,91.56999969482422,91.56999969482422,91.55999755859375,91.56999969482422,9714300
2025-09-12,88.00547790527344,91.5999984741211,91.5999984741211,91.58999633789062,91.58999633789062,7154200
2025-09-15,88.01509094238281,91.61000061035156,91.61000061035156,91.5999984741211,91.5999984741211,8876200
2025-09-16,88.02469635009766,91.62000274658203,91.62999725341797,91.62000274658203,91.62000274658203,7036400
2025-09-17,88.03428649902344,91.62999725341797,91.63999938964844,91.62999725341797,91.62999725341797,5395900
2025-09-18,88.04390716552734,91.63999938964844,91.6500015258789,91.63999938964844,91.6500015258789,6032900
2025-09-19,88.08234405517578,91.68000030517578,91.68000030517578,91.66999816894531,91.68000030517578,6689800
2025-09-22,88.09194946289062,91.69000244140625,91.69000244140625,91.68000030517578,91.68000030517578,6255200
2025-09-23,88.09194946289062,91.69000244140625,91.69999694824219,91.69000244140625,91.69000244140625,7854700
2025-09-24,88.11115264892578,91.70999908447266,91.70999908447266,91.69999694824219,91.69999694824219,6711500
2025-09-25,88.11115264892578,91.70999908447266,91.72000122070312,91.70999908447266,91.70999908447266,11455100
2025-09-26,88.13996887207031,91.73999786376953,91.73999786376953,91.7300033569336,91.73999786376953,7888800
2025-09-29,88.14958953857422,91.75,91.75,91.73999786376953,91.73999786376953,6928500
2025-09-30,88.14958953857422,91.75,91.76000213623047,91.75,91.75,14165800
2025-10-01,88.16983795166016,91.45999908447266,91.45999908447266,91.44999694824219,91.45999908447266,15501400
2025-10-02,88.17948913574219,91.47000122070312,91.47000122070312,91.45999908447266,91.47000122070312,7225200
2025-10-03,88.1987533569336,91.48999786376953,91.5,91.48999786376953,91.5,6177600
2025-10-06,88.2180404663086,91.51000213623047,91.51000213623047,91.5,91.51000213623047,7041200
2025-10-07,88.2180404663086,91.51000213623047,91.5199966430664,91.51000213623047,91.51000213623047,7071900
2025-10-08,88.23731994628906,91.52999877929688,91.52999877929688,91.5199966430664,91.52999877929688,7236300
2025-10-09,88.23731994628906,91.52999877929688,91.54000091552734,91.52999877929688,91.52999877929688,9389800
2025-10-10,88.27587890625,91.56999969482422,91.56999969482422,91.55999755859375,91.55999755859375,14648000
2025-10-13,88.2855224609375,91.58000183105469,91.58000183105469,91.55999755859375,91.56999969482422,13286000
2025-10-14,88.2855224609375,91.58000183105469,91.58999633789062,91.58000183105469,91.58999633789062,8281800
2025-10-15,88.295166015625,91.58999633789062,91.5999984741211,91.58999633789062,91.5999984741211,11747900
2025-10-16,88.3048095703125,91.5999984741211,91.5999984741211,91.58999633789062,91.5999984741211,7811800
2025-10-17,88.3240737915039,91.62000274658203,91.62999725341797,91.62000274658203,91.62999725341797,10183500
2025-10-20,88.3433609008789,91.63999938964844,91.63999938964844,91.62999725341797,91.63999938964844,8215400
2025-10-21,88.3433609008789,91.63999938964844,91.6500015258789,91.63999938964844,91.6500015258789,6989600
2025-10-22,88.3626480102539,91.66000366210938,91.66000366210938,91.6500015258789,91.66000366210938,13191400
2025-10-23,88.37228393554688,91.66999816894531,91.66999816894531,91.66000366210938,91.66000366210938,7399500
2025-10-24,88.40119934082031,91.69999694824219,91.69999694824219,91.69000244140625,91.69999694824219,8743100
2025-10-27,88.40119934082031,91.69999694824219,91.70999908447266,91.69999694824219,91.69999694824219,11472400
2025-10-28,88.41082763671875,91.70999908447266,91.72000122070312,91.70999908447266,91.72000122070312,13039400
2025-10-29,88.43975067138672,91.73999786376953,91.73999786376953,91.72000122070312,91.72000122070312,13416300
2025-10-30,88.43975067138672,91.73999786376953,91.75,91.73999786376953,91.73999786376953,7897200
2025-10-31,88.45904541015625,91.76000213623047,91.7699966430664,91.76000213623047,91.76000213623047,14371000
2025-11-03,88.47162628173828,91.47000122070312,91.47000122070312,91.47000122070312,91.47000122070312,17922800
2025-11-04,88.48129272460938,91.4800033569336,91.4800033569336,91.47000122070312,91.4800033569336,12162100
2025-11-05,88.490966796875,91.48999786376953,91.5,91.48999786376953,91.5,7973200
2025-11-06,88.5006332397461,91.5,91.51000213623047,91.5,91.5,15915800
2025-11-07,88.52964782714844,91.52999877929688,91.54000091552734,91.52999877929688,91.52999877929688,11525000
2025-11-10,88.54899597167969,91.55000305175781,91.55000305175781,91.54000091552734,91.55000305175781,13043700
2025-11-11,88.53932189941406,91.54000091552734,91.55000305175781,91.54000091552734,91.55000305175781,6181200
2025-11-12,88.54899597167969,91.55000305175781,91.55999755859375,91.55000305175781,91.55000305175781,6371200
2025-11-13,88.55866241455078,91.55999755859375,91.56999969482422,91.55999755859375,91.55999755859375,6625900
2025-11-14,88.59736633300781,91.5999984741211,91.5999984741211,91.58999633789062,91.5999984741211,10192200
2025-11-17,88.59736633300781,91.5999984741211,91.61000061035156,91.5999984741211,91.5999984741211,9767000
2025-11-18,88.61669921875,91.62000274658203,91.62000274658203,91.61000061035156,91.62000274658203,9642600
2025-11-19,88.61669921875,91.62000274658203,91.62999725341797,91.62000274658203,91.62999725341797,6206200
2025-11-20,88.63604736328125,91.63999938964844,91.63999938964844,91.62000274658203,91.62999725341797,10933900
2025-11-21,88.65540313720703,91.66000366210938,91.66000366210938,91.66000366210938,91.66000366210938,9431800
2025-11-24,88.65540313720703,91.66000366210938,91.66999816894531,91.66000366210938,91.66000366210938,7347100
2025-11-25,88.67473602294922,91.68000030517578,91.68000030517578,91.66999816894531,91.68000030517578,8992400
2025-11-26,88.68439483642578,91.69000244140625,91.69999694824219,91.69000244140625,91.69999694824219,6749500
2025-11-28,88.71343231201172,91.72000122070312,91.7300033569336,91.72000122070312,91.72000122070312,10775200
2025-12-01,88.72409057617188,91.44999694824219,91.45999908447266,91.44999694824219,91.45999908447266,16856800
2025-12-02,88.75320434570312,91.4800033569336,91.4800033569336,91.45999908447266,91.47000122070312,7403400
2025-12-03,88.76290893554688,91.48999786376953,91.48999786376953,91.4800033569336,91.4800033569336,6530900
2025-12-04,88.7726058959961,91.5,91.51000213623047,91.5,91.5,7236700
2025-12-05,88.79199981689453,91.5199966430664,91.52999877929688,91.5199966430664,91.52999877929688,7308400
2025-12-08,88.80170440673828,91.52999877929688,91.54000091552734,91.52999877929688,91.52999877929688,7579000
2025-12-09,88.82111358642578,91.55000305175781,91.55000305175781,91.54000091552734,91.55000305175781,9285600
2025-12-10,88.82111358642578,91.55000305175781,91.55999755859375,91.55000305175781,91.55000305175781,6974200
2025-12-11,88.830810546875,91.55999755859375,91.56999969482422,91.55999755859375,91.55999755859375,7144500
2025-12-12,88.86963653564453,91.5999984741211,91.5999984741211,91.58999633789062,91.5999984741211,6040700
2025-12-15,88.86963653564453,91.5999984741211,91.61000061035156,91.5999984741211,91.5999984741211,6058100
2025-12-16,88.87932586669922,91.61000061035156,91.62000274658203,91.61000061035156,91.61000061035156,7212200
2025-12-17,88.88903045654297,91.62000274658203,91.62999725341797,91.62000274658203,91.62000274658203,9641200
2025-12-18,88.90364074707031,91.2699966430664,91.2699966430664,91.26000213623047,91.2699966430664,10277300
2025-12-19,88.93286895751953,91.30000305175781,91.30000305175781,91.29000091552734,91.29000091552734,7581800
2025-12-22,88.93286895751953,91.30000305175781,91.30999755859375,91.30000305175781,91.30000305175781,11026900
2025-12-23,88.93286895751953,91.30000305175781,91.30999755859375,91.30000305175781,91.30999755859375,7111200
2025-12-24,88.96208190917969,91.33000183105469,91.33000183105469,91.31999969482422,91.33000183105469,5073500
2025-12-26,88.9913101196289,91.36000061035156,91.36000061035156,91.3499984741211,91.3499984741211,5588900
2025-12-29,88.9913101196289,91.36000061035156,91.37000274658203,91.36000061035156,91.36000061035156,7988900
2025-12-30,89.00104522705078,91.37000274658203,91.37999725341797,91.37000274658203,91.37000274658203,7852900
2025-12-31,89.01078796386719,91.37999725341797,91.38999938964844,91.37999725341797,91.38999938964844,11225900
2026-01-02,89.04975128173828,91.41999816894531,91.41999816894531,91.41000366210938,91.41999816894531,8517900
2026-01-05,89.04975128173828,91.41999816894531,91.43000030517578,91.41999816894531,91.41999816894531,11770200
2026-01-06,89.05948638916016,91.43000030517578,91.44000244140625,91.43000030517578,91.43000030517578,9135800
2026-01-07,89.07897186279297,91.44999694824219,91.44999694824219,91.44000244140625,91.44000244140625,8767200
2026-01-08,89.07897186279297,91.44999694824219,91.44999694824219,91.44999694824219,91.44999694824219,7116500
2026-01-09,89.09847259521484,91.47000122070312,91.4800033569336,91.47000122070312,91.47000122070312,7776600
2026-01-12,89.10820007324219,91.4800033569336,91.48999786376953,91.4800033569336,91.4800033569336,6189700
2026-01-13,89.1179428100586,91.48999786376953,91.5,91.48999786376953,91.48999786376953,7777400
2026-01-14,89.12767028808594,91.5,91.5,91.48999786376953,91.5,8005900
2026-01-15,89.12767028808594,91.5,91.51000213623047,91.5,91.51000213623047,8938400
2026-01-16,89.16663360595703,91.54000091552734,91.54000091552734,91.54000091552734,91.54000091552734,7648200
2026-01-20,89.16663360595703,91.54000091552734,91.55999755859375,91.54000091552734,91.55000305175781,9335100
2026-01-21,89.17638397216797,91.55000305175781,91.55999755859375,91.55000305175781,91.55999755859375,8153800
2026-01-22,89.18611907958984,91.55999755859375,91.56999969482422,91.55999755859375,91.56999969482422,7679200
2026-01-23,89.2153549194336,91.58999633789062,91.5999984741211,91.58999633789062,91.58999633789062,8147700
2026-01-26,89.2153549194336,91.58999633789062,91.61000061035156,91.58999633789062,91.5999984741211,10052800
2026-01-27,89.22509765625,91.5999984741211,91.61000061035156,91.5999984741211,91.5999984741211,8178400
2026-01-28,89.23482513427734,91.61000061035156,91.62000274658203,91.61000061035156,91.61000061035156,6265500
2026-01-29,89.25430297851562,91.62999725341797,91.62999725341797,91.62000274658203,91.62000274658203,10237300
2026-01-30,89.27378845214844,91.6500015258789,91.6500015258789,91.63999938964844,91.63999938964844,14545800
2026-02-02,89.28746795654297,91.38999938964844,91.38999938964844,91.37999725341797,91.38999938964844,21391700
2026-02-03,89.28746795654297,91.38999938964844,91.4000015258789,91.38999938964844,91.38999938964844,11836100
2026-02-04,89.30699920654297,91.41000366210938,91.41000366210938,91.4000015258789,91.4000015258789,9216600
2026-02-05,89.30699920654297,91.41000366210938,91.41999816894531,91.41000366210938,91.41000366210938,9393900
2026-02-06,89.33631896972656,91.44000244140625,91.44000244140625,91.44000244140625,91.44000244140625,12369800
2026-02-09,89.33631896972656,91.44000244140625,91.44999694824219,91.44000244140625,91.44000244140625,9180300
2026-02-10,89.34608459472656,91.44999694824219,91.45999908447266,91.44999694824219,91.45999908447266,7085300
2026-02-11,89.36563110351562,91.47000122070312,91.47000122070312,91.45999908447266,91.45999908447266,5732300
2026-02-12,89.36563110351562,91.47000122070312,91.4800033569336,91.47000122070312,91.4800033569336,6366300
2026-02-13,89.40470886230469,91.51000213623047,91.51000213623047,91.5,91.5,9832500
2026-02-17,89.41447448730469,91.5199966430664,91.5199966430664,91.51000213623047,91.5199966430664,6710000
2026-02-18,89.42424774169922,91.52999877929688,91.52999877929688,91.5199966430664,91.5199966430664,8752800
2026-02-19,89.42424774169922,91.52999877929688,91.54000091552734,91.52999877929688,91.52999877929688,4941800
2026-02-20,89.45355224609375,91.55999755859375,91.56999969482422,91.55999755859375,91.56999969482422,6518200
2026-02-23,89.45355224609375,91.55999755859375,91.56999969482422,91.55999755859375,91.56999969482422,7714900
2026-02-24,89.47310638427734,91.58000183105469,91.58000183105469,91.56999969482422,91.58000183105469,5476100
2026-02-25,89.48286437988281,91.58999633789062,91.58999633789062,91.58000183105469,91.58999633789062,6009100
2026-02-26,89.49263763427734,91.5999984741211,91.5999984741211,91.58999633789062,91.58999633789062,6447700
2026-02-27,89.5121841430664,91.62000274658203,91.62999725341797,91.62000274658203,91.62000274658203,11530600
2026-03-02,89.52491760253906,91.38999938964844,91.38999938964844,91.37999725341797,91.38999938964844,15489300
2026-03-03,89.53472137451172,91.4000015258789,91.4000015258789,91.38999938964844,91.4000015258789,11602900
2026-03-04,89.54450988769531,91.41000366210938,91.41000366210938,91.4000015258789,91.41000366210938,9932500
2026-03-05,89.55429077148438,91.41999816894531,91.41999816894531,91.41000366210938,91.41999816894531,9249000
2026-03-06,89.57389068603516,91.44000244140625,91.44999694824219,91.44000244140625,91.44999694824219,8733200
2026-03-09,89.58368682861328,91.44999694824219,91.45999908447266,91.44999694824219,91.45999908447266,13422900
2026-03-10,89.5934829711914,91.45999908447266,91.45999908447266,91.44999694824219,91.45999908447266,9226800
2026-03-11,89.5934829711914,91.45999908447266,91.47000122070312,91.45999908447266,91.45999908447266,6613400
2026-03-12,89.61307525634766,91.4800033569336,91.4800033569336,91.47000122070312,91.47000122070312,10138900
2026-03-13,89.64246368408203,91.51000213623047,91.51000213623047,91.5,91.51000213623047,11182000
2026-03-16,89.64246368408203,91.51000213623047,91.5199966430664,91.51000213623047,91.5199966430664,8509100
2026-03-17,89.65226745605469,91.5199966430664,91.52999877929688,91.5199966430664,91.52999877929688,7548300
2026-03-18,89.6718521118164,91.54000091552734,91.54000091552734,91.52999877929688,91.52999877929688,15874000
2026-03-19,89.6718521118164,91.54000091552734,91.54000091552734,91.52999877929688,91.54000091552734,14921000
2026-03-20,89.70124053955078,91.56999969482422,91.56999969482422,91.55999755859375,91.56999969482422,14839100
2026-03-23,89.71102905273438,91.58000183105469,91.58000183105469,91.56999969482422,91.58000183105469,30253900
2026-03-24,89.72083282470703,91.58999633789062,91.58999633789062,91.58000183105469,91.58000183105469,17380200
2026-03-25,89.71102905273438,91.58000183105469,91.5999984741211,91.58000183105469,91.58999633789062,16949500
2026-03-26,89.73063659667969,91.5999984741211,91.5999984741211,91.58999633789062,91.5999984741211,13198900
2026-03-27,89.760009765625,91.62999725341797,91.62999725341797,91.62000274658203,91.62000274658203,11244000
2026-03-30,89.7697982788086,91.63999938964844,91.63999938964844,91.62999725341797,91.62999725341797,12480000
2026-03-31,89.7697982788086,91.63999938964844,91.6500015258789,91.63999938964844,91.63999938964844,20279800
2026-04-01,89.79338836669922,91.4000015258789,91.4000015258789,91.38999938964844,91.4000015258789,22095200
2026-04-02,89.81303405761719,91.41999816894531,91.44000244140625,91.41999816894531,91.43000030517578,11510300
2026-04-06,89.83268737792969,91.44000244140625,91.44000244140625,91.43000030517578,91.43000030517578,17291500
2026-04-07,89.84251403808594,91.44999694824219,91.44999694824219,91.44000244140625,91.44999694824219,9231600
2026-04-08,89.84251403808594,91.44999694824219,91.45999908447266,91.44999694824219,91.45999908447266,13839400
2026-04-09,89.85234069824219,91.45999908447266,91.47000122070312,91.45999908447266,91.45999908447266,15586500
2026-04-10,89.88180541992188,91.48999786376953,91.5,91.48999786376953,91.48999786376953,10595200
2026-04-13,89.88180541992188,91.48999786376953,91.51000213623047,91.48999786376953,91.5,9906200
2026-04-14,89.89163208007812,91.5,91.51000213623047,91.5,91.5,21667600
2026-04-15,89.90145111083984,91.51000213623047,91.5199966430664,91.51000213623047,91.51000213623047,18583600
2026-04-16,89.9112777709961,91.5199966430664,91.52999877929688,91.5199966430664,91.5199966430664,17779800
2026-04-17,89.94075775146484,91.55000305175781,91.55999755859375,91.54000091552734,91.55000305175781,13604100
2026-04-20,89.95056915283203,91.55999755859375,91.55999755859375,91.55000305175781,91.55999755859375,7961400
2026-04-21,89.96039581298828,91.56999969482422,91.56999969482422,91.55999755859375,91.56999969482422,8177600
2026-04-22,89.96039581298828,91.56999969482422,91.58000183105469,91.56999969482422,91.56999969482422,9669300
2026-04-23,89.98004913330078,91.58999633789062,91.58999633789062,91.58000183105469,91.58000183105469,6741000
2026-04-24,89.99970245361328,91.61000061035156,91.62000274658203,91.61000061035156,91.62000274658203,7270200
2026-04-27,90.009521484375,91.62000274658203,91.62999725341797,91.62000274658203,91.62000274658203,8616000
2026-04-28,90.01934051513672,91.62999725341797,91.63999938964844,91.62999725341797,91.62999725341797,6500500
2026-04-29,90.01934051513672,91.62999725341797,91.63999938964844,91.62999725341797,91.63999938964844,9227100
2026-04-30,90.02916717529297,91.63999938964844,91.6500015258789,91.63999938964844,91.63999938964844,14975100
2026-05-01,90.05873107910156,91.4000015258789,91.41000366210938,91.4000015258789,91.41000366210938,14126100
2026-05-04,90.07843017578125,91.41999816894531,91.41999816894531,91.41000366210938,91.41000366210938,10297700
2026-05-05,90.0882797241211,91.43000030517578,91.43000030517578,91.41999816894531,91.43000030517578,9783300
2026-05-06,90.07843017578125,91.41999816894531,91.43000030517578,91.41999816894531,91.41999816894531,8293500
2026-05-07,90.09814453125,91.44000244140625,91.44000244140625,91.43000030517578,91.44000244140625,8040800
2026-05-08,90.11785888671875,91.45999908447266,91.47000122070312,91.45999908447266,91.45999908447266,8043400
2026-05-11,90.13755798339844,91.4800033569336,91.4800033569336,91.47000122070312,91.4800033569336,6150400
2026-05-12,90.14740753173828,91.48999786376953,91.48999786376953,91.4800033569336,91.48999786376953,7332100
2026-05-13,90.14740753173828,91.48999786376953,91.5,91.48999786376953,91.48999786376953,7467300
2026-05-14,90.1671142578125,91.51000213623047,91.51000213623047,91.5,91.5,6764000
2026-05-15,90.18682861328125,91.52999877929688,91.54000091552734,91.52999877929688,91.52999877929688,9441200
2026-05-18,90.18682861328125,91.52999877929688,91.55000305175781,91.52999877929688,91.54000091552734,7274100
2026-05-19,90.20653533935547,91.55000305175781,91.55999755859375,91.54000091552734,91.55000305175781,9718100
2026-05-20,90.22623443603516,91.56999969482422,91.56999969482422,91.55999755859375,91.55999755859375,8725700
2026-05-21,90.22623443603516,91.56999969482422,91.58000183105469,91.55999755859375,91.58000183105469,7791400
2026-05-22,90.24593353271484,91.58999633789062,91.5999984741211,91.58999633789062,91.5999984741211,10871600
2026-05-26,90.26565551757812,91.61000061035156,91.61000061035156,91.5999984741211,91.5999984741211,9903700
2026-05-27,90.27550506591797,91.62000274658203,91.62000274658203,91.61000061035156,91.62000274658203,6672200
2026-05-28,90.28534698486328,91.62999725341797,91.62999725341797,91.62000274658203,91.62000274658203,10206000
2026-05-29,90.3149185180664,91.66000366210938,91.66000366210938,91.63999938964844,91.6500015258789,16056500
2026-06-01,90.32380676269531,91.4000015258789,91.4000015258789,91.38999938964844,91.4000015258789,17997300
2026-06-02,90.31391906738281,91.38999938964844,91.4000015258789,91.38999938964844,91.4000015258789,9532600
2026-06-03,90.33369445800781,91.41000366210938,91.41000366210938,91.4000015258789,91.41000366210938,14556600
2026-06-04,90.33369445800781,91.41000366210938,91.41999816894531,91.41000366210938,91.41999816894531,7054600
2026-06-05,90.37322235107422,91.44999694824219,91.44999694824219,91.44000244140625,91.44999694824219,12908000
2026-06-08,90.38310241699219,91.45999908447266,91.45999908447266,91.44999694824219,91.45999908447266,11085900
2026-06-09,90.38310241699219,91.45999908447266,91.47000122070312,91.45999908447266,91.45999908447266,10442600
2026-06-10,90.39298248291016,91.47000122070312,91.4800033569336,91.47000122070312,91.4800033569336,8003200
2026-06-11,90.40287017822266,91.4800033569336,91.4800033569336,91.47000122070312,91.4800033569336,8700900
2026-06-12,90.43251037597656,91.51000213623047,91.51000213623047,91.5,91.51000213623047,18789500
2026-06-15,90.43251037597656,91.51000213623047,91.5199966430664,91.51000213623047,91.5199966430664,11772000
2026-06-16,90.4423828125,91.5199966430664,91.52999877929688,91.5199966430664,91.52999877929688,10456500
2026-06-17,90.4522705078125,91.52999877929688,91.54000091552734,91.52999877929688,91.54000091552734,8300100
2026-06-18,90.49180603027344,91.56999969482422,91.56999969482422,91.55999755859375,91.55999755859375,7807800
2026-06-22,90.49180603027344,91.56999969482422,91.58000183105469,91.56999969482422,91.58000183105469,10548900
2026-06-23,90.5016860961914,91.58000183105469,91.58999633789062,91.58000183105469,91.58999633789062,10017000
2026-06-24,90.51155853271484,91.58999633789062,91.5999984741211,91.58999633789062,91.5999984741211,10144800
2026-06-25,90.52144622802734,91.5999984741211,91.61000061035156,91.5999984741211,91.5999984741211,8417600
2026-06-26,90.55109405517578,91.62999725341797,91.62999725341797,91.62000274658203,91.62999725341797,7481100
2026-06-29,90.56098175048828,91.63999938964844,91.63999938964844,91.62999725341797,91.63999938964844,11999700
2026-06-30,90.56098175048828,91.63999938964844,91.6500015258789,91.63999938964844,91.63999938964844,15835700
2026-07-01,90.58873748779297,91.4000015258789,91.4000015258789,91.38999938964844,91.4000015258789,17069100
2026-07-02,90.62837982177734,91.44000244140625,91.44000244140625,91.41999816894531,91.43000030517578,10375000
2026-07-06,90.61846160888672,91.43000030517578,91.44999694824219,91.43000030517578,91.44999694824219,14905000
2026-07-07,90.63829040527344,91.44999694824219,91.44999694824219,91.44000244140625,91.44999694824219,9221700
2026-07-08,90.63829040527344,91.44999694824219,91.45999908447266,91.44999694824219,91.45999908447266,8696000
2026-07-09,90.64820098876953,91.45999908447266,91.47000122070312,91.45999908447266,91.45999908447266,6627200
2026-07-10,90.6878433227539,91.5,91.5,91.48999786376953,91.48999786376953,8434300
2026-07-13,90.6878433227539,91.5,91.51000213623047,91.5,91.51000213623047,6733000
2026-07-14,90.69775390625,91.51000213623047,91.51000213623047,91.5,91.5,6089100
2026-07-15,90.70765686035156,91.5199966430664,91.5199966430664,91.51000213623047,91.5199966430664,11497200
2026-07-16,90.71757507324219,91.52999877929688,91.52999877929688,91.5199966430664,91.5199966430664,9655200
2026-07-17,90.7374038696289,91.55000305175781,91.55999755859375,91.54000091552734,91.55000305175781,15104600
2026-07-20,90.74730682373047,91.55999755859375,91.56999969482422,91.55999755859375,91.55999755859375,7275600
2026-07-21,90.74730682373047,91.55999755859375,91.56999969482422,91.55999755859375,91.56999969482422,6698400
2026-07-22,90.76713562011719,91.58000183105469,91.58000183105469,91.56999969482422,91.58000183105469,6641700
2026-07-23,90.76713562011719,91.58000183105469,91.58999633789062,91.58000183105469,91.58999633789062,8378500
2026-07-24,90.79686737060547,91.61000061035156,91.61000061035156,91.5999984741211,91.61000061035156,6415000
2026-07-27,90.8067855834961,91.62000274658203,91.62000274658203,91.61000061035156,91.61000061035156,9280900
2026-07-28,90.81668853759766,91.62999725341797,91.62999725341797,91.62000274658203,91.62999725341797,8817000
2026-07-29,90.82660675048828,91.63999938964844,91.63999938964844,91.62999725341797,91.62999725341797,6755100
2026-07-30,90.8365249633789,91.6500015258789,91.66000366210938,91.6500015258789,91.66000366210938,10448400
2026-07-31,90.86624908447266,91.68000030517578,91.69000244140625,91.66999816894531,91.68000030517578,14721100
2026-08-03,90.87916564941406,91.41999816894531,91.43000030517578,91.41000366210938,91.41999816894531,21920400
2026-08-04,90.87916564941406,91.41999816894531,91.43000030517578,91.41999816894531,91.41999816894531,12643800
2026-08-05,90.88910675048828,91.43000030517578,91.44000244140625,91.43000030517578,91.43000030517578,10380600
2026-08-06,90.90898895263672,91.44999694824219,91.44999694824219,91.44000244140625,91.44999694824219,7547300
2026-08-07,90.9388198852539,91.4800033569336,91.4800033569336,91.45999908447266,91.47000122070312,8262900
2026-08-10,90.9388198852539,91.4800033569336,91.48999786376953,91.4800033569336,91.48999786376953,7700400
2026-08-11,90.9487533569336,91.48999786376953,91.5,91.4800033569336,91.5,7396000
2026-08-12,90.96863555908203,91.51000213623047,91.51000213623047,91.48999786376953,91.5,8753600
2026-08-13,90.96863555908203,91.51000213623047,91.51000213623047,91.5,91.51000213623047,6803700
2026-08-14,90.98851776123047,91.52999877929688,91.54000091552734,91.52999877929688,91.54000091552734,6063300
2026-08-17,91.0083999633789,91.55000305175781,91.55000305175781,91.54000091552734,91.54000091552734,7166600
2026-08-18,91.0183334350586,91.55999755859375,91.55999755859375,91.55000305175781,91.55999755859375,8747400
2026-08-19,91.02828216552734,91.56999969482422,91.56999969482422,91.55999755859375,91.55999755859375,8441000
2026-08-20,91.02828216552734,91.56999969482422,91.58000183105469,91.56999969482422,91.56999969482422,6654700
2026-08-21,91.05809783935547,91.5999984741211,91.5999984741211,91.58999633789062,91.58999633789062,7324100
2026-08-24,91.06804656982422,91.61000061035156,91.61000061035156,91.5999984741211,91.61000061035156,6038500
2026-08-25,91.07798767089844,91.62000274658203,91.62000274658203,91.61000061035156,91.61000061035156,7515700
2026-08-26,91.08792114257812,91.62999725341797,91.62999725341797,91.62000274658203,91.62000274658203,7363500
2026-08-27,91.08792114257812,91.62999725341797,91.63999938964844,91.62999725341797,91.62999725341797,7762000
2026-08-28,91.10781860351562,91.6500015258789,91.66000366210938,91.6500015258789,91.66000366210938,7214300
2026-08-31,91.11775970458984,91.66000366210938,91.66999816894531,91.66000366210938,91.66000366210938,13829300
2026-09-01,91.12771606445312,91.38999938964844,91.4000015258789,91.38999938964844,91.4000015258789,15247200
2026-09-02,91.1376953125,91.4000015258789,91.4000015258789,91.38999938964844,91.4000015258789,8971300
2026-09-03,91.15763092041016,91.41999816894531,91.41999816894531,91.4000015258789,91.41000366210938,10052400
2026-09-04,91.18754577636719,91.44999694824219,91.44999694824219,91.44000244140625,91.44999694824219,7382600
2026-09-08,91.19751739501953,91.45999908447266,91.45999908447266,91.44999694824219,91.45999908447266,7759600
2026-09-09,91.19751739501953,91.45999908447266,91.47000122070312,91.45999908447266,91.45999908447266,7588600
2026-09-10,91.20748901367188,91.47000122070312,91.4800033569336,91.47000122070312,91.47000122070312,8363300
2026-09-11,91.2374038696289,91.5,91.5,91.48999786376953,91.5,13945300
2026-09-14,91.2374038696289,91.5,91.51000213623047,91.48999786376953,91.5,12227800
2026-09-15,91.24737548828125,91.51000213623047,91.51000213623047,91.5,91.51000213623047,8746300
2026-09-16,91.24737548828125,91.51000213623047,91.5199966430664,91.51000213623047,91.5199966430664,8273800
2026-09-17,91.26731872558594,91.52999877929688,91.52999877929688,91.5199966430664,91.52999877929688,11014900
2026-09-18,91.28726196289062,91.55000305175781,91.55999755859375,91.55000305175781,91.55999755859375,11328700
2026-09-21,91.30720520019531,91.56999969482422,91.56999969482422,91.55999755859375,91.55999755859375,9437800
2026-09-22,91.30720520019531,91.56999969482422,91.58000183105469,91.56999969482422,91.56999969482422,14463700
2026-09-23,91.32714080810547,91.58999633789062,91.58999633789062,91.58000183105469,91.58999633789062,10056200
2026-09-24,91.31717681884766,91.58000183105469,91.5999984741211,91.58000183105469,91.58999633789062,11046400
2026-09-25,91.35706329345703,91.62000274658203,91.62000274658203,91.61000061035156,91.61000061035156,7758000
2026-09-28,91.36702728271484,91.62999725341797,91.62999725341797,91.62000274658203,91.62000274658203,11688900
2026-09-29,91.38697814941406,91.6500015258789,91.6500015258789,91.62999725341797,91.63999938964844,30621800
2026-09-30,91.37699890136719,91.63999938964844,91.6500015258789,91.63999938964844,91.63999938964844,18277500
2026-10-01,91.41000366210938,91.41000366210938,91.41000366210938,91.4000015258789,91.41000366210938,21016700
2026-10-02,91.43000030517578,91.43000030517578,91.43000030517578,91.41999816894531,91.43000030517578,11827100
