Date,Adj Close,Close,High,Low,Open,Volume
2010-01-04,51.11121368408203,63.97999954223633,64.04000091552734,63.27000045776367,63.290000915527344,42863900
2010-01-05,50.935447692871094,63.7599983215332,64.18000030517578,63.4900016784668,63.880001068115234,55523100
2010-01-06,50.88751220703125,63.70000076293945,64.0999984741211,63.540000915527344,63.7599983215332,59708600
2010-01-07,51.262996673583984,64.16999816894531,64.22000122070312,63.13999938964844,63.7400016784668,56123500
2010-01-08,51.54258728027344,64.5199966430664,64.5199966430664,63.79999923706055,63.939998626708984,48811500
2010-01-11,51.33488845825195,64.26000213623047,64.87999725341797,64.01000213623047,64.77999877929688,51638900
2010-01-12,50.77568817138672,63.560001373291016,64.16000366210938,63.2599983215332,63.86000061035156,45854900
2010-01-13,51.430755615234375,64.37999725341797,64.51000213623047,63.22999954223633,63.779998779296875,39501900
2010-01-14,51.62248611450195,64.62000274658203,64.81999969482422,64.0199966430664,64.13999938964844,41859800
2010-01-15,50.87154006958008,63.68000030517578,64.80000305175781,63.27000045776367,64.6500015258789,68725100
2010-01-19,51.806236267089844,64.8499984741211,64.87000274658203,63.91999816894531,63.91999816894531,46839000
2010-01-20,51.05528259277344,63.90999984741211,64.4000015258789,63.189998626708984,64.38999938964844,62485000
2010-01-21,50.216487884521484,62.86000061035156,64.4800033569336,62.63999938964844,63.959999084472656,98323100
2010-01-22,49.31377029418945,61.72999954223633,63.060001373291016,61.18000030517578,62.7599983215332,83757000
2010-01-25,49.369693756103516,61.79999923706055,62.150001525878906,61.33000183105469,62.08000183105469,62298700
2010-01-26,48.882381439208984,61.189998626708984,62.029998779296875,61.13999938964844,61.56999969482422,58213200
2010-01-27,49.401634216308594,61.84000015258789,61.939998626708984,60.709999084472656,60.91999816894531,72565800
2010-01-28,48.55484390258789,60.779998779296875,61.9900016784668,60.220001220703125,61.959999084472656,93814200
2010-01-29,48.019622802734375,60.11000061035156,61.689998626708984,59.970001220703125,61.029998779296875,79325600
2010-02-01,48.5868034362793,60.81999969482422,60.939998626708984,60.15999984741211,60.38999938964844,60731800
2010-02-02,49.122032165527344,61.4900016784668,61.560001373291016,60.619998931884766,60.93000030517578,71047700
2010-02-03,48.79449462890625,61.08000183105469,61.630001068115234,60.59000015258789,61.20000076293945,50241000
2010-02-04,47.16484069824219,59.040000915527344,60.68000030517578,58.9900016784668,60.65999984741211,99167300
2010-02-05,47.34857177734375,59.27000045776367,59.33000183105469,58.0,59.16999816894531,106752200
2010-02-08,46.87724304199219,58.68000030517578,59.599998474121094,58.619998931884766,59.08000183105469,61579200
2010-02-09,47.524322509765625,59.4900016784668,59.93000030517578,58.75,59.380001068115234,91986700
2010-02-10,47.63614273071289,59.630001068115234,59.779998779296875,58.689998626708984,59.310001373291016,55715500
2010-02-11,48.39507293701172,60.58000183105469,60.619998931884766,59.0,59.459999084472656,51969700
2010-02-12,48.746585845947266,61.02000045776367,61.099998474121094,59.810001373291016,60.0,65909800
2010-02-16,49.56940460205078,62.04999923706055,62.11000061035156,61.08000183105469,61.65999984741211,50057600
2010-02-17,49.90493392944336,62.470001220703125,62.61000061035156,61.9900016784668,62.36000061035156,50459400
2010-02-18,50.31233215332031,62.97999954223633,63.0,62.25,62.470001220703125,43072800
2010-02-19,50.376243591308594,63.060001373291016,63.380001068115234,62.61000061035156,62.7400016784668,56840800
2010-02-22,50.52804946899414,63.25,63.45000076293945,63.02000045776367,63.41999816894531,45344900
2010-02-23,49.93688201904297,62.5099983215332,63.25,62.33000183105469,63.15999984741211,58965400
2010-02-24,50.36027145385742,63.040000915527344,63.349998474121094,62.54999923706055,62.7400016784668,50476000
2010-02-25,50.376243591308594,63.060001373291016,63.119998931884766,61.97999954223633,62.18000030517578,51949700
2010-02-26,50.16856002807617,62.79999923706055,63.209999084472656,62.459999084472656,63.15999984741211,60093900
2010-03-01,51.33488845825195,64.26000213623047,64.31999969482422,63.2599983215332,63.2599983215332,70967800
2010-03-02,51.7263298034668,64.75,65.1500015258789,64.4000015258789,64.5,55605300
2010-03-03,52.02190399169922,65.12000274658203,65.48999786376953,64.77999877929688,65.06999969482422,56207500
2010-03-04,52.15771484375,65.29000091552734,65.37000274658203,64.87000274658203,65.13999938964844,47174200
2010-03-05,53.22019577026367,66.62000274658203,66.72000122070312,65.5,65.70999908447266,52293900
2010-03-08,53.31607437133789,66.73999786376953,66.93000030517578,66.5199966430664,66.63999938964844,46046400
2010-03-09,53.50779342651367,66.9800033569336,67.48999786376953,66.52999877929688,66.55000305175781,70685800
2010-03-10,53.9631462097168,67.55000305175781,67.9000015258789,67.01000213623047,67.04000091552734,73655200
2010-03-11,54.122920989990234,67.75,67.86000061035156,66.9000015258789,67.13999938964844,59964100
2010-03-12,54.09895324707031,67.72000122070312,68.12999725341797,67.26000213623047,68.0999984741211,61862000
2010-03-15,53.91520690917969,67.48999786376953,67.80999755859375,67.0,67.68000030517578,49862700
2010-03-16,54.37856674194336,68.06999969482422,68.0999984741211,67.33999633789062,67.83000183105469,52874400
2010-03-17,54.69810485839844,68.47000122070312,68.87999725341797,68.19999694824219,68.22000122070312,53589100
2010-03-18,54.53034973144531,68.26000213623047,68.77999877929688,68.13999938964844,68.44000244140625,71527500
2010-03-19,53.85129928588867,67.41000366210938,68.51000213623047,67.16000366210938,67.41000366210938,80546500
2010-03-22,54.610198974609375,68.36000061035156,68.51000213623047,66.77999877929688,66.93000030517578,56679400
2010-03-23,55.30522918701172,69.2300033569336,69.25,68.11000061035156,68.41999816894531,61187700
2010-03-24,54.67414474487305,68.2699966430664,68.97000122070312,68.25,68.68000030517578,59664500
2010-03-25,54.329803466796875,67.83999633789062,69.36000061035156,67.79000091552734,68.87000274658203,66977000
2010-03-26,54.30576705932617,67.80999755859375,68.56999969482422,67.55999755859375,68.12000274658203,58114700
2010-03-29,54.602073669433594,68.18000030517578,68.4000015258789,67.80999755859375,68.11000061035156,38646400
2010-03-30,54.77025604248047,68.38999938964844,68.73999786376953,67.87000274658203,68.29000091552734,35773100
2010-03-31,54.297767639160156,67.80000305175781,68.80999755859375,67.79000091552734,68.12999725341797,59821600
2010-04-01,54.80230712890625,68.43000030517578,68.69000244140625,67.38999938964844,68.33000183105469,58838700
2010-04-05,55.827392578125,69.70999908447266,69.76000213623047,68.44000244140625,68.61000061035156,52020600
2010-04-06,56.15573501586914,70.12000274658203,70.29000091552734,69.33000183105469,69.47000122070312,50203600
2010-04-07,55.97956848144531,69.9000015258789,70.30999755859375,69.44999694824219,70.04000091552734,71418200
2010-04-08,55.92349624633789,69.83000183105469,70.19999694824219,69.16000366210938,69.69999694824219,54603600
2010-04-09,56.25985336303711,70.25,70.26000213623047,69.5,69.94000244140625,53070100
2010-04-12,56.49211883544922,70.54000091552734,70.68000030517578,70.12000274658203,70.27999877929688,49301000
2010-04-13,56.6202392578125,70.69999694824219,70.73999786376953,69.94000244140625,70.38999938964844,42151000
2010-04-14,57.82952117919922,72.20999908447266,72.20999908447266,70.98999786376953,71.11000061035156,62041600
2010-04-15,58.005714416503906,72.43000030517578,72.58000183105469,72.08999633789062,72.18000030517578,55141800
2010-04-16,57.22890090942383,71.45999908447266,72.47000122070312,70.94000244140625,72.23999786376953,93241600
2010-04-19,56.948577880859375,71.11000061035156,71.7699966430664,69.77999877929688,71.05999755859375,85284600
2010-04-20,57.725406646728516,72.08000183105469,72.12999725341797,71.18000030517578,71.48999786376953,50736600
2010-04-21,58.125850677490234,72.58000183105469,72.72000122070312,71.91999816894531,72.19999694824219,60382500
2010-04-22,58.74247741699219,73.3499984741211,73.48999786376953,71.45999908447266,71.83999633789062,79289500
2010-04-23,59.36712646484375,74.12999725341797,74.20999908447266,72.63999938964844,73.48999786376953,66271100
2010-04-26,59.14289093017578,73.8499984741211,74.66000366210938,73.83000183105469,74.16999816894531,62710000
2010-04-27,57.78948974609375,72.16000366210938,74.23999786376953,72.0199966430664,73.55000305175781,101050200
2010-04-28,57.88557815551758,72.27999877929688,72.77999877929688,71.91999816894531,72.56999969482422,79762700
2010-04-29,59.11088943481445,73.80999755859375,73.83999633789062,72.37999725341797,72.81999969482422,68869600
2010-04-30,57.381046295166016,71.6500015258789,73.93000030517578,71.56999969482422,73.80000305175781,88759100
2010-05-03,58.670433044433594,73.26000213623047,73.30999755859375,72.05999755859375,72.0999984741211,53775400
2010-05-04,56.82844161987305,70.95999908447266,72.19999694824219,70.52999877929688,72.19000244140625,105727600
2010-05-05,55.995582580566406,69.91999816894531,70.94999694824219,69.38999938964844,70.37999725341797,110340400
2010-05-06,53.89733123779297,67.30000305175781,70.19000244140625,63.36000061035156,69.41999816894531,195388200
2010-05-07,52.34370803833008,65.36000061035156,67.62000274658203,64.63999938964844,66.70999908447266,189573100
2010-05-10,55.282814025878906,69.02999877929688,69.05999755859375,67.69999694824219,68.55000305175781,107703400
2010-05-11,55.65119934082031,69.48999786376953,70.5199966430664,67.9800033569336,68.20999908447266,100027800
2010-05-12,57.35701370239258,71.62000274658203,71.69999694824219,69.79000091552734,69.8499984741211,84618400
2010-05-13,56.80442428588867,70.93000030517578,72.0999984741211,70.58999633789062,71.45999908447266,78553600
2010-05-14,55.70726776123047,69.55999755859375,70.5,68.62000274658203,70.47000122070312,86134200
2010-05-17,55.81137466430664,69.69000244140625,70.56999969482422,67.75,70.0,78565900
2010-05-18,54.73823547363281,68.3499984741211,70.80000305175781,68.12999725341797,70.5999984741211,87146900
2010-05-19,54.089534759521484,67.54000091552734,68.80000305175781,66.58000183105469,68.04000091552734,107292800
2010-05-20,51.350624084472656,64.12000274658203,66.12000274658203,64.08000183105469,65.7699966430664,166841100
2010-05-21,52.11145782470703,65.06999969482422,65.63999938964844,62.7599983215332,63.06999969482422,139644500
2010-05-24,51.41469192504883,64.19999694824219,65.41000366210938,64.13999938964844,64.80000305175781,75991800
2010-05-25,51.40668869018555,64.19000244140625,64.23999786376953,61.709999084472656,62.79999923706055,110830700
2010-05-26,51.53481674194336,64.3499984741211,65.94999694824219,63.97999954223633,64.44000244140625,104172900
2010-05-27,53.74516677856445,67.11000061035156,67.13999938964844,64.3499984741211,65.95999908447266,86856200
2010-05-28,53.05644226074219,66.25,67.16999816894531,65.7300033569336,66.91000366210938,92369800
2010-06-01,51.44672393798828,64.23999786376953,66.47000122070312,64.19000244140625,65.5999984741211,88420300
2010-06-02,52.91228485107422,66.06999969482422,66.0999984741211,64.0199966430664,64.62999725341797,61553800
2010-06-03,53.5930061340332,66.91999816894531,67.08999633789062,65.87000274658203,66.19999694824219,74864100
2010-06-04,50.90215301513672,63.560001373291016,65.69999694824219,63.369998931884766,65.11000061035156,105547200
2010-06-07,49.58873748779297,61.91999816894531,64.11000061035156,61.86000061035156,63.84000015258789,88434200
2010-06-08,49.564727783203125,61.88999938964844,62.599998474121094,60.70000076293945,62.11000061035156,129072000
2010-06-09,49.596763610839844,61.93000030517578,63.41999816894531,61.59000015258789,62.369998931884766,108638000
2010-06-10,51.31057357788086,64.06999969482422,64.08000183105469,62.79999923706055,63.029998779296875,75497300
2010-06-11,52.0073356628418,64.94000244140625,65.02999877929688,63.18000030517578,63.290000915527344,65295200
2010-06-14,52.33567428588867,65.3499984741211,66.5,65.16000366210938,65.80000305175781,70543000
2010-06-15,53.64908218383789,66.98999786376953,67.16999816894531,65.36000061035156,65.91999816894531,72336400
2010-06-16,53.400794982910156,66.68000030517578,67.37999725341797,66.25,66.4000015258789,62369400
2010-06-17,53.464881896972656,66.76000213623047,67.19999694824219,65.97000122070312,67.08000183105469,67327600
2010-06-18,53.49692153930664,66.80000305175781,67.52999877929688,66.44999694824219,66.97000122070312,52760900
2010-06-21,52.94431686401367,66.11000061035156,68.0,65.72000122070312,67.87000274658203,58648400
2010-06-22,51.85515594482422,64.75,67.0999984741211,64.66999816894531,66.36000061035156,70827400
2010-06-23,51.71101760864258,64.56999969482422,65.26000213623047,63.810001373291016,64.58000183105469,70315300
2010-06-24,50.88612747192383,63.540000915527344,64.52999877929688,63.38999938964844,64.02999877929688,72504900
2010-06-25,51.759063720703125,64.62999725341797,64.91999816894531,63.20000076293945,63.779998779296875,87177700
2010-06-28,51.46275329589844,64.26000213623047,65.23999786376953,63.90999984741211,64.58999633789062,64643900
2010-06-29,49.51666259765625,61.83000183105469,63.220001220703125,61.380001068115234,63.220001220703125,110269700
2010-06-30,48.94807815551758,61.119998931884766,62.619998931884766,60.939998626708984,61.630001068115234,93806400
2010-07-01,48.595703125,60.68000030517578,61.400001525878906,59.119998931884766,61.20000076293945,114225800
2010-07-02,48.06459045410156,59.81999969482422,60.88999938964844,59.41999816894531,60.75,72084200
2010-07-06,47.4378662109375,59.040000915527344,61.5,58.65999984741211,60.86000061035156,89452600
2010-07-07,49.09305953979492,61.099998474121094,61.150001525878906,58.9900016784668,59.220001220703125,79640200
2010-07-08,49.80012512207031,61.97999954223633,62.11000061035156,61.040000915527344,61.77000045776367,58770100
2010-07-09,50.57148361206055,62.939998626708984,62.939998626708984,61.77000045776367,61.97999954223633,38202700
2010-07-12,50.00098419189453,62.22999954223633,63.18000030517578,61.619998931884766,62.7599983215332,43038300
2010-07-13,51.58386993408203,64.19999694824219,64.44000244140625,62.84000015258789,63.08000183105469,83581200
2010-07-14,51.399070739746094,63.970001220703125,64.38999938964844,63.470001220703125,64.0199966430664,52526100
2010-07-15,50.92499923706055,63.380001068115234,64.0999984741211,62.61000061035156,64.0999984741211,71044000
2010-07-16,49.06895446777344,61.06999969482422,63.040000915527344,60.88999938964844,62.90999984741211,98127500
2010-07-19,49.277862548828125,61.33000183105469,61.47999954223633,60.150001525878906,61.27000045776367,63879600
2010-07-20,50.10545349121094,62.36000061035156,62.470001220703125,60.209999084472656,60.45000076293945,71430700
2010-07-21,49.20555877685547,61.2400016784668,62.970001220703125,61.099998474121094,62.849998474121094,68456600
2010-07-22,50.9571533203125,63.41999816894531,63.65999984741211,62.16999816894531,62.18000030517578,81000700
2010-07-23,52.210594177246094,64.9800033569336,65.11000061035156,62.939998626708984,63.11000061035156,73916800
2010-07-26,53.39976119995117,66.45999908447266,66.5199966430664,64.91999816894531,65.26000213623047,66248300
2010-07-27,53.2068977355957,66.22000122070312,67.2699966430664,65.9800033569336,67.05999755859375,84127100
2010-07-28,52.34718704223633,65.1500015258789,66.43000030517578,64.77999877929688,66.12999725341797,59705100
2010-07-29,52.210594177246094,64.9800033569336,65.98999786376953,63.95000076293945,65.70999908447266,63214400
2010-07-30,52.242706298828125,65.0199966430664,65.61000061035156,63.81999969482422,64.0999984741211,67453000
2010-08-02,53.15065383911133,66.1500015258789,66.54000091552734,65.58999633789062,66.16999816894531,49896600
2010-08-03,52.724815368652344,65.62000274658203,66.52999877929688,65.08999633789062,65.93000030517578,51145700
2010-08-04,53.27923583984375,66.30999755859375,66.4800033569336,65.70999908447266,65.9800033569336,40817400
2010-08-05,52.65251541137695,65.52999877929688,66.20999908447266,65.45999908447266,65.66000366210938,37991000
2010-08-06,52.33913803100586,65.13999938964844,65.41000366210938,63.86000061035156,64.44999694824219,62483200
2010-08-09,52.91766357421875,65.86000061035156,66.11000061035156,64.8499984741211,65.62000274658203,35100700
2010-08-10,51.92135238647461,64.62000274658203,65.41000366210938,64.12999725341797,65.20999908447266,59841700
2010-08-11,49.88046646118164,62.08000183105469,63.33000183105469,61.90999984741211,63.33000183105469,87392600
2010-08-12,49.63139724731445,61.77000045776367,62.150001525878906,60.7599983215332,60.849998474121094,63300200
2010-08-13,49.06895446777344,61.06999969482422,61.68000030517578,60.970001220703125,61.5,68238000
2010-08-16,49.462669372558594,61.560001373291016,61.91999816894531,60.380001068115234,60.63999938964844,51371000
2010-08-17,50.31436538696289,62.619998931884766,63.150001525878906,61.86000061035156,62.220001220703125,54593200
2010-08-18,50.467018127441406,62.810001373291016,63.43000030517578,61.939998626708984,62.54999923706055,61766600
2010-08-19,49.085018157958984,61.09000015258789,62.849998474121094,60.939998626708984,62.59000015258789,89236900
2010-08-20,49.133216857910156,61.150001525878906,61.189998626708984,60.13999938964844,60.869998931884766,64085700
2010-08-23,48.466339111328125,60.31999969482422,61.91999816894531,60.279998779296875,61.599998474121094,55423700
2010-08-24,47.911930084228516,59.630001068115234,60.31999969482422,58.79999923706055,59.36000061035156,78875300
2010-08-25,48.63505935668945,60.529998779296875,60.68000030517578,58.88999938964844,59.13999938964844,64025300
2010-08-26,48.27350616455078,60.08000183105469,61.279998779296875,59.86000061035156,60.75,74569900
2010-08-27,49.53497314453125,61.650001525878906,61.79999923706055,59.560001373291016,60.77000045776367,72003600
2010-08-30,48.45026397705078,60.29999923706055,61.65999984741211,60.27000045776367,61.349998474121094,42401800
2010-08-31,48.353843688964844,60.18000030517578,60.90999984741211,59.68000030517578,60.150001525878906,60625100
2010-09-01,50.22597122192383,62.5099983215332,62.54999923706055,61.02000045776367,61.22999954223633,62585200
2010-09-02,50.780372619628906,63.20000076293945,63.380001068115234,62.27000045776367,62.4900016784668,45824200
2010-09-03,51.68832015991211,64.33000183105469,64.52999877929688,63.61000061035156,64.16000366210938,51986300
2010-09-07,50.70806121826172,63.11000061035156,64.13999938964844,62.90999984741211,64.12999725341797,48881600
2010-09-08,51.00534439086914,63.47999954223633,63.9900016784668,63.22999954223633,63.2599983215332,58863300
2010-09-09,51.03749465942383,63.52000045776367,64.4800033569336,63.040000915527344,64.44999694824219,52494300
2010-09-10,51.19819641113281,63.720001220703125,64.11000061035156,63.349998474121094,63.7599983215332,46973500
2010-09-13,52.4435920715332,65.2699966430664,65.4800033569336,64.31999969482422,64.44999694824219,60551500
2010-09-14,52.2186164855957,64.98999786376953,65.62000274658203,64.76000213623047,65.12999725341797,55811200
2010-09-15,52.51592254638672,65.36000061035156,65.56999969482422,64.33000183105469,64.80999755859375,63008500
2010-09-16,52.17844009399414,64.94000244140625,65.41000366210938,64.38999938964844,65.19999694824219,52659700
2010-09-17,52.395389556884766,65.20999908447266,65.5199966430664,64.27999877929688,65.4000015258789,61775400
2010-09-20,53.849700927734375,67.0199966430664,67.19999694824219,64.97000122070312,65.41999816894531,70669500
2010-09-21,53.53634262084961,66.62999725341797,67.43000030517578,66.52999877929688,67.0199966430664,64974200
2010-09-22,52.90159606933594,65.83999633789062,66.9000015258789,65.33000183105469,66.44999694824219,65225800
2010-09-23,52.26121139526367,64.87999725341797,66.16000366210938,64.66000366210938,65.1500015258789,62724700
2010-09-24,53.960845947265625,66.98999786376953,67.05999755859375,65.69000244140625,65.79000091552734,71675000
2010-09-27,53.82389450073242,66.81999969482422,67.16000366210938,66.51000213623047,67.01000213623047,48357100
2010-09-28,54.355533599853516,67.4800033569336,67.62999725341797,65.75,66.97000122070312,66176700
2010-09-29,54.50857925415039,67.66999816894531,67.94999694824219,67.12000274658203,67.37999725341797,53580600
2010-09-30,54.37165069580078,67.5,68.55000305175781,66.94999694824219,68.16999816894531,81818000
2010-10-01,54.661617279052734,67.86000061035156,68.26000213623047,67.25,68.13999938964844,61763500
2010-10-04,53.920555114746094,66.94000244140625,68.0999984741211,66.4800033569336,67.68000030517578,56292700
2010-10-05,55.451011657714844,68.83999633789062,69.01000213623047,67.25,67.68000030517578,77655500
2010-10-06,55.26576614379883,68.61000061035156,69.05999755859375,68.22000122070312,68.77999877929688,43163400
2010-10-07,55.104637145996094,68.41000366210938,69.08000183105469,67.91999816894531,69.0199966430664,39955400
2010-10-08,55.80542755126953,69.27999877929688,69.66000366210938,68.13999938964844,68.51000213623047,59953200
2010-10-11,55.853759765625,69.33999633789062,69.86000061035156,69.13999938964844,69.33999633789062,37345900
2010-10-12,55.998756408691406,69.5199966430664,69.81999969482422,68.41000366210938,69.16000366210938,51099800
2010-10-13,56.85257339477539,70.58000183105469,71.13999938964844,69.7699966430664,69.98999786376953,58582200
2010-10-14,56.81231689453125,70.52999877929688,70.94999694824219,69.88999938964844,70.62999725341797,70382100
2010-10-15,56.61897277832031,70.29000091552734,71.25,69.88999938964844,71.13999938964844,74953500
2010-10-18,57.094242095947266,70.87999725341797,71.02999877929688,70.26000213623047,70.55999755859375,39841500
2010-10-19,55.9826545715332,69.5,70.76000213623047,68.94999694824219,70.04000091552734,64627600
2010-10-20,56.554569244384766,70.20999908447266,70.62999725341797,69.43000030517578,69.83999633789062,54118800
2010-10-21,56.28069305419922,69.87000274658203,71.08999633789062,68.95999908447266,70.55999755859375,62505300
2010-10-22,56.643150329589844,70.31999969482422,70.38999938964844,69.76000213623047,70.04000091552734,26267800
2010-10-25,56.981475830078125,70.73999786376953,71.55999755859375,70.36000061035156,70.83999633789062,36095900
2010-10-26,56.94121551513672,70.69000244140625,71.16999816894531,69.98999786376953,70.36000061035156,37884100
2010-10-27,56.796226501464844,70.51000213623047,70.62000274658203,69.54000091552734,70.20999908447266,53515400
2010-10-28,56.44984817504883,70.08000183105469,71.12000274658203,69.75,71.05999755859375,48482400
2010-10-29,56.6270751953125,70.30000305175781,70.66999816894531,69.83000183105469,69.87999725341797,40455100
2010-11-01,56.24040222167969,69.81999969482422,71.16999816894531,69.30999755859375,70.66000366210938,47357500
2010-11-02,57.40837860107422,71.2699966430664,71.30999755859375,70.2699966430664,70.66999816894531,55102800
2010-11-03,57.63394546508789,71.55000305175781,71.62000274658203,70.5,71.36000061035156,58044500
2010-11-04,59.09190368652344,73.36000061035156,73.37999725341797,72.62000274658203,72.86000061035156,60908000
2010-11-05,59.42214584350586,73.7699966430664,74.0,73.30000305175781,73.44999694824219,45659100
2010-11-08,59.373817443847656,73.70999908447266,73.91000366210938,73.12000274658203,73.52999877929688,31656700
2010-11-09,58.58443069458008,72.7300033569336,74.05000305175781,72.33000183105469,73.91000366210938,48438600
2010-11-10,59.23689270019531,73.54000091552734,73.55000305175781,72.11000061035156,72.83000183105469,53667600
2010-11-11,59.003299713134766,73.25,73.54000091552734,72.45999908447266,72.7300033569336,42989400
2010-11-12,58.020565032958984,72.02999877929688,73.0999984741211,71.9000015258789,72.52999877929688,48799200
2010-11-15,58.028621673583984,72.04000091552734,72.8499984741211,71.97000122070312,72.37999725341797,38922600
2010-11-16,56.900917053222656,70.63999938964844,71.68000030517578,70.1500015258789,71.5,69965600
2010-11-17,57.053958892822266,70.83000183105469,71.0199966430664,70.4000015258789,70.80000305175781,39512500
2010-11-18,58.165557861328125,72.20999908447266,72.58000183105469,71.66000366210938,71.66999816894531,52638700
2010-11-19,58.35887908935547,72.44999694824219,72.61000061035156,71.52999877929688,72.0,32830300
2010-11-22,58.640804290771484,72.80000305175781,72.98999786376953,71.73999786376953,72.16999816894531,42163100
2010-11-23,58.08501052856445,72.11000061035156,72.23999786376953,71.5,71.91999816894531,52202300
2010-11-24,59.389949798583984,73.7300033569336,73.75,72.75,72.76000213623047,42138400
2010-11-26,58.9791259765625,73.22000122070312,73.7300033569336,73.12999725341797,73.27999877929688,19004000
2010-11-29,59.06772232055664,73.33000183105469,73.51000213623047,72.02999877929688,72.94999694824219,47897000
2010-11-30,58.60052490234375,72.75,73.25,72.18000030517578,72.4800033569336,68631800
2010-12-01,59.91351318359375,74.37999725341797,74.56999969482422,72.80999755859375,74.12000274658203,59974000
2010-12-02,60.51765060424805,75.12999725341797,75.29000091552734,74.36000061035156,74.47000122070312,42529200
2010-12-03,60.952613830566406,75.66999816894531,75.9000015258789,74.76000213623047,74.83000183105469,36549400
2010-12-06,61.33119583129883,76.13999938964844,76.3499984741211,75.5,75.63999938964844,36177500
2010-12-07,61.68562698364258,76.58000183105469,77.23999786376953,76.41000366210938,77.05999755859375,66769100
2010-12-08,61.64535140991211,76.52999877929688,77.01000213623047,76.37000274658203,76.75,40388800
2010-12-09,61.85477828979492,76.79000091552734,77.08000183105469,76.4800033569336,77.08000183105469,49384000
2010-12-10,62.6280632019043,77.75,77.94000244140625,76.7699966430664,77.05000305175781,43303000
2010-12-13,62.305870056152344,77.3499984741211,78.19000244140625,77.31999969482422,78.05999755859375,43025600
2010-12-14,62.27366638183594,77.30999755859375,77.72000122070312,77.18000030517578,77.70999908447266,60000700
2010-12-15,62.0803337097168,77.06999969482422,78.05999755859375,76.91999816894531,77.25,52002400
2010-12-16,62.6522331237793,77.77999877929688,77.97000122070312,76.86000061035156,77.18000030517578,57936100
2010-12-17,62.845558166503906,78.0199966430664,78.16999816894531,77.29000091552734,77.86000061035156,40362300
2010-12-20,63.09525680541992,78.33000183105469,78.80999755859375,77.93000030517578,78.30999755859375,42692700
2010-12-21,63.79602813720703,79.19999694824219,79.27999877929688,78.58999633789062,78.6500015258789,30166800
2010-12-22,63.777427673339844,78.81999969482422,79.18000030517578,78.72000122070312,79.02999877929688,29812300
2010-12-23,63.6965217590332,78.72000122070312,79.12000274658203,78.61000061035156,78.95999908447266,25239600
2010-12-27,63.890708923339844,78.95999908447266,79.0999984741211,78.30999755859375,78.47000122070312,15770300
2010-12-28,63.712703704833984,78.73999786376953,79.16000366210938,78.5199966430664,79.11000061035156,25827900
2010-12-29,63.85027313232422,78.91000366210938,79.0199966430664,78.75,78.8499984741211,18138800
2010-12-30,63.728904724121094,78.76000213623047,79.22000122070312,78.76000213623047,78.83999633789062,37997400
2010-12-31,63.308143615722656,78.23999786376953,78.87999725341797,78.16999816894531,78.66999816894531,33323500
2011-01-03,64.4085693359375,79.5999984741211,80.0199966430664,78.7300033569336,78.94000244140625,48878000
2011-01-04,63.45378875732422,78.41999816894531,79.9000015258789,77.56999969482422,79.83999633789062,77509000
2011-01-05,64.19820404052734,79.33999633789062,79.36000061035156,78.11000061035156,78.4000015258789,47145300
2011-01-06,63.89883804321289,78.97000122070312,79.52999877929688,78.6500015258789,79.4000015258789,39392300
2011-01-07,63.5346794128418,78.5199966430664,79.44000244140625,77.44000244140625,79.23999786376953,59486800
2011-01-10,63.89883804321289,78.97000122070312,79.29000091552734,77.62000274658203,78.23999786376953,55020300
2011-01-11,64.15774536132812,79.29000091552734,79.68000030517578,78.87000274658203,79.36000061035156,42124300
2011-01-12,64.70797729492188,79.97000122070312,80.12999725341797,79.51000213623047,79.94000244140625,38442600
2011-01-13,64.6837158203125,79.94000244140625,80.30000305175781,79.56999969482422,79.98999786376953,29687600
2011-01-14,65.169189453125,80.54000091552734,80.68000030517578,79.69000244140625,79.86000061035156,38036700
2011-01-18,65.2177505493164,80.5999984741211,80.62999725341797,79.87000274658203,80.29000091552734,37824100
2011-01-19,63.54279708862305,78.52999877929688,80.69999694824219,78.36000061035156,80.56999969482422,70707400
2011-01-20,62.879268646240234,77.70999908447266,78.54000091552734,77.33999633789062,78.13999938964844,79653000
2011-01-21,62.45855712890625,77.19000244140625,78.23999786376953,77.12000274658203,78.20999908447266,56676500
2011-01-24,62.91976547241211,77.76000213623047,78.06999969482422,77.08999633789062,77.19999694824219,48142600
2011-01-25,63.0168342590332,77.87999725341797,77.9000015258789,76.94999694824219,77.30999755859375,47013400
2011-01-26,64.02018737792969,79.12000274658203,79.37999725341797,77.75,78.0,65896200
2011-01-27,64.2062759399414,79.3499984741211,79.66999816894531,78.7300033569336,79.12000274658203,48174800
2011-01-28,62.636531829833984,77.41000366210938,79.44999694824219,77.33000183105469,79.30999755859375,91023700
2011-01-31,63.07347106933594,77.94999694824219,78.5,77.25,77.87000274658203,53265200
2011-02-01,64.52994537353516,79.75,80.01000213623047,78.37000274658203,78.58000183105469,57786700
2011-02-02,64.28721618652344,79.44999694824219,80.12999725341797,79.41999816894531,79.58999633789062,39937400
2011-02-03,64.51376342773438,79.7300033569336,79.8499984741211,78.5,79.38999938964844,41156200
2011-02-04,64.62706756591797,79.87000274658203,79.97000122070312,79.23999786376953,79.5999984741211,39532700
2011-02-07,65.26631164550781,80.66000366210938,81.25,79.91000366210938,79.9800033569336,40835200
2011-02-08,65.72749328613281,81.2300033569336,81.2699966430664,80.33999633789062,80.66000366210938,37563900
2011-02-09,65.43619537353516,80.87000274658203,81.30000305175781,80.41999816894531,81.01000213623047,43298900
2011-02-10,65.69512939453125,81.19000244140625,81.29000091552734,80.23999786376953,80.33000183105469,48001000
2011-02-11,66.40721130371094,82.06999969482422,82.0999984741211,80.79000091552734,80.88999938964844,38579100
2011-02-14,66.74702453613281,82.48999786376953,82.61000061035156,82.05000305175781,82.11000061035156,36730500
2011-02-15,66.36672973632812,82.0199966430664,82.48999786376953,81.83000183105469,82.2699966430664,42908600
2011-02-16,66.90074157714844,82.68000030517578,82.81999969482422,82.18000030517578,82.20999908447266,38284700
2011-02-17,67.37007904052734,83.26000213623047,83.51000213623047,82.44999694824219,82.5999984741211,34891200
2011-02-18,67.4428939819336,83.3499984741211,83.7699966430664,83.04000091552734,83.44999694824219,39514200
2011-02-22,65.71127319335938,81.20999908447266,83.0199966430664,81.08999633789062,82.7300033569336,68370300
2011-02-23,64.57850646972656,79.80999755859375,81.44000244140625,79.29000091552734,81.37000274658203,91258600
2011-02-24,64.99118041992188,80.31999969482422,80.72000122070312,79.36000061035156,79.95999908447266,85126500
2011-02-25,66.49617004394531,82.18000030517578,82.20999908447266,80.63999938964844,80.69999694824219,58566800
2011-02-28,66.56903839111328,82.2699966430664,82.83999633789062,81.58999633789062,82.6500015258789,49869300
2011-03-01,65.23394775390625,80.62000274658203,82.63999938964844,80.3499984741211,82.58000183105469,70865100
2011-03-02,65.509033203125,80.95999908447266,81.37000274658203,80.23999786376953,80.52999877929688,61072300
2011-03-03,66.99787139892578,82.80000305175781,83.0199966430664,81.02999877929688,81.7699966430664,78937600
2011-03-04,66.70658874511719,82.44000244140625,82.83999633789062,81.6500015258789,82.79000091552734,60907100
2011-03-07,65.61424255371094,81.08999633789062,82.81999969482422,80.41000366210938,82.76000213623047,90777900
2011-03-08,66.68231201171875,82.41000366210938,82.80999755859375,80.55000305175781,81.16000366210938,67755300
2011-03-09,66.41529083251953,82.08000183105469,82.58000183105469,81.75,82.25,51216900
2011-03-10,64.70797729492188,79.97000122070312,81.02999877929688,79.69999694824219,81.0,107642100
2011-03-11,64.8779067993164,80.18000030517578,80.69999694824219,79.27999877929688,79.33999633789062,83202700
2011-03-14,64.52994537353516,79.75,80.33000183105469,78.91000366210938,79.33999633789062,60138300
2011-03-15,63.95545196533203,79.04000091552734,79.66999816894531,77.56999969482422,77.95999908447266,84941700
2011-03-16,63.316226959228516,78.25,79.63999938964844,77.76000213623047,78.68000030517578,126014500
2011-03-17,63.45378875732422,78.41999816894531,79.44000244140625,78.41999816894531,79.33000183105469,63992800
2011-03-18,64.2953109741211,79.45999908447266,79.58999633789062,79.06999969482422,79.33000183105469,70017700
2011-03-21,65.78414154052734,81.30000305175781,81.31999969482422,80.36000061035156,80.4800033569336,50638200
2011-03-22,65.43619537353516,80.87000274658203,81.5999984741211,80.66999816894531,81.41999816894531,52372800
2011-03-23,65.63850402832031,81.12000274658203,81.36000061035156,79.8499984741211,80.69000244140625,58044700
2011-03-24,66.09178924560547,81.51000213623047,81.79000091552734,80.73999786376953,81.48999786376953,52850900
2011-03-25,66.6674575805664,82.22000122070312,83.05999755859375,81.55000305175781,81.9800033569336,78164900
2011-03-28,66.5215072631836,82.04000091552734,82.76000213623047,81.97000122070312,82.48999786376953,42798300
2011-03-29,67.14583587646484,82.80999755859375,82.88999938964844,81.58000183105469,82.08999633789062,40967200
2011-03-30,68.01345825195312,83.87999725341797,83.98999786376953,83.04000091552734,83.16999816894531,42147100
2011-03-31,68.24859619140625,84.16999816894531,84.29000091552734,83.69999694824219,83.80000305175781,41625800
2011-04-01,68.54863739013672,84.54000091552734,85.0199966430664,84.25,84.7699966430664,49160200
2011-04-04,68.70269012451172,84.7300033569336,84.97000122070312,84.54000091552734,84.76000213623047,42236600
2011-04-05,69.07567596435547,85.19000244140625,85.75,84.5199966430664,84.68000030517578,45454400
2011-04-06,69.22974395751953,85.37999725341797,85.87999725341797,84.91000366210938,85.62999725341797,59035700
2011-04-07,68.81617736816406,84.87000274658203,85.77999877929688,84.62000274658203,85.45999908447266,69434400
2011-04-08,68.09457397460938,83.9800033569336,85.36000061035156,83.5999984741211,85.25,63650400
2011-04-11,67.48640441894531,83.2300033569336,84.27999877929688,82.9000015258789,84.0199966430664,41784100
2011-04-12,66.60260009765625,82.13999938964844,83.05000305175781,82.05000305175781,82.79000091552734,58103300
2011-04-13,66.69178771972656,82.25,82.80999755859375,81.66999816894531,82.6500015258789,80424900
2011-04-14,66.99988555908203,82.62999725341797,82.70999908447266,81.44999694824219,81.58999633789062,58532300
2011-04-15,67.71343994140625,83.51000213623047,83.51000213623047,82.26000213623047,82.66000366210938,53690700
2011-04-18,66.5944595336914,82.12999725341797,82.26000213623047,81.43000030517578,82.25,58593400
2011-04-19,66.61071014404297,82.1500015258789,82.69999694824219,81.66999816894531,82.41000366210938,31991000
2011-04-20,67.97291564941406,83.83000183105469,83.9000015258789,83.25,83.5,47061100
2011-04-21,68.47562408447266,84.44999694824219,84.4800033569336,83.7300033569336,84.33999633789062,30293300
2011-04-25,68.3864517211914,84.33999633789062,84.52999877929688,83.7699966430664,84.37000274658203,23441400
2011-04-26,69.06755065917969,85.18000030517578,85.66999816894531,84.3499984741211,84.52999877929688,53200000
2011-04-27,69.48107147216797,85.69000244140625,85.7699966430664,84.88999938964844,85.2300033569336,44680600
2011-04-28,69.79730224609375,86.08000183105469,86.5,85.5199966430664,85.5999984741211,43464600
2011-04-29,70.04866027832031,86.38999938964844,86.68000030517578,85.93000030517578,86.19000244140625,41030900
2011-05-02,69.22974395751953,85.37999725341797,86.80999755859375,85.27999877929688,86.77999877929688,48962400
2011-05-03,68.35400390625,84.30000305175781,85.48999786376953,83.72000122070312,85.29000091552734,56070000
2011-05-04,67.47019958496094,83.20999908447266,84.45999908447266,82.7300033569336,84.41999816894531,64754600
2011-05-05,67.16206359863281,82.83000183105469,84.08000183105469,82.41000366210938,82.63999938964844,91858900
2011-05-06,67.51887512207031,83.2699966430664,84.33999633789062,82.83999633789062,83.76000213623047,76446200
2011-05-09,68.30537414550781,84.23999786376953,84.33000183105469,83.04000091552734,83.16999816894531,45806800
2011-05-10,69.35134887695312,85.52999877929688,85.54000091552734,84.55999755859375,84.66999816894531,44373700
2011-05-11,68.07019805908203,83.94999694824219,85.36000061035156,83.55000305175781,85.23999786376953,81313700
2011-05-12,68.67021942138672,84.69000244140625,84.94000244140625,82.9800033569336,83.47000122070312,80109400
2011-05-13,67.71343994140625,83.51000213623047,84.98999786376953,83.2699966430664,84.76000213623047,74669000
2011-05-16,66.72421264648438,82.29000091552734,83.88999938964844,82.22000122070312,82.95999908447266,68771600
2011-05-17,66.51338958740234,82.02999877929688,82.31999969482422,81.4000015258789,81.62999725341797,76475100
2011-05-18,67.5350341796875,83.29000091552734,83.31999969482422,82.0,82.12999725341797,54512200
2011-05-19,67.68101501464844,83.47000122070312,83.97000122070312,82.7300033569336,83.86000061035156,52914400
2011-05-20,67.18641662597656,82.86000061035156,83.44999694824219,82.29000091552734,83.25,56016800
2011-05-23,65.9782485961914,81.37000274658203,81.94999694824219,81.2300033569336,81.41999816894531,50696600
2011-05-24,65.66200256347656,80.9800033569336,81.95999908447266,80.83000183105469,81.58999633789062,60223400
2011-05-25,66.48908996582031,82.0,82.29000091552734,80.76000213623047,80.7699966430664,60009900
2011-05-26,67.36478424072266,83.08000183105469,83.12000274658203,81.6500015258789,81.69999694824219,51821300
2011-05-27,67.82696533203125,83.6500015258789,83.93000030517578,83.26000213623047,83.45999908447266,46619400
2011-05-31,68.79186248779297,84.83999633789062,84.86000061035156,83.7699966430664,84.61000061035156,77456200
2011-06-01,66.57827758789062,82.11000061035156,84.81999969482422,82.02999877929688,84.70999908447266,80933800
2011-06-02,66.55393981933594,82.08000183105469,82.66000366210938,81.5999984741211,82.31999969482422,64666600
2011-06-03,65.58089447021484,80.87999725341797,81.7300033569336,80.69000244140625,80.80999755859375,76493800
2011-06-06,64.50253295898438,79.55000305175781,81.06999969482422,79.48999786376953,80.75,63782200
2011-06-07,64.65656280517578,79.73999786376953,80.43000030517578,79.52999877929688,80.04000091552734,58242200
2011-06-08,63.93489074707031,78.8499984741211,79.72000122070312,78.70999908447266,79.47000122070312,67740400
2011-06-09,64.27545928955078,79.2699966430664,79.70999908447266,78.7300033569336,79.08000183105469,58469700
2011-06-10,63.245689392089844,78.0,78.91000366210938,77.6500015258789,78.77999877929688,71823100
2011-06-13,63.067298889160156,77.77999877929688,78.63999938964844,77.3499984741211,78.2300033569336,60285400
2011-06-14,64.42141723632812,79.44999694824219,79.68000030517578,78.38999938964844,78.44000244140625,66662700
2011-06-15,63.27003479003906,78.02999877929688,79.20999908447266,77.72000122070312,78.5999984741211,89262000
2011-06-16,63.41596221923828,78.20999908447266,78.87999725341797,77.2300033569336,78.08999633789062,81849500
2011-06-17,63.43221664428711,78.2300033569336,79.12999725341797,77.83000183105469,78.98999786376953,77862900
2011-06-20,64.01599884033203,78.94999694824219,79.2300033569336,77.93000030517578,77.95999908447266,53343900
2011-06-21,65.40254211425781,80.66000366210938,80.7699966430664,79.41999816894531,79.58000183105469,75970200
2011-06-22,64.89982604980469,80.04000091552734,81.11000061035156,80.01000213623047,80.22000122070312,55839700
2011-06-23,65.15117645263672,80.3499984741211,80.51000213623047,78.30000305175781,79.12999725341797,92521100
2011-06-24,64.81873321533203,79.94000244140625,80.76000213623047,79.47000122070312,80.62999725341797,73865400
2011-06-27,65.32150268554688,80.55999755859375,80.72000122070312,79.45999908447266,79.91000366210938,51195400
2011-06-28,66.33503723144531,81.80999755859375,81.8499984741211,80.66999816894531,80.83000183105469,54021800
2011-06-29,66.65122985839844,82.19999694824219,82.4000015258789,81.44000244140625,82.0999984741211,68230200
2011-06-30,67.13774871826172,82.80000305175781,83.05000305175781,82.27999877929688,82.41000366210938,59915500
2011-07-01,68.18372344970703,84.08999633789062,84.2300033569336,82.62000274658203,82.87999725341797,63908100
2011-07-05,68.34803009033203,84.04000091552734,84.13999938964844,83.52999877929688,83.93000030517578,48268900
2011-07-06,68.62452697753906,84.37999725341797,84.51000213623047,83.61000061035156,83.91000366210938,57094100
2011-07-07,69.65740966796875,85.6500015258789,85.97000122070312,84.94000244140625,85.20999908447266,68556600
2011-07-08,69.23448944091797,85.12999725341797,85.20999908447266,84.31999969482422,84.62000274658203,61977400
2011-07-11,67.762451171875,83.31999969482422,84.52999877929688,83.08999633789062,84.05999755859375,59769800
2011-07-12,67.38021850585938,82.8499984741211,83.7699966430664,82.77999877929688,82.87999725341797,65322100
2011-07-13,67.98207092285156,83.58999633789062,84.47000122070312,83.22000122070312,83.37999725341797,79327200
2011-07-14,66.9003677368164,82.26000213623047,84.16999816894531,82.05000305175781,83.75,91726600
2011-07-15,67.34764099121094,82.80999755859375,82.91000366210938,82.18000030517578,82.61000061035156,75496200
2011-07-18,66.26604461669922,81.4800033569336,82.62999725341797,81.0,82.44000244140625,56859700
2011-07-19,67.762451171875,83.31999969482422,83.41000366210938,82.18000030517578,82.2300033569336,56060800
2011-07-20,67.64859771728516,83.18000030517578,83.41999816894531,82.6500015258789,83.3499984741211,40277400
2011-07-21,68.26670837402344,83.94000244140625,84.30000305175781,83.23999786376953,83.44000244140625,63405500
2011-07-22,68.35614776611328,84.05000305175781,84.26000213623047,83.4000015258789,83.8499984741211,34540200
2011-07-25,67.5510025024414,83.05999755859375,83.76000213623047,82.75,83.0199966430664,49764900
2011-07-26,67.03861236572266,82.43000030517578,83.08999633789062,82.20999908447266,82.87999725341797,52205500
2011-07-27,65.0379409790039,79.97000122070312,81.91000366210938,79.8499984741211,81.88999938964844,97533300
2011-07-28,64.93223571777344,79.83999633789062,80.97000122070312,79.69000244140625,79.95999908447266,67439400
2011-07-29,64.85091400146484,79.73999786376953,80.18000030517578,78.13999938964844,78.72000122070312,93519600
2011-08-01,64.42801666259766,79.22000122070312,80.98999786376953,78.47000122070312,80.69000244140625,93483200
2011-08-02,62.41919708251953,76.75,79.68000030517578,76.61000061035156,78.91999816894531,95669600
2011-08-03,62.83399200439453,77.26000213623047,77.3499984741211,74.87999725341797,76.69000244140625,114910400
2011-08-04,59.044097900390625,72.5999984741211,76.20999908447266,72.58999633789062,76.06999969482422,130904800
2011-08-05,58.011234283447266,71.33000183105469,73.8499984741211,69.66000366210938,73.5199966430664,188585600
2011-08-08,52.96076965332031,65.12000274658203,71.41000366210938,65.08000183105469,69.01000213623047,170159700
2011-08-09,56.490413665771484,69.45999908447266,69.62000274658203,63.7599983215332,66.91999816894531,207867000
2011-08-10,53.7252311706543,66.05999755859375,69.56999969482422,65.87000274658203,67.3499984741211,182376400
2011-08-11,56.409095764160156,69.36000061035156,70.44000244140625,66.06999969482422,66.51000213623047,121880100
2011-08-12,56.75875473022461,69.79000091552734,70.5999984741211,68.80000305175781,69.98999786376953,86475800
2011-08-15,58.3609504699707,71.76000213623047,71.83000183105469,70.37999725341797,70.58000183105469,57616800
2011-08-16,57.28739547729492,70.44000244140625,71.41000366210938,69.66000366210938,70.58999633789062,79484300
2011-08-17,57.30366897583008,70.45999908447266,71.5199966430664,69.76000213623047,70.97000122070312,66789100
2011-08-18,54.042442321777344,66.44999694824219,70.4000015258789,65.81999969482422,68.05999755859375,110692200
2011-08-19,53.090877532958984,65.27999877929688,67.41000366210938,64.9000015258789,65.01000213623047,99196100
2011-08-22,52.90385055541992,65.05000305175781,67.19000244140625,64.56999969482422,67.12000274658203,72211900
2011-08-23,55.457515716552734,68.19000244140625,68.30000305175781,64.86000061035156,65.45999908447266,93274300
2011-08-24,56.27894592285156,69.19999694824219,69.62999725341797,67.5199966430664,68.12000274658203,67698000
2011-08-25,54.896366119384766,67.5,70.29000091552734,67.25,69.9800033569336,80732900
2011-08-26,56.205753326416016,69.11000061035156,69.31999969482422,66.05999755859375,67.26000213623047,84468500
2011-08-29,58.86515808105469,72.37999725341797,72.44999694824219,70.04000091552734,70.06999969482422,53069800
2011-08-30,59.20674133300781,72.80000305175781,73.2699966430664,71.12000274658203,71.9000015258789,67801600
2011-08-31,59.08478927612305,72.6500015258789,73.88999938964844,71.9000015258789,73.19999694824219,70313900
2011-09-01,57.81602096557617,71.08999633789062,73.62999725341797,70.69000244140625,72.69999694824219,86788800
2011-09-02,55.67711639404297,68.45999908447266,70.04000091552734,68.0999984741211,69.36000061035156,78920100
2011-09-06,55.52257537841797,68.2699966430664,68.30999755859375,65.93000030517578,65.93000030517578,71493900
2011-09-07,57.620853424072266,70.8499984741211,70.94999694824219,69.06999969482422,69.4000015258789,68952400
2011-09-08,56.5635986328125,69.55000305175781,71.30000305175781,69.18000030517578,70.33999633789062,71124100
2011-09-09,54.896366119384766,67.5,69.12999725341797,66.75,68.69999694824219,99453600
2011-09-12,55.36806106567383,68.08000183105469,68.25,66.37000274658203,66.37999725341797,100109900
2011-09-13,56.2626838684082,69.18000030517578,69.45999908447266,67.83000183105469,68.54000091552734,84144100
2011-09-14,57.27114486694336,70.41999816894531,71.4000015258789,68.44000244140625,69.83999633789062,77019200
2011-09-15,58.07631301879883,71.41000366210938,71.44000244140625,69.98999786376953,71.06999969482422,74213100
2011-09-16,58.16575622558594,71.5199966430664,72.02999877929688,70.87999725341797,71.6500015258789,75773300
2011-09-19,57.12474822998047,70.23999786376953,71.01000213623047,69.44999694824219,70.0999984741211,69216200
2011-09-20,56.238277435302734,69.1500015258789,71.29000091552734,69.11000061035156,70.48999786376953,63453200
2011-09-21,54.15626907348633,66.58999633789062,69.62999725341797,66.54000091552734,69.04000091552734,81413800
2011-09-22,52.643585205078125,64.7300033569336,65.91999816894531,63.4900016784668,64.30000305175781,159808200
2011-09-23,53.18242645263672,65.13999938964844,65.52999877929688,64.0999984741211,64.25,84086000
2011-09-26,54.1866455078125,66.37000274658203,66.4800033569336,64.27999877929688,65.83999633789062,75555800
2011-09-27,55.35416030883789,67.80000305175781,69.38999938964844,67.2699966430664,67.8499984741211,93999600
2011-09-28,53.231422424316406,65.19999694824219,68.12000274658203,65.0999984741211,67.79000091552734,85412600
2011-09-29,54.15399932861328,66.33000183105469,67.0199966430664,64.37000274658203,66.7300033569336,73927200
2011-09-30,52.496639251708984,64.30000305175781,66.18000030517578,64.23999786376953,65.1500015258789,72124900
2011-10-03,49.79423904418945,60.9900016784668,64.95999908447266,60.849998474121094,63.810001373291016,119485000
2011-10-04,52.89666748046875,64.79000091552734,64.87999725341797,60.09000015258789,60.31999969482422,165100000
2011-10-05,53.623321533203125,65.68000030517578,66.12999725341797,63.91999816894531,64.77999877929688,100371000
2011-10-06,54.81529235839844,67.13999938964844,67.30999755859375,65.1500015258789,65.51000213623047,85789700
2011-10-07,53.47636032104492,65.5,67.61000061035156,65.19999694824219,67.37999725341797,93662300
2011-10-10,55.81949996948242,68.37000274658203,68.37999725341797,65.54000091552734,66.97000122070312,76366700
2011-10-11,56.2032356262207,68.83999633789062,69.12000274658203,67.54000091552734,67.72000122070312,63173300
2011-10-12,57.00333023071289,69.81999969482422,70.52999877929688,68.81999969482422,69.37000274658203,88580000
2011-10-13,56.95436477661133,69.76000213623047,70.12000274658203,68.58000183105469,69.41999816894531,54163300
2011-10-14,58.081050872802734,71.13999938964844,71.33999633789062,69.80999755859375,70.58000183105469,69768200
2011-10-17,56.317535400390625,68.9800033569336,70.62000274658203,68.62999725341797,70.51000213623047,57529900
2011-10-18,57.81157684326172,70.80999755859375,71.29000091552734,67.8499984741211,69.20999908447266,98948000
2011-10-19,56.68491744995117,69.43000030517578,71.1500015258789,69.06999969482422,70.61000061035156,71071600
2011-10-20,56.84006118774414,69.62000274658203,69.7300033569336,67.75,69.55999755859375,90998600
2011-10-21,58.072872161865234,71.12999725341797,71.16000366210938,70.0199966430664,70.56999969482422,60408600
2011-10-24,59.942481994628906,73.41999816894531,73.58000183105469,71.16000366210938,71.44999694824219,81399100
2011-10-25,58.26065444946289,71.36000061035156,72.94000244140625,71.16000366210938,72.88999938964844,66767900
2011-10-26,59.26483917236328,72.58999633789062,73.04000091552734,70.54000091552734,72.5999984741211,76643400
2011-10-27,62.39179611206055,76.41999816894531,76.97000122070312,72.6500015258789,75.29000091552734,130508100
2011-10-28,62.07337188720703,76.02999877929688,76.91999816894531,75.76000213623047,76.30000305175781,82397500
2011-10-31,60.424198150634766,74.01000213623047,75.44000244140625,73.93000030517578,74.8499984741211,66969200
2011-11-01,58.285118103027344,71.38999938964844,72.97000122070312,70.95999908447266,71.18000030517578,110064900
2011-11-02,59.722049713134766,73.1500015258789,73.30000305175781,71.83000183105469,72.62000274658203,63821300
2011-11-03,61.207984924316406,74.97000122070312,75.19999694824219,72.29000091552734,74.2699966430664,74622200
2011-11-04,60.905887603759766,74.5999984741211,74.81999969482422,73.55000305175781,74.18000030517578,65262500
2011-11-07,60.78340530395508,74.44999694824219,74.87000274658203,72.9000015258789,74.5,67136100
2011-11-08,61.6733283996582,75.54000091552734,75.63999938964844,73.45999908447266,75.13999938964844,72278500
2011-11-09,58.73418426513672,71.94000244140625,73.91999816894531,71.81999969482422,73.31999969482422,78806400
2011-11-10,59.16690444946289,72.47000122070312,73.2300033569336,71.62999725341797,73.12000274658203,72175100
2011-11-11,60.72626876831055,74.37999725341797,74.52999877929688,72.52999877929688,73.33999633789062,62452000
2011-11-14,59.85268783569336,73.30999755859375,74.2699966430664,72.7699966430664,74.0999984741211,61114200
2011-11-15,60.61194610595703,74.23999786376953,74.63999938964844,72.43000030517578,72.91999816894531,65795300
2011-11-16,59.632232666015625,73.04000091552734,74.87999725341797,72.91000366210938,73.47000122070312,56938700
2011-11-17,58.78316879272461,72.0,73.44000244140625,71.2699966430664,72.94999694824219,78923500
2011-11-18,58.76683807373047,71.9800033569336,72.47000122070312,71.44999694824219,72.25,53462900
2011-11-21,57.362548828125,70.26000213623047,70.8499984741211,69.61000061035156,70.54000091552734,58233500
2011-11-22,56.880859375,69.66999816894531,70.62999725341797,69.30000305175781,70.12999725341797,55404700
2011-11-23,55.0928840637207,67.4800033569336,69.08999633789062,67.37000274658203,68.9000015258789,69700300
2011-11-25,54.39075469970703,66.62000274658203,68.04000091552734,66.62000274658203,67.05000305175781,28167900
2011-11-28,56.978843688964844,69.79000091552734,69.91999816894531,68.91000366210938,69.08999633789062,59167100
2011-11-29,56.87269973754883,69.66000366210938,70.18000030517578,69.12000274658203,69.83999633789062,58157100
2011-11-30,60.195587158203125,73.7300033569336,73.79000091552734,69.6500015258789,72.55999755859375,93802900
2011-12-01,59.762882232666016,73.19999694824219,74.13999938964844,73.05999755859375,73.47000122070312,57394700
2011-12-02,60.0078239440918,73.5,74.62999725341797,73.30999755859375,74.08999633789062,47671500
2011-12-05,61.0365104675293,74.76000213623047,75.38999938964844,74.12999725341797,74.94000244140625,58429900
2011-12-06,61.09366989135742,74.83000183105469,75.29000091552734,74.08999633789062,74.80999755859375,43597000
2011-12-07,60.971214294433594,74.68000030517578,75.05999755859375,73.12999725341797,74.27999877929688,55904400
2011-12-08,59.07707977294922,72.36000061035156,74.18000030517578,72.22000122070312,73.9000015258789,71486700
2011-12-09,60.85691833496094,74.54000091552734,74.97000122070312,72.37999725341797,72.5,72184900
2011-12-12,59.98332595825195,73.47000122070312,74.5999984741211,72.5,73.48999786376953,47638600
2011-12-13,58.73418426513672,71.94000244140625,74.47000122070312,71.55000305175781,74.2300033569336,79040300
2011-12-14,57.999393463134766,71.04000091552734,71.88999938964844,70.58000183105469,71.25,77704900
2011-12-15,58.538238525390625,71.69999694824219,72.11000061035156,71.04000091552734,72.05999755859375,50096100
2011-12-16,58.99541091918945,72.26000213623047,73.27999877929688,71.7300033569336,72.27999877929688,66225600
2011-12-19,57.97488784790039,71.01000213623047,73.19999694824219,70.83000183105469,72.93000030517578,52897500
2011-12-20,60.30170822143555,73.86000061035156,73.97000122070312,72.51000213623047,72.55000305175781,74174400
2011-12-21,60.54664993286133,74.16000366210938,74.38999938964844,72.7300033569336,73.52999877929688,59194600
2011-12-22,60.93223571777344,74.2699966430664,74.66999816894531,73.9800033569336,74.16000366210938,41502800
2011-12-23,61.16199493408203,74.55000305175781,74.68000030517578,74.08000183105469,74.55000305175781,24333600
2011-12-27,61.342464447021484,74.7699966430664,75.16000366210938,74.08000183105469,74.26000213623047,26922400
2011-12-28,60.226715087890625,73.41000366210938,74.9000015258789,73.2699966430664,74.87999725341797,37827500
2011-12-29,60.833778381347656,74.1500015258789,74.44000244140625,73.5999984741211,73.7300033569336,27090500
2011-12-30,60.5056266784668,73.75,74.5199966430664,73.69000244140625,74.12000274658203,31979800
2012-01-03,61.50655746459961,74.97000122070312,75.87000274658203,74.7699966430664,75.68000030517578,60504700
2012-01-04,61.17015838623047,74.55999755859375,74.86000061035156,74.06999969482422,74.58000183105469,34648500
2012-01-05,61.514747619628906,74.9800033569336,75.33999633789062,73.37000274658203,74.02999877929688,57274600
2012-01-06,61.35886001586914,74.79000091552734,75.37999725341797,74.2699966430664,75.0199966430664,45499800
2012-01-09,61.670597076416016,75.16999816894531,75.30000305175781,74.41000366210938,75.13999938964844,52042400
2012-01-10,62.57305908203125,76.2699966430664,76.43000030517578,75.95999908447266,76.16000366210938,42977600
2012-01-11,62.81922149658203,76.56999969482422,76.66999816894531,75.87000274658203,75.94999694824219,33445800
2012-01-12,63.00788116455078,76.80000305175781,76.91999816894531,75.94000244140625,76.79000091552734,36131400
2012-01-13,62.671539306640625,76.38999938964844,76.4800033569336,75.5999984741211,76.18000030517578,42600400
2012-01-17,62.646915435791016,76.36000061035156,77.2699966430664,76.12999725341797,77.0999984741211,34518400
2012-01-18,63.76267623901367,77.72000122070312,77.7300033569336,76.1500015258789,76.31999969482422,49330800
2012-01-19,64.1564712524414,78.19999694824219,78.36000061035156,77.66000366210938,78.12999725341797,35830500
2012-01-20,64.19751739501953,78.25,78.51000213623047,77.9000015258789,78.0999984741211,42221200
2012-01-23,64.115478515625,78.1500015258789,78.83999633789062,77.55000305175781,78.26000213623047,37481400
2012-01-24,64.48468017578125,78.5999984741211,78.75,77.2699966430664,77.68000030517578,49856900
2012-01-25,65.03433227539062,79.2699966430664,79.56999969482422,78.19000244140625,78.5999984741211,68272900
2012-01-26,64.96047973632812,79.18000030517578,79.91000366210938,78.75,79.86000061035156,52755700
2012-01-27,65.40353393554688,79.72000122070312,79.77999877929688,78.7699966430664,78.80000305175781,52203500
2012-01-30,64.89485931396484,79.0999984741211,79.43000030517578,78.5199966430664,79.08000183105469,46332400
2012-01-31,64.82923126220703,79.0199966430664,79.81999969482422,78.58000183105469,79.66000366210938,52024000
2012-02-01,66.22393798828125,80.72000122070312,80.9000015258789,79.47000122070312,79.76000213623047,67292200
2012-02-02,66.60132598876953,81.18000030517578,81.52999877929688,80.73999786376953,81.04000091552734,46400100
2012-02-03,68.05349731445312,82.94999694824219,83.22000122070312,82.23999786376953,82.47000122070312,72738000
2012-02-06,67.83195495605469,82.68000030517578,82.93000030517578,82.37000274658203,82.56999969482422,34516000
2012-02-07,67.79090118408203,82.62999725341797,82.98999786376953,82.08000183105469,82.61000061035156,41623400
2012-02-08,67.9385986328125,82.80999755859375,83.20999908447266,81.93000030517578,82.80000305175781,46697400
2012-02-09,67.60224914550781,82.4000015258789,83.02999877929688,81.83999633789062,83.0199966430664,48712500
2012-02-10,66.67514038085938,81.2699966430664,81.66999816894531,81.08000183105469,81.5,42503000
2012-02-13,67.5365982055664,82.31999969482422,82.43000030517578,81.61000061035156,82.11000061035156,38574100
2012-02-14,67.23304748535156,81.94999694824219,82.12000274658203,81.36000061035156,81.91000366210938,49375200
2012-02-15,66.67514038085938,81.2699966430664,82.43000030517578,81.0,82.41999816894531,59836600
2012-02-16,67.930419921875,82.80000305175781,82.9000015258789,81.27999877929688,81.31999969482422,61456800
2012-02-17,67.92221069335938,82.79000091552734,83.30999755859375,82.62999725341797,83.29000091552734,33292000
2012-02-21,67.46276092529297,82.2300033569336,83.04000091552734,81.83000183105469,82.91999816894531,39889400
2012-02-22,66.92947387695312,81.58000183105469,82.36000061035156,81.5,81.97000122070312,42626900
2012-02-23,67.930419921875,82.80000305175781,82.8499984741211,81.26000213623047,81.70999908447266,53177500
2012-02-24,67.79912567138672,82.63999938964844,83.02999877929688,82.47000122070312,82.83000183105469,37607700
2012-02-27,67.68427276611328,82.5,82.94999694824219,81.25,81.83999633789062,51807700
2012-02-28,67.50377655029297,82.27999877929688,83.05999755859375,81.83999633789062,82.55000305175781,47680600
2012-02-29,66.49468231201172,81.05000305175781,82.95999908447266,80.97000122070312,82.55000305175781,64213200
2012-03-01,66.8392562866211,81.47000122070312,82.37000274658203,81.36000061035156,81.37999725341797,69526300
2012-03-02,65.83832550048828,80.25,81.63999938964844,79.83999633789062,81.41999816894531,70789500
2012-03-05,65.91218566894531,80.33999633789062,80.4000015258789,79.41999816894531,79.98999786376953,44334800
2012-03-06,64.59953308105469,78.73999786376953,79.62000274658203,78.41000366210938,79.41999816894531,80769300
2012-03-07,65.2066421508789,79.4800033569336,79.55999755859375,78.77999877929688,78.91000366210938,57456300
2012-03-08,66.05165100097656,80.51000213623047,80.69000244140625,79.3499984741211,80.0,43803100
2012-03-09,66.94591522216797,81.5999984741211,82.1500015258789,80.45999908447266,80.5199966430664,61462900
2012-03-12,66.81462860107422,81.44000244140625,81.93000030517578,81.05000305175781,81.73999786376953,34084200
2012-03-13,68.14368438720703,83.05999755859375,83.08999633789062,81.4000015258789,82.05999755859375,60998100
2012-03-14,67.58584594726562,82.37999725341797,83.2300033569336,82.01000213623047,82.95999908447266,46707700
2012-03-15,68.15190887451172,83.06999969482422,83.12000274658203,82.02999877929688,82.25,58740500
2012-03-16,68.09451293945312,83.0,83.2699966430664,82.6500015258789,83.22000122070312,42045800
2012-03-19,68.66875457763672,83.69999694824219,84.38999938964844,82.75,82.88999938964844,66822800
2012-03-20,68.05349731445312,82.94999694824219,83.30000305175781,82.58000183105469,83.12000274658203,43829100
2012-03-21,68.03704071044922,82.93000030517578,83.43000030517578,82.63999938964844,83.19999694824219,40504700
2012-03-22,67.38069915771484,82.12999725341797,82.45999908447266,81.62000274658203,82.08999633789062,60102900
2012-03-23,68.03988647460938,82.68000030517578,82.79000091552734,81.25,82.0,46464800
2012-03-26,69.45531463623047,84.4000015258789,84.45999908447266,83.62000274658203,83.73999786376953,56454000
2012-03-27,68.96980285644531,83.80999755859375,84.66000366210938,83.75,84.41999816894531,41730700
2012-03-28,68.56655883789062,83.31999969482422,84.0199966430664,82.61000061035156,83.80000305175781,48836000
2012-03-29,68.36902618408203,83.08000183105469,83.22000122070312,82.0199966430664,82.7300033569336,45615600
2012-03-30,68.1468734741211,82.80999755859375,83.5999984741211,82.52999877929688,83.58999633789062,45904700
2012-04-02,68.98623657226562,83.83000183105469,83.86000061035156,82.37999725341797,82.54000091552734,52756800
2012-04-03,68.525390625,83.2699966430664,84.0,82.93000030517578,83.66000366210938,52012300
2012-04-04,67.430908203125,81.94000244140625,82.43000030517578,81.44999694824219,82.37000274658203,65172400
2012-04-05,67.13465881347656,81.58000183105469,82.0,81.41999816894531,81.5999984741211,31978700
2012-04-09,66.03194427490234,80.23999786376953,80.56999969482422,79.8499984741211,80.08999633789062,50062200
2012-04-10,64.47657775878906,78.3499984741211,80.16000366210938,78.13999938964844,79.91999816894531,101228600
2012-04-11,65.39005279541016,79.45999908447266,79.56999969482422,78.8499984741211,79.01000213623047,54346800
2012-04-12,66.32816314697266,80.5999984741211,80.91000366210938,79.44000244140625,79.54000091552734,60728700
2012-04-13,65.45586395263672,79.54000091552734,80.41000366210938,79.43000030517578,80.37999725341797,53965200
2012-04-16,65.5628662109375,79.66999816894531,80.19999694824219,78.87999725341797,79.88999938964844,44725900
2012-04-17,66.50921630859375,80.81999969482422,81.55000305175781,80.2699966430664,80.33000183105469,46737700
2012-04-18,66.00726318359375,80.20999908447266,80.66999816894531,79.83000183105469,80.41000366210938,49008100
2012-04-19,65.62870025634766,79.75,80.98999786376953,79.25,80.31999969482422,74260400
2012-04-20,66.00726318359375,80.20999908447266,80.97000122070312,80.05999755859375,80.27999877929688,46632000
2012-04-23,65.09378814697266,79.0999984741211,79.16000366210938,78.30999755859375,78.9800033569336,62477000
2012-04-24,65.58755493164062,79.69999694824219,79.93000030517578,78.86000061035156,79.12999725341797,44810200
2012-04-25,66.60797882080078,80.94000244140625,81.37000274658203,80.52999877929688,80.75,50263300
2012-04-26,67.26632690429688,81.73999786376953,81.87000274658203,80.81999969482422,80.94999694824219,43147600
2012-04-27,67.79299926757812,82.37999725341797,82.52999877929688,81.02999877929688,81.9800033569336,46796400
2012-04-30,67.04414367675781,81.47000122070312,82.36000061035156,81.43000030517578,82.3499984741211,38093600
2012-05-01,67.10997009277344,81.55000305175781,82.97000122070312,81.29000091552734,81.55999755859375,60493600
2012-05-02,67.29103088378906,81.7699966430664,81.81999969482422,80.56999969482422,80.91000366210938,52095800
2012-05-03,66.34465026855469,80.62000274658203,81.76000213623047,80.16999816894531,81.66000366210938,61487800
2012-05-04,65.08554077148438,79.08999633789062,80.55000305175781,78.94000244140625,80.06999969482422,75093300
2012-05-07,65.25840759277344,79.30000305175781,79.5999984741211,78.62000274658203,78.76000213623047,47361400
2012-05-08,65.21725463867188,79.25,79.30000305175781,77.97000122070312,78.69000244140625,62939600
2012-05-09,64.84690856933594,78.80000305175781,79.26000213623047,77.97000122070312,78.25,64431000
2012-05-10,65.09378814697266,79.0999984741211,79.55000305175781,78.62999725341797,79.31999969482422,45697800
2012-05-11,64.9292221069336,78.9000015258789,79.55999755859375,78.41999816894531,78.44999694824219,44862900
2012-05-14,64.06513214111328,77.8499984741211,78.45999908447266,77.61000061035156,78.08999633789062,51220200
2012-05-15,63.94991683959961,77.70999908447266,78.48999786376953,77.47000122070312,77.83000183105469,54317800
2012-05-16,63.48908233642578,77.1500015258789,78.38999938964844,77.0999984741211,77.9800033569336,52659400
2012-05-17,62.048946380615234,75.4000015258789,77.3499984741211,75.36000061035156,77.22000122070312,71665100
2012-05-18,61.464691162109375,74.69000244140625,75.91000366210938,74.48999786376953,75.38999938964844,77636200
2012-05-21,62.91300964355469,76.44999694824219,76.44999694824219,74.41000366210938,74.93000030517578,61384400
2012-05-22,62.53447341918945,75.98999786376953,77.02999877929688,75.47000122070312,76.41999816894531,59678300
2012-05-23,62.937721252441406,76.4800033569336,76.63999938964844,74.69000244140625,75.25,66981800
2012-05-24,63.06941223144531,76.63999938964844,76.73999786376953,75.55000305175781,76.43000030517578,54576500
2012-05-25,63.0282096862793,76.58999633789062,76.88999938964844,76.2699966430664,76.69999694824219,33847700
2012-05-29,63.94168472290039,77.69999694824219,77.91000366210938,76.76000213623047,77.33000183105469,51160000
2012-05-30,62.71550369262695,76.20999908447266,77.04000091552734,76.11000061035156,76.9000015258789,47891500
2012-05-31,62.63323211669922,76.11000061035156,76.58999633789062,75.06999969482422,76.2699966430664,59563900
2012-06-01,60.748722076416016,73.81999969482422,75.01000213623047,73.70999908447266,74.4000015258789,76127100
2012-06-04,60.608821868896484,73.6500015258789,74.3499984741211,72.94000244140625,74.08999633789062,50123200
2012-06-05,61.390602111816406,74.5999984741211,74.66999816894531,73.20999908447266,73.26000213623047,48270600
2012-06-06,62.90479278564453,76.44000244140625,76.51000213623047,75.02999877929688,75.19000244140625,48638400
2012-06-07,62.49333572387695,75.94000244140625,77.72000122070312,75.94000244140625,77.66000366210938,57907100
2012-06-08,63.3409423828125,76.97000122070312,77.05999755859375,75.3499984741211,75.9000015258789,50420100
2012-06-11,61.94196701049805,75.2699966430664,77.86000061035156,75.08999633789062,77.79000091552734,52803000
2012-06-12,62.723751068115234,76.22000122070312,76.26000213623047,74.77999877929688,75.44000244140625,56599400
2012-06-13,61.999568939208984,75.33999633789062,76.54000091552734,75.0,76.08999633789062,62715800
2012-06-14,62.707279205322266,76.19999694824219,76.47000122070312,75.16000366210938,75.37999725341797,53619000
2012-06-15,63.54669189453125,77.22000122070312,77.31999969482422,76.0999984741211,76.3499984741211,57935000
2012-06-18,63.62073516845703,77.30999755859375,77.5999984741211,76.3499984741211,76.5999984741211,45656600
2012-06-19,64.72346496582031,78.6500015258789,79.08000183105469,77.54000091552734,77.6500015258789,66897000
2012-06-20,64.6247329711914,78.52999877929688,79.08000183105469,77.9800033569336,78.66999816894531,54642300
2012-06-21,63.05289840698242,76.62000274658203,78.52999877929688,76.48999786376953,78.37000274658203,62486400
2012-06-22,63.76884078979492,77.48999786376953,77.73999786376953,76.6500015258789,77.06999969482422,41001200
2012-06-25,62.77309799194336,76.27999877929688,77.5999984741211,76.0,76.4000015258789,48620100
2012-06-26,63.018733978271484,76.19999694824219,76.58000183105469,75.41999816894531,76.08999633789062,42495600
2012-06-27,64.04426574707031,77.44000244140625,77.45999908447266,76.36000061035156,76.43000030517578,38510400
2012-06-28,63.936729431152344,77.30999755859375,77.37000274658203,76.12000274658203,76.77999877929688,58183700
2012-06-29,65.79752349853516,79.55999755859375,79.7300033569336,78.55999755859375,78.94000244140625,71660200
2012-07-02,66.5583724975586,80.4800033569336,80.51000213623047,79.27999877929688,79.91999816894531,53370400
2012-07-03,67.42674255371094,81.52999877929688,81.5999984741211,80.43000030517578,80.55999755859375,32322500
2012-07-05,67.3523178100586,81.44000244140625,81.83999633789062,81.02999877929688,81.62000274658203,42819900
2012-07-06,66.5997314453125,80.52999877929688,80.83000183105469,80.1500015258789,80.7699966430664,38530600
2012-07-09,66.34336853027344,80.22000122070312,80.52999877929688,79.86000061035156,80.41999816894531,34636100
2012-07-10,65.60729217529297,79.33000183105469,80.95999908447266,78.9800033569336,80.80999755859375,49990800
2012-07-11,65.3840103149414,79.05999755859375,79.6500015258789,78.55000305175781,79.38999938964844,40171300
2012-07-12,65.16072082519531,78.79000091552734,79.0999984741211,77.58999633789062,78.44000244140625,55502600
2012-07-13,65.97120666503906,79.7699966430664,80.08999633789062,79.0199966430664,79.06999969482422,42114800
2012-07-16,65.70655822753906,79.44999694824219,79.87999725341797,79.11000061035156,79.62000274658203,31922600
2012-07-17,65.93810272216797,79.7300033569336,80.1500015258789,78.6500015258789,79.9800033569336,43662500
2012-07-18,66.34336853027344,80.22000122070312,80.70999908447266,79.55000305175781,79.5999984741211,46045000
2012-07-19,66.12004852294922,79.94999694824219,80.73999786376953,79.80999755859375,80.55000305175781,49405400
2012-07-20,65.27652740478516,78.93000030517578,79.45999908447266,78.80999755859375,79.33000183105469,42314300
2012-07-23,64.23446655273438,77.66999816894531,78.02999877929688,77.18000030517578,77.51000213623047,47367200
2012-07-24,63.390926361083984,76.6500015258789,77.9800033569336,76.22000122070312,77.94999694824219,55609200
2012-07-25,63.5315055847168,76.81999969482422,77.37999725341797,76.47000122070312,77.0,37217500
2012-07-26,64.07735443115234,77.4800033569336,78.18000030517578,77.0,77.9800033569336,44745100
2012-07-27,65.59905242919922,79.31999969482422,79.72000122070312,77.38999938964844,77.83000183105469,67297100
2012-07-30,65.37574768066406,79.05000305175781,79.91000366210938,78.73999786376953,79.5199966430664,34785200
2012-07-31,64.79682159423828,78.3499984741211,79.47000122070312,78.3499984741211,78.7300033569336,48933500
2012-08-01,63.72998809814453,77.05999755859375,79.0,77.04000091552734,78.91000366210938,63601100
2012-08-02,63.498443603515625,76.77999877929688,77.30999755859375,76.25,76.2699966430664,43374800
2012-08-03,65.01188659667969,78.61000061035156,79.0199966430664,77.6500015258789,77.94000244140625,52414100
2012-08-06,65.51631927490234,79.22000122070312,79.62999725341797,78.58999633789062,78.69999694824219,34662800
2012-08-07,66.11181640625,79.94000244140625,80.56999969482422,79.63999938964844,79.8499984741211,50064000
2012-08-08,66.0125503540039,79.81999969482422,80.19000244140625,79.54000091552734,79.5999984741211,28011700
2012-08-09,66.32682800292969,80.19999694824219,80.38999938964844,79.69000244140625,79.76000213623047,24045900
2012-08-10,66.09529113769531,79.91999816894531,80.05000305175781,79.5,79.7699966430664,26068400
2012-08-13,65.9877700805664,79.79000091552734,80.01000213623047,78.88999938964844,79.80000305175781,31544800
2012-08-14,65.83061981201172,79.5999984741211,80.41999816894531,79.2699966430664,80.30000305175781,26052900
2012-08-15,66.40950775146484,80.30000305175781,80.30000305175781,79.30999755859375,79.37999725341797,27061400
2012-08-16,67.10421752929688,81.13999938964844,81.30000305175781,79.83000183105469,80.18000030517578,46037700
2012-08-17,67.57561492919922,81.70999908447266,81.86000061035156,80.98999786376953,81.22000122070312,33453500
2012-08-20,67.42674255371094,81.52999877929688,81.66000366210938,80.9800033569336,81.58999633789062,32657000
2012-08-21,67.38542938232422,81.4800033569336,82.70999908447266,81.19000244140625,81.93000030517578,43743800
2012-08-22,67.0628662109375,81.08999633789062,81.5,80.79000091552734,81.2699966430664,37611400
2012-08-23,66.59146881103516,80.5199966430664,81.05999755859375,80.19999694824219,81.05999755859375,32208500
2012-08-24,66.77342224121094,80.73999786376953,81.06999969482422,80.11000061035156,80.33999633789062,25676100
2012-08-27,66.97193145751953,80.9800033569336,81.41000366210938,80.58000183105469,81.2300033569336,23628400
2012-08-28,67.27791595458984,81.3499984741211,81.51000213623047,80.75,80.97000122070312,28505600
2012-08-29,67.48465728759766,81.5999984741211,81.95999908447266,81.13999938964844,81.5199966430664,30858800
2012-08-30,66.81475067138672,80.79000091552734,81.25,80.63999938964844,81.18000030517578,24562900
2012-08-31,67.0876693725586,81.12000274658203,81.52999877929688,80.33999633789062,81.4800033569336,34088500
2012-09-04,67.90643310546875,82.11000061035156,82.4000015258789,80.55000305175781,81.18000030517578,69560700
2012-09-05,67.92293548583984,82.12999725341797,82.51000213623047,81.8499984741211,82.19999694824219,35103700
2012-09-06,69.17176055908203,83.63999938964844,83.94000244140625,82.5199966430664,82.58000183105469,46332500
2012-09-07,69.68450927734375,84.26000213623047,84.4000015258789,83.69999694824219,83.86000061035156,32012900
2012-09-10,69.37024688720703,83.87999725341797,84.44999694824219,83.79000091552734,84.18000030517578,30671300
2012-09-11,69.51910400390625,84.05999755859375,84.55999755859375,83.83000183105469,83.88999938964844,33164100
2012-09-12,69.87474060058594,84.48999786376953,84.6500015258789,83.9000015258789,84.48999786376953,29751700
2012-09-13,70.792724609375,85.5999984741211,86.1500015258789,84.19000244140625,84.63999938964844,69437600
2012-09-14,71.4543228149414,86.4000015258789,86.95999908447266,85.83000183105469,85.86000061035156,46040200
2012-09-17,71.12354278564453,86.0,86.22000122070312,85.56999969482422,85.9800033569336,30183000
2012-09-18,70.89193725585938,85.72000122070312,85.9000015258789,85.36000061035156,85.73999786376953,32991100
2012-09-19,70.76787567138672,85.56999969482422,86.02999877929688,85.41000366210938,85.94000244140625,29342000
2012-09-20,70.4536361694336,85.19000244140625,85.4000015258789,84.61000061035156,85.13999938964844,34939800
2012-09-21,70.70999908447266,85.5,86.08000183105469,85.47000122070312,86.04000091552734,38826000
2012-09-24,70.47921752929688,84.88999938964844,85.43000030517578,84.5999984741211,84.88999938964844,54635300
2012-09-25,69.4662857055664,83.66999816894531,85.51000213623047,83.58000183105469,85.43000030517578,74752200
2012-09-26,69.02629089355469,83.13999938964844,83.93000030517578,82.83999633789062,83.8499984741211,42167400
2012-09-27,69.77350616455078,84.04000091552734,84.3499984741211,83.06999969482422,83.48999786376953,33252800
2012-09-28,69.2753677368164,83.44000244140625,84.0,83.26000213623047,83.77999877929688,43944300
2012-10-01,69.5078125,83.72000122070312,84.54000091552734,83.30999755859375,83.95999908447266,43705600
2012-10-02,69.64066314697266,83.87999725341797,84.23999786376953,83.37000274658203,84.1500015258789,25792500
2012-10-03,69.44140625,83.63999938964844,84.22000122070312,83.16999816894531,83.94000244140625,38568500
2012-10-04,69.91464233398438,84.20999908447266,84.26000213623047,83.19999694824219,83.95999908447266,43327200
2012-10-05,69.83163452148438,84.11000061035156,85.25,83.83999633789062,84.58000183105469,40981400
2012-10-08,69.39160919189453,83.58000183105469,83.9000015258789,83.38999938964844,83.62000274658203,21062200
2012-10-09,68.57792663574219,82.5999984741211,83.69999694824219,82.44000244140625,83.62000274658203,45221200
2012-10-10,68.47003173828125,82.47000122070312,82.83000183105469,82.18000030517578,82.66999816894531,32465600
2012-10-11,68.7190933227539,82.7699966430664,83.44000244140625,82.5999984741211,83.0999984741211,38978500
2012-10-12,68.16281127929688,82.0999984741211,83.0199966430664,81.91000366210938,82.73999786376953,31847100
2012-10-15,68.61116027832031,82.63999938964844,82.63999938964844,81.76000213623047,82.33999633789062,34413700
2012-10-16,69.11759948730469,83.25,83.36000061035156,82.87999725341797,83.08000183105469,29234800
2012-10-17,69.74030303955078,84.0,84.1500015258789,83.25,83.41999816894531,35466500
2012-10-18,69.3583755493164,83.54000091552734,84.1500015258789,83.44999694824219,83.94000244140625,31431700
2012-10-19,67.95529174804688,81.8499984741211,82.87999725341797,81.47000122070312,82.8499984741211,53565500
2012-10-22,67.9386978149414,81.83000183105469,81.97000122070312,81.3499984741211,81.63999938964844,30682000
2012-10-23,67.59825897216797,81.41999816894531,81.52999877929688,80.43000030517578,81.1500015258789,40737600
2012-10-24,67.41563415527344,81.19999694824219,81.8499984741211,80.91000366210938,81.69999694824219,24472200
2012-10-25,67.68958282470703,81.52999877929688,82.13999938964844,80.87000274658203,81.87999725341797,27794000
2012-10-26,67.36579895019531,81.13999938964844,81.9000015258789,80.45999908447266,81.44000244140625,41402800
2012-10-31,67.77259826660156,81.62999725341797,81.6500015258789,80.87999725341797,81.16000366210938,24879800
2012-11-01,68.48664093017578,82.48999786376953,82.70999908447266,81.5199966430664,81.81999969482422,77113300
2012-11-02,67.40731048583984,81.19000244140625,82.94999694824219,81.16999816894531,82.88999938964844,39322100
2012-11-05,67.85562896728516,81.7300033569336,81.83999633789062,80.91999816894531,81.18000030517578,26861600
2012-11-06,68.36211395263672,82.33999633789062,82.56999969482422,81.97000122070312,82.02999877929688,27342500
2012-11-07,66.70159912109375,80.33999633789062,81.37000274658203,79.91000366210938,81.37000274658203,65095500
2012-11-08,65.76343536376953,79.20999908447266,80.5,79.1500015258789,80.16999816894531,42653100
2012-11-09,65.90460205078125,79.37999725341797,79.97000122070312,78.69999694824219,78.87000274658203,33030000
2012-11-12,65.71359252929688,79.1500015258789,79.66000366210938,79.02999877929688,79.55999755859375,20155100
2012-11-13,65.34001922607422,78.69999694824219,79.55999755859375,78.58000183105469,78.79000091552734,34408200
2012-11-14,64.12785339355469,77.23999786376953,79.0999984741211,77.05999755859375,78.87999725341797,54653100
2012-11-15,63.79576110839844,76.83999633789062,77.48999786376953,76.29000091552734,77.08999633789062,55966400
2012-11-16,64.32713317871094,77.4800033569336,77.68000030517578,76.12999725341797,76.77999877929688,62748300
2012-11-19,65.68870544433594,79.12000274658203,79.18000030517578,78.22000122070312,78.31999969482422,45621100
2012-11-20,65.80496215820312,79.26000213623047,79.3499984741211,78.63999938964844,78.9800033569336,36928500
2012-11-21,66.15365600585938,79.68000030517578,79.7300033569336,79.12999725341797,79.41000366210938,19254500
2012-11-23,66.80953216552734,80.47000122070312,80.55999755859375,79.86000061035156,79.9000015258789,20093300
2012-11-26,67.0253677368164,80.7300033569336,80.79000091552734,80.06999969482422,80.3499984741211,31180700
2012-11-27,66.94236755371094,80.62999725341797,81.2300033569336,80.56999969482422,80.68000030517578,39942000
2012-11-28,67.50691986083984,81.30999755859375,81.30999755859375,79.62999725341797,80.31999969482422,51316900
2012-11-29,68.2790756225586,82.23999786376953,82.41000366210938,81.62000274658203,81.94999694824219,53043500
2012-11-30,68.14623260498047,82.08000183105469,82.41000366210938,81.7300033569336,82.4000015258789,35722500
2012-12-03,68.07149505615234,81.98999786376953,82.76000213623047,81.75,82.70999908447266,24959800
2012-12-04,68.15450286865234,82.08999633789062,82.31999969482422,81.45999908447266,82.06999969482422,37225000
2012-12-05,68.07149505615234,81.98999786376953,82.51000213623047,81.4000015258789,82.4800033569336,40376100
2012-12-06,68.17945098876953,82.12000274658203,82.30999755859375,81.61000061035156,81.9800033569336,31829500
2012-12-07,68.22924041748047,82.18000030517578,82.55000305175781,81.83000183105469,82.5,24123400
2012-12-10,68.52813720703125,82.54000091552734,82.66000366210938,82.20999908447266,82.37000274658203,29173000
2012-12-11,69.25043487548828,83.41000366210938,83.55999755859375,82.91999816894531,83.11000061035156,40262100
2012-12-12,68.8602294921875,82.94000244140625,83.80000305175781,82.7699966430664,83.66999816894531,40570000
2012-12-13,68.42024230957031,82.41000366210938,83.20999908447266,82.11000061035156,82.9800033569336,33439300
2012-12-14,68.37869262695312,82.36000061035156,82.80999755859375,82.12000274658203,82.22000122070312,28508000
2012-12-17,69.34178924560547,83.5199966430664,83.52999877929688,82.5199966430664,82.68000030517578,35849400
2012-12-18,70.28826904296875,84.66000366210938,84.7699966430664,83.48999786376953,83.70999908447266,53500700
2012-12-19,70.44485473632812,84.12000274658203,84.5199966430664,83.76000213623047,84.08000183105469,49010900
2012-12-20,70.79657745361328,84.54000091552734,84.61000061035156,83.8499984741211,84.13999938964844,50304600
2012-12-21,70.50345611572266,84.19000244140625,84.19000244140625,83.08000183105469,83.2699966430664,54923200
2012-12-24,70.1601333618164,83.77999877929688,83.97000122070312,83.51000213623047,83.88999938964844,10103000
2012-12-26,69.6576919555664,83.18000030517578,84.01000213623047,83.08000183105469,83.97000122070312,24671600
2012-12-27,69.60742950439453,83.12000274658203,83.43000030517578,82.05000305175781,83.26000213623047,35567700
2012-12-28,69.11329650878906,82.52999877929688,83.37000274658203,82.5199966430664,82.69000244140625,34262200
2012-12-31,70.61235046386719,84.31999969482422,84.43000030517578,82.3499984741211,82.66000366210938,67461100
2013-01-02,72.68917083740234,86.80000305175781,86.91000366210938,86.04000091552734,86.33999633789062,116410600
2013-01-03,72.52169036865234,86.5999984741211,87.27999877929688,86.37000274658203,86.8499984741211,45872900
2013-01-04,73.0576400756836,87.23999786376953,87.44000244140625,86.66000366210938,87.01000213623047,29852500
2013-01-07,72.78128051757812,86.91000366210938,87.06999969482422,86.62000274658203,86.80000305175781,23693400
2013-01-08,72.7310562133789,86.8499984741211,87.01000213623047,86.38999938964844,86.87999725341797,23760000
2013-01-09,73.08275604248047,87.2699966430664,87.3499984741211,86.95999908447266,87.0199966430664,27425500
2013-01-10,73.25025177001953,87.47000122070312,87.69000244140625,86.94999694824219,87.61000061035156,39753000
2013-01-11,73.14139556884766,87.33999633789062,87.54000091552734,87.0,87.4000015258789,27322400
2013-01-14,73.18325805664062,87.38999938964844,87.5199966430664,87.05000305175781,87.16000366210938,24351900
2013-01-15,73.50146484375,87.7699966430664,87.88999938964844,86.7699966430664,86.83000183105469,34704100
2013-01-16,73.28372955322266,87.51000213623047,87.75,87.30000305175781,87.56999969482422,20881400
2013-01-17,73.96208190917969,88.31999969482422,88.51000213623047,87.83000183105469,87.91000366210938,34219400
2013-01-18,74.17142486572266,88.56999969482422,88.62000274658203,88.11000061035156,88.33999633789062,23256900
2013-01-22,74.70738220214844,89.20999908447266,89.26000213623047,88.37999725341797,88.63999938964844,31589000
2013-01-23,74.5315170288086,89.0,89.29000091552734,88.91000366210938,89.23999786376953,32818900
2013-01-24,74.77438354492188,89.29000091552734,89.8499984741211,88.93000030517578,89.1500015258789,39814600
2013-01-25,75.3187026977539,89.94000244140625,89.94000244140625,89.29000091552734,89.7300033569336,34620300
2013-01-28,75.36896514892578,90.0,90.2300033569336,89.37999725341797,90.01000213623047,42633600
2013-01-29,75.41082763671875,90.05000305175781,90.16000366210938,89.6500015258789,89.95999908447266,37055100
2013-01-30,74.50639343261719,88.97000122070312,90.0199966430664,88.69000244140625,89.97000122070312,39299300
2013-01-31,75.01726531982422,89.58000183105469,89.68000030517578,88.76000213623047,88.87000274658203,36924200
2013-02-01,75.67882537841797,90.37000274658203,90.69999694824219,89.8499984741211,89.95999908447266,33925100
2013-02-04,74.76602172851562,89.27999877929688,90.18000030517578,89.1500015258789,89.81999969482422,27006300
2013-02-05,75.43595123291016,90.08000183105469,90.37999725341797,89.58999633789062,89.70999908447266,26551000
2013-02-06,75.7541732788086,90.45999908447266,90.5199966430664,89.56999969482422,89.6500015258789,24297800
2013-02-07,75.50298309326172,90.16000366210938,90.55000305175781,89.55000305175781,90.38999938964844,30206500
2013-02-08,76.03892517089844,90.80000305175781,90.86000061035156,90.23999786376953,90.27999877929688,25189600
2013-02-11,75.95513916015625,90.69999694824219,90.75,90.26000213623047,90.70999908447266,15722100
2013-02-12,76.2901382446289,91.0999984741211,91.23999786376953,90.68000030517578,90.73999786376953,19792700
2013-02-13,76.60839080810547,91.4800033569336,91.55000305175781,90.9800033569336,91.19000244140625,22591300
2013-02-14,76.80096435546875,91.70999908447266,91.87999725341797,91.16000366210938,91.18000030517578,22359300
2013-02-15,76.8260726928711,91.73999786376953,92.02999877929688,91.47000122070312,91.66999816894531,29339100
2013-02-19,77.50443267822266,92.55000305175781,92.55999755859375,91.87000274658203,91.87999725341797,21162300
2013-02-20,76.06402587890625,90.83000183105469,92.68000030517578,90.73999786376953,92.62999725341797,41753800
2013-02-21,75.32707214355469,89.94999694824219,90.81999969482422,89.37000274658203,90.7699966430664,45067400
2013-02-22,76.23150634765625,91.02999877929688,91.02999877929688,90.37000274658203,90.41000366210938,24762300
2013-02-25,74.54824829101562,89.0199966430664,91.52999877929688,88.97000122070312,91.5,53492800
2013-02-26,74.84137725830078,89.37000274658203,89.77999877929688,88.79000091552734,89.41000366210938,47522800
2013-02-27,75.62857818603516,90.30999755859375,90.8499984741211,89.30999755859375,89.36000061035156,41192300
2013-02-28,75.77095031738281,90.4800033569336,91.05000305175781,90.18000030517578,90.30000305175781,31208800
2013-03-01,76.1142807006836,90.88999938964844,91.05999755859375,89.20999908447266,89.87999725341797,49278200
2013-03-04,76.31523895263672,91.12999725341797,91.16999816894531,90.19999694824219,90.66999816894531,27577000
2013-03-05,77.20295715332031,92.19000244140625,92.3499984741211,91.5999984741211,91.61000061035156,35612300
2013-03-06,77.40389251708984,92.43000030517578,92.5999984741211,92.12000274658203,92.47000122070312,28483000
2013-03-07,77.7723617553711,92.87000274658203,92.94000244140625,92.31999969482422,92.4800033569336,27907700
2013-03-08,78.4925765991211,93.7300033569336,93.75,92.91999816894531,93.5999984741211,38066100
2013-03-11,78.46744537353516,93.69999694824219,93.75,93.33000183105469,93.41999816894531,26716100
2013-03-12,78.30834197998047,93.51000213623047,93.75,93.18000030517578,93.4800033569336,21489000
2013-03-13,78.60143280029297,93.86000061035156,94.0199966430664,93.25,93.54000091552734,28662200
2013-03-14,79.38863372802734,94.80000305175781,94.80999755859375,93.87000274658203,94.02999877929688,24747300
2013-03-15,79.3467788696289,94.75,94.95999908447266,94.38999938964844,94.6500015258789,35361700
2013-03-18,78.91128540039062,94.2300033569336,94.61000061035156,93.66999816894531,93.73999786376953,36700800
2013-03-19,78.57633972167969,93.83000183105469,94.70999908447266,93.01000213623047,94.41000366210938,51516400
2013-03-20,79.30489349365234,94.69999694824219,94.73999786376953,94.26000213623047,94.36000061035156,27958600
2013-03-21,78.60980224609375,93.87000274658203,94.47000122070312,93.54000091552734,94.04000091552734,37122600
2013-03-22,78.8526840209961,94.16000366210938,94.37000274658203,93.94000244140625,94.25,33429900
2013-03-25,78.89804077148438,93.94999694824219,94.72000122070312,93.27999877929688,94.12000274658203,36680500
2013-03-26,79.14994049072266,94.25,94.48999786376953,93.75,94.33999633789062,26348000
2013-03-27,79.20035552978516,94.30999755859375,94.37999725341797,93.23999786376953,93.6500015258789,28461800
2013-03-28,79.30110168457031,94.43000030517578,94.66000366210938,94.13999938964844,94.2699966430664,24160700
2013-04-01,78.23462677001953,93.16000366210938,94.47000122070312,92.70999908447266,94.2699966430664,59660300
2013-04-02,77.74754333496094,92.58000183105469,93.91999816894531,92.5,93.77999877929688,47917200
2013-04-03,76.52983093261719,91.12999725341797,92.9800033569336,90.91999816894531,92.94000244140625,65441400
2013-04-04,77.18485260009766,91.91000366210938,91.94000244140625,90.95999908447266,91.26000213623047,37706300
2013-04-05,77.03370666503906,91.7300033569336,91.75,90.41999816894531,90.5199966430664,46418300
2013-04-08,77.67192840576172,92.48999786376953,92.5199966430664,91.33000183105469,91.98999786376953,28886500
2013-04-09,77.4452133178711,92.22000122070312,92.83000183105469,92.04000091552734,92.63999938964844,36828400
2013-04-10,78.84764862060547,93.88999938964844,94.0999984741211,92.44999694824219,92.51000213623047,50119600
2013-04-11,78.95682525634766,94.0199966430664,94.56999969482422,93.75,93.83000183105469,32619000
2013-04-12,78.6377182006836,93.63999938964844,93.94000244140625,92.91999816894531,93.69999694824219,41931800
2013-04-15,75.67324829101562,90.11000061035156,93.1500015258789,89.79000091552734,93.05999755859375,100204000
2013-04-16,76.9832992553711,91.66999816894531,91.80000305175781,90.48999786376953,90.80999755859375,58061700
2013-04-17,75.64806365966797,90.08000183105469,91.0199966430664,89.2300033569336,90.91999816894531,77710600
2013-04-18,75.22817993164062,89.58000183105469,90.37000274658203,89.12999725341797,90.1500015258789,58516600
2013-04-19,76.09313201904297,90.61000061035156,90.69000244140625,89.20999908447266,89.95999908447266,44931600
2013-04-22,76.31147003173828,90.87000274658203,91.06999969482422,89.19999694824219,90.69999694824219,49190300
2013-04-23,77.52078247070312,92.30999755859375,92.33999633789062,90.86000061035156,91.5999984741211,55313200
2013-04-24,77.92390441894531,92.79000091552734,92.86000061035156,91.93000030517578,92.29000091552734,41020800
2013-04-25,78.4361572265625,93.4000015258789,93.9000015258789,92.88999938964844,93.02999877929688,36543300
2013-04-26,78.01627349853516,92.9000015258789,93.36000061035156,92.5,93.08999633789062,32405600
2013-04-29,78.57892608642578,93.56999969482422,93.77999877929688,93.06999969482422,93.30999755859375,20791400
2013-04-30,79.02400207519531,94.0999984741211,94.13999938964844,93.16999816894531,93.58000183105469,30488500
2013-05-01,77.10928344726562,91.81999969482422,93.9000015258789,91.76000213623047,93.80999755859375,120177800
2013-05-02,78.33538055419922,93.27999877929688,93.47000122070312,92.16999816894531,92.33999633789062,38830300
2013-05-03,79.5782470703125,94.76000213623047,95.47000122070312,94.3499984741211,94.52999877929688,51981000
2013-05-06,80.09050750732422,95.37000274658203,95.5,94.73999786376953,94.83000183105469,26893800
2013-05-07,80.74556732177734,96.1500015258789,96.16999816894531,95.12999725341797,95.51000213623047,29920800
2013-05-08,80.98069763183594,96.43000030517578,96.47000122070312,95.68000030517578,95.93000030517578,37669300
2013-05-09,80.70357513427734,96.0999984741211,96.51000213623047,95.75,96.30000305175781,32331100
2013-05-10,81.3166275024414,96.83000183105469,96.93000030517578,96.06999969482422,96.20999908447266,39288900
2013-05-13,81.25785827636719,96.76000213623047,97.12000274658203,96.43000030517578,96.73999786376953,22522300
2013-05-14,82.29914093017578,98.0,98.02999877929688,96.93000030517578,96.94000244140625,33539600
2013-05-15,82.46712493896484,98.19999694824219,98.66999816894531,97.69000244140625,97.80000305175781,34000200
2013-05-16,82.25718688964844,97.94999694824219,98.55999755859375,97.69999694824219,98.02999877929688,42053300
2013-05-17,83.18096160888672,99.05000305175781,99.06999969482422,97.95999908447266,98.4000015258789,35675100
2013-05-20,83.31533813476562,99.20999908447266,99.5999984741211,98.75,98.76000213623047,25027400
2013-05-21,83.33212280273438,99.2300033569336,99.55000305175781,98.87999725341797,99.19999694824219,23596700
2013-05-22,82.11442565917969,97.77999877929688,100.37999725341797,97.11000061035156,99.41000366210938,68650700
2013-05-23,82.21519470214844,97.9000015258789,97.93000030517578,96.51000213623047,96.6500015258789,44524500
2013-05-24,82.19841003417969,97.87999725341797,97.94999694824219,96.70999908447266,97.30000305175781,33332500
2013-05-28,83.26494598388672,99.1500015258789,100.0999984741211,98.4800033569336,99.19999694824219,46121100
2013-05-29,82.4923095703125,98.2300033569336,99.18000030517578,97.37000274658203,98.55000305175781,40491500
2013-05-30,83.04656219482422,98.88999938964844,99.12999725341797,98.30999755859375,98.5,30620300
2013-05-31,82.1312026977539,97.80000305175781,99.0199966430664,97.7699966430664,98.37999725341797,38953700
2013-06-03,82.91223907470703,98.7300033569336,98.83999633789062,97.02999877929688,98.13999938964844,87088500
2013-06-04,82.03044128417969,97.68000030517578,99.19999694824219,96.91999816894531,98.68000030517578,68206900
2013-06-05,80.98069763183594,96.43000030517578,97.70999908447266,96.1500015258789,97.55999755859375,58967500
2013-06-06,81.83729553222656,97.44999694824219,97.44999694824219,95.7300033569336,96.36000061035156,46335300
2013-06-07,82.46712493896484,98.19999694824219,98.44999694824219,97.2699966430664,97.9000015258789,44757500
2013-06-10,82.97100830078125,98.80000305175781,98.80000305175781,97.80999755859375,98.63999938964844,32136500
2013-06-11,82.07241821289062,97.7300033569336,98.47000122070312,96.86000061035156,97.68000030517578,43461300
2013-06-12,81.25785827636719,96.76000213623047,98.4800033569336,96.62999725341797,98.33000183105469,58446900
2013-06-13,82.69387817382812,98.47000122070312,98.69999694824219,96.37000274658203,96.7300033569336,47768600
2013-06-14,82.05562591552734,97.70999908447266,98.63999938964844,97.41999816894531,98.27999877929688,37838400
2013-06-17,82.59313201904297,98.3499984741211,98.86000061035156,97.76000213623047,98.58999633789062,33308600
2013-06-18,83.5672607421875,99.51000213623047,99.80000305175781,98.33000183105469,98.5199966430664,40520200
2013-06-19,82.54270935058594,98.29000091552734,99.69999694824219,98.16000366210938,99.51000213623047,43193500
2013-06-20,80.3592529296875,95.69000244140625,98.20999908447266,95.29000091552734,96.70999908447266,76262300
2013-06-21,80.59440612792969,95.97000122070312,96.18000030517578,94.62999725341797,95.63999938964844,66115300
2013-06-24,79.53626251220703,94.70999908447266,95.5199966430664,93.83000183105469,94.91000366210938,58774600
2013-06-25,80.30049133300781,95.62000274658203,95.83999633789062,94.87000274658203,95.58999633789062,32418400
2013-06-26,80.67837524414062,96.06999969482422,96.62999725341797,95.6500015258789,96.5199966430664,33752300
2013-06-27,81.92967224121094,97.55999755859375,97.73999786376953,96.61000061035156,96.6500015258789,40852300
2013-06-28,81.45939636230469,97.0,97.95999908447266,96.8499984741211,97.4000015258789,46135800
2013-07-01,82.7862319946289,98.58000183105469,99.0999984741211,97.63999938964844,97.6500015258789,37805800
2013-07-02,82.72720336914062,98.08000183105469,98.8499984741211,97.44999694824219,98.16000366210938,36848900
2013-07-03,82.89588928222656,98.27999877929688,98.63999938964844,97.58999633789062,97.7300033569336,19153600
2013-07-05,84.0683364868164,99.66999816894531,99.75,98.30999755859375,99.37999725341797,29427500
2013-07-08,84.40569305419922,100.06999969482422,100.44000244140625,99.88999938964844,100.12999725341797,30905300
2013-07-09,85.19009399414062,101.0,101.19999694824219,100.30000305175781,100.69999694824219,36010700
2013-07-10,85.42628479003906,101.27999877929688,101.37999725341797,100.73999786376953,101.04000091552734,36061100
2013-07-11,86.43004608154297,102.47000122070312,102.58999633789062,101.94000244140625,102.41999816894531,34434200
2013-07-12,86.60716247558594,102.68000030517578,103.11000061035156,102.47000122070312,102.4800033569336,28584000
2013-07-15,87.36627197265625,103.58000183105469,103.68000030517578,102.83999633789062,102.94999694824219,30786600
2013-07-16,86.92766571044922,103.05999755859375,103.66999816894531,102.81999969482422,103.62000274658203,38630800
2013-07-17,87.26504516601562,103.45999908447266,103.94999694824219,103.23999786376953,103.63999938964844,28476600
2013-07-18,87.8470687866211,104.1500015258789,104.58999633789062,103.66000366210938,103.7300033569336,32034100
2013-07-19,87.98200988769531,104.30999755859375,104.30999755859375,103.73999786376953,104.05999755859375,22806600
2013-07-22,88.16759490966797,104.52999877929688,104.76000213623047,104.12999725341797,104.4800033569336,25854900
2013-07-23,88.10852813720703,104.45999908447266,104.94999694824219,104.25,104.91000366210938,26309700
2013-07-24,87.37470245361328,103.58999633789062,104.9800033569336,103.44000244140625,104.91000366210938,31809700
2013-07-25,88.17599487304688,104.54000091552734,104.6500015258789,103.33000183105469,103.47000122070312,46093900
2013-07-26,87.82173156738281,104.12000274658203,104.16999816894531,103.36000061035156,103.95999908447266,23036800
2013-07-29,87.20600891113281,103.38999938964844,104.2699966430664,103.0,103.83999633789062,30360800
2013-07-30,87.28193664550781,103.4800033569336,103.87000274658203,103.11000061035156,103.69000244140625,26311000
2013-07-31,87.43374633789062,103.66000366210938,104.68000030517578,103.61000061035156,103.88999938964844,38330400
2013-08-01,88.62303161621094,105.06999969482422,105.3499984741211,103.75,104.68000030517578,34487100
2013-08-02,88.698974609375,105.16000366210938,105.27999877929688,104.55999755859375,104.72000122070312,22983000
2013-08-05,89.00260162353516,105.5199966430664,105.62999725341797,104.9000015258789,105.05000305175781,14985000
2013-08-06,88.10852813720703,104.45999908447266,105.31999969482422,104.1500015258789,105.22000122070312,24689300
2013-08-07,87.48434448242188,103.72000122070312,104.33999633789062,103.47000122070312,104.12000274658203,23362200
2013-08-08,87.8470687866211,104.1500015258789,104.5999984741211,103.58000183105469,104.30000305175781,27640300
2013-08-09,87.7542724609375,104.04000091552734,104.56999969482422,103.5199966430664,103.93000030517578,27686900
2013-08-12,88.21818542480469,104.58999633789062,104.62999725341797,103.33000183105469,103.33000183105469,18960800
2013-08-13,88.10009002685547,104.44999694824219,104.68000030517578,103.77999877929688,104.68000030517578,22812900
2013-08-14,87.7542724609375,104.04000091552734,104.63999938964844,104.01000213623047,104.4800033569336,23629000
2013-08-15,86.1263656616211,102.11000061035156,102.95999908447266,101.88999938964844,102.83999633789062,50044500
2013-08-16,85.76371002197266,101.68000030517578,102.37999725341797,101.55000305175781,101.80999755859375,36059500
2013-08-19,84.89491271972656,100.6500015258789,101.87999725341797,100.58999633789062,101.63999938964844,25184600
2013-08-20,86.1179428100586,102.0999984741211,102.33000183105469,100.70999908447266,100.7699966430664,32450400
2013-08-21,85.59500885009766,101.4800033569336,102.5,101.01000213623047,101.69000244140625,41452900
2013-08-22,86.80116271972656,102.91000366210938,102.98999786376953,101.79000091552734,101.81999969482422,24006100
2013-08-23,87.02046966552734,103.16999816894531,103.25,102.44999694824219,103.19000244140625,20801100
2013-08-26,87.02886199951172,103.18000030517578,103.81999969482422,102.7699966430664,103.36000061035156,23376100
2013-08-27,84.98770141601562,100.76000213623047,102.38999938964844,100.55999755859375,101.94000244140625,47269300
2013-08-28,85.15640258789062,100.95999908447266,101.36000061035156,100.5,100.62000274658203,28927500
2013-08-29,86.00829315185547,101.97000122070312,102.36000061035156,100.80999755859375,100.88999938964844,27628600
2013-08-30,84.66716003417969,100.37999725341797,102.05000305175781,100.23999786376953,101.98999786376953,43334600
2013-09-03,85.24070739746094,101.05999755859375,102.37000274658203,100.12999725341797,101.86000061035156,37995800
2013-09-04,85.99140930175781,101.94999694824219,102.01000213623047,100.75,101.16000366210938,22580800
2013-09-05,86.1263656616211,102.11000061035156,102.52999877929688,101.8499984741211,102.02999877929688,22770200
2013-09-06,86.36253356933594,102.38999938964844,102.88999938964844,100.73999786376953,102.69999694824219,36792000
2013-09-09,87.66990661621094,103.94000244140625,104.02999877929688,102.7300033569336,102.73999786376953,27358500
2013-09-10,88.53028106689453,104.95999908447266,104.9800033569336,104.19999694824219,104.58000183105469,25126300
2013-09-11,88.57242584228516,105.01000213623047,105.22000122070312,104.52999877929688,104.79000091552734,26412500
2013-09-12,87.92296600341797,104.23999786376953,105.0199966430664,104.20999908447266,104.91000366210938,32707600
2013-09-13,88.40373992919922,104.80999755859375,104.83000183105469,104.0999984741211,104.58999633789062,29478700
2013-09-16,88.59770965576172,105.04000091552734,106.08000183105469,104.8499984741211,106.05000305175781,28755900
2013-09-17,89.4749526977539,106.08000183105469,106.08000183105469,105.04000091552734,105.05999755859375,28901400
2013-09-18,90.32682037353516,107.08999633789062,107.61000061035156,105.26000213623047,106.05000305175781,46237100
2013-09-19,90.23407745361328,106.9800033569336,107.43000030517578,106.62000274658203,107.36000061035156,34775900
2013-09-20,89.90511322021484,106.58999633789062,107.27999877929688,106.55000305175781,107.23999786376953,49522500
2013-09-23,89.91352081298828,106.5999984741211,106.87000274658203,105.80000305175781,106.72000122070312,47759700
2013-09-24,90.21206665039062,106.66999816894531,107.41999816894531,105.79000091552734,106.45999908447266,45267000
2013-09-25,90.0429458618164,106.47000122070312,107.4800033569336,106.33000183105469,106.7699966430664,37106600
2013-09-26,90.54190063476562,107.05999755859375,107.47000122070312,106.36000061035156,106.75,29490600
2013-09-27,90.13597106933594,106.58000183105469,107.05000305175781,106.20999908447266,106.38999938964844,30296400
2013-09-30,90.16133117675781,106.61000061035156,106.83999633789062,105.23999786376953,105.43000030517578,45771700
2013-10-01,91.21002960205078,107.8499984741211,107.93000030517578,106.44999694824219,106.55999755859375,39344400
2013-10-02,90.83790588378906,107.41000366210938,107.75,106.8499984741211,107.08999633789062,30622900
2013-10-03,89.9076156616211,106.30999755859375,107.36000061035156,105.5999984741211,107.20999908447266,57799200
2013-10-04,90.50809478759766,107.0199966430664,107.31999969482422,106.1500015258789,106.33999633789062,25902800
2013-10-07,89.4509048461914,105.7699966430664,106.66000366210938,105.72000122070312,105.98999786376953,32924200
2013-10-08,88.0047836303711,104.05999755859375,106.02999877929688,103.91999816894531,105.83999633789062,61365000
2013-10-09,87.6495590209961,103.63999938964844,104.36000061035156,103.0,104.30000305175781,52604900
2013-10-10,89.76384735107422,106.13999938964844,106.30999755859375,104.91999816894531,105.01000213623047,53157800
2013-10-11,91.06623077392578,107.68000030517578,107.7300033569336,105.83000183105469,105.83999633789062,43197100
2013-10-14,91.52294158935547,108.22000122070312,108.3499984741211,106.93000030517578,107.05999755859375,38774800
2013-10-15,90.62648010253906,107.16000366210938,108.2300033569336,106.91999816894531,107.98999786376953,42263500
2013-10-16,91.75128173828125,108.48999786376953,108.5999984741211,107.63999938964844,107.91000366210938,34333600
2013-10-17,92.55471801757812,109.44000244140625,109.45999908447266,107.97000122070312,108.0,38967200
2013-10-18,93.61183166503906,110.69000244140625,110.7699966430664,109.83000183105469,110.22000122070312,39496400
2013-10-21,93.42579650878906,110.47000122070312,111.08000183105469,110.2699966430664,110.8499984741211,29198900
2013-10-22,93.67101287841797,110.76000213623047,111.48999786376953,110.37000274658203,110.94999694824219,38112600
2013-10-23,93.35808563232422,110.38999938964844,110.55000305175781,109.7699966430664,110.23999786376953,32275300
2013-10-24,93.85708618164062,110.9800033569336,111.26000213623047,110.33000183105469,110.47000122070312,24711800
2013-10-25,93.9416732788086,111.08000183105469,111.44999694824219,110.56999969482422,111.23999786376953,21321900
2013-10-28,93.89936828613281,111.02999877929688,111.29000091552734,110.45999908447266,111.12999725341797,22512200
2013-10-29,94.17000579833984,111.3499984741211,111.62000274658203,110.52999877929688,111.33000183105469,30026900
2013-10-30,92.884521484375,109.83000183105469,111.4800033569336,109.5199966430664,111.4000015258789,46076600
2013-10-31,92.34325408935547,109.19000244140625,110.18000030517578,108.88999938964844,109.7699966430664,47370000
2013-11-01,91.9457778930664,108.72000122070312,109.62999725341797,107.91999816894531,109.41000366210938,117030400
2013-11-04,93.00293731689453,109.97000122070312,110.1500015258789,108.83000183105469,109.23999786376953,31960000
2013-11-05,92.68154907226562,109.58999633789062,109.93000030517578,108.86000061035156,109.55000305175781,26643500
2013-11-06,92.2840576171875,109.12000274658203,110.37000274658203,108.91000366210938,110.3499984741211,31773400
2013-11-07,90.72795867919922,107.27999877929688,109.80999755859375,107.13999938964844,109.62000274658203,60459700
2013-11-08,92.37710571289062,109.2300033569336,109.45999908447266,107.38999938964844,107.44000244140625,48147500
2013-11-11,92.50398254394531,109.37999725341797,109.5999984741211,108.63999938964844,109.04000091552734,19897700
2013-11-12,92.580078125,109.47000122070312,109.51000213623047,108.66999816894531,109.06999969482422,28075100
2013-11-13,93.46807861328125,110.5199966430664,110.55000305175781,108.62000274658203,108.66000366210938,36465900
2013-11-14,93.37503051757812,110.41000366210938,110.5999984741211,109.73999786376953,110.47000122070312,33226800
2013-11-15,93.730224609375,110.83000183105469,110.98999786376953,110.16000366210938,110.5999984741211,27518500
2013-11-18,93.07059478759766,110.05000305175781,111.41999816894531,109.75,111.31999969482422,35509600
2013-11-19,92.49551391601562,109.37000274658203,110.69000244140625,108.98999786376953,110.11000061035156,36081300
2013-11-20,92.46166229248047,109.33000183105469,110.19999694824219,108.8499984741211,109.93000030517578,43376700
2013-11-21,94.1277084350586,111.30000305175781,111.36000061035156,109.68000030517578,109.80999755859375,45585000
2013-11-22,94.59284973144531,111.8499984741211,111.97000122070312,111.0999984741211,111.29000091552734,28786400
2013-11-25,94.71127319335938,111.98999786376953,112.27999877929688,111.62999725341797,112.12999725341797,22968600
2013-11-26,95.41320037841797,112.81999969482422,113.0199966430664,111.9000015258789,111.98999786376953,30760700
2013-11-27,95.94600677490234,113.44999694824219,113.56999969482422,112.63999938964844,112.83999633789062,29099600
2013-11-29,95.99675750732422,113.51000213623047,114.16000366210938,113.44999694824219,113.94000244140625,15675500
2013-12-02,95.03264617919922,112.37000274658203,113.76000213623047,112.05999755859375,113.69999694824219,43155200
2013-12-03,94.57597351074219,111.83000183105469,112.5999984741211,111.2699966430664,112.12999725341797,36930700
2013-12-04,94.32225036621094,111.52999877929688,112.41999816894531,110.37000274658203,111.30999755859375,40609500
2013-12-05,94.389892578125,111.61000061035156,112.0199966430664,111.1500015258789,111.48999786376953,37926700
2013-12-06,95.12564849853516,112.4800033569336,113.0999984741211,112.19000244140625,112.62000274658203,36471900
2013-12-09,95.10030364990234,112.44999694824219,112.88999938964844,111.88999938964844,112.62999725341797,31236500
2013-12-10,94.2376480102539,111.43000030517578,112.58000183105469,111.23999786376953,112.2300033569336,34938800
2013-12-11,92.69001770019531,109.5999984741211,111.55000305175781,109.31999969482422,111.52999877929688,47181600
2013-12-12,92.8929672241211,109.83999633789062,110.25,109.36000061035156,109.69999694824219,37706200
2013-12-13,93.19743347167969,110.19999694824219,110.52999877929688,109.41999816894531,110.05000305175781,32980300
2013-12-16,94.30535125732422,111.51000213623047,111.56999969482422,110.1500015258789,110.62000274658203,33991200
2013-12-17,94.17000579833984,111.3499984741211,111.54000091552734,110.62000274658203,111.44999694824219,32399800
2013-12-18,95.4639663696289,112.87999725341797,112.9000015258789,110.36000061035156,111.52999877929688,52979000
2013-12-19,94.75357055664062,112.04000091552734,112.8499984741211,111.88999938964844,112.72000122070312,32871100
2013-12-20,96.35196685791016,113.93000030517578,114.22000122070312,112.08999633789062,112.0999984741211,48770500
2013-12-23,97.4445571899414,114.77999877929688,114.81999969482422,113.94999694824219,114.18000030517578,37049100
2013-12-24,97.8180923461914,115.22000122070312,115.44000244140625,114.87000274658203,114.91000366210938,17371200
2013-12-26,97.82659149169922,115.2300033569336,115.97000122070312,115.0999984741211,115.62999725341797,19670000
2013-12-27,97.76718139648438,115.16000366210938,115.73999786376953,114.77999877929688,115.47000122070312,20069700
2013-12-30,97.70772552490234,115.08999633789062,115.37000274658203,114.8499984741211,115.11000061035156,28917400
2013-12-31,97.93698120117188,115.36000061035156,115.70999908447266,115.16999816894531,115.36000061035156,38357200
2014-01-02,96.87576293945312,114.11000061035156,115.12000274658203,113.63999938964844,115.08999633789062,44247700
2014-01-03,97.36814880371094,114.69000244140625,114.9000015258789,114.11000061035156,114.52999877929688,26468000
2014-01-06,96.57861328125,113.76000213623047,115.2699966430664,113.70999908447266,115.22000122070312,36198000
2014-01-07,97.38511657714844,114.70999908447266,115.16000366210938,114.11000061035156,114.19000244140625,28545300
2014-01-08,97.51250457763672,114.86000061035156,115.08000183105469,114.06999969482422,114.77999877929688,30763600
2014-01-09,97.53795623779297,114.88999938964844,115.38999938964844,114.16000366210938,115.25,29872800
2014-01-10,98.07283782958984,115.5199966430664,115.52999877929688,114.4000015258789,114.91999816894531,29174600
2014-01-13,96.73141479492188,113.94000244140625,115.48999786376953,113.26000213623047,115.30000305175781,45370800
2014-01-14,97.91999053955078,115.33999633789062,115.51000213623047,114.18000030517578,114.44000244140625,39125300
2014-01-15,98.65008544921875,116.19999694824219,116.29000091552734,115.55999755859375,115.63999938964844,31644100
2014-01-16,98.76893615722656,116.33999633789062,116.37999725341797,115.83000183105469,116.05000305175781,23091900
2014-01-17,98.42086791992188,115.93000030517578,116.43000030517578,115.69000244140625,116.30999755859375,28722300
2014-01-21,99.00668334960938,116.62000274658203,116.87000274658203,115.77999877929688,116.7300033569336,29828700
2014-01-22,99.5075454711914,117.20999908447266,117.37000274658203,116.5,116.69000244140625,24011500
2014-01-23,98.83686065673828,116.41999816894531,116.77999877929688,115.66000366210938,116.72000122070312,36057500
2014-01-24,96.31543731689453,113.44999694824219,115.73999786376953,113.22000122070312,115.69000244140625,53591900
2014-01-27,94.9061508178711,111.79000091552734,113.83999633789062,111.1500015258789,113.77999877929688,60368200
2014-01-28,95.90794372558594,112.97000122070312,112.98999786376953,111.79000091552734,111.93000030517578,43722200
2014-01-29,94.52412414550781,111.33999633789062,112.58000183105469,111.0199966430664,111.87999725341797,61904600
2014-01-30,95.93338012695312,113.0,113.6500015258789,112.04000091552734,112.33000183105469,40851600
2014-01-31,95.22026062011719,112.16000366210938,113.0,111.16999816894531,111.25,49293400
2014-02-03,92.24040222167969,108.6500015258789,112.19999694824219,108.1500015258789,111.87000274658203,91686000
2014-02-04,92.9365234375,109.47000122070312,109.94999694824219,108.4000015258789,109.19000244140625,53138100
2014-02-05,92.24040222167969,108.6500015258789,109.1500015258789,107.2699966430664,108.80999755859375,60644600
2014-02-06,92.97052764892578,109.51000213623047,109.97000122070312,108.8499984741211,108.87999725341797,57611700
2014-02-07,94.0232162475586,110.75,110.83999633789062,109.5,109.97000122070312,44068600
2014-02-10,94.2694091796875,111.04000091552734,111.08999633789062,109.95999908447266,110.79000091552734,38211600
2014-02-11,95.1098861694336,112.02999877929688,112.33999633789062,110.87000274658203,111.12000274658203,44394100
2014-02-12,95.48347473144531,112.47000122070312,113.01000213623047,111.97000122070312,112.19999694824219,42307500
2014-02-13,96.69747924804688,113.9000015258789,114.06999969482422,111.36000061035156,111.37999725341797,42082400
2014-02-14,96.83328247070312,114.05999755859375,114.20999908447266,113.13999938964844,113.63999938964844,32428200
2014-02-18,97.84357452392578,115.25,115.44999694824219,114.13999938964844,114.4000015258789,33630400
2014-02-19,96.84178161621094,114.06999969482422,115.63999938964844,113.9800033569336,114.9000015258789,44024300
2014-02-20,97.8860092163086,115.30000305175781,115.54000091552734,113.91000366210938,114.19999694824219,35919600
2014-02-21,98.191650390625,115.66000366210938,116.11000061035156,115.4000015258789,115.62000274658203,34814100
2014-02-24,98.91326904296875,116.51000213623047,117.30999755859375,115.76000213623047,115.83999633789062,43102800
2014-02-25,99.01512908935547,116.62999725341797,117.23999786376953,116.18000030517578,116.66000366210938,28474200
2014-02-26,99.62640380859375,117.3499984741211,118.11000061035156,116.43000030517578,116.70999908447266,40794800
2014-02-27,100.16975402832031,117.98999786376953,118.05999755859375,116.76000213623047,116.95999908447266,29906200
2014-02-28,99.77074432373047,117.5199966430664,118.70999908447266,116.80000305175781,117.95999908447266,47362700
2014-03-03,99.23587799072266,116.88999938964844,117.26000213623047,115.58000183105469,116.5199966430664,50892800
2014-03-04,101.73187255859375,119.83000183105469,120.58000183105469,118.18000030517578,118.19999694824219,112793900
2014-03-05,101.67243957519531,119.76000213623047,119.95999908447266,119.47000122070312,119.86000061035156,34691300
2014-03-06,101.65546417236328,119.73999786376953,120.25,119.41999816894531,120.12000274658203,35087600
2014-03-07,101.62147521972656,119.69999694824219,120.47000122070312,119.02999877929688,120.41000366210938,36931800
2014-03-10,101.28189086914062,119.30000305175781,119.58000183105469,118.48999786376953,119.36000061035156,32089000
2014-03-11,100.22916412353516,118.05999755859375,119.80999755859375,117.51000213623047,119.41000366210938,50359500
2014-03-12,100.53484344482422,118.41999816894531,118.44000244140625,116.91999816894531,117.38999938964844,37159100
2014-03-13,99.37171936035156,117.05000305175781,118.95999908447266,116.37999725341797,118.8499984741211,53542800
2014-03-14,99.7877197265625,117.54000091552734,117.87000274658203,116.62000274658203,116.62999725341797,46888100
2014-03-17,100.22916412353516,118.05999755859375,119.0999984741211,117.87999725341797,118.22000122070312,41561600
2014-03-18,101.68938446044922,119.77999877929688,119.87999725341797,118.0999984741211,118.22000122070312,41606600
2014-03-19,101.02718353271484,119.0,119.73999786376953,118.0999984741211,119.68000030517578,47423000
2014-03-20,101.16305541992188,119.16000366210938,119.54000091552734,118.16000366210938,118.7300033569336,33212900
2014-03-21,100.69610595703125,118.61000061035156,120.26000213623047,118.55999755859375,119.72000122070312,47110800
2014-03-24,99.5500259399414,117.26000213623047,119.2300033569336,116.19000244140625,119.06999969482422,66747000
2014-03-25,99.52616119384766,116.93000030517578,118.30999755859375,116.13999938964844,117.66999816894531,47699700
2014-03-26,97.61956787109375,114.69000244140625,117.68000030517578,114.6500015258789,117.62999725341797,69052500
2014-03-27,97.37271881103516,114.4000015258789,115.37999725341797,113.69000244140625,114.70999908447266,65234900
2014-03-28,97.27910614013672,114.29000091552734,116.0,113.9800033569336,114.4800033569336,50558000
2014-03-31,99.02400207519531,116.33999633789062,116.68000030517578,114.62999725341797,115.04000091552734,44599200
2014-04-01,100.32628631591797,117.87000274658203,118.05999755859375,116.58999633789062,116.62999725341797,47906600
2014-04-02,100.77735900878906,118.4000015258789,118.4800033569336,117.70999908447266,118.29000091552734,33856500
2014-04-03,99.75597381591797,117.19999694824219,118.44000244140625,116.68000030517578,118.4000015258789,38473500
2014-04-04,97.44932556152344,114.48999786376953,118.12000274658203,114.0199966430664,117.95999908447266,86345900
2014-04-07,96.02790069580078,112.81999969482422,114.23999786376953,112.08000183105469,113.94999694824219,68537700
2014-04-08,96.7003173828125,113.61000061035156,114.19999694824219,112.19999694824219,112.80999755859375,60087900
2014-04-09,98.09620666503906,115.25,115.25,113.5,114.0,42744900
2014-04-10,95.2959213256836,111.95999908447266,115.11000061035156,111.4000015258789,115.0999984741211,74860200
2014-04-11,93.97660064697266,110.41000366210938,112.23999786376953,109.86000061035156,111.04000091552734,70998200
2014-04-14,94.2404556274414,110.72000122070312,111.97000122070312,109.6500015258789,111.55000305175781,62657700
2014-04-15,94.60646057128906,111.1500015258789,111.72000122070312,108.66000366210938,111.02999877929688,76968000
2014-04-16,95.6363754272461,112.36000061035156,112.44000244140625,111.2300033569336,111.93000030517578,49353800
2014-04-17,96.11302185058594,112.91999816894531,113.41000366210938,111.72000122070312,111.98999786376953,50275100
2014-04-21,96.56414031982422,113.44999694824219,113.52999877929688,112.27999877929688,113.12999725341797,31970700
2014-04-22,97.55998992919922,114.62000274658203,115.0199966430664,113.47000122070312,113.62999725341797,40541900
2014-04-23,96.9471435546875,113.9000015258789,114.7699966430664,113.7699966430664,114.4800033569336,33859500
2014-04-24,96.7003173828125,113.61000061035156,114.66999816894531,112.68000030517578,114.58999633789062,44318900
2014-04-25,94.99800109863281,111.61000061035156,113.20999908447266,111.20999908447266,113.16999816894531,58386300
2014-04-28,94.44474792480469,110.95999908447266,112.54000091552734,109.31999969482422,112.01000213623047,66050100
2014-04-29,94.68309783935547,111.23999786376953,111.9800033569336,110.9000015258789,111.41999816894531,34487600
2014-04-30,95.31293487548828,111.9800033569336,112.05999755859375,109.94999694824219,110.87999725341797,43929700
2014-05-01,95.27887725830078,111.94000244140625,112.7699966430664,110.54000091552734,111.75,78690900
2014-05-02,95.3554916381836,112.02999877929688,113.12000274658203,111.68000030517578,112.08999633789062,43450300
2014-05-05,95.23631286621094,111.88999938964844,112.18000030517578,110.52999877929688,111.12000274658203,28108400
2014-05-06,93.68720245361328,110.06999969482422,111.70999908447266,109.98999786376953,111.41000366210938,45354700
2014-05-07,93.74678802490234,110.13999938964844,110.44999694824219,108.43000030517578,110.2300033569336,64243800
2014-05-08,92.80200958251953,109.02999877929688,111.23999786376953,108.69000244140625,110.02999877929688,58520300
2014-05-09,93.65314483642578,110.02999877929688,110.05999755859375,108.27999877929688,108.69000244140625,48409900
2014-05-12,95.78105163574219,112.52999877929688,113.04000091552734,110.51000213623047,110.68000030517578,76291700
2014-05-13,94.84479522705078,111.43000030517578,112.8499984741211,111.33999633789062,112.37999725341797,58122800
2014-05-14,93.30419921875,109.62000274658203,111.12000274658203,109.41999816894531,111.0999984741211,65720700
2014-05-15,92.67433166503906,108.87999725341797,109.20999908447266,107.44000244140625,109.06999969482422,75870500
2014-05-16,93.26161193847656,109.56999969482422,109.62000274658203,108.02999877929688,108.93000030517578,44666200
2014-05-19,94.26599884033203,110.75,111.04000091552734,108.94999694824219,109.2699966430664,35336900
2014-05-20,92.82755279541016,109.05999755859375,110.51000213623047,108.41999816894531,110.4800033569336,89567900
2014-05-21,93.30419921875,109.62000274658203,110.12999725341797,108.55000305175781,109.6500015258789,55278500
2014-05-22,94.27452087402344,110.76000213623047,111.05000305175781,109.62000274658203,109.95999908447266,41295000
2014-05-23,95.30438232421875,111.97000122070312,112.0199966430664,110.51000213623047,110.69000244140625,42643800
2014-05-27,96.67479705810547,113.58000183105469,113.83999633789062,112.6500015258789,112.70999908447266,46373900
2014-05-28,96.172607421875,112.98999786376953,113.45999908447266,112.52999877929688,113.33000183105469,37055400
2014-05-29,96.49604034423828,113.37000274658203,113.58999633789062,112.69999694824219,113.33000183105469,25556800
2014-05-30,96.0619888305664,112.86000061035156,113.43000030517578,112.33999633789062,113.33000183105469,38856000
2014-06-02,95.54276275634766,112.25,113.0999984741211,111.36000061035156,113.06999969482422,40369700
2014-06-03,95.31293487548828,111.9800033569336,112.36000061035156,111.11000061035156,111.63999938964844,31143700
2014-06-04,95.68743896484375,112.41999816894531,112.56999969482422,111.16000366210938,111.4800033569336,28835500
2014-06-05,97.69617462158203,114.77999877929688,114.87999725341797,112.08999633789062,112.72000122070312,67182000
2014-06-06,98.63246154785156,115.87999725341797,116.23999786376953,115.11000061035156,115.2699966430664,45854000
2014-06-09,99.50064849853516,116.9000015258789,117.4800033569336,115.66000366210938,115.87999725341797,44025700
2014-06-10,99.30489349365234,116.66999816894531,116.83000183105469,115.95999908447266,116.62999725341797,39799900
2014-06-11,98.8197250366211,116.0999984741211,116.33000183105469,115.4000015258789,116.0199966430664,30144700
2014-06-12,98.21537017822266,115.38999938964844,115.91999816894531,114.91000366210938,115.77999877929688,39481200
2014-06-13,98.38560485839844,115.58999633789062,115.91000366210938,114.66000366210938,115.66999816894531,33779400
2014-06-16,98.86225891113281,116.1500015258789,116.1500015258789,115.0999984741211,115.48999786376953,30051100
2014-06-17,99.5602035522461,116.97000122070312,117.44999694824219,115.77999877929688,116.04000091552734,62573000
2014-06-18,100.23262023925781,117.76000213623047,117.80999755859375,116.5,116.9000015258789,37448900
2014-06-19,100.31775665283203,117.86000061035156,118.2300033569336,117.0999984741211,118.16999816894531,30915900
2014-06-20,100.64972686767578,118.25,118.30000305175781,117.55999755859375,117.87000274658203,30104400
2014-06-23,100.45392608642578,118.0199966430664,118.55000305175781,117.69000244140625,118.5,21388700
2014-06-24,99.38146209716797,116.76000213623047,118.91000366210938,116.6500015258789,117.73999786376953,41788300
2014-06-25,100.22411346435547,117.75,117.79000091552734,116.05000305175781,116.05999755859375,34620800
2014-06-26,100.05387115478516,117.55000305175781,117.81999969482422,116.58999633789062,117.79000091552734,28018300
2014-06-27,100.7262954711914,118.33999633789062,118.51000213623047,117.02999877929688,117.05999755859375,38525100
2014-06-30,101.1263427734375,118.80999755859375,118.87999725341797,117.83000183105469,118.16000366210938,34195600
2014-07-01,102.15625762939453,120.0199966430664,120.97000122070312,119.19999694824219,119.26000213623047,65733200
2014-07-02,101.76238250732422,119.0999984741211,119.95999908447266,118.88999938964844,119.55999755859375,30796700
2014-07-03,102.37754821777344,119.81999969482422,119.91000366210938,119.25,119.58000183105469,15933900
2014-07-07,100.62596130371094,117.7699966430664,119.47000122070312,117.69999694824219,119.44000244140625,32279000
2014-07-08,99.4041519165039,116.33999633789062,117.69999694824219,115.69999694824219,117.51000213623047,52537600
2014-07-09,99.53230285644531,116.48999786376953,117.08999633789062,116.0199966430664,116.66999816894531,27891700
2014-07-10,98.47281646728516,115.25,116.05000305175781,113.97000122070312,114.12999725341797,50834300
2014-07-11,98.34465789794922,115.0999984741211,115.37999725341797,114.51000213623047,115.18000030517578,33923700
2014-07-14,98.8487548828125,115.69000244140625,116.45999908447266,115.4000015258789,116.41999816894531,28823400
2014-07-15,97.87472534179688,114.55000305175781,116.0,113.87000274658203,115.55999755859375,49534700
2014-07-16,97.60985565185547,114.23999786376953,115.08999633789062,113.81999969482422,115.05000305175781,63433000
2014-07-17,96.10606384277344,112.4800033569336,114.2699966430664,112.19999694824219,113.5199966430664,62221500
2014-07-18,97.60130310058594,114.2300033569336,114.44999694824219,112.45999908447266,112.69000244140625,46164100
2014-07-21,97.20826721191406,113.7699966430664,113.98999786376953,113.01000213623047,113.51000213623047,32720500
2014-07-22,98.02851867675781,114.7300033569336,115.25,114.19000244140625,114.47000122070312,31326500
2014-07-23,98.14814758300781,114.87000274658203,115.44000244140625,114.51000213623047,115.01000213623047,26417600
2014-07-24,97.95161437988281,114.63999938964844,115.6500015258789,114.33999633789062,115.22000122070312,31905100
2014-07-25,97.0630111694336,113.5999984741211,114.01000213623047,113.20999908447266,113.7699966430664,46514500
2014-07-28,96.57598114013672,113.02999877929688,113.87999725341797,112.2300033569336,113.86000061035156,37373400
2014-07-29,96.84085083007812,113.33999633789062,114.11000061035156,113.02999877929688,113.38999938964844,30574500
2014-07-30,97.22534942626953,113.79000091552734,114.30999755859375,113.30999755859375,114.18000030517578,30219000
2014-07-31,95.00385284423828,111.19000244140625,112.98999786376953,111.05000305175781,112.62999725341797,61507700
2014-08-01,94.56807708740234,110.68000030517578,111.69999694824219,109.86000061035156,111.16000366210938,67805300
2014-08-04,95.4054183959961,111.66000366210938,111.80000305175781,109.88999938964844,111.16000366210938,34646200
2014-08-05,95.16618347167969,111.37999725341797,112.2300033569336,110.55999755859375,111.11000061035156,44375000
2014-08-06,95.46524047851562,111.7300033569336,112.47000122070312,110.62999725341797,110.66999816894531,33658300
2014-08-07,95.00385284423828,111.19000244140625,112.5199966430664,110.7699966430664,112.08999633789062,40852200
2014-08-08,95.92665100097656,112.2699966430664,112.4000015258789,110.98999786376953,111.33000183105469,32667200
2014-08-11,96.84085083007812,113.33999633789062,114.22000122070312,112.62000274658203,112.88999938964844,31000700
2014-08-12,96.17439270019531,112.55999755859375,113.47000122070312,112.04000091552734,112.94000244140625,31188400
2014-08-13,96.92630004882812,113.44000244140625,113.6500015258789,112.69999694824219,112.91999816894531,23122900
2014-08-14,97.07154846191406,113.61000061035156,113.7300033569336,113.2300033569336,113.5199966430664,20882100
2014-08-15,96.88359069824219,113.38999938964844,114.44999694824219,112.26000213623047,114.44999694824219,53713800
2014-08-18,98.29338836669922,115.04000091552734,115.13999938964844,114.08999633789062,114.5,33287300
2014-08-19,98.63514709472656,115.44000244140625,115.7300033569336,115.05999755859375,115.12999725341797,22692600
2014-08-20,98.21649169921875,114.94999694824219,115.22000122070312,114.41000366210938,114.8499984741211,26266900
2014-08-21,98.43011474609375,115.19999694824219,115.4000015258789,113.83999633789062,114.87999725341797,33018200
2014-08-22,98.43860626220703,115.20999908447266,115.62999725341797,114.61000061035156,115.04000091552734,30100100
2014-08-25,98.90003204345703,115.75,116.41000366210938,115.31999969482422,115.95999908447266,27808600
2014-08-26,99.79717254638672,116.80000305175781,116.91999816894531,115.80000305175781,115.87999725341797,34831700
2014-08-27,99.54940032958984,116.51000213623047,116.94000244140625,116.29000091552734,116.88999938964844,19070100
2014-08-28,99.03673553466797,115.91000366210938,116.2300033569336,115.51000213623047,116.02999877929688,22817800
2014-08-29,99.59210968017578,116.55999755859375,116.80999755859375,115.6500015258789,116.16000366210938,26231100
2014-09-02,100.13893127441406,117.19999694824219,117.5,116.5,116.9800033569336,38816400
2014-09-03,99.5066909790039,116.45999908447266,117.80000305175781,116.2699966430664,117.76000213623047,33266600
2014-09-04,99.1221923828125,116.01000213623047,117.48999786376953,115.72000122070312,116.77999877929688,26523500
2014-09-05,99.4383316040039,116.37999725341797,116.41999816894531,115.16999816894531,115.77999877929688,26935300
2014-09-08,99.59210968017578,116.55999755859375,116.80000305175781,115.83000183105469,116.26000213623047,20347300
2014-09-09,98.41299438476562,115.18000030517578,116.38999938964844,115.0,116.36000061035156,36390100
2014-09-10,98.9940185546875,115.86000061035156,115.93000030517578,114.70999908447266,115.16000366210938,23060600
2014-09-11,99.63484191894531,116.61000061035156,116.7300033569336,115.13999938964844,115.16999816894531,27075600
2014-09-12,98.57535552978516,115.37000274658203,116.55999755859375,114.97000122070312,116.55000305175781,32892900
2014-09-15,97.498779296875,114.11000061035156,115.4000015258789,113.70999908447266,115.36000061035156,41644400
2014-09-16,97.77217102050781,114.43000030517578,114.76000213623047,113.4000015258789,113.77999877929688,51365900
2014-09-17,98.02851867675781,114.7300033569336,115.47000122070312,114.19000244140625,114.48999786376953,45543000
2014-09-18,98.62661743164062,115.43000030517578,115.52999877929688,114.91000366210938,115.23999786376953,24714600
2014-09-19,97.37916564941406,113.97000122070312,115.91000366210938,113.61000061035156,115.88999938964844,52459600
2014-09-22,96.01203155517578,112.37000274658203,113.52999877929688,112.05000305175781,113.44000244140625,45800600
2014-09-23,95.11491394042969,111.31999969482422,112.62000274658203,111.19000244140625,111.9000015258789,51616800
2014-09-24,95.97598266601562,112.0199966430664,112.11000061035156,110.5999984741211,111.1500015258789,34323100
2014-09-25,94.35667419433594,110.12999725341797,111.83000183105469,109.75,111.7300033569336,49733600
2014-09-26,95.20488739013672,111.12000274658203,111.22000122070312,110.19999694824219,110.55000305175781,26473300
2014-09-29,95.12777709960938,111.02999877929688,111.3499984741211,109.72000122070312,109.81999969482422,30619000
2014-09-30,93.68836975097656,109.3499984741211,111.02999877929688,109.30999755859375,110.91999816894531,55596900
2014-10-01,92.36036682128906,107.80000305175781,109.38999938964844,107.43000030517578,109.29000091552734,88621100
2014-10-02,93.24285125732422,108.83000183105469,109.27999877929688,106.94000244140625,107.79000091552734,71825900
2014-10-03,93.9454345703125,109.6500015258789,110.31999969482422,109.08000183105469,109.75,44034600
2014-10-06,93.14006042480469,108.70999908447266,110.06999969482422,108.51000213623047,109.94999694824219,35571200
2014-10-07,91.6064224243164,106.91999816894531,108.5,106.8499984741211,108.0199966430664,40271900
2014-10-08,93.36279296875,108.97000122070312,109.04000091552734,105.76000213623047,106.68000030517578,51589200
2014-10-09,90.8438949584961,106.02999877929688,108.9000015258789,106.01000213623047,108.88999938964844,60783400
2014-10-10,89.7386474609375,104.73999786376953,106.88999938964844,104.58999633789062,105.7699966430664,66579500
2014-10-13,89.37879180908203,104.31999969482422,106.11000061035156,103.86000061035156,104.83999633789062,72054300
2014-10-14,90.42408752441406,105.54000091552734,106.98999786376953,104.86000061035156,105.2300033569336,70034800
2014-10-15,91.3322525024414,106.5999984741211,107.0,103.54000091552734,104.19000244140625,117497300
2014-10-16,92.36036682128906,107.80000305175781,108.56999969482422,104.94999694824219,105.1500015258789,100532300
2014-10-17,92.08621978759766,107.4800033569336,109.22000122070312,107.04000091552734,109.16000366210938,72675000
2014-10-20,93.1657485961914,108.73999786376953,108.73999786376953,107.0,107.01000213623047,34914400
2014-10-21,94.69937896728516,110.52999877929688,110.58999633789062,109.01000213623047,109.33000183105469,44748100
2014-10-22,93.3456802368164,108.94999694824219,111.05999755859375,108.86000061035156,110.80000305175781,48798300
2014-10-23,94.9992446899414,110.87999725341797,111.58000183105469,109.7699966430664,110.04000091552734,60795100
2014-10-24,95.16206359863281,111.06999969482422,111.31999969482422,110.44000244140625,110.91999816894531,41927400
2014-10-27,95.11062622070312,111.01000213623047,111.08999633789062,109.51000213623047,110.41999816894531,31133700
2014-10-28,97.81803894042969,114.16999816894531,114.20999908447266,111.30000305175781,111.51000213623047,84912900
2014-10-29,97.5866928100586,113.9000015258789,114.88999938964844,112.9800033569336,114.36000061035156,67133500
2014-10-30,98.41779327392578,114.87000274658203,115.37999725341797,113.13999938964844,113.48999786376953,59046200
2014-10-31,99.8657455444336,116.55999755859375,116.95999908447266,115.87999725341797,116.91000366210938,53133300
2014-11-03,99.6943588256836,116.36000061035156,117.37000274658203,115.9000015258789,116.75,39729600
2014-11-04,99.2317123413086,115.81999969482422,116.5,115.27999877929688,115.9000015258789,37347600
2014-11-05,99.4116439819336,116.02999877929688,116.73999786376953,115.55000305175781,116.66999816894531,31073500
2014-11-06,99.84001159667969,116.52999877929688,116.52999877929688,115.55999755859375,115.9800033569336,31720900
2014-11-07,99.99424743652344,116.70999908447266,116.70999908447266,115.69999694824219,116.38999938964844,28657700
2014-11-10,100.49119567871094,117.29000091552734,117.30999755859375,116.45999908447266,116.68000030517578,29371800
2014-11-11,100.55973052978516,117.37000274658203,117.44000244140625,116.87000274658203,117.12000274658203,23536800
2014-11-12,101.01380920410156,117.9000015258789,118.08000183105469,116.66000366210938,116.69000244140625,34594700
2014-11-13,100.15705871582031,116.9000015258789,118.25,116.62000274658203,117.94000244140625,25135200
2014-11-14,99.97711944580078,116.69000244140625,117.20999908447266,116.37000274658203,116.94000244140625,23321400
2014-11-17,99.14604949951172,115.72000122070312,116.93000030517578,115.68000030517578,116.58999633789062,29847300
2014-11-18,99.72007751464844,116.38999938964844,117.12000274658203,115.75,116.16000366210938,33717200
2014-11-19,98.6576919555664,115.1500015258789,116.25,114.37000274658203,116.25,38258700
2014-11-20,99.76290893554688,116.44000244140625,116.45999908447266,114.62000274658203,114.62000274658203,26555000
2014-11-21,99.88288879394531,116.58000183105469,118.12000274658203,116.16000366210938,118.08000183105469,43240400
2014-11-24,101.07376861572266,117.97000122070312,118.05000305175781,116.58000183105469,116.73999786376953,24573200
2014-11-25,101.15089416503906,118.05999755859375,118.77999877929688,117.52999877929688,118.22000122070312,26745900
2014-11-26,101.48503112792969,118.44999694824219,118.5,117.83999633789062,118.06999969482422,14640700
2014-11-28,99.97711944580078,116.69000244140625,118.5199966430664,116.56999969482422,118.4800033569336,21110700
2014-12-01,98.41779327392578,114.87000274658203,116.47000122070312,114.80999755859375,116.31999969482422,36244100
2014-12-02,99.60015869140625,116.25,116.63999938964844,114.9800033569336,114.98999786376953,31812100
2014-12-03,100.55973052978516,117.37000274658203,117.70999908447266,116.0199966430664,116.27999877929688,29148000
2014-12-04,100.07991790771484,116.80999755859375,117.30000305175781,116.22000122070312,117.19000244140625,28631900
2014-12-05,100.83389282226562,117.69000244140625,117.9800033569336,116.95999908447266,117.25,30261400
2014-12-08,99.57442474365234,116.22000122070312,118.37000274658203,115.8499984741211,117.2699966430664,32295000
2014-12-09,101.2451400756836,118.16999816894531,118.2699966430664,114.73999786376953,114.95999908447266,52645900
2014-12-10,99.0946273803711,115.66000366210938,118.16000366210938,115.55999755859375,117.73999786376953,45413600
2014-12-11,99.48876190185547,116.12000274658203,117.68000030517578,115.87000274658203,116.20999908447266,36021800
2014-12-12,98.28067779541016,114.70999908447266,115.98999786376953,114.5999984741211,114.77999877929688,44816000
2014-12-15,97.28685760498047,113.55000305175781,115.73999786376953,113.16000366210938,115.26000213623047,66361200
2014-12-16,97.14976501464844,113.38999938964844,115.33999633789062,113.02999877929688,113.31999969482422,62849700
2014-12-17,100.14849090576172,116.88999938964844,116.98999786376953,113.48999786376953,113.63999938964844,70379400
2014-12-18,101.63924407958984,118.62999725341797,118.73999786376953,117.47000122070312,118.45999908447266,54315600
2014-12-19,101.87060546875,118.9000015258789,119.4800033569336,118.13999938964844,118.6500015258789,49041800
2014-12-22,102.56460571289062,119.70999908447266,119.70999908447266,118.80000305175781,119.19999694824219,27043400
2014-12-23,102.69309997558594,119.86000061035156,120.44000244140625,119.44999694824219,120.44000244140625,34533000
2014-12-24,102.98977661132812,119.76000213623047,120.06999969482422,119.26000213623047,119.62999725341797,19175400
2014-12-26,103.66056823730469,120.54000091552734,120.83000183105469,120.06999969482422,120.13999938964844,18261900
2014-12-29,104.09913635253906,121.05000305175781,121.37999725341797,120.61000061035156,120.62999725341797,27692500
2014-12-30,103.48856353759766,120.33999633789062,121.23999786376953,120.2699966430664,120.79000091552734,23996000
2014-12-31,102.86940002441406,119.62000274658203,121.41000366210938,119.54000091552734,120.80000305175781,35688700
2015-01-02,102.27598571777344,118.93000030517578,120.55999755859375,117.88999938964844,120.06999969482422,46133100
2015-01-05,100.90866088867188,117.33999633789062,118.70999908447266,116.79000091552734,118.2300033569336,51141900
2015-01-06,99.16292572021484,115.30999755859375,117.7699966430664,114.36000061035156,117.62000274658203,67446000
2015-01-07,100.38408660888672,116.7300033569336,116.76000213623047,115.4800033569336,116.05999755859375,32252100
2015-01-08,102.08683013916016,118.70999908447266,118.8499984741211,117.44999694824219,117.66000366210938,28361700
2015-01-09,101.10643768310547,117.56999969482422,118.83999633789062,117.30999755859375,118.80999755859375,26975200
2015-01-12,100.77106475830078,117.18000030517578,118.01000213623047,116.2300033569336,117.69999694824219,27316800
2015-01-13,100.84844207763672,117.2699966430664,119.38999938964844,115.81999969482422,118.08999633789062,49991400
2015-01-14,100.44427490234375,116.80000305175781,117.0999984741211,115.55000305175781,115.9800033569336,34224200
2015-01-15,98.75012969970703,114.83000183105469,117.37999725341797,114.4800033569336,117.2300033569336,46199400
2015-01-16,100.3582763671875,116.69999694824219,116.94000244140625,114.19999694824219,114.41000366210938,41895700
2015-01-20,99.93688201904297,116.20999908447266,117.08000183105469,115.16000366210938,116.8499984741211,36444400
2015-01-21,99.61873626708984,115.83999633789062,116.81999969482422,115.29000091552734,115.80000305175781,27333500
2015-01-22,101.64824676513672,118.19999694824219,118.23999786376953,115.0999984741211,116.55999755859375,37877000
2015-01-23,101.57945251464844,118.12000274658203,118.7699966430664,117.55000305175781,118.23999786376953,28173400
2015-01-26,102.55977630615234,119.26000213623047,119.2699966430664,117.06999969482422,117.87999725341797,23006800
2015-01-27,102.06963348388672,118.69000244140625,119.25,117.62000274658203,117.86000061035156,26919100
2015-01-28,100.34969329833984,116.69000244140625,119.44999694824219,116.31999969482422,119.18000030517578,38086100
2015-01-29,101.73419952392578,118.30000305175781,118.31999969482422,116.08999633789062,117.0199966430664,39299900
2015-01-30,99.49829864501953,115.69999694824219,117.95999908447266,115.5999984741211,117.4800033569336,49739800
2015-02-02,100.40988159179688,116.76000213623047,116.83999633789062,114.37999725341797,116.12000274658203,44819100
2015-02-03,102.20719146728516,118.8499984741211,119.0,117.2699966430664,117.33000183105469,43920000
2015-02-04,101.82881927490234,118.41000366210938,119.23999786376953,118.0999984741211,118.41999816894531,28597100
2015-02-05,103.14457702636719,119.94000244140625,120.25,118.5999984741211,118.7699966430664,32337100
2015-02-06,103.03277587890625,119.80999755859375,120.81999969482422,119.3499984741211,120.0999984741211,31694900
2015-02-09,102.21581268310547,118.86000061035156,120.22000122070312,118.72000122070312,119.4000015258789,32367900
2015-02-10,102.86940002441406,119.62000274658203,119.83999633789062,118.0999984741211,119.52999877929688,28960800
2015-02-11,102.72320556640625,119.44999694824219,119.81999969482422,118.62000274658203,119.37000274658203,23794200
2015-02-12,103.89274597167969,120.80999755859375,120.91999816894531,119.83999633789062,120.16000366210938,27854600
2015-02-13,104.51190948486328,121.52999877929688,121.69000244140625,120.6500015258789,120.91000366210938,20446900
2015-02-17,104.83873748779297,121.91000366210938,122.05999755859375,121.26000213623047,121.66000366210938,16868500
2015-02-18,104.9505386352539,122.04000091552734,122.05000305175781,121.12999725341797,121.55999755859375,20450200
2015-02-19,104.95912170410156,122.05000305175781,122.37999725341797,121.54000091552734,121.76000213623047,16620500
2015-02-20,105.24287414550781,122.37999725341797,122.54000091552734,120.9000015258789,121.8499984741211,30331600
2015-02-23,105.3460922241211,122.5,122.52999877929688,121.2699966430664,122.0999984741211,25778200
2015-02-24,105.48369598388672,122.66000366210938,123.05000305175781,122.19000244140625,122.47000122070312,20023600
2015-02-25,105.60406494140625,122.80000305175781,123.04000091552734,122.2300033569336,122.56999969482422,17059600
2015-02-26,105.99107360839844,123.25,123.30000305175781,122.33000183105469,122.69000244140625,24379000
2015-02-27,105.4148941040039,122.58000183105469,123.36000061035156,122.55000305175781,123.02999877929688,23821700
2015-03-02,106.18025207519531,123.47000122070312,123.77999877929688,122.52999877929688,122.55000305175781,29683500
2015-03-03,105.552490234375,122.73999786376953,123.19000244140625,122.26000213623047,123.19000244140625,23068400
2015-03-04,105.22570037841797,122.36000061035156,122.61000061035156,121.61000061035156,122.20999908447266,22822500
2015-03-05,105.53524780273438,122.72000122070312,122.91999816894531,121.91000366210938,122.52999877929688,19725600
2015-03-06,104.20230865478516,121.16999816894531,122.69000244140625,120.87999725341797,121.9800033569336,37319900
2015-03-09,104.65811920166016,121.69999694824219,121.91999816894531,121.12000274658203,121.37000274658203,17556300
2015-03-10,103.45419311523438,120.30000305175781,120.69999694824219,119.83000183105469,120.61000061035156,32440300
2015-03-11,104.09053039550781,121.04000091552734,121.13999938964844,119.87999725341797,120.47000122070312,20914500
2015-03-12,105.81906127929688,123.05000305175781,123.1500015258789,121.73999786376953,121.81999969482422,41063300
2015-03-13,105.4406967163086,122.61000061035156,123.19000244140625,121.20999908447266,122.94000244140625,26371000
2015-03-16,106.05986022949219,123.33000183105469,123.58000183105469,122.87999725341797,123.11000061035156,19906300
2015-03-17,106.34365844726562,123.66000366210938,123.77999877929688,122.7699966430664,122.97000122070312,23142600
2015-03-18,107.19502258300781,124.6500015258789,125.12000274658203,122.8499984741211,123.4000015258789,40292600
2015-03-19,107.40140533447266,124.88999938964844,124.95999908447266,124.30999755859375,124.36000061035156,34008200
2015-03-20,108.347412109375,125.98999786376953,126.16000366210938,125.30999755859375,125.36000061035156,34165600
2015-03-23,108.25279235839844,125.87999725341797,126.31999969482422,125.79000091552734,125.94999694824219,17132400
2015-03-24,108.22696685791016,125.8499984741211,126.30999755859375,125.66000366210938,125.7699966430664,30115600
2015-03-25,105.64177703857422,122.47000122070312,125.5999984741211,122.37999725341797,125.52999877929688,42514000
2015-03-26,105.5124282836914,122.31999969482422,122.91000366210938,121.54000091552734,122.08999633789062,26899200
2015-03-27,106.18521881103516,123.0999984741211,123.2300033569336,121.86000061035156,122.37999725341797,23066800
2015-03-30,107.62576293945312,124.7699966430664,124.98999786376953,123.69999694824219,123.72000122070312,20487000
2015-03-31,107.28070831298828,124.37000274658203,124.70999908447266,123.9000015258789,124.27999877929688,24507800
2015-04-01,107.32383728027344,124.41999816894531,124.41999816894531,122.9000015258789,124.2300033569336,31955200
2015-04-02,107.52222442626953,124.6500015258789,125.26000213623047,124.29000091552734,124.36000061035156,23586400
2015-04-06,107.99666595458984,125.19999694824219,125.4800033569336,123.87999725341797,123.91000366210938,22045600
2015-04-07,107.30660247802734,124.4000015258789,125.5,124.37000274658203,124.97000122070312,20214700
2015-04-08,108.22956848144531,125.47000122070312,125.66000366210938,124.37999725341797,124.37999725341797,19314400
2015-04-09,107.84140014648438,125.0199966430664,125.7300033569336,123.7699966430664,125.36000061035156,22325300
2015-04-10,108.35894012451172,125.62000274658203,125.79000091552734,125.22000122070312,125.44000244140625,14966300
2015-04-13,108.42794799804688,125.69999694824219,126.38999938964844,125.58000183105469,125.69000244140625,22819200
2015-04-14,108.40208435058594,125.66999816894531,126.08000183105469,124.77999877929688,125.73999786376953,22600800
2015-04-15,109.16118621826172,126.55000305175781,127.12999725341797,125.91999816894531,126.16000366210938,37282300
2015-04-16,109.10079193115234,126.4800033569336,126.75,126.16000366210938,126.47000122070312,24439900
2015-04-17,107.33248901367188,124.43000030517578,125.55000305175781,123.81999969482422,125.12000274658203,48283500
2015-04-20,108.38484191894531,125.6500015258789,125.94999694824219,124.83000183105469,125.05000305175781,24602300
2015-04-21,108.272705078125,125.5199966430664,126.25,125.41999816894531,126.05000305175781,13844600
2015-04-22,108.43660736083984,125.70999908447266,125.87999725341797,124.47000122070312,125.5199966430664,21991300
2015-04-23,108.92826080322266,126.27999877929688,126.54000091552734,125.26000213623047,125.4800033569336,18025800
2015-04-24,108.56598663330078,125.86000061035156,126.45999908447266,125.69000244140625,126.33000183105469,14992500
2015-04-27,107.36700439453125,124.47000122070312,126.91000366210938,124.04000091552734,126.20999908447266,32924600
2015-04-28,107.96217346191406,125.16000366210938,125.37000274658203,123.25,124.54000091552734,35654900
2015-04-29,106.78903198242188,123.80000305175781,124.9000015258789,123.62999725341797,124.47000122070312,26437900
2015-04-30,104.52908325195312,121.18000030517578,123.44000244140625,120.66000366210938,123.05999755859375,72393800
2015-05-01,105.21048736572266,121.97000122070312,122.16000366210938,120.91000366210938,121.5199966430664,47996200
2015-05-04,105.59003448486328,122.41000366210938,123.3499984741211,121.80000305175781,122.12999725341797,37675100
2015-05-05,104.24440002441406,120.8499984741211,122.62000274658203,120.27999877929688,122.3499984741211,56891600
2015-05-06,104.60668182373047,121.2699966430664,121.48999786376953,120.23999786376953,121.11000061035156,34348300
2015-05-07,105.00345611572266,121.7300033569336,122.2300033569336,120.56999969482422,121.13999938964844,29826100
2015-05-08,105.7884292602539,122.63999938964844,123.25,122.4000015258789,122.93000030517578,26357100
2015-05-11,105.84881591796875,122.70999908447266,123.66000366210938,122.44000244140625,122.5999984741211,28406700
2015-05-12,105.65907287597656,122.48999786376953,122.91999816894531,120.87000274658203,122.3499984741211,34961600
2015-05-13,105.65907287597656,122.48999786376953,123.20999908447266,122.0,122.76000213623047,27214700
2015-05-14,106.7804183959961,123.79000091552734,123.86000061035156,122.44999694824219,123.08000183105469,23293200
2015-05-15,106.65966796875,123.6500015258789,123.72000122070312,122.94000244140625,123.55999755859375,22055600
2015-05-18,107.86730194091797,125.05000305175781,125.16000366210938,123.16999816894531,123.4000015258789,30846000
2015-05-19,107.72067260742188,124.87999725341797,125.05000305175781,124.30999755859375,124.80000305175781,23256800
2015-05-20,107.91903686523438,125.11000061035156,125.45999908447266,124.33999633789062,125.16999816894531,20838500
2015-05-21,107.79830169677734,124.97000122070312,125.47000122070312,124.4800033569336,124.9800033569336,16229300
2015-05-22,107.33248901367188,124.43000030517578,125.23999786376953,124.0,124.76000213623047,22601400
2015-05-26,106.30602264404297,123.23999786376953,124.04000091552734,122.5199966430664,123.94000244140625,44037800
2015-05-27,107.60850524902344,124.75,124.87000274658203,122.79000091552734,123.36000061035156,32086300
2015-05-28,107.51361846923828,124.63999938964844,124.70999908447266,123.7699966430664,124.44999694824219,18631900
2015-05-29,106.86668395996094,123.88999938964844,124.7300033569336,123.31999969482422,124.61000061035156,33468900
2015-06-01,107.20308685302734,124.27999877929688,124.9000015258789,123.02999877929688,124.69000244140625,35649400
2015-06-02,107.41010284423828,124.5199966430664,125.30999755859375,123.4800033569336,123.80000305175781,29477600
2015-06-03,108.47970581054688,125.76000213623047,125.93000030517578,124.41999816894531,124.76000213623047,30774800
2015-06-04,107.39285278320312,124.5,125.62000274658203,124.08000183105469,125.08000183105469,25820600
2015-06-05,108.16920471191406,125.4000015258789,125.5199966430664,123.31999969482422,124.2300033569336,36626500
2015-06-08,107.66888427734375,124.81999969482422,125.62000274658203,124.56999969482422,125.27999877929688,18798700
2015-06-09,107.34109497070312,124.44000244140625,124.86000061035156,123.5,124.70999908447266,23928300
2015-06-10,108.67814636230469,125.98999786376953,126.4800033569336,124.8499984741211,124.93000030517578,42563500
2015-06-11,108.95416259765625,126.30999755859375,126.54000091552734,125.91000366210938,126.16999816894531,17489400
2015-06-12,108.62637329101562,125.93000030517578,126.1500015258789,125.43000030517578,125.91999816894531,23578600
2015-06-15,108.28131866455078,125.52999877929688,125.80000305175781,123.94000244140625,125.11000061035156,30618300
2015-06-16,109.04902648925781,126.41999816894531,126.6500015258789,125.31999969482422,125.37999725341797,32800900
2015-06-17,108.88512420654297,126.2300033569336,126.95999908447266,125.97000122070312,126.73999786376953,32467000
2015-06-18,110.34291076660156,127.91999816894531,128.24000549316406,126.73999786376953,126.81999969482422,39642100
2015-06-19,110.2911605834961,127.86000061035156,128.16000366210938,127.5999984741211,127.81999969482422,23310900
2015-06-22,111.05024719238281,128.74000549316406,128.83999633789062,128.14999389648438,128.4199981689453,25230000
2015-06-23,111.28315734863281,129.00999450683594,129.08999633789062,128.39999389648438,128.67999267578125,23378500
2015-06-24,110.34291076660156,127.91999816894531,129.10000610351562,127.7300033569336,128.75999450683594,26436800
2015-06-25,110.28255462646484,127.8499984741211,128.4199981689453,127.25,128.35000610351562,24100900
2015-06-26,109.98063659667969,127.5,128.33999633789062,126.81999969482422,128.10000610351562,38219900
2015-06-29,107.20308685302734,124.27999877929688,127.06999969482422,124.11000061035156,126.62999725341797,49224900
2015-06-30,107.70340728759766,124.86000061035156,125.31999969482422,124.29000091552734,125.18000030517578,39631300
2015-07-01,108.0225601196289,125.2300033569336,126.16000366210938,124.05999755859375,125.7699966430664,28627700
2015-07-02,107.2247085571289,123.77999877929688,124.95999908447266,123.37000274658203,124.80999755859375,31486400
2015-07-06,107.1900634765625,123.73999786376953,124.51000213623047,122.81999969482422,122.94000244140625,27852200
2015-07-07,107.31133270263672,123.87999725341797,123.98999786376953,121.52999877929688,123.87999725341797,39347100
2015-07-08,105.67412567138672,121.98999786376953,123.3499984741211,121.27999877929688,122.80000305175781,40724500
2015-07-09,106.05531311035156,122.43000030517578,123.52999877929688,122.2699966430664,123.3499984741211,29770400
2015-07-10,107.52791595458984,124.12999725341797,124.33999633789062,123.36000061035156,123.83999633789062,28735800
2015-07-13,108.74066162109375,125.52999877929688,125.63999938964844,124.75,124.7699966430664,21349900
2015-07-14,109.3470230102539,126.2300033569336,126.5,125.4000015258789,125.45999908447266,21009500
2015-07-15,108.76667022705078,125.55999755859375,126.4800033569336,125.2699966430664,126.30999755859375,22238300
2015-07-16,109.41636657714844,126.30999755859375,126.73999786376953,125.97000122070312,126.11000061035156,33568400
2015-07-17,108.93988800048828,125.76000213623047,126.37999725341797,125.36000061035156,126.30999755859375,24739900
2015-07-20,108.3508529663086,125.08000183105469,125.86000061035156,124.76000213623047,125.77999877929688,23271100
2015-07-21,107.83976745605469,124.48999786376953,125.80000305175781,124.11000061035156,125.06999969482422,28118700
2015-07-22,108.23824310302734,124.94999694824219,125.08999633789062,123.87999725341797,124.08000183105469,20654200
2015-07-23,107.0428237915039,123.56999969482422,125.38999938964844,123.30000305175781,124.98999786376953,39712100
2015-07-24,105.31900024414062,121.58000183105469,123.70999908447266,121.48999786376953,123.4800033569336,39533000
2015-07-27,104.44404602050781,120.56999969482422,121.31999969482422,120.2699966430664,121.12999725341797,35627200
2015-07-28,105.3363037109375,121.5999984741211,121.80999755859375,119.33999633789062,120.91999816894531,53474800
2015-07-29,105.6308364868164,121.94000244140625,122.33000183105469,120.97000122070312,121.36000061035156,32411300
2015-07-30,105.93402099609375,122.29000091552734,122.44000244140625,121.01000213623047,121.62999725341797,29383900
2015-07-31,106.51439666748047,122.95999908447266,123.66999816894531,122.22000122070312,122.44999694824219,31812700
2015-08-03,105.9859848022461,122.3499984741211,123.16000366210938,121.45999908447266,123.02999877929688,34033200
2015-08-04,105.73477935791016,122.05999755859375,122.95999908447266,121.61000061035156,122.38999938964844,21728900
2015-08-05,105.97732543945312,122.33999633789062,123.52999877929688,121.91000366210938,122.58999633789062,25673500
2015-08-06,104.54802703857422,120.69000244140625,122.66000366210938,119.77999877929688,122.47000122070312,42225300
2015-08-07,103.84632873535156,119.87999725341797,120.44000244140625,119.06999969482422,120.13999938964844,42261400
2015-08-10,105.04177856445312,121.26000213623047,121.5199966430664,120.30999755859375,120.33000183105469,28798900
2015-08-11,104.14088439941406,120.22000122070312,121.08999633789062,119.6500015258789,120.4800033569336,33383800
2015-08-12,103.94163513183594,119.98999786376953,120.33999633789062,117.97000122070312,119.56999969482422,46500100
2015-08-13,103.59513854980469,119.58999633789062,120.58999633789062,119.38999938964844,120.0999984741211,35698300
2015-08-14,104.26212310791016,120.36000061035156,120.48999786376953,119.0199966430664,119.48999786376953,21091500
2015-08-17,105.3622817993164,121.62999725341797,121.68000030517578,119.5999984741211,120.02999877929688,22328200
2015-08-18,104.52201080322266,120.66000366210938,121.45999908447266,120.5199966430664,121.45999908447266,26360400
2015-08-19,103.43922424316406,119.41000366210938,120.5,118.73999786376953,119.9000015258789,45178900
2015-08-20,100.82311248779297,116.38999938964844,118.61000061035156,116.38999938964844,118.33999633789062,51879800
2015-08-21,99.64501953125,115.02999877929688,116.66000366210938,114.37000274658203,115.12999725341797,79168300
2015-08-24,95.75557708740234,110.54000091552734,114.91999816894531,108.26000213623047,109.51000213623047,83809200
2015-08-25,95.01922607421875,109.69000244140625,114.0999984741211,109.55999755859375,114.05000305175781,59240200
2015-08-26,97.4360580444336,112.4800033569336,112.69000244140625,109.41999816894531,111.83000183105469,51605300
2015-08-27,99.17725372314453,114.48999786376953,115.12000274658203,112.36000061035156,113.30000305175781,49533700
2015-08-28,100.15612030029297,115.62000274658203,115.69999694824219,114.20999908447266,114.36000061035156,41601400
2015-08-31,99.79226684570312,115.19999694824219,115.9800033569336,114.76000213623047,115.0999984741211,29250900
2015-09-01,96.93363952636719,111.9000015258789,114.12000274658203,111.5999984741211,113.11000061035156,45129200
2015-09-02,98.67481994628906,113.91000366210938,113.97000122070312,112.08000183105469,113.41000366210938,26865800
2015-09-03,98.51885986328125,113.7300033569336,115.12999725341797,113.55000305175781,114.08000183105469,33334500
2015-09-04,97.77391815185547,112.87000274658203,113.69999694824219,112.27999877929688,112.52999877929688,31154600
2015-09-08,100.00884246826172,115.44999694824219,115.56999969482422,114.11000061035156,114.55999755859375,29916300
2015-09-09,98.85671997070312,114.12000274658203,116.41999816894531,114.01000213623047,116.16999816894531,40963000
2015-09-10,99.30718231201172,114.63999938964844,115.27999877929688,113.7300033569336,113.75,29877900
2015-09-11,99.77494812011719,115.18000030517578,115.19999694824219,113.66000366210938,114.16000366210938,27949400
2015-09-14,99.31585693359375,114.6500015258789,115.54000091552734,114.43000030517578,115.5199966430664,22365800
2015-09-15,100.43331909179688,115.94000244140625,116.19000244140625,114.7300033569336,114.86000061035156,26745300
2015-09-16,101.29956817626953,116.94000244140625,117.0199966430664,115.79000091552734,115.94999694824219,27127800
2015-09-17,101.64608001708984,117.33999633789062,118.88999938964844,116.68000030517578,116.91999816894531,50405400
2015-09-18,100.24275970458984,115.72000122070312,116.83999633789062,115.4000015258789,115.76000213623047,42736100
2015-09-21,100.06080627441406,115.51000213623047,117.30000305175781,115.08000183105469,116.54000091552734,33021700
2015-09-22,98.54487609863281,113.76000213623047,114.7300033569336,113.05000305175781,114.44999694824219,35786900
2015-09-23,98.2503662109375,113.41999816894531,114.41999816894531,113.06999969482422,114.0199966430664,25506800
2015-09-24,98.08576965332031,113.2300033569336,113.41999816894531,111.87000274658203,112.79000091552734,39810300
2015-09-25,96.79483032226562,111.41999816894531,113.91000366210938,110.93000030517578,113.81999969482422,43750300
2015-09-28,94.08435821533203,108.30000305175781,111.1500015258789,107.87999725341797,111.05000305175781,56765300
2015-09-29,93.41544342041016,107.52999877929688,109.11000061035156,106.98999786376953,108.25,49980700
2015-09-30,94.86622619628906,109.19999694824219,109.43000030517578,107.91000366210938,108.4800033569336,50834500
2015-10-01,94.70116424560547,109.01000213623047,109.68000030517578,107.43000030517578,109.37000274658203,44985900
2015-10-02,96.10853576660156,110.62999725341797,110.62999725341797,107.12000274658203,107.9800033569336,58019200
2015-10-05,98.4019775390625,113.2699966430664,113.44999694824219,111.54000091552734,111.66000366210938,45220500
2015-10-06,97.724365234375,112.48999786376953,113.66999816894531,111.77999877929688,113.20999908447266,34140000
2015-10-07,99.45317840576172,114.4800033569336,114.5,112.62999725341797,113.0999984741211,36371000
2015-10-08,100.34796142578125,115.51000213623047,115.75,113.94999694824219,114.37999725341797,43072200
2015-10-09,100.54776763916016,115.73999786376953,116.13999938964844,115.4000015258789,115.72000122070312,26497200
2015-10-12,100.40008544921875,115.56999969482422,115.98999786376953,115.06999969482422,115.79000091552734,22984000
2015-10-13,99.02750396728516,113.98999786376953,116.30000305175781,113.93000030517578,115.11000061035156,37445300
2015-10-14,98.05448150634766,112.87000274658203,114.75,112.70999908447266,114.04000091552734,39987400
2015-10-15,100.40008544921875,115.56999969482422,115.56999969482422,112.66000366210938,113.19000244140625,42503400
2015-10-16,100.26978302001953,115.41999816894531,115.80000305175781,114.43000030517578,115.80000305175781,33685600
2015-10-19,100.46088409423828,115.63999938964844,116.20999908447266,114.6500015258789,114.9000015258789,24949500
2015-10-20,100.32191467285156,115.4800033569336,116.30000305175781,115.02999877929688,115.58000183105469,20531400
2015-10-21,98.79293060302734,113.72000122070312,115.9800033569336,113.6500015258789,115.91999816894531,34060300
2015-10-22,99.66166687011719,114.72000122070312,115.41999816894531,113.7300033569336,114.41000366210938,36882600
2015-10-23,100.64332580566406,115.8499984741211,116.05000305175781,114.7300033569336,115.6500015258789,40172500
2015-10-26,99.95700073242188,115.05999755859375,115.87000274658203,114.93000030517578,115.5999984741211,19783300
2015-10-27,98.86241149902344,113.80000305175781,114.87000274658203,113.0999984741211,114.58999633789062,38189200
2015-10-28,101.74665069580078,117.12000274658203,117.13999938964844,113.91999816894531,114.13999938964844,65529900
2015-10-29,100.66072082519531,115.87000274658203,117.11000061035156,115.55999755859375,116.73999786376953,27252000
2015-10-30,100.20027160644531,115.33999633789062,116.02999877929688,115.08000183105469,115.55999755859375,28018700
2015-11-02,102.2852554321289,117.73999786376953,118.06999969482422,115.41999816894531,115.44999694824219,33836900
2015-11-03,102.8151626586914,118.3499984741211,119.02999877929688,117.38999938964844,117.58999633789062,28626300
2015-11-04,102.76304626464844,118.29000091552734,119.0,117.69000244140625,118.6500015258789,25696000
2015-11-05,102.84124755859375,118.37999725341797,118.5999984741211,117.08999633789062,118.23999786376953,27141300
2015-11-06,103.57097625732422,119.22000122070312,119.36000061035156,117.29000091552734,118.01000213623047,35141300
2015-11-09,102.35475158691406,117.81999969482422,119.29000091552734,117.2699966430664,119.06999969482422,32983100
2015-11-10,102.6587905883789,118.16999816894531,118.16999816894531,116.95999908447266,117.31999969482422,21892200
2015-11-11,101.76403045654297,117.13999938964844,118.33999633789062,117.08000183105469,118.30999755859375,22037600
2015-11-12,99.81803894042969,114.9000015258789,116.48999786376953,114.7300033569336,116.33000183105469,39916100
2015-11-13,99.09696960449219,114.06999969482422,115.33999633789062,113.66000366210938,114.44000244140625,43883000
2015-11-16,99.9483413696289,115.05000305175781,115.08999633789062,113.36000061035156,113.95999908447266,28979100
2015-11-17,99.56610107421875,114.61000061035156,116.1500015258789,114.44999694824219,115.1500015258789,34441000
2015-11-18,101.2514877319336,116.55000305175781,116.6500015258789,114.5199966430664,114.93000030517578,35554300
2015-11-19,100.82577514648438,116.05999755859375,116.6500015258789,115.73999786376953,116.44000244140625,25512500
2015-11-20,101.47734832763672,116.80999755859375,117.36000061035156,116.37999725341797,116.4800033569336,31697700
2015-11-23,101.98120880126953,117.38999938964844,117.88999938964844,116.68000030517578,116.70999908447266,22716400
2015-11-24,102.72832489013672,118.25,118.41999816894531,116.55999755859375,116.87999725341797,24994500
2015-11-25,103.52757263183594,119.16999816894531,119.31999969482422,118.11000061035156,118.30000305175781,20772600
2015-11-27,103.91848754882812,119.62000274658203,119.9000015258789,118.87999725341797,119.2699966430664,14129300
2015-11-30,103.46674346923828,119.0999984741211,120.06999969482422,119.05000305175781,120.0199966430664,30165400
2015-12-01,104.15303039550781,119.88999938964844,119.91000366210938,118.9000015258789,119.61000061035156,27899900
2015-12-02,103.0323486328125,118.5999984741211,120.04000091552734,118.44999694824219,119.7300033569336,22238300
2015-12-03,101.29487609863281,116.5999984741211,119.44999694824219,116.13999938964844,118.93000030517578,39485400
2015-12-04,102.31999969482422,117.77999877929688,117.93000030517578,116.33999633789062,116.5999984741211,32669900
2015-12-07,100.78235626220703,116.01000213623047,117.66999816894531,115.51000213623047,117.63999938964844,29621400
2015-12-08,100.22633361816406,115.37000274658203,116.01000213623047,114.45999908447266,114.95999908447266,30946000
2015-12-09,99.10567474365234,114.08000183105469,116.16999816894531,113.5999984741211,115.02999877929688,41980400
2015-12-10,99.43580627441406,114.45999908447266,115.08000183105469,113.6500015258789,113.88999938964844,31278800
2015-12-11,97.22049713134766,111.91000366210938,113.33999633789062,111.52999877929688,113.2699966430664,52609300
2015-12-14,96.5255126953125,111.11000061035156,112.37999725341797,110.27999877929688,111.87000274658203,53400400
2015-12-15,97.91549682617188,112.70999908447266,112.95999908447266,111.5999984741211,111.7300033569336,48273900
2015-12-16,99.40972900390625,114.43000030517578,114.6500015258789,112.83000183105469,113.48999786376953,44560600
2015-12-17,98.34986114501953,113.20999908447266,114.94000244140625,112.97000122070312,114.91000366210938,41318000
2015-12-18,96.84696960449219,111.4800033569336,112.88999938964844,111.44000244140625,112.66000366210938,49876600
2015-12-21,97.5766830444336,112.31999969482422,112.62999725341797,111.5,112.16999816894531,26479300
2015-12-22,98.47148132324219,113.3499984741211,113.5199966430664,111.79000091552734,112.63999938964844,28108700
2015-12-23,99.7137680053711,114.77999877929688,114.95999908447266,113.7300033569336,113.91999816894531,29609700
2015-12-24,99.90222930908203,114.5,115.16000366210938,114.1500015258789,114.44000244140625,13370500
2015-12-28,99.4397964477539,113.97000122070312,114.06999969482422,112.95999908447266,113.9800033569336,22125500
2015-12-29,100.51301574707031,115.19999694824219,115.29000091552734,114.06999969482422,114.4800033569336,22841500
2015-12-30,99.50092315673828,114.04000091552734,115.3499984741211,114.0,115.05000305175781,21273200
2015-12-31,98.26194763183594,112.62000274658203,113.97000122070312,112.51000213623047,113.55999755859375,39517700
2016-01-04,95.98467254638672,110.01000213623047,110.83000183105469,109.08000183105469,110.61000061035156,66665900
2016-01-05,96.19408416748047,110.25,110.58000183105469,109.55000305175781,110.41000366210938,28253300
2016-01-06,94.72825622558594,108.56999969482422,109.5999984741211,108.0,108.69999694824219,35569200
2016-01-07,92.197998046875,105.66999816894531,107.5,105.48999786376953,106.72000122070312,52482000
2016-01-08,90.61004638671875,103.8499984741211,106.48999786376953,103.66000366210938,105.87000274658203,60299300
2016-01-11,90.21741485595703,103.4000015258789,104.77999877929688,102.30999755859375,104.20999908447266,47144800
2016-01-12,90.48790740966797,103.70999908447266,104.98999786376953,101.94000244140625,104.22000122070312,53702900
2016-01-13,87.58241271972656,100.37999725341797,104.41999816894531,99.6500015258789,103.91000366210938,70591600
2016-01-14,88.79519653320312,101.7699966430664,102.70999908447266,99.19000244140625,100.86000061035156,69373400
2016-01-15,87.35557556152344,100.12000274658203,100.29000091552734,97.51000213623047,99.08000183105469,85759200
2016-01-19,86.17767333984375,98.7699966430664,101.19999694824219,97.73999786376953,101.06999969482422,51391100
2016-01-20,86.5354232788086,99.18000030517578,100.33000183105469,95.05999755859375,97.43000030517578,94385800
2016-01-21,86.3347396850586,98.94999694824219,100.91000366210938,98.37999725341797,99.33000183105469,65798200
2016-01-22,88.44621276855469,101.37000274658203,101.61000061035156,100.12999725341797,100.6500015258789,46056700
2016-01-25,86.48307037353516,99.12000274658203,101.08000183105469,98.8499984741211,100.73999786376953,35019600
2016-01-26,88.21060180664062,101.0999984741211,101.4000015258789,99.18000030517578,99.5199966430664,33349600
2016-01-27,86.99784088134766,99.70999908447266,101.58999633789062,99.05999755859375,100.58999633789062,47973900
2016-01-28,86.98038482666016,99.69000244140625,100.94999694824219,99.22000122070312,100.55000305175781,41951100
2016-01-29,89.83351135253906,102.95999908447266,102.9800033569336,99.95999908447266,100.04000091552734,42245300
2016-02-01,89.42341613769531,102.48999786376953,103.08999633789062,101.25,102.13999938964844,33615700
2016-02-02,87.49515533447266,100.27999877929688,101.47000122070312,99.7699966430664,101.33000183105469,39692700
2016-02-03,87.60860443115234,100.41000366210938,101.06999969482422,98.13999938964844,101.05999755859375,55262500
2016-02-04,87.94890594482422,100.80000305175781,101.97000122070312,99.97000122070312,100.0,51188400
2016-02-05,85.54076385498047,98.04000091552734,100.44000244140625,97.95999908447266,100.3499984741211,53366600
2016-02-08,84.1360092163086,96.43000030517578,97.01000213623047,94.94000244140625,97.01000213623047,61107700
2016-02-09,83.56889343261719,95.77999877929688,97.12999725341797,95.0199966430664,95.12999725341797,55857200
2016-02-10,83.61251831054688,95.83000183105469,97.91999816894531,95.68000030517578,96.44999694824219,42756100
2016-02-11,82.70509338378906,94.79000091552734,95.4000015258789,93.63999938964844,94.08000183105469,57923200
2016-02-12,84.2756118774414,96.58999633789062,96.79000091552734,95.19000244140625,95.66000366210938,40097300
2016-02-16,86.2736587524414,98.87999725341797,99.0999984741211,97.22000122070312,97.79000091552734,38882100
2016-02-17,87.62604522705078,100.43000030517578,101.08999633789062,99.52999877929688,99.56999969482422,40940400
2016-02-18,87.20726013183594,99.94999694824219,100.63999938964844,99.54000091552734,100.51000213623047,35043600
2016-02-19,87.64350891113281,100.44999694824219,100.55999755859375,99.11000061035156,99.55999755859375,32424800
2016-02-22,88.62068939208984,101.56999969482422,102.01000213623047,101.23999786376953,101.33999633789062,28867400
2016-02-23,87.80928802490234,100.63999938964844,101.48999786376953,100.55000305175781,101.23999786376953,29857100
2016-02-24,88.6556167602539,101.61000061035156,101.81999969482422,98.97000122070312,99.62000274658203,36909600
2016-02-25,89.46708679199219,102.54000091552734,102.5999984741211,101.38999938964844,101.79000091552734,22612600
2016-02-26,90.03418731689453,103.19000244140625,103.47000122070312,102.69999694824219,103.05999755859375,27474700
2016-02-29,89.63284301757812,102.7300033569336,104.02999877929688,102.72000122070312,103.12999725341797,32014400
2016-03-01,91.56105041503906,104.94000244140625,104.94000244140625,103.06999969482422,103.62000274658203,36422700
2016-03-02,92.50337982177734,106.0199966430664,106.08999633789062,104.58999633789062,104.79000091552734,24937100
2016-03-03,93.47185516357422,107.12999725341797,107.1500015258789,105.91999816894531,106.05000305175781,28216300
2016-03-04,93.98666381835938,107.72000122070312,108.31999969482422,106.66999816894531,107.06999969482422,38180900
2016-03-07,95.00747680664062,108.88999938964844,108.98999786376953,107.20999908447266,107.20999908447266,38739900
2016-03-08,92.71278381347656,106.26000213623047,108.29000091552734,106.13999938964844,108.29000091552734,46193900
2016-03-09,93.18392181396484,106.80000305175781,107.01000213623047,106.06999969482422,106.62000274658203,25627200
2016-03-10,92.42483520507812,105.93000030517578,107.48999786376953,104.80999755859375,107.0999984741211,47051200
2016-03-11,94.40542602539062,108.19999694824219,108.33000183105469,106.66000366210938,106.79000091552734,33625000
2016-03-14,94.16116333007812,107.91999816894531,108.33999633789062,107.4000015258789,107.87000274658203,24422700
2016-03-15,92.6953353881836,106.23999786376953,107.27999877929688,106.02999877929688,107.20999908447266,34258400
2016-03-16,93.3497085571289,106.98999786376953,107.33000183105469,105.7300033569336,105.7300033569336,37952200
2016-03-17,94.78063201904297,108.62999725341797,109.0999984741211,106.33000183105469,106.98999786376953,41724500
2016-03-18,95.63568878173828,109.61000061035156,109.94999694824219,108.69999694824219,108.7699966430664,36512600
2016-03-21,95.40882873535156,109.3499984741211,109.94000244140625,109.08000183105469,109.44000244140625,29903700
2016-03-22,95.29540252685547,109.22000122070312,109.69000244140625,108.47000122070312,108.77999877929688,23602100
2016-03-23,93.53373718261719,106.87999725341797,108.58999633789062,106.80000305175781,108.54000091552734,39243300
2016-03-24,93.81376647949219,107.19999694824219,107.22000122070312,105.73999786376953,106.23999786376953,30924300
2016-03-28,93.92759704589844,107.33000183105469,107.77999877929688,106.55000305175781,107.43000030517578,21096400
2016-03-29,96.53546905517578,110.30999755859375,110.33999633789062,106.7699966430664,107.04000091552734,46761100
2016-03-30,96.54419708251953,110.31999969482422,111.12000274658203,110.05000305175781,110.88999938964844,35683500
2016-03-31,96.81549835205078,110.62999725341797,111.16999816894531,110.33999633789062,110.4800033569336,28555900
2016-04-01,97.2442855834961,111.12000274658203,111.22000122070312,109.4800033569336,109.61000061035156,29981400
2016-04-04,96.43045806884766,110.19000244140625,111.31999969482422,110.0999984741211,110.91000366210938,21529400
2016-04-05,95.33650970458984,108.94000244140625,109.86000061035156,108.83999633789062,109.37000274658203,32515800
2016-04-06,96.4129409790039,110.16999816894531,110.2699966430664,108.58999633789062,108.93000030517578,28157800
2016-04-07,95.1089859008789,108.68000030517578,109.87999725341797,108.12999725341797,109.37000274658203,33298400
2016-04-08,95.48529815673828,109.11000061035156,110.06999969482422,108.62999725341797,109.61000061035156,26151700
2016-04-11,95.18775177001953,108.7699966430664,110.55000305175781,108.75,109.73999786376953,25842100
2016-04-12,96.211669921875,109.94000244140625,110.18000030517578,108.43000030517578,108.79000091552734,25058700
2016-04-13,98.28572845458984,112.30999755859375,112.43000030517578,110.51000213623047,110.58000183105469,40534700
2016-04-14,98.16320037841797,112.16999816894531,112.69999694824219,111.87999725341797,112.26000213623047,25538600
2016-04-15,98.40824890136719,112.44999694824219,112.62999725341797,111.86000061035156,111.9000015258789,21176100
2016-04-18,99.15209197998047,113.30000305175781,113.38999938964844,111.87000274658203,111.9800033569336,19428300
2016-04-19,99.2308578491211,113.38999938964844,114.12999725341797,112.88999938964844,113.51000213623047,23228100
2016-04-20,99.37963104248047,113.55999755859375,114.20999908447266,112.97000122070312,113.38999938964844,21422500
2016-04-21,98.88080596923828,112.98999786376953,113.91999816894531,112.66000366210938,113.47000122070312,20535700
2016-04-22,99.8609619140625,114.11000061035156,114.19000244140625,112.9800033569336,112.9800033569336,29094500
2016-04-25,99.15209197998047,113.30000305175781,113.91000366210938,112.80999755859375,113.80000305175781,16369600
2016-04-26,100.12347412109375,114.41000366210938,114.52999877929688,113.16999816894531,113.66999816894531,30564100
2016-04-27,100.4735336303711,114.80999755859375,115.05000305175781,113.9000015258789,114.4800033569336,24360300
2016-04-28,99.3271255493164,113.5,115.0,113.19000244140625,114.2699966430664,26126500
2016-04-29,98.43448638916016,112.4800033569336,113.45999908447266,111.72000122070312,113.01000213623047,33284500
2016-05-02,99.30958557128906,113.4800033569336,113.51000213623047,112.18000030517578,112.83000183105469,21881000
2016-05-03,97.68185424804688,111.62000274658203,112.55999755859375,110.93000030517578,112.55000305175781,37929600
2016-05-04,96.87675476074219,110.69999694824219,111.98999786376953,110.37000274658203,110.98999786376953,30767200
2016-05-05,96.49170684814453,110.26000213623047,111.33000183105469,110.0999984741211,111.1500015258789,26249200
2016-05-06,97.06053161621094,110.91000366210938,110.93000030517578,109.54000091552734,109.80000305175781,25497400
2016-05-09,97.34059143066406,111.2300033569336,111.88999938964844,110.62999725341797,110.91999816894531,23427000
2016-05-10,98.3207015991211,112.3499984741211,112.4000015258789,111.06999969482422,111.66000366210938,18635300
2016-05-11,97.10428619384766,110.95999908447266,112.2699966430664,110.87000274658203,112.0999984741211,23604600
2016-05-12,96.58795928955078,110.37000274658203,111.48999786376953,109.5,111.19000244140625,34803000
2016-05-13,95.94911193847656,109.63999938964844,110.94000244140625,109.36000061035156,110.05999755859375,24510300
2016-05-16,97.1655502319336,111.02999877929688,111.5199966430664,109.87000274658203,109.91999816894531,27337000
2016-05-17,95.62532043457031,109.2699966430664,111.41999816894531,108.7699966430664,110.87999725341797,46676300
2016-05-18,96.12415313720703,109.83999633789062,110.66000366210938,108.79000091552734,108.80999755859375,35734400
2016-05-19,95.35406494140625,108.95999908447266,109.7699966430664,107.98999786376953,109.04000091552734,36995600
2016-05-20,96.95553588867188,110.79000091552734,110.79000091552734,109.2300033569336,109.29000091552734,37404500
2016-05-23,96.84175109863281,110.66000366210938,111.38999938964844,110.5,110.7699966430664,23721700
2016-05-24,98.83706665039062,112.94000244140625,113.22000122070312,111.2699966430664,111.30999755859375,41124300
2016-05-25,99.41464233398438,113.5999984741211,113.9000015258789,113.08000183105469,113.30000305175781,26202900
2016-05-26,99.30086517333984,113.47000122070312,114.0199966430664,113.25,113.7699966430664,15157200
2016-05-27,100.2897720336914,114.5999984741211,114.5999984741211,113.51000213623047,113.55999755859375,21265100
2016-05-31,100.63980865478516,115.0,115.54000091552734,114.5,114.81999969482422,32764400
2016-06-01,101.32240295410156,115.77999877929688,115.94999694824219,114.41999816894531,114.61000061035156,26806100
2016-06-02,102.10128021240234,116.66999816894531,116.66999816894531,115.37000274658203,115.48999786376953,23303300
2016-06-03,101.48869323730469,115.97000122070312,116.47000122070312,115.0,116.47000122070312,28733200
2016-06-06,102.5826187133789,117.22000122070312,117.58000183105469,116.01000213623047,116.08000183105469,26946000
2016-06-07,102.88014221191406,117.55999755859375,117.9800033569336,116.95999908447266,117.29000091552734,21038500
2016-06-08,103.64149475097656,118.43000030517578,118.63999938964844,117.6500015258789,117.66000366210938,27999900
2016-06-09,102.97640991210938,117.66999816894531,117.94000244140625,117.29000091552734,117.94000244140625,23440700
2016-06-10,101.57621002197266,116.06999969482422,116.87999725341797,115.69000244140625,116.58000183105469,32686800
2016-06-13,100.4735336303711,114.80999755859375,116.18000030517578,114.58999633789062,115.6500015258789,36169500
2016-06-14,100.18475341796875,114.4800033569336,115.11000061035156,113.66999816894531,114.38999938964844,34267600
2016-06-15,100.25473022460938,114.55999755859375,115.55999755859375,114.45999908447266,114.88999938964844,24197700
2016-06-16,100.24598693847656,114.55000305175781,114.58999633789062,112.88999938964844,113.72000122070312,36306600
2016-06-17,99.81719207763672,114.05999755859375,114.91999816894531,113.68000030517578,114.41000366210938,30096400
2016-06-20,100.9023666381836,115.30000305175781,116.44999694824219,115.30000305175781,115.80000305175781,28219800
2016-06-21,100.70982360839844,115.08000183105469,115.41000366210938,114.33000183105469,115.33999633789062,34706800
2016-06-22,100.31603240966797,114.62999725341797,115.87999725341797,114.48999786376953,115.30000305175781,27226100
2016-06-23,102.2325439453125,116.81999969482422,116.91000366210938,115.7300033569336,115.81999969482422,30240300
2016-06-24,98.34696960449219,112.37999725341797,114.04000091552734,111.5,111.94000244140625,74945400
2016-06-27,95.11775970458984,108.69000244140625,111.06999969482422,108.19000244140625,111.06999969482422,58358800
2016-06-28,96.58795928955078,110.37000274658203,110.87999725341797,109.56999969482422,109.6500015258789,42040600
2016-06-29,98.7845458984375,112.87999725341797,113.05000305175781,111.52999877929688,111.69999694824219,34031600
2016-06-30,100.62229919433594,114.9800033569336,115.0199966430664,112.56999969482422,113.12000274658203,42973800
2016-07-01,100.98112487792969,115.38999938964844,115.94999694824219,114.80000305175781,115.05000305175781,24401900
2016-07-05,99.49339294433594,113.69000244140625,115.26000213623047,113.06999969482422,115.0199966430664,29347200
2016-07-06,100.21580505371094,113.88999938964844,114.01000213623047,112.30999755859375,112.54000091552734,24678300
2016-07-07,100.42698669433594,114.12999725341797,114.98999786376953,113.41000366210938,114.22000122070312,20780600
2016-07-08,102.76761627197266,116.79000091552734,117.08999633789062,115.1500015258789,115.25,37964800
2016-07-11,103.95552825927734,118.13999938964844,118.43000030517578,117.47000122070312,117.55999755859375,26987300
2016-07-12,105.34583282470703,119.72000122070312,120.41999816894531,118.83000183105469,119.0,44153000
2016-07-13,104.93225860595703,119.25,120.38999938964844,118.94999694824219,120.33000183105469,28050200
2016-07-14,105.03787994384766,119.37000274658203,120.36000061035156,119.30000305175781,120.30000305175781,19345400
2016-07-15,105.32825469970703,119.69999694824219,120.04000091552734,119.27999877929688,119.88999938964844,23857300
2016-07-18,105.50422668457031,119.9000015258789,120.3499984741211,119.33000183105469,119.52999877929688,17422400
2016-07-19,104.97627258300781,119.30000305175781,119.97000122070312,118.93000030517578,119.76000213623047,19734100
2016-07-20,105.6626205444336,120.08000183105469,120.44000244140625,118.94000244140625,119.55000305175781,22390500
2016-07-21,105.16106414794922,119.51000213623047,120.5999984741211,119.25,120.01000213623047,19018700
2016-07-22,105.94418334960938,120.4000015258789,120.6500015258789,119.3499984741211,119.58000183105469,17796100
2016-07-25,105.78582763671875,120.22000122070312,120.45999908447266,119.76000213623047,120.1500015258789,13694600
2016-07-26,106.29615020751953,120.80000305175781,120.97000122070312,119.91999816894531,120.19999694824219,19551100
2016-07-27,106.59534454345703,121.13999938964844,121.47000122070312,120.3499984741211,121.0,21064700
2016-07-28,106.32257080078125,120.83000183105469,121.23999786376953,120.52999877929688,120.87999725341797,16540100
2016-07-29,106.53374481201172,121.06999969482422,121.76000213623047,120.05000305175781,120.70999908447266,30267900
2016-08-01,106.62171936035156,121.16999816894531,121.69999694824219,120.44000244140625,121.19999694824219,34771700
2016-08-02,105.13465881347656,119.4800033569336,121.20999908447266,119.0999984741211,121.16000366210938,28691000
2016-08-03,105.98819732666016,120.44999694824219,120.5,119.0999984741211,119.37000274658203,17830300
2016-08-04,106.08499908447266,120.55999755859375,121.19000244140625,120.26000213623047,120.44999694824219,17526700
2016-08-05,107.61608123779297,122.30000305175781,122.58000183105469,120.97000122070312,121.33999633789062,28643400
2016-08-08,107.56330108642578,122.23999786376953,122.8499984741211,122.02999877929688,122.3499984741211,14625700
2016-08-09,107.67766571044922,122.37000274658203,122.62999725341797,122.13999938964844,122.2699966430664,12487700
2016-08-10,106.9033203125,121.48999786376953,122.5999984741211,121.1500015258789,122.37999725341797,19138100
2016-08-11,107.4136734008789,122.06999969482422,122.4000015258789,121.56999969482422,122.02999877929688,21144600
2016-08-12,107.51930236816406,122.19000244140625,122.45999908447266,121.62999725341797,121.83000183105469,12251200
2016-08-15,108.58402252197266,123.4000015258789,123.69000244140625,122.43000030517578,122.45999908447266,22048000
2016-08-16,107.70407104492188,122.4000015258789,123.12000274658203,122.26000213623047,123.08000183105469,20244300
2016-08-17,107.38733673095703,122.04000091552734,122.5,121.33000183105469,122.44000244140625,20632600
2016-08-18,108.17922973632812,122.94000244140625,122.97000122070312,122.04000091552734,122.08000183105469,16244600
2016-08-19,108.17922973632812,122.94000244140625,123.06999969482422,122.27999877929688,122.7699966430664,17379500
2016-08-22,108.42561340332031,123.22000122070312,123.33999633789062,122.33000183105469,122.68000030517578,16929700
2016-08-23,109.18236541748047,124.08000183105469,124.45999908447266,123.61000061035156,123.61000061035156,21539400
2016-08-24,108.29364776611328,123.06999969482422,124.25,122.7699966430664,123.94000244140625,21533400
2016-08-25,108.50481414794922,123.30999755859375,123.69000244140625,122.61000061035156,122.62000274658203,17023200
2016-08-26,108.28482055664062,123.05999755859375,124.41000366210938,122.30000305175781,123.44999694824219,26734400
2016-08-29,108.84796142578125,123.69999694824219,124.16999816894531,123.23999786376953,123.2699966430664,14013900
2016-08-30,109.05038452148438,123.93000030517578,124.16999816894531,123.37999725341797,123.83000183105469,14031300
2016-08-31,108.43444061279297,123.2300033569336,123.88999938964844,122.55000305175781,123.77999877929688,29236300
2016-09-01,108.51361083984375,123.31999969482422,123.62999725341797,122.0199966430664,123.33999633789062,22964700
2016-09-02,109.56074523925781,124.51000213623047,124.52999877929688,123.62999725341797,124.01000213623047,23083300
2016-09-06,109.66632843017578,124.62999725341797,124.97000122070312,123.97000122070312,124.91999816894531,13711000
2016-09-07,110.3526611328125,125.41000366210938,125.44000244140625,124.4800033569336,124.55000305175781,17830500
2016-09-08,110.13269805908203,125.16000366210938,125.41000366210938,124.7699966430664,125.30999755859375,16265500
2016-09-09,106.69216918945312,121.25,124.20999908447266,121.20999908447266,124.18000030517578,54239000
2016-09-12,108.17922973632812,122.94000244140625,122.97000122070312,120.58000183105469,120.69000244140625,33408100
2016-09-13,106.10258483886719,120.58000183105469,122.16000366210938,119.87999725341797,122.05999755859375,47536200
2016-09-14,106.12017059326172,120.5999984741211,121.47000122070312,120.29000091552734,120.7699966430664,30545500
2016-09-15,107.38733673095703,122.04000091552734,122.19000244140625,120.51000213623047,120.68000030517578,29499800
2016-09-16,107.2289047241211,121.86000061035156,122.04000091552734,121.0999984741211,122.04000091552734,31940500
2016-09-19,107.94164276123047,122.66999816894531,123.55000305175781,121.98999786376953,122.31999969482422,22807000
2016-09-20,107.48410034179688,122.1500015258789,123.2300033569336,122.1500015258789,123.19999694824219,16877900
2016-09-21,109.04157257080078,123.91999816894531,123.97000122070312,122.0999984741211,122.58000183105469,30784700
2016-09-22,110.60783386230469,125.69999694824219,125.80000305175781,124.66000366210938,124.7300033569336,36287700
2016-09-23,109.82472229003906,124.80999755859375,125.87999725341797,124.80999755859375,125.55999755859375,26118000
2016-09-26,108.73410034179688,123.2300033569336,124.16999816894531,123.0999984741211,123.80000305175781,20028000
2016-09-27,109.17529296875,123.7300033569336,123.87999725341797,122.80999755859375,123.16999816894531,16939500
2016-09-28,110.01354217529297,124.68000030517578,124.76000213623047,123.06999969482422,123.94999694824219,19426400
2016-09-29,108.40762329101562,122.86000061035156,124.63999938964844,122.69999694824219,124.62000274658203,26657700
2016-09-30,109.5988540649414,124.20999908447266,124.77999877929688,122.86000061035156,123.41999816894531,31764500
2016-10-03,109.25470733642578,123.81999969482422,124.0999984741211,123.12999725341797,123.83000183105469,18674300
2016-10-04,108.71646118164062,123.20999908447266,124.30999755859375,122.6500015258789,124.0199966430664,26057300
2016-10-05,109.36940002441406,123.94999694824219,124.68000030517578,123.6500015258789,123.69000244140625,24317300
2016-10-06,109.25470733642578,123.81999969482422,124.0199966430664,122.81999969482422,123.75,18937100
2016-10-07,108.38114929199219,122.83000183105469,124.31999969482422,122.2300033569336,124.04000091552734,28732700
2016-10-10,109.67826080322266,124.30000305175781,124.73999786376953,122.83000183105469,122.83000183105469,21481700
2016-10-11,107.67526245117188,122.02999877929688,124.11000061035156,121.33999633789062,124.05000305175781,31931300
2016-10-12,107.58705139160156,121.93000030517578,122.61000061035156,121.52999877929688,122.08999633789062,20210400
2016-10-13,106.69586181640625,120.91999816894531,121.41000366210938,120.11000061035156,120.98999786376953,26302500
2016-10-14,106.26349639892578,120.43000030517578,121.83999633789062,120.4000015258789,121.36000061035156,24554600
2016-10-17,106.13994598388672,120.29000091552734,120.8499984741211,120.16000366210938,120.58000183105469,17119500
2016-10-18,106.74879455566406,120.9800033569336,121.58000183105469,120.66000366210938,121.5199966430664,19158900
2016-10-19,107.19879150390625,121.48999786376953,121.94999694824219,120.5,121.16999816894531,18477400
2016-10-20,106.88111877441406,121.12999725341797,122.0,120.41000366210938,121.13999938964844,20485600
2016-10-21,106.82817840576172,121.06999969482422,121.37000274658203,120.0999984741211,120.26000213623047,21093700
2016-10-24,107.50762939453125,121.83999633789062,122.61000061035156,121.44999694824219,122.04000091552734,15421600
2016-10-25,106.70465850830078,120.93000030517578,121.98999786376953,120.5999984741211,121.80999755859375,16459800
2016-10-26,105.64582824707031,119.7300033569336,121.0,119.45999908447266,120.11000061035156,24975300
2016-10-27,104.4369888305664,118.36000061035156,120.13999938964844,118.08999633789062,120.12000274658203,29525700
2016-10-28,104.14579772949219,118.02999877929688,119.02999877929688,117.75,118.30999755859375,35473700
2016-10-31,104.56051635742188,118.5,118.63999938964844,117.80000305175781,118.18000030517578,20311800
2016-11-01,103.28108215332031,117.05000305175781,118.69999694824219,116.27999877929688,118.66000366210938,34147200
2016-11-02,101.96633911132812,115.55999755859375,117.0,115.38999938964844,116.87000274658203,29859900
2016-11-03,101.47222900390625,115.0,116.23999786376953,114.87999725341797,115.91000366210938,22717500
2016-11-04,102.12517547607422,115.73999786376953,116.9000015258789,115.05000305175781,115.30000305175781,35237200
2016-11-07,104.62227630615234,118.56999969482422,118.81999969482422,117.70999908447266,118.0,32370900
2016-11-08,104.89580535888672,118.87999725341797,119.45999908447266,117.70999908447266,118.30000305175781,26196800
2016-11-09,108.12525939941406,122.54000091552734,122.83000183105469,118.05000305175781,118.08000183105469,77416800
2016-11-10,109.85472106933594,124.5,125.4000015258789,122.62000274658203,124.26000213623047,83440700
2016-11-11,112.3782958984375,127.36000061035156,127.72000122070312,124.55000305175781,125.02999877929688,95612800
2016-11-14,113.95770263671875,129.14999389648438,130.25999450683594,128.38999938964844,128.9499969482422,83119400
2016-11-15,114.31066131591797,129.5500030517578,129.88999938964844,128.3000030517578,128.85000610351562,38704500
2016-11-16,114.30187225341797,129.5399932861328,130.0,129.02999877929688,129.25,42325500
2016-11-17,114.9724349975586,130.3000030517578,130.8300018310547,129.75,129.9499969482422,42576900
2016-11-18,115.58129119873047,130.99000549316406,131.08999633789062,130.3000030517578,130.69000244140625,41380600
2016-11-21,116.11951446533203,131.60000610351562,132.0,130.61000061035156,131.30999755859375,32293100
2016-11-22,117.17835235595703,132.8000030517578,132.89999389648438,131.6699981689453,132.1199951171875,39681500
2016-11-23,117.9107666015625,133.6300048828125,133.64999389648438,132.10000610351562,132.47999572753906,37939200
2016-11-25,118.29899597167969,134.07000732421875,134.10000610351562,133.5399932861328,133.72999572753906,13373400
2016-11-28,116.76366424560547,132.3300018310547,134.0,132.14999389648438,133.97000122070312,32505700
2016-11-29,116.7018814086914,132.25999450683594,133.08999633789062,132.10000610351562,132.50999450683594,27993700
2016-11-30,116.12831115722656,131.61000061035156,133.08999633789062,131.5,132.9199981689453,32491200
2016-12-01,115.56364440917969,130.97000122070312,132.5500030517578,130.2899932861328,132.25,39815900
2016-12-02,115.50186920166016,130.89999389648438,131.47000122070312,130.52000427246094,130.94000244140625,24054100
2016-12-05,117.4871826171875,133.14999389648438,133.3300018310547,131.88999938964844,131.97000122070312,27547100
2016-12-06,118.75778198242188,134.58999633789062,134.91000366210938,132.74000549316406,133.52000427246094,27820000
2016-12-07,119.91368865966797,135.89999389648438,136.17999267578125,134.17999267578125,134.58999633789062,31825800
2016-12-08,121.80193328857422,138.0399932861328,138.2100067138672,135.8000030517578,136.25,49048900
2016-12-09,122.04019927978516,138.30999755859375,138.82000732421875,137.75,138.39999389648438,34313500
2016-12-12,120.75196075439453,136.85000610351562,138.57000732421875,136.50999450683594,137.9499969482422,34592900
2016-12-13,120.7607650756836,136.86000061035156,138.0500030517578,136.24000549316406,137.52999877929688,32624600
2016-12-14,119.25193786621094,135.14999389648438,137.35000610351562,134.80999755859375,136.4199981689453,45923700
2016-12-15,120.14311218261719,136.16000366210938,137.13999938964844,134.9600067138672,135.3699951171875,41352500
2016-12-16,119.9225082397461,135.91000366210938,137.52999877929688,135.6300048828125,136.35000610351562,39348200
2016-12-19,120.70783233642578,136.8000030517578,137.19000244140625,135.91000366210938,136.0399932861328,33393900
2016-12-20,121.73137664794922,137.9600067138672,138.2100067138672,136.99000549316406,137.27999877929688,31753600
2016-12-21,120.93726348876953,137.05999755859375,138.14999389648438,137.00999450683594,137.85000610351562,23215900
2016-12-22,119.89441680908203,135.32000732421875,136.75,134.80999755859375,136.55999755859375,34737900
2016-12-23,120.53236389160156,136.0399932861328,136.1199951171875,135.27000427246094,135.4600067138672,17081400
2016-12-27,121.07280731201172,136.64999389648438,137.3000030517578,136.2100067138672,136.22999572753906,13571700
2016-12-28,119.83241271972656,135.25,136.97999572753906,134.8300018310547,136.88999938964844,22712400
2016-12-29,119.93867492675781,135.3699951171875,136.25999450683594,134.69000244140625,135.2899932861328,21312900
2016-12-30,119.47796630859375,134.85000610351562,135.6300048828125,134.39999389648438,135.60000610351562,28399300
2017-01-03,120.0716323852539,135.52000427246094,136.8300018310547,134.5,136.49000549316406,29792400
2017-01-04,122.07401275634766,137.77999877929688,137.9600067138672,136.00999450683594,136.0500030517578,34499400
2017-01-05,120.66527557373047,136.19000244140625,137.75999450683594,135.50999450683594,137.49000549316406,30286900
2017-01-06,120.22227478027344,135.69000244140625,136.7100067138672,135.67999267578125,136.41000366210938,23436000
2017-01-09,119.43368530273438,134.8000030517578,135.72000122070312,134.5,135.5399932861328,24077900
2017-01-10,120.57662200927734,136.08999633789062,136.3800048828125,134.75999450683594,135.0,21684900
2017-01-11,120.78927612304688,136.3300018310547,136.7899932861328,135.4199981689453,136.22999572753906,27428800
2017-01-12,119.85900115966797,135.27999877929688,136.22000122070312,133.58999633789062,136.16000366210938,41844200
2017-01-13,120.72722625732422,136.25999450683594,136.97000122070312,135.64999389648438,135.64999389648438,27784500
2017-01-17,119.08814239501953,134.41000366210938,135.69000244140625,134.1300048828125,135.60000610351562,28197800
2017-01-18,119.47796630859375,134.85000610351562,134.94000244140625,133.9499969482422,134.75999450683594,21289700
2017-01-19,118.50338745117188,133.75,135.44000244140625,133.1699981689453,135.13999938964844,34105900
2017-01-20,119.11470794677734,134.44000244140625,134.8800048828125,133.75,133.75,29286100
2017-01-23,118.61859893798828,133.8800048828125,134.67999267578125,133.1199951171875,134.02999877929688,20537000
2017-01-24,120.43488311767578,135.92999267578125,136.27999877929688,134.22000122070312,134.33999633789062,34313800
2017-01-25,121.56895446777344,137.2100067138672,137.5500030517578,136.9499969482422,137.05999755859375,29127300
2017-01-26,121.0816650390625,136.66000366210938,137.5,136.4199981689453,137.33999633789062,22255600
2017-01-27,120.66527557373047,136.19000244140625,137.0399932861328,135.64999389648438,136.77000427246094,19467800
2017-01-30,118.9818344116211,134.2899932861328,135.24000549316406,133.24000549316406,135.22999572753906,40464400
2017-01-31,119.81468963623047,135.22999572753906,135.55999755859375,133.47999572753906,133.8699951171875,32945000
2017-02-01,119.74381256103516,135.14999389648438,136.8699951171875,134.6999969482422,136.22000122070312,30010500
2017-02-02,119.44255065917969,134.80999755859375,135.6699981689453,134.49000549316406,135.3000030517578,19935700
2017-02-03,121.2677230834961,136.8699951171875,136.97999572753906,135.50999450683594,135.99000549316406,24534100
2017-02-06,120.35514831542969,135.83999633789062,136.77999877929688,135.42999267578125,136.39999389648438,23691500
2017-02-07,119.82357788085938,135.24000549316406,136.47000122070312,134.77000427246094,135.82000732421875,30342200
2017-02-08,119.61090850830078,135.0,135.24000549316406,133.88999938964844,135.24000549316406,32956900
2017-02-09,121.29432678222656,136.89999389648438,137.25,135.0,135.0,28267600
2017-02-10,122.21580505371094,137.94000244140625,138.3699951171875,137.1999969482422,137.7899932861328,27287600
2017-02-13,122.53475189208984,138.3000030517578,139.2100067138672,138.08999633789062,138.77000427246094,23245100
2017-02-14,122.94224548339844,138.75999450683594,138.9499969482422,137.61000061035156,137.94000244140625,27145000
2017-02-15,123.6777114868164,139.58999633789062,139.77000427246094,138.07000732421875,138.19000244140625,20253500
2017-02-16,123.33212280273438,139.1999969482422,139.83999633789062,138.2100067138672,139.4600067138672,24613600
2017-02-17,123.25235748291016,139.11000061035156,139.16000366210938,138.25,138.4499969482422,26703200
2017-02-21,124.21810913085938,140.1999969482422,140.32000732421875,139.3800048828125,139.3800048828125,21353500
2017-02-22,123.6688003540039,139.5800018310547,140.02000427246094,139.25,140.0,14890800
2017-02-23,122.93339538574219,138.75,140.00999450683594,137.69000244140625,139.9600067138672,24596200
2017-02-24,122.84480285644531,138.64999389648438,138.64999389648438,137.3000030517578,137.4600067138672,24512300
2017-02-27,124.04096221923828,140.0,140.0,138.2100067138672,138.33999633789062,28269000
2017-02-28,122.12714385986328,137.83999633789062,139.47999572753906,137.75999450683594,139.3800048828125,40184100
2017-03-01,124.3598861694336,140.36000061035156,140.86000061035156,139.52000427246094,139.64999389648438,35719800
2017-03-02,122.93339538574219,138.75,140.36000061035156,138.63999938964844,140.3300018310547,25937000
2017-03-03,122.84480285644531,138.64999389648438,139.4199981689453,137.8800048828125,138.8000030517578,30989800
2017-03-06,122.00313568115234,137.6999969482422,137.97000122070312,136.99000549316406,137.77999877929688,23892100
2017-03-07,121.2057113647461,136.8000030517578,137.74000549316406,136.61000061035156,137.39999389648438,29711300
2017-03-08,120.40828704833984,135.89999389648438,137.6199951171875,135.77999877929688,137.27999877929688,34115100
2017-03-09,119.92984771728516,135.36000061035156,136.49000549316406,134.88999938964844,135.8300018310547,35223800
2017-03-10,120.46143341064453,135.9600067138672,136.30999755859375,134.83999633789062,136.2899932861328,39516600
2017-03-13,120.74494934082031,136.27999877929688,136.7899932861328,135.64999389648438,135.64999389648438,21295000
2017-03-14,120.16912078857422,135.6300048828125,135.8300018310547,134.55999755859375,135.75,30037800
2017-03-15,122.02967834472656,137.72999572753906,138.02000427246094,135.97000122070312,136.2899932861328,31230400
2017-03-16,122.18920135498047,137.91000366210938,138.50999450683594,137.55999755859375,138.22000122070312,25306600
2017-03-17,122.676513671875,138.4600067138672,138.72999572753906,137.30999755859375,138.13999938964844,33324600
2017-03-20,122.14488220214844,137.86000061035156,138.52000427246094,137.3699951171875,138.27999877929688,19091200
2017-03-21,118.69829559326172,133.97000122070312,138.60000610351562,133.9199981689453,138.50999450683594,61869000
2017-03-22,118.72488403320312,134.0,134.30999755859375,132.77999877929688,133.7100067138672,46332600
2017-03-23,119.41598510742188,134.77999877929688,135.6999969482422,133.63999938964844,134.0,37764600
2017-03-24,119.5021743774414,134.49000549316406,135.47000122070312,133.86000061035156,134.9499969482422,33514400
2017-03-27,119.72428894042969,134.74000549316406,135.07000732421875,132.39999389648438,132.75999450683594,35596700
2017-03-28,120.65734100341797,135.7899932861328,135.89999389648438,134.13999938964844,134.27999877929688,26891900
2017-03-29,121.04826354980469,136.22999572753906,136.49000549316406,135.3000030517578,135.6999969482422,22119500
2017-03-30,121.96345520019531,137.25999450683594,137.3800048828125,136.25999450683594,136.32000732421875,25792900
2017-03-31,122.15895080566406,137.47999572753906,138.1699981689453,136.94000244140625,137.4199981689453,29434300
2017-04-03,120.87055206298828,136.02999877929688,138.10000610351562,135.60000610351562,137.97000122070312,38834900
2017-04-04,120.72838592529297,135.8699951171875,136.5500030517578,135.35000610351562,135.92999267578125,25642600
2017-04-05,119.3599853515625,134.3300018310547,137.42999267578125,134.0800018310547,136.8300018310547,44968800
2017-04-06,120.47069549560547,135.5800018310547,135.6300048828125,133.8300018310547,134.5399932861328,41012100
2017-04-07,120.4173583984375,135.52000427246094,136.02999877929688,134.75,135.2100067138672,24300200
2017-04-10,120.6839599609375,135.82000732421875,136.85000610351562,135.16000366210938,135.47000122070312,22779900
2017-04-11,121.64356994628906,136.89999389648438,136.9199981689453,135.0800018310547,135.27000427246094,32589200
2017-04-12,119.99083709716797,135.0399932861328,136.6999969482422,134.9199981689453,136.63999938964844,25700800
2017-04-13,118.81794738769531,133.72000122070312,135.3699951171875,133.66000366210938,134.8800048828125,30207000
2017-04-17,120.21298217773438,135.2899932861328,135.32000732421875,133.67999267578125,134.07000732421875,18278800
2017-04-18,120.23963928222656,135.32000732421875,135.4600067138672,134.16000366210938,134.72000122070312,24553300
2017-04-19,120.65734100341797,135.7899932861328,136.9600067138672,135.5399932861328,135.69000244140625,34627600
2017-04-20,122.1944808959961,137.52000427246094,137.6699981689453,136.14999389648438,136.33999633789062,31934400
2017-04-21,121.91905975341797,137.2100067138672,137.5500030517578,136.7100067138672,137.24000549316406,29386000
2017-04-24,123.43843841552734,138.9199981689453,139.33999633789062,138.49000549316406,139.0800018310547,33836900
2017-04-25,124.63802337646484,140.27000427246094,140.8800048828125,140.08999633789062,140.24000549316406,32751700
2017-04-26,125.27775573730469,140.99000549316406,141.82000732421875,140.1300048828125,140.1699981689453,41669200
2017-04-27,125.24223327636719,140.9499969482422,141.8000030517578,140.47999572753906,141.33999633789062,23004300
2017-04-28,123.5628662109375,139.05999755859375,141.1699981689453,139.0399932861328,141.02999877929688,31113900
2017-05-01,124.27374267578125,139.86000061035156,140.2899932861328,138.77999877929688,139.63999938964844,20925200
2017-05-02,123.64288330078125,139.14999389648438,140.33999633789062,138.69000244140625,139.97999572753906,17993900
2017-05-03,122.878662109375,138.2899932861328,138.75999450683594,137.69000244140625,138.49000549316406,27050300
2017-05-04,122.70988464355469,138.10000610351562,138.72999572753906,137.11000061035156,138.52999877929688,25799100
2017-05-05,123.50070190429688,138.99000549316406,138.99000549316406,137.52999877929688,138.69000244140625,23806500
2017-05-08,122.98530578613281,138.41000366210938,138.97999572753906,137.75999450683594,138.66000366210938,16680000
2017-05-09,122.93201446533203,138.35000610351562,138.8300018310547,137.77999877929688,138.58999633789062,23988400
2017-05-10,123.69615173339844,139.2100067138672,139.47999572753906,137.86000061035156,138.0399932861328,19791500
2017-05-11,122.83428192138672,138.24000549316406,138.8300018310547,136.97999572753906,138.6699981689453,28617300
2017-05-12,122.1856460571289,137.50999450683594,137.88999938964844,137.16000366210938,137.7100067138672,24111200
2017-05-15,123.13638305664062,138.5800018310547,139.25,137.97999572753906,137.97999572753906,31132200
2017-05-16,123.18079376220703,138.6300048828125,139.0399932861328,137.6199951171875,138.97000122070312,18520900
2017-05-17,119.85762023925781,134.88999938964844,137.0399932861328,134.75,136.3300018310547,50791200
2017-05-18,120.29301452636719,135.3800048828125,135.89999389648438,134.22999572753906,134.57000732421875,44805100
2017-05-19,120.87055206298828,136.02999877929688,136.75999450683594,135.4199981689453,135.63999938964844,44450500
2017-05-22,121.6880111694336,136.9499969482422,137.1999969482422,136.16000366210938,136.25999450683594,20062700
2017-05-23,122.08788299560547,137.39999389648438,137.69000244140625,136.35000610351562,137.2899932861328,16681400
2017-05-24,122.1678695678711,137.49000549316406,138.02999877929688,136.8300018310547,137.50999450683594,21256000
2017-05-25,122.24779510498047,137.5800018310547,138.61000061035156,137.1999969482422,138.13999938964844,22804200
2017-05-26,122.21226501464844,137.5399932861328,137.7899932861328,136.77999877929688,137.3800048828125,20047300
2017-05-30,121.2525863647461,136.4600067138672,137.44000244140625,136.22000122070312,137.1199951171875,25544100
2017-05-31,121.12824249267578,136.32000732421875,136.9199981689453,134.63999938964844,136.83999633789062,34345400
2017-06-01,123.46512603759766,138.9499969482422,139.0,136.27000427246094,136.72000122070312,44618600
2017-06-02,124.26484680175781,139.85000610351562,141.02000427246094,139.0500030517578,139.4499969482422,46680200
2017-06-05,123.49173736572266,138.97999572753906,140.11000061035156,138.9499969482422,139.9600067138672,20808900
2017-06-06,123.37625885009766,138.85000610351562,139.66000366210938,137.80999755859375,138.11000061035156,25460900
2017-06-07,123.49173736572266,138.97999572753906,139.52999877929688,138.49000549316406,138.86000061035156,20542200
2017-06-08,125.18004608154297,140.8800048828125,141.4600067138672,138.74000549316406,138.97999572753906,33956400
2017-06-09,125.82872009277344,141.61000061035156,142.89999389648438,140.6999969482422,141.4600067138672,56979400
2017-06-12,125.62431335449219,141.3800048828125,141.99000549316406,140.88999938964844,141.66000366210938,34665500
2017-06-13,126.26409149169922,142.10000610351562,142.30999755859375,141.47000122070312,141.8000030517578,22046800
2017-06-14,125.51769256591797,141.25999450683594,142.0399932861328,140.4499969482422,142.02999877929688,33021900
2017-06-15,124.87788391113281,140.5399932861328,140.97999572753906,139.69000244140625,139.69000244140625,27376800
2017-06-16,124.56692504882812,140.19000244140625,140.22000122070312,139.27999877929688,140.02999877929688,35608400
2017-06-19,125.49105072021484,141.22999572753906,141.5800018310547,140.50999450683594,140.55999755859375,25163300
2017-06-20,124.22039794921875,139.8000030517578,140.97000122070312,139.6999969482422,140.8800048828125,20111900
2017-06-21,123.90940856933594,139.4499969482422,140.8000030517578,139.22000122070312,140.0500030517578,23351400
2017-06-22,124.3803482055664,139.97999572753906,140.38999938964844,139.00999450683594,139.3699951171875,17917200
2017-06-23,125.20672607421875,140.91000366210938,141.0800018310547,139.5500030517578,140.13999938964844,20772500
2017-06-26,125.3577880859375,141.0800018310547,141.52999877929688,140.1999969482422,141.08999633789062,22988300
2017-06-27,124.2559814453125,139.83999633789062,141.6199951171875,139.75,141.10000610351562,24610100
2017-06-28,126.15748596191406,141.97999572753906,142.25999450683594,140.39999389648438,140.6699981689453,25085400
2017-06-29,125.41108703613281,141.13999938964844,142.35000610351562,139.64999389648438,142.24000549316406,38794900
2017-06-30,125.215576171875,140.9199981689453,141.6699981689453,140.77000427246094,141.25,22798500
2017-07-03,126.26409149169922,142.10000610351562,142.5,141.3000030517578,141.33999633789062,12968200
2017-07-05,125.81092071533203,141.58999633789062,141.85000610351562,140.6999969482422,141.6999969482422,21865500
2017-07-06,124.16800689697266,139.13999938964844,140.47000122070312,138.8300018310547,139.92999267578125,30563400
2017-07-07,125.37274932861328,140.49000549316406,140.67999267578125,139.17999267578125,139.42999267578125,20511000
2017-07-10,124.82839965820312,139.8800048828125,140.88999938964844,139.3699951171875,139.9199981689453,17206000
2017-07-11,125.19429016113281,140.2899932861328,140.3800048828125,138.97999572753906,139.77999877929688,16192900
2017-07-12,126.15808868408203,141.3699951171875,142.22000122070312,141.00999450683594,141.0500030517578,19358600
2017-07-13,126.26517486572266,141.49000549316406,141.55999755859375,140.3800048828125,141.1999969482422,16559300
2017-07-14,126.47930908203125,141.72999572753906,142.3000030517578,141.10000610351562,141.10000610351562,15465300
2017-07-17,126.7738265991211,142.05999755859375,142.4600067138672,141.25999450683594,141.60000610351562,15374600
2017-07-18,126.44364929199219,141.69000244140625,141.8699951171875,141.0399932861328,141.5399932861328,16653300
2017-07-19,127.701904296875,143.10000610351562,143.13999938964844,141.8800048828125,141.8800048828125,16985500
2017-07-20,127.7911605834961,143.1999969482422,143.52000427246094,142.8000030517578,143.1199951171875,17047800
2017-07-21,127.21110534667969,142.5500030517578,143.3300018310547,142.25,143.00999450683594,21662700
2017-07-24,127.38958740234375,142.75,142.82000732421875,141.97000122070312,142.30999755859375,16694000
2017-07-25,128.54969787597656,144.0500030517578,144.25,143.2100067138672,143.6199951171875,21066400
2017-07-26,127.8358154296875,143.25,144.14999389648438,143.0500030517578,144.14999389648438,13574900
2017-07-27,127.02368927001953,142.33999633789062,143.67999267578125,141.5500030517578,143.47999572753906,24355800
2017-07-28,126.68453216552734,141.9600067138672,142.36000061035156,141.47000122070312,142.02000427246094,19933300
2017-07-31,126.28302764892578,141.50999450683594,142.3800048828125,140.97000122070312,142.22000122070312,16417700
2017-08-01,126.52396392822266,141.77999877929688,142.1999969482422,140.97000122070312,142.1699981689453,19835900
2017-08-02,125.14070129394531,140.22999572753906,141.82000732421875,139.72999572753906,141.58999633789062,19934300
2017-08-03,124.51602935791016,139.52999877929688,140.5399932861328,139.16000366210938,140.44000244140625,19624900
2017-08-04,125.12289428710938,140.2100067138672,140.32000732421875,139.49000549316406,139.91000366210938,16473500
2017-08-07,125.328125,140.44000244140625,140.85000610351562,139.7100067138672,140.44000244140625,9176200
2017-08-08,124.93546295166016,140.0,141.7899932861328,139.69000244140625,140.41000366210938,27248700
2017-08-09,123.85564422607422,138.7899932861328,139.38999938964844,138.27999877929688,139.1199951171875,26534300
2017-08-10,121.60684967041016,136.27000427246094,138.27999877929688,136.25999450683594,138.27999877929688,40983500
2017-08-11,121.78531646728516,136.47000122070312,136.74000549316406,135.77000427246094,136.2100067138672,32779600
2017-08-14,123.63257598876953,138.5399932861328,138.58999633789062,137.22999572753906,137.25999450683594,21710900
2017-08-15,122.61526489257812,137.39999389648438,138.82000732421875,137.33999633789062,138.8000030517578,16646000
2017-08-16,122.65093994140625,137.44000244140625,138.38999938964844,137.2100067138672,137.6699981689453,21858600
2017-08-17,120.41104888916016,134.92999267578125,137.69000244140625,134.9199981689453,136.97999572753906,32722900
2017-08-18,120.40209197998047,134.9199981689453,135.4600067138672,134.1199951171875,134.47000122070312,42401900
2017-08-21,120.32180786132812,134.8300018310547,135.02000427246094,134.13999938964844,134.69000244140625,21504100
2017-08-22,121.62469482421875,136.2899932861328,136.4499969482422,135.13999938964844,135.25999450683594,25170600
2017-08-23,121.42838287353516,136.07000732421875,136.57000732421875,135.2100067138672,135.52999877929688,18381900
2017-08-24,121.80318450927734,136.49000549316406,136.92999267578125,136.02000427246094,136.63999938964844,15726600
2017-08-25,122.15120697021484,136.8800048828125,137.30999755859375,136.4199981689453,136.8800048828125,17163000
2017-08-28,122.66878509521484,137.4600067138672,137.61000061035156,136.77000427246094,137.3699951171875,16333300
2017-08-29,122.69560241699219,137.49000549316406,137.80999755859375,136.22999572753906,136.49000549316406,20277600
2017-08-30,123.48086547851562,138.3699951171875,138.50999450683594,137.25,137.36000061035156,15915500
2017-08-31,124.69451904296875,139.72999572753906,139.94000244140625,138.6699981689453,138.91000366210938,29260600
2017-09-01,125.39952850341797,140.52000427246094,140.6300048828125,139.72999572753906,139.97999572753906,17412500
2017-09-05,124.19475555419922,139.1699981689453,140.88999938964844,138.5800018310547,140.6300048828125,21908400
2017-09-06,124.45358276367188,139.4600067138672,140.0,139.0800018310547,139.74000549316406,18399700
2017-09-07,124.14122772216797,139.11000061035156,139.69000244140625,138.58999633789062,139.58999633789062,18159800
2017-09-08,124.23941802978516,139.22000122070312,139.77000427246094,138.6199951171875,138.92999267578125,21870500
2017-09-11,125.54232788085938,140.67999267578125,140.9199981689453,140.22999572753906,140.38999938964844,22617700
2017-09-12,126.30973052978516,141.5399932861328,141.69000244140625,140.82000732421875,141.0399932861328,22679600
2017-09-13,126.68453216552734,141.9600067138672,142.22000122070312,141.32000732421875,141.41000366210938,25052500
2017-09-14,126.56856536865234,141.8300018310547,142.16000366210938,141.4199981689453,141.77999877929688,18353800
2017-09-15,127.0861587524414,142.41000366210938,142.47000122070312,141.5500030517578,141.63999938964844,23184000
2017-09-18,127.95177459716797,143.3800048828125,143.80999755859375,142.60000610351562,142.6199951171875,24427400
2017-09-19,127.95177459716797,143.3800048828125,143.69000244140625,143.08999633789062,143.57000732421875,16346300
2017-09-20,128.3623046875,143.83999633789062,144.02000427246094,143.25999450683594,143.52999877929688,20244700
2017-09-21,128.2284393310547,143.69000244140625,144.25999450683594,143.47999572753906,144.02000427246094,17395900
2017-09-22,128.77279663085938,144.3000030517578,144.6699981689453,143.55999755859375,143.6699981689453,25203000
2017-09-25,128.9512939453125,144.5,144.94000244140625,143.69000244140625,144.27000427246094,30012800
2017-09-26,129.36184692382812,144.61000061035156,145.14999389648438,144.17999267578125,144.2899932861328,28238100
2017-09-27,131.89349365234375,147.44000244140625,147.86000061035156,145.16000366210938,145.6300048828125,66351700
2017-09-28,132.24234008789062,147.8300018310547,148.05999755859375,146.77999877929688,147.25,29291400
2017-09-29,132.555419921875,148.17999267578125,148.42999267578125,147.74000549316406,147.9199981689453,21738700
2017-10-02,134.1835174560547,150.0,150.0,148.0800018310547,148.30999755859375,29772400
2017-10-03,134.47872924804688,150.3300018310547,150.3300018310547,149.3300018310547,150.11000061035156,28372800
2017-10-04,134.04933166503906,149.85000610351562,150.61000061035156,149.38999938964844,150.08999633789062,22024700
2017-10-05,134.41612243652344,150.25999450683594,150.6300048828125,149.8699951171875,150.2899932861328,22538500
2017-10-06,134.22825622558594,150.0500030517578,150.33999633789062,149.57000732421875,149.7100067138672,19350800
2017-10-09,133.6736602783203,149.42999267578125,150.67999267578125,149.17999267578125,150.19000244140625,13981300
2017-10-10,134.0582733154297,149.86000061035156,150.2899932861328,149.41000366210938,149.92999267578125,21951900
2017-10-11,133.9598846435547,149.75,150.19000244140625,149.4600067138672,149.94000244140625,15137100
2017-10-12,133.86148071289062,149.63999938964844,150.00999450683594,149.02000427246094,149.4600067138672,17185600
2017-10-13,133.61993408203125,149.3699951171875,149.99000549316406,149.22999572753906,149.9199981689453,15464400
2017-10-16,133.503662109375,149.24000549316406,150.35000610351562,149.02999877929688,149.61000061035156,20653100
2017-10-17,133.11903381347656,148.80999755859375,149.77000427246094,148.5,149.27000427246094,18046800
2017-10-18,133.7541961669922,149.52000427246094,149.91000366210938,149.0800018310547,149.5,20541700
2017-10-19,133.54837036132812,149.2899932861328,149.3300018310547,148.1699981689453,148.77000427246094,17164900
2017-10-20,134.16571044921875,149.97999572753906,150.41000366210938,149.86000061035156,150.30999755859375,25224500
2017-10-23,133.16372680664062,148.86000061035156,150.14999389648438,148.6999969482422,150.14999389648438,14676400
2017-10-24,133.44107055664062,149.1699981689453,149.77999877929688,149.0399932861328,149.38999938964844,17527700
2017-10-25,132.79701232910156,148.4499969482422,149.0,147.22000122070312,148.94000244140625,27235300
2017-10-26,133.07424926757812,148.75999450683594,149.33999633789062,148.50999450683594,148.94000244140625,15205900
2017-10-27,133.99566650390625,149.7899932861328,149.91000366210938,148.3000030517578,148.8800048828125,32744100
2017-10-30,132.58230590820312,148.2100067138672,149.4499969482422,147.38999938964844,148.8800048828125,30524800
2017-10-31,133.52154541015625,149.25999450683594,149.8300018310547,148.63999938964844,148.7899932861328,22449400
2017-11-01,132.6359100341797,148.27000427246094,150.52999877929688,147.44000244140625,150.5,31585500
2017-11-02,133.029541015625,148.7100067138672,149.22999572753906,147.72000122070312,148.24000549316406,28176600
2017-11-03,132.94009399414062,148.61000061035156,148.9600067138672,148.05999755859375,148.47999572753906,22312700
2017-11-06,133.09213256835938,148.77999877929688,149.3800048828125,148.38999938964844,148.75,15576800
2017-11-07,131.49986267089844,147.0,148.85000610351562,146.5399932861328,148.8000030517578,29549300
2017-11-08,131.6787872314453,147.1999969482422,147.4499969482422,145.83999633789062,146.66000366210938,30682500
2017-11-09,131.21363830566406,146.67999267578125,147.38999938964844,145.27999877929688,146.27000427246094,40144400
2017-11-10,131.11521911621094,146.57000732421875,147.10000610351562,146.35000610351562,146.7100067138672,17823700
2017-11-13,131.15097045898438,146.61000061035156,146.82000732421875,145.5,145.92999267578125,14680000
2017-11-14,130.79319763183594,146.2100067138672,146.49000549316406,145.58999633789062,146.05999755859375,19682200
2017-11-15,130.27439880371094,145.6300048828125,146.2100067138672,144.5,145.35000610351562,23925200
2017-11-16,132.18870544433594,147.77000427246094,148.39999389648438,146.19000244140625,146.2100067138672,25889000
2017-11-17,132.79701232910156,148.4499969482422,149.02999877929688,147.1699981689453,147.25,25816700
2017-11-20,133.76303100585938,149.52999877929688,149.5800018310547,148.3300018310547,148.75999450683594,22793000
2017-11-21,135.1586151123047,151.08999633789062,151.2899932861328,150.05999755859375,150.1999969482422,29392300
2017-11-22,134.97967529296875,150.88999938964844,151.77000427246094,150.86000061035156,151.27999877929688,14136600
2017-11-24,135.03338623046875,150.9499969482422,151.3699951171875,150.77000427246094,151.2100067138672,6816300
2017-11-27,134.6219024658203,150.49000549316406,151.6199951171875,150.44000244140625,151.3000030517578,18416900
2017-11-28,136.74192810058594,152.86000061035156,152.97000122070312,150.66000366210938,151.02000427246094,35898300
2017-11-29,137.1981964111328,153.3699951171875,154.2100067138672,152.9499969482422,153.33999633789062,38234200
2017-11-30,137.4486541748047,153.64999389648438,154.5500030517578,153.27999877929688,154.10000610351562,32230700
2017-12-01,136.88510131835938,153.02000427246094,153.7100067138672,148.75,153.02000427246094,62734800
2017-12-04,136.37518310546875,152.4499969482422,155.41000366210938,152.3000030517578,154.89999389648438,36366800
2017-12-05,135.01547241210938,150.92999267578125,152.9600067138672,150.9199981689453,151.39999389648438,29667200
2017-12-06,134.38034057617188,150.22000122070312,151.19000244140625,149.9499969482422,150.3699951171875,21273800
2017-12-07,135.31964111328125,151.27000427246094,151.88999938964844,150.02000427246094,151.30999755859375,29675200
2017-12-08,135.44485473632812,151.41000366210938,152.27999877929688,151.27999877929688,152.14999389648438,20832400
2017-12-11,135.3911590576172,151.35000610351562,152.1300048828125,151.02000427246094,151.42999267578125,26654100
2017-12-12,134.97073364257812,150.8800048828125,151.92999267578125,150.82000732421875,151.6999969482422,25854800
2017-12-13,135.77587890625,151.77999877929688,152.7100067138672,150.80999755859375,150.80999755859375,30082600
2017-12-14,134.2730255126953,150.10000610351562,152.1999969482422,149.63999938964844,151.85000610351562,32882600
2017-12-15,136.18736267089844,152.24000549316406,153.25,150.5800018310547,151.0500030517578,42851600
2017-12-18,138.03013610839844,154.3000030517578,154.72000122070312,153.4600067138672,153.6699981689453,22714300
2017-12-19,136.93878173828125,153.0800018310547,154.77000427246094,152.82000732421875,154.75,24313600
2017-12-20,137.20713806152344,153.3800048828125,153.94000244140625,152.83999633789062,153.75,19042800
2017-12-21,137.80783081054688,153.47000122070312,154.02000427246094,153.0800018310547,153.24000549316406,16772600
2017-12-22,137.55642700195312,153.19000244140625,153.38999938964844,152.8000030517578,153.3800048828125,13599400
2017-12-26,137.63722229003906,153.27999877929688,153.42999267578125,152.89999389648438,153.0,11949600
2017-12-27,137.50259399414062,153.1300048828125,153.9499969482422,152.80999755859375,153.2100067138672,15949900
2017-12-28,138.04132080078125,153.72999572753906,153.75,153.00999450683594,153.24000549316406,10167300
2017-12-29,136.90089416503906,152.4600067138672,154.14999389648438,152.38999938964844,154.14999389648438,21006500
2018-01-02,138.19398498535156,153.89999389648438,153.97000122070312,152.4600067138672,153.1999969482422,20489600
2018-01-03,138.337646484375,154.05999755859375,154.4600067138672,153.52000427246094,153.8699951171875,21836600
2018-01-04,138.70582580566406,154.47000122070312,155.14999389648438,154.02000427246094,154.97000122070312,14207100
2018-01-05,138.9931182861328,154.7899932861328,154.97999572753906,153.94000244140625,154.8800048828125,19883900
2018-01-08,139.20867919921875,155.02999877929688,155.27000427246094,153.5,154.72999572753906,18457300
2018-01-09,139.0200653076172,154.82000732421875,155.5,154.72999572753906,155.24000549316406,16571300
2018-01-10,139.0380859375,154.83999633789062,155.1699981689453,153.9199981689453,154.47000122070312,18516800
2018-01-11,141.42657470703125,157.5,157.66000366210938,154.97999572753906,155.07000732421875,26522400
2018-01-12,142.0192413330078,158.16000366210938,158.86000061035156,157.47000122070312,157.67999267578125,24089800
2018-01-16,140.20533752441406,156.13999938964844,159.41000366210938,155.8000030517578,158.86000061035156,27704700
2018-01-17,141.53439331054688,157.6199951171875,157.94000244140625,156.27999877929688,156.8000030517578,18571600
2018-01-18,140.56451416015625,156.5399932861328,157.5,156.38999938964844,157.22000122070312,17903600
2018-01-19,142.414306640625,158.60000610351562,158.69000244140625,156.5500030517578,156.72999572753906,31040900
2018-01-22,143.1775360107422,159.4499969482422,159.4499969482422,158.30999755859375,158.39999389648438,12702400
2018-01-23,143.635498046875,159.9600067138672,160.3000030517578,158.6699981689453,159.24000549316406,16904600
2018-01-24,142.74659729003906,158.97000122070312,160.6300048828125,158.39999389648438,160.36000061035156,20340900
2018-01-25,142.8004608154297,159.02999877929688,159.9199981689453,158.2100067138672,159.63999938964844,20290900
2018-01-26,143.312255859375,159.60000610351562,159.69000244140625,158.77000427246094,159.52999877929688,16120300
2018-01-29,142.50411987304688,158.6999969482422,159.86000061035156,158.6199951171875,159.05999755859375,18293300
2018-01-30,141.13925170898438,157.17999267578125,158.22000122070312,156.72999572753906,157.66000366210938,24533800
2018-01-31,140.4028778076172,156.36000061035156,158.4199981689453,155.9199981689453,157.74000549316406,27468900
2018-02-01,140.84288024902344,156.85000610351562,157.2100067138672,155.52999877929688,155.72999572753906,21413000
2018-02-02,138.1311798095703,153.8300018310547,156.14999389648438,153.50999450683594,156.1300048828125,33314100
2018-02-05,132.82424926757812,147.9199981689453,153.7899932861328,147.86000061035156,152.6699981689453,52622200
2018-02-06,134.4136199951172,149.69000244140625,150.3699951171875,144.24000549316406,145.52999877929688,69232400
2018-02-07,134.54833984375,149.83999633789062,150.7899932861328,148.61000061035156,149.61000061035156,37101000
2018-02-08,130.59732055664062,145.44000244140625,150.0,145.44000244140625,149.99000549316406,44704500
2018-02-09,131.79164123535156,146.77000427246094,147.94000244140625,142.5,146.75999450683594,53315300
2018-02-12,133.03977966308594,148.16000366210938,148.9199981689453,145.47999572753906,146.9199981689453,36213900
2018-02-13,133.32711791992188,148.47999572753906,148.7899932861328,146.89999389648438,147.3800048828125,25021200
2018-02-14,135.72457885742188,151.14999389648438,151.52000427246094,147.17999267578125,147.6300048828125,36286900
2018-02-15,137.20623779296875,152.8000030517578,152.8699951171875,150.55999755859375,152.22000122070312,23773600
2018-02-16,137.691162109375,153.33999633789062,154.2899932861328,152.5399932861328,152.61000061035156,27973900
2018-02-20,136.55975341796875,152.0800018310547,153.77000427246094,151.6699981689453,152.5500030517578,24046200
2018-02-21,136.70338439941406,152.24000549316406,154.80999755859375,152.00999450683594,152.4199981689453,26735500
2018-02-22,136.4878692626953,152.0,154.02999877929688,151.91000366210938,152.80999755859375,16340000
2018-02-23,138.26577758789062,153.97999572753906,154.02000427246094,152.14999389648438,152.97999572753906,18065200
2018-02-26,139.1727294921875,154.99000549316406,155.25999450683594,153.47000122070312,154.52999877929688,15267700
2018-02-27,137.1703338623047,152.75999450683594,155.8800048828125,152.75,155.17999267578125,18125500
2018-02-28,135.00628662109375,150.35000610351562,153.60000610351562,150.30999755859375,153.13999938964844,29951800
2018-03-01,134.6470947265625,149.9499969482422,151.57000732421875,148.3800048828125,150.0500030517578,38943200
2018-03-02,136.8021240234375,152.35000610351562,152.75,148.39999389648438,148.7100067138672,31842300
2018-03-05,138.02342224121094,153.7100067138672,154.25999450683594,151.47000122070312,151.82000732421875,19603700
2018-03-06,139.51394653320312,155.3699951171875,155.38999938964844,152.8000030517578,154.42999267578125,17304000
2018-03-07,140.74412536621094,156.74000549316406,156.92999267578125,154.22000122070312,154.4600067138672,22684600
2018-03-08,140.45681762695312,156.4199981689453,157.47000122070312,155.5,156.89999389648438,23391300
2018-03-09,142.70167541503906,158.9199981689453,159.0,156.8699951171875,157.30999755859375,24927200
2018-03-12,142.95306396484375,159.1999969482422,159.64999389648438,158.49000549316406,159.25,15310100
2018-03-13,142.28858947753906,158.4600067138672,160.3000030517578,158.13999938964844,160.0,17757200
2018-03-14,141.6151580810547,157.7100067138672,159.38999938964844,157.41000366210938,159.22000122070312,18097500
2018-03-15,140.90577697753906,156.9199981689453,158.13999938964844,156.3699951171875,158.10000610351562,14172100
2018-03-16,141.69598388671875,157.8000030517578,158.27000427246094,156.75,156.97999572753906,36000300
2018-03-19,140.33106994628906,156.27999877929688,157.2100067138672,154.4499969482422,157.1699981689453,25663000
2018-03-20,140.29519653320312,156.24000549316406,157.02000427246094,155.77000427246094,156.6699981689453,11418500
2018-03-21,141.11228942871094,157.14999389648438,158.25999450683594,156.1999969482422,156.32000732421875,22213500
2018-03-22,138.01808166503906,153.35000610351562,156.6199951171875,153.30999755859375,155.66000366210938,29774800
2018-03-23,135.04798889160156,150.0500030517578,153.94000244140625,150.0,153.55999755859375,35744100
2018-03-26,138.0,153.3300018310547,153.3800048828125,150.42999267578125,152.08999633789062,28442400
2018-03-27,135.32701110839844,150.36000061035156,153.6999969482422,149.7100067138672,153.66000366210938,32820600
2018-03-28,135.28196716308594,150.30999755859375,151.35000610351562,149.38999938964844,150.74000549316406,26510900
2018-03-29,136.65000915527344,151.8300018310547,153.10000610351562,150.75,151.0800018310547,22617700
2018-04-02,133.31988525390625,148.1300048828125,152.07000732421875,147.17999267578125,151.52000427246094,35040700
2018-04-03,135.22796630859375,150.25,150.60000610351562,148.3000030517578,149.02000427246094,29857800
2018-04-04,136.9469757080078,152.16000366210938,152.5800018310547,148.27000427246094,148.5,29619700
2018-04-05,138.0810089111328,153.4199981689453,153.61000061035156,152.32000732421875,153.0399932861328,17301600
2018-04-06,135.32701110839844,150.36000061035156,153.39999389648438,149.14999389648438,152.3699951171875,25762700
2018-04-09,135.4889678955078,150.5399932861328,152.60000610351562,150.4199981689453,151.39999389648438,18997000
2018-04-10,138.0449981689453,153.3800048828125,153.9499969482422,151.6699981689453,152.13999938964844,23420000
2018-04-11,138.34210205078125,153.7100067138672,154.30999755859375,152.6300048828125,152.77999877929688,14884600
2018-04-12,139.28704833984375,154.75999450683594,155.41000366210938,153.92999267578125,154.42999267578125,14413200
2018-04-13,138.55801391601562,153.9499969482422,155.3300018310547,153.50999450683594,155.2899932861328,19813600
2018-04-16,139.8360595703125,155.3699951171875,155.82000732421875,154.11000061035156,154.83999633789062,18846900
2018-04-17,141.35711669921875,157.05999755859375,157.49000549316406,155.9600067138672,156.2100067138672,18624200
2018-04-18,141.73509216308594,157.47999572753906,158.3800048828125,157.16000366210938,157.52000427246094,16974200
2018-04-19,140.75408935546875,156.38999938964844,157.5399932861328,155.8800048828125,157.13999938964844,16174500
2018-04-20,139.9980926513672,155.5500030517578,156.72000122070312,155.14999389648438,156.0500030517578,21480600
2018-04-23,139.79110717773438,155.32000732421875,156.2899932861328,154.57000732421875,155.77999877929688,13268200
2018-04-24,138.9900665283203,154.42999267578125,156.6300048828125,153.19000244140625,155.89999389648438,24859700
2018-04-25,138.78305053710938,154.1999969482422,154.8000030517578,152.9600067138672,154.36000061035156,21981400
2018-04-26,139.42205810546875,154.91000366210938,155.41000366210938,153.94000244140625,154.4199981689453,14862900
2018-04-27,139.22406005859375,154.69000244140625,155.3699951171875,153.77999877929688,154.8800048828125,17734300
2018-04-30,137.99102783203125,153.32000732421875,155.64999389648438,153.2899932861328,155.02000427246094,15624600
2018-05-01,138.6660614013672,154.07000732421875,154.2899932861328,151.7100067138672,153.00999450683594,24977500
2018-05-02,139.1880645751953,154.64999389648438,155.77999877929688,153.67999267578125,153.77999877929688,16786800
2018-05-03,138.43203735351562,153.80999755859375,154.5,152.16000366210938,154.11000061035156,20985900
2018-05-04,140.1601104736328,155.72999572753906,156.5,152.8000030517578,153.25999450683594,17927900
2018-05-07,141.34808349609375,157.0500030517578,157.86000061035156,156.10000610351562,156.19000244140625,16303500
2018-05-08,142.05010986328125,157.8300018310547,157.8300018310547,156.75,156.9199981689453,17281200
2018-05-09,142.81517028808594,158.67999267578125,159.10000610351562,157.3800048828125,158.00999450683594,15758500
2018-05-10,143.58018493652344,159.52999877929688,160.1699981689453,158.75999450683594,158.89999389648438,15828700
2018-05-11,143.859130859375,159.83999633789062,160.1300048828125,159.0399932861328,159.5500030517578,14413600
2018-05-14,143.3101348876953,159.22999572753906,160.69000244140625,159.0500030517578,160.02000427246094,15028500
2018-05-15,143.33717346191406,159.25999450683594,159.58999633789062,158.1699981689453,158.7100067138672,17544900
2018-05-16,144.83126831054688,160.9199981689453,161.32000732421875,159.47000122070312,159.49000549316406,21004400
2018-05-17,145.49717712402344,161.66000366210938,162.0,160.75,161.0,18639700
2018-05-18,145.6862030029297,161.8699951171875,162.32000732421875,161.5500030517578,161.9499969482422,17579800
2018-05-21,146.64923095703125,162.94000244140625,163.24000549316406,162.36000061035156,162.3699951171875,15667300
2018-05-22,145.5872344970703,161.75999450683594,163.3300018310547,161.6300048828125,163.25999450683594,13212000
2018-05-23,145.77622985839844,161.97000122070312,162.27999877929688,161.1300048828125,161.3300018310547,14235700
2018-05-24,145.83013916015625,162.02999877929688,162.35000610351562,160.6199951171875,161.9199981689453,12785000
2018-05-25,145.56918334960938,161.74000549316406,162.16000366210938,161.47000122070312,161.75,11150200
2018-05-29,145.37120056152344,161.52000427246094,162.22999572753906,160.11000061035156,160.8800048828125,20986900
2018-05-30,147.67523193359375,164.0800018310547,164.38999938964844,162.36000061035156,162.36000061035156,25169000
2018-05-31,146.4962158203125,162.77000427246094,164.3800048828125,162.33999633789062,164.0800018310547,28573700
2018-06-01,147.45924377441406,163.83999633789062,164.3800048828125,163.27999877929688,163.8300018310547,21108200
2018-06-04,148.2423095703125,164.7100067138672,164.7100067138672,163.32000732421875,164.32000732421875,14836000
2018-06-05,149.16029357910156,165.72999572753906,165.77000427246094,164.33999633789062,164.5500030517578,13283600
2018-06-06,150.24026489257812,166.92999267578125,166.92999267578125,165.5800018310547,165.7100067138672,16661300
2018-06-07,149.4212646484375,166.02000427246094,167.22999572753906,165.22999572753906,167.11000061035156,17571900
2018-06-08,149.87130737304688,166.52000427246094,166.61000061035156,165.75999450683594,166.05999755859375,17569800
2018-06-11,150.09632873535156,166.77000427246094,167.11000061035156,166.2899932861328,166.63999938964844,15923000
2018-06-12,150.7802734375,167.52999877929688,167.94000244140625,166.72999572753906,166.9199981689453,16166700
2018-06-13,150.1863555908203,166.8699951171875,167.8699951171875,166.6199951171875,167.77000427246094,19853700
2018-06-14,150.9873504638672,167.75999450683594,167.83999633789062,166.61000061035156,167.49000549316406,19248100
2018-06-15,151.03231811523438,167.80999755859375,167.8699951171875,166.52999877929688,167.24000549316406,24922600
2018-06-18,151.74337768554688,168.60000610351562,168.61000061035156,166.72999572753906,166.97000122070312,18616500
2018-06-19,151.75234985351562,168.61000061035156,168.77000427246094,166.5399932861328,167.5500030517578,24605900
2018-06-20,152.9763641357422,169.97000122070312,170.1999969482422,168.9499969482422,169.4499969482422,19216900
2018-06-21,151.54531860351562,168.3800048828125,170.0800018310547,167.77000427246094,169.97999572753906,26946200
2018-06-22,151.0413055419922,167.82000732421875,169.1999969482422,167.30999755859375,169.00999450683594,33638200
2018-06-25,148.57525634765625,165.0800018310547,167.3699951171875,164.13999938964844,167.24000549316406,37005100
2018-06-26,149.43931579589844,166.0399932861328,166.66000366210938,164.85000610351562,165.22999572753906,20464000
2018-06-27,147.04522705078125,163.3800048828125,166.50999450683594,163.30999755859375,166.2100067138672,27511800
2018-06-28,147.49526977539062,163.8800048828125,164.22000122070312,162.25999450683594,163.22999572753906,26759100
2018-06-29,147.3962860107422,163.77000427246094,165.0500030517578,163.61000061035156,164.30999755859375,24146500
2018-07-02,148.4132843017578,164.89999389648438,164.9600067138672,162.47999572753906,162.75999450683594,24283600
2018-07-03,149.00491333007812,164.9600067138672,165.6999969482422,164.6999969482422,164.75,13561300
2018-07-05,150.70309448242188,166.83999633789062,166.8699951171875,164.8300018310547,165.86000061035156,18640500
2018-07-06,151.97665405273438,168.25,168.44000244140625,166.52000427246094,166.97000122070312,19597500
2018-07-09,152.93417358398438,169.30999755859375,169.3300018310547,168.38999938964844,169.00999450683594,16565200
2018-07-10,152.23863220214844,168.5399932861328,169.8699951171875,167.57000732421875,169.5800018310547,18790700
2018-07-11,150.94691467285156,167.11000061035156,168.61000061035156,167.0500030517578,167.6199951171875,23912600
2018-07-12,151.67860412597656,167.9199981689453,168.25,166.63999938964844,168.07000732421875,19617600
2018-07-13,151.22695922851562,167.4199981689453,168.72999572753906,167.4199981689453,167.85000610351562,15409100
2018-07-16,150.63986206054688,166.77000427246094,168.02999877929688,165.9600067138672,167.75999450683594,15946900
2018-07-17,151.30825805664062,167.50999450683594,168.0,166.58999633789062,166.75,15134700
2018-07-18,151.7328643798828,167.97999572753906,168.05999755859375,166.57000732421875,167.36000061035156,13780000
2018-07-19,152.80767822265625,169.1699981689453,169.25,167.25999450683594,167.77000427246094,18398300
2018-07-20,152.18446350097656,168.47999572753906,169.30999755859375,168.35000610351562,168.8000030517578,17570700
2018-07-23,152.3740997314453,168.69000244140625,169.14999389648438,167.80999755859375,168.3000030517578,12335000
2018-07-24,150.7482452392578,166.88999938964844,169.75999450683594,166.22000122070312,169.4499969482422,25831300
2018-07-25,151.29920959472656,167.5,167.5,166.13999938964844,166.94000244140625,18401200
2018-07-26,152.1121826171875,168.39999389648438,169.3699951171875,167.50999450683594,167.66000366210938,20944200
2018-07-27,149.2759246826172,165.25999450683594,168.72000122070312,164.7899932861328,168.5,28777100
2018-07-30,148.31842041015625,164.1999969482422,166.02000427246094,164.07000732421875,165.25,20093700
2018-07-31,149.82688903808594,165.8699951171875,166.6199951171875,164.38999938964844,164.52999877929688,23567300
2018-08-01,149.72750854492188,165.75999450683594,166.24000549316406,164.5,165.6999969482422,17942600
2018-08-02,150.8205108642578,166.97000122070312,167.2100067138672,164.94000244140625,164.9600067138672,18292200
2018-08-03,150.29656982421875,166.38999938964844,167.67999267578125,165.61000061035156,167.14999389648438,21734900
2018-08-06,151.13668823242188,167.32000732421875,167.50999450683594,165.89999389648438,166.27000427246094,16288800
2018-08-07,151.49798583984375,167.72000122070312,168.49000549316406,167.60000610351562,167.88999938964844,15045700
2018-08-08,151.36248779296875,167.57000732421875,167.99000549316406,166.49000549316406,167.72000122070312,14789500
2018-08-09,151.75083923339844,168.0,168.7100067138672,167.5500030517578,167.64999389648438,10437800
2018-08-10,151.3262939453125,167.52999877929688,168.6699981689453,166.9600067138672,167.0500030517578,20521900
2018-08-13,150.44114685058594,166.5500030517578,168.0500030517578,165.8800048828125,167.74000549316406,20517200
2018-08-14,151.9315185546875,168.1999969482422,168.60000610351562,166.88999938964844,166.91000366210938,17683100
2018-08-15,150.0255889892578,166.08999633789062,167.82000732421875,165.14999389648438,167.6999969482422,27479900
2018-08-16,151.41665649414062,167.6300048828125,168.1699981689453,166.69000244140625,166.86000061035156,15484700
2018-08-17,152.06704711914062,168.35000610351562,168.47000122070312,166.92999267578125,167.47000122070312,15106700
2018-08-20,152.49156188964844,168.82000732421875,169.17999267578125,167.8300018310547,168.80999755859375,12547300
2018-08-21,154.24392700195312,170.75999450683594,171.36000061035156,169.1199951171875,169.13999938964844,20661200
2018-08-22,154.623291015625,171.17999267578125,171.49000549316406,170.4199981689453,170.58999633789062,14329200
2018-08-23,154.1536102294922,170.66000366210938,171.52000427246094,170.17999267578125,171.08999633789062,12945800
2018-08-24,154.99365234375,171.58999633789062,171.77999877929688,171.02000427246094,171.14999389648438,11894300
2018-08-27,155.21945190429688,171.83999633789062,172.94000244140625,171.6199951171875,172.11000061035156,15880400
2018-08-28,155.36398315429688,172.0,172.47999572753906,171.10000610351562,172.16000366210938,13170300
2018-08-29,155.8156280517578,172.5,172.77000427246094,171.4600067138672,172.02000427246094,13157900
2018-08-30,155.68917846679688,172.36000061035156,173.22999572753906,171.82000732421875,172.1699981689453,14199600
2018-08-31,156.28529357910156,173.02000427246094,173.38999938964844,171.9499969482422,171.9600067138672,12240500
2018-09-04,155.58982849121094,172.25,173.1199951171875,171.1199951171875,172.7899932861328,17923500
2018-09-05,155.17431640625,171.7899932861328,172.22999572753906,170.36000061035156,172.17999267578125,15166100
2018-09-06,154.12648010253906,170.6300048828125,172.47999572753906,170.4199981689453,172.1699981689453,16647700
2018-09-07,154.04519653320312,170.5399932861328,171.4499969482422,169.66000366210938,170.2100067138672,17248000
2018-09-10,154.23489379882812,170.75,171.67999267578125,170.38999938964844,171.25,11067100
2018-09-11,154.48777770996094,171.02999877929688,171.60000610351562,170.0,170.60000610351562,14078400
2018-09-12,154.11749267578125,170.6199951171875,171.08999633789062,169.3300018310547,170.7899932861328,21572300
2018-09-13,154.1536102294922,170.66000366210938,171.5399932861328,170.25999450683594,171.27999877929688,14570500
2018-09-14,154.8040008544922,171.3800048828125,171.92999267578125,170.39999389648438,170.77000427246094,15734900
2018-09-17,153.16000366210938,169.55999755859375,171.5399932861328,169.35000610351562,171.4199981689453,20023200
2018-09-18,153.80133056640625,170.27000427246094,170.7100067138672,169.6300048828125,169.8000030517578,13018000
2018-09-19,153.2412872314453,169.64999389648438,171.07000732421875,169.07000732421875,170.27999877929688,17593500
2018-09-20,154.6594696044922,171.22000122070312,171.3000030517578,169.80999755859375,170.3699951171875,16918700
2018-09-21,153.9187469482422,170.39999389648438,171.82000732421875,170.22000122070312,171.75,32539000
2018-09-24,153.34970092773438,169.77000427246094,170.5,168.75999450683594,170.25999450683594,15786700
2018-09-25,153.58456420898438,170.02999877929688,170.52000427246094,169.85000610351562,170.0500030517578,13758500
2018-09-26,152.18075561523438,168.02999877929688,170.02999877929688,167.77999877929688,169.92999267578125,17787200
2018-09-27,152.18984985351562,168.0399932861328,168.6999969482422,167.75999450683594,168.3699951171875,14471900
2018-09-28,152.65164184570312,168.5500030517578,169.0,167.4499969482422,167.4499969482422,22740300
2018-10-01,150.64109802246094,166.3300018310547,169.32000732421875,165.77000427246094,169.2899932861328,27893100
2018-10-02,149.01087951660156,164.52999877929688,166.52999877929688,164.17999267578125,166.17999267578125,28440300
2018-10-03,150.31504821777344,165.97000122070312,166.72999572753906,164.50999450683594,165.17999267578125,26027200
2018-10-04,148.20481872558594,163.63999938964844,165.64999389648438,163.1300048828125,165.44000244140625,29463000
2018-10-05,146.86441040039062,162.16000366210938,164.16000366210938,160.66000366210938,163.75,31240100
2018-10-08,146.55648803710938,161.82000732421875,162.39999389648438,160.5500030517578,161.77000427246094,21330700
2018-10-09,145.98593139648438,161.19000244140625,162.74000549316406,160.97999572753906,161.6199951171875,20620400
2018-10-10,141.79261779785156,156.55999755859375,160.99000549316406,156.36000061035156,160.82000732421875,46921800
2018-10-11,139.0846405029297,153.57000732421875,157.32000732421875,153.50999450683594,155.80999755859375,68877400
2018-10-12,139.11183166503906,153.60000610351562,155.75999450683594,151.88999938964844,155.55999755859375,53492600
2018-10-15,139.62806701660156,154.1699981689453,155.2899932861328,152.5399932861328,153.36000061035156,32747600
2018-10-16,143.6764373779297,158.63999938964844,158.86000061035156,154.0399932861328,155.27999877929688,35569100
2018-10-17,143.06056213378906,157.9600067138672,158.22000122070312,155.88999938964844,158.17999267578125,24140100
2018-10-18,140.37979125976562,155.0,157.6300048828125,154.3699951171875,157.41000366210938,31042700
2018-10-19,138.8944549560547,153.36000061035156,156.36000061035156,152.74000549316406,155.47000122070312,34214200
2018-10-22,138.59556579589844,153.02999877929688,154.4499969482422,152.52000427246094,153.9199981689453,28218300
2018-10-23,137.35484313964844,151.66000366210938,152.88999938964844,148.9199981689453,150.92999267578125,37228100
2018-10-24,132.18345642089844,145.9499969482422,151.97999572753906,145.82000732421875,151.42999267578125,40412400
2018-10-25,135.0453643798828,149.11000061035156,149.82000732421875,146.41000366210938,146.72999572753906,32311300
2018-10-26,133.569091796875,147.47999572753906,149.4199981689453,144.6999969482422,147.5399932861328,36986100
2018-10-29,132.8354949951172,146.6699981689453,150.6300048828125,145.07000732421875,149.1300048828125,33031300
2018-10-30,135.60687255859375,149.72999572753906,149.88999938964844,146.55999755859375,146.85000610351562,29017200
2018-10-31,135.87857055664062,150.02999877929688,151.86000061035156,150.02999877929688,151.25999450683594,36785400
2018-11-01,139.01219177246094,153.49000549316406,153.77000427246094,150.80999755859375,150.88999938964844,28496400
2018-11-02,139.47410583496094,154.0,154.88999938964844,152.44000244140625,154.05999755859375,26671600
2018-11-05,139.36541748046875,153.8800048828125,154.66000366210938,152.35000610351562,154.0399932861328,16940900
2018-11-06,140.05374145507812,154.63999938964844,155.11000061035156,153.52000427246094,153.64999389648438,15572900
2018-11-07,142.56246948242188,157.41000366210938,157.41000366210938,154.8000030517578,155.36000061035156,22127800
2018-11-08,142.1820068359375,156.99000549316406,157.89999389648438,156.33999633789062,156.61000061035156,14987700
2018-11-09,139.54660034179688,154.0800018310547,156.02999877929688,152.9499969482422,156.0,20654400
2018-11-12,136.78421020507812,151.02999877929688,154.1699981689453,150.83999633789062,154.02000427246094,21886800
2018-11-13,136.34950256347656,150.5500030517578,153.08999633789062,150.2899932861328,151.60000610351562,18468500
2018-11-14,135.35325622558594,149.4499969482422,152.4600067138672,148.47999572753906,151.82000732421875,24549100
2018-11-15,137.28236389160156,151.5800018310547,151.8000030517578,148.1300048828125,148.49000549316406,24482000
2018-11-16,137.6084442138672,151.94000244140625,152.2899932861328,150.05999755859375,150.61000061035156,29323500
2018-11-19,134.81890869140625,148.86000061035156,152.02999877929688,148.3699951171875,151.67999267578125,21540900
2018-11-20,132.21966552734375,145.99000549316406,148.42999267578125,145.58999633789062,147.25,25907000
2018-11-21,134.0672607421875,148.02999877929688,149.3699951171875,146.52999877929688,146.77999877929688,17902300
2018-11-23,133.9403839111328,147.88999938964844,149.3000030517578,146.80999755859375,146.82000732421875,11134800
2018-11-26,135.67930603027344,149.80999755859375,150.39999389648438,148.74000549316406,149.32000732421875,15346400
2018-11-27,134.55630493164062,148.57000732421875,149.72999572753906,148.2899932861328,149.17999267578125,14461800
2018-11-28,137.88011169433594,152.24000549316406,152.3699951171875,147.6999969482422,149.1999969482422,26125900
2018-11-29,137.50877380371094,151.8300018310547,152.74000549316406,150.44000244140625,151.61000061035156,15134500
2018-11-30,138.22425842285156,152.6199951171875,152.86000061035156,151.0800018310547,151.4600067138672,20304700
2018-12-03,139.54660034179688,154.0800018310547,154.47999572753906,152.02000427246094,154.38999938964844,23379800
2018-12-04,133.60531616210938,147.52000427246094,154.1300048828125,147.13999938964844,153.75,41077900
2018-12-06,133.31552124023438,147.1999969482422,147.1999969482422,143.42999267578125,145.4499969482422,37581200
2018-12-07,130.4354705810547,144.02000427246094,148.25999450683594,143.27000427246094,147.13999938964844,28525100
2018-12-10,130.0550994873047,143.60000610351562,144.72000122070312,141.4499969482422,144.27000427246094,30776600
2018-12-11,129.91920471191406,143.4499969482422,146.19000244140625,142.38999938964844,145.67999267578125,29229300
2018-12-12,131.1599884033203,144.82000732421875,146.75999450683594,144.75999450683594,144.8800048828125,27894800
2018-12-13,129.3033447265625,142.77000427246094,145.69000244140625,142.5399932861328,145.24000549316406,23205400
2018-12-14,127.34709167480469,140.61000061035156,143.22999572753906,140.10000610351562,141.72999572753906,24037200
2018-12-17,124.51104736328125,137.02000427246094,140.8800048828125,136.16000366210938,139.6699981689453,36468500
2018-12-18,124.35655975341797,136.85000610351562,139.17999267578125,136.2899932861328,138.25999450683594,42277200
2018-12-19,121.76676177978516,134.0,138.67999267578125,133.25,136.8000030517578,47676600
2018-12-20,119.75851440429688,131.7899932861328,134.41000366210938,130.22999572753906,133.6300048828125,57908100
2018-12-21,116.65071105957031,128.3699951171875,132.9499969482422,127.9800033569336,132.3800048828125,59404800
2018-12-24,114.38800811767578,125.87999725341797,128.47000122070312,125.83999633789062,127.7300033569336,28575700
2018-12-26,119.8857192993164,131.92999267578125,132.10000610351562,125.80999755859375,126.27999877929688,40182700
2018-12-27,120.38548278808594,132.47999572753906,132.47999572753906,127.87000274658203,130.27000427246094,39527900
2018-12-28,120.73080444335938,132.86000061035156,135.00999450683594,131.5399932861328,132.47999572753906,35994400
2018-12-31,121.67584228515625,133.89999389648438,134.0500030517578,131.8000030517578,133.72000122070312,29173400
2019-01-02,122.36646270751953,134.66000366210938,135.1699981689453,131.5399932861328,132.1699981689453,27295100
2019-01-03,120.17649841308594,132.25,134.63999938964844,131.64999389648438,133.91000366210938,29294600
2019-01-04,124.66551208496094,137.19000244140625,137.60000610351562,133.7100067138672,133.9199981689453,35355300
2019-01-07,126.84636688232422,139.58999633789062,140.3699951171875,136.74000549316406,137.25999450683594,30477900
2019-01-08,128.79104614257812,141.72999572753906,141.7899932861328,139.38999938964844,140.8000030517578,27320900
2019-01-09,129.8542022705078,142.89999389648438,143.38999938964844,141.6199951171875,142.22000122070312,25764600
2019-01-10,130.52662658691406,143.63999938964844,143.72000122070312,141.35000610351562,142.05999755859375,22896800
2019-01-11,130.56301879882812,143.67999267578125,143.99000549316406,142.67999267578125,143.00999450683594,22428400
2019-01-14,129.2635498046875,142.25,143.44000244140625,142.08999633789062,142.82000732421875,29185000
2019-01-15,130.35400390625,143.4499969482422,143.64999389648438,142.08999633789062,142.64999389648438,25678900
2019-01-16,131.3263397216797,144.52000427246094,145.25,143.6699981689453,143.67999267578125,20827300
2019-01-17,132.5167236328125,145.8300018310547,146.3300018310547,143.97000122070312,143.99000549316406,19273400
2019-01-18,133.87979125976562,147.3300018310547,147.9199981689453,146.0,146.60000610351562,28306700
2019-01-22,131.7624969482422,145.0,146.75999450683594,144.0500030517578,146.4600067138672,27741100
2019-01-23,131.39903259277344,144.60000610351562,146.17999267578125,143.4600067138672,145.32000732421875,20621300
2019-01-24,132.18960571289062,145.47000122070312,145.75999450683594,144.3300018310547,144.42999267578125,16976300
2019-01-25,133.88888549804688,147.33999633789062,147.63999938964844,146.42999267578125,146.6199951171875,22266900
2019-01-28,133.17100524902344,146.5500030517578,146.91000366210938,145.3699951171875,145.9600067138672,22784700
2019-01-29,132.8529510498047,146.1999969482422,146.82000732421875,145.8800048828125,146.7100067138672,12084800
2019-01-30,134.30686950683594,147.8000030517578,148.33999633789062,145.67999267578125,146.97999572753906,25516900
2019-01-31,135.45184326171875,149.05999755859375,149.3000030517578,147.52999877929688,147.61000061035156,27252900
2019-02-01,135.56094360351562,149.17999267578125,149.67999267578125,148.5800018310547,149.35000610351562,17057900
2019-02-04,137.1783905029297,150.9600067138672,150.97000122070312,148.8800048828125,149.41000366210938,21301700
2019-02-05,137.3238067626953,151.1199951171875,151.60000610351562,150.24000549316406,151.00999450683594,18295900
2019-02-06,137.15113830566406,150.92999267578125,151.3699951171875,150.10000610351562,151.0399932861328,13720600
2019-02-07,136.02435302734375,149.69000244140625,150.6999969482422,148.38999938964844,149.9199981689453,22850800
2019-02-08,136.16970825195312,149.85000610351562,149.89999389648438,148.5,149.05999755859375,13463000
2019-02-11,137.3056640625,151.10000610351562,151.14999389648438,149.6300048828125,150.2899932861328,16374800
2019-02-12,139.0230712890625,152.99000549316406,153.19000244140625,151.8800048828125,151.9199981689453,20779900
2019-02-13,139.41378784179688,153.4199981689453,153.75999450683594,152.6999969482422,153.4199981689453,15534500
2019-02-14,139.73184204101562,153.77000427246094,154.3699951171875,152.39999389648438,152.5800018310547,18251000
2019-02-15,141.95819091796875,156.22000122070312,156.24000549316406,154.27000427246094,154.77999877929688,27240200
2019-02-19,142.34890747070312,156.64999389648438,157.10000610351562,155.5500030517578,155.5500030517578,15856900
2019-02-20,143.02137756347656,157.38999938964844,157.5800018310547,156.52999877929688,156.66000366210938,18317400
2019-02-21,142.4761505126953,156.7899932861328,157.3699951171875,156.05999755859375,157.1300048828125,17497000
2019-02-22,143.7119903564453,158.14999389648438,158.27000427246094,157.10000610351562,157.27000427246094,20411800
2019-02-25,143.74832153320312,158.19000244140625,159.5,158.08999633789062,159.0800018310547,17957100
2019-02-26,142.7578887939453,157.10000610351562,158.19000244140625,156.88999938964844,158.00999450683594,21497300
2019-02-27,142.9578094482422,157.32000732421875,157.44000244140625,156.1199951171875,156.49000549316406,18194900
2019-02-28,142.4670867919922,156.77999877929688,157.47999572753906,156.3699951171875,157.08999633789062,18155300
2019-03-01,143.79380798339844,158.24000549316406,158.33999633789062,156.75,157.9499969482422,19247100
2019-03-04,142.49435424804688,156.80999755859375,158.77999877929688,155.58999633789062,158.5399932861328,23301800
2019-03-05,141.83102416992188,156.0800018310547,156.9499969482422,155.9600067138672,156.94000244140625,16798200
2019-03-06,139.05039978027344,153.02000427246094,156.0800018310547,152.8800048828125,156.02000427246094,29604600
2019-03-07,137.83265686035156,151.67999267578125,153.13999938964844,151.3699951171875,153.02000427246094,26822500
2019-03-08,137.79632568359375,151.63999938964844,151.75999450683594,150.61000061035156,150.83999633789062,20466800
2019-03-11,140.20437622070312,154.2899932861328,154.30999755859375,151.89999389648438,152.11000061035156,20854500
2019-03-12,140.27713012695312,154.3699951171875,154.97999572753906,153.8000030517578,154.39999389648438,18966800
2019-03-13,140.8314208984375,154.97999572753906,155.72999572753906,154.75,154.9199981689453,24109100
2019-03-14,140.25889587402344,154.35000610351562,155.02000427246094,154.1999969482422,154.89999389648438,14217500
2019-03-15,140.6315155029297,154.75999450683594,155.8699951171875,154.3300018310547,154.52999877929688,22025900
2019-03-18,141.5311279296875,155.75,156.4499969482422,154.47999572753906,155.05999755859375,24510200
2019-03-19,140.81321716308594,154.9600067138672,156.52999877929688,154.57000732421875,156.47999572753906,18633100
2019-03-20,139.63970947265625,153.25999450683594,155.4199981689453,152.41000366210938,154.5399932861328,29463200
2019-03-21,141.47109985351562,155.27000427246094,156.05999755859375,152.72999572753906,152.72999572753906,31845000
2019-03-22,136.32315063476562,149.6199951171875,154.5399932861328,149.57000732421875,154.1999969482422,40663000
2019-03-25,136.9244842529297,150.27999877929688,151.32000732421875,148.41000366210938,149.47999572753906,26454700
2019-03-26,138.36407470703125,151.86000061035156,152.82000732421875,150.7899932861328,151.47000122070312,21308600
2019-03-27,137.82652282714844,151.27000427246094,152.2100067138672,149.47999572753906,151.7100067138672,23477100
2019-03-28,139.05657958984375,152.6199951171875,152.92999267578125,150.92999267578125,151.7899932861328,19473300
2019-03-29,139.48480224609375,153.08999633789062,153.97000122070312,152.10000610351562,153.67999267578125,28298900
2019-04-01,141.00640869140625,154.75999450683594,154.9199981689453,153.72000122070312,154.2899932861328,20075200
2019-04-02,140.6419677734375,154.36000061035156,154.8800048828125,153.50999450683594,154.8699951171875,18253500
2019-04-03,141.37081909179688,155.16000366210938,156.14999389648438,154.72999572753906,155.74000549316406,19554700
2019-04-04,142.0632781982422,155.9199981689453,156.00999450683594,154.83999633789062,155.27999877929688,15909500
2019-04-05,143.3935089111328,157.3800048828125,157.47000122070312,156.19000244140625,156.3000030517578,21379000
2019-04-08,143.1566619873047,157.1199951171875,157.5,156.07000732421875,156.85000610351562,14202400
2019-04-09,141.40725708007812,155.1999969482422,156.6999969482422,154.91000366210938,156.4600067138672,18534200
2019-04-10,143.32980346679688,157.30999755859375,157.36000061035156,155.3300018310547,155.47999572753906,18938800
2019-04-11,143.14752197265625,157.11000061035156,157.67999267578125,156.80999755859375,157.52000427246094,12218700
2019-04-12,143.66690063476562,157.67999267578125,158.16000366210938,157.11000061035156,158.1300048828125,14120300
2019-04-15,143.20220947265625,157.1699981689453,158.10000610351562,156.5,157.9499969482422,10964000
2019-04-16,143.53932189941406,157.5399932861328,157.89999389648438,156.97999572753906,157.7100067138672,16782900
2019-04-17,142.227294921875,156.10000610351562,158.11000061035156,155.1999969482422,158.08999633789062,17108500
2019-04-18,141.80813598632812,155.63999938964844,156.27999877929688,154.66000366210938,156.11000061035156,23276300
2019-04-22,141.4346466064453,155.22999572753906,155.80999755859375,154.52000427246094,155.30999755859375,15596800
2019-04-23,143.5666961669922,157.57000732421875,158.0500030517578,155.36000061035156,155.3699951171875,23396100
2019-04-24,144.01307678222656,158.05999755859375,158.69000244140625,157.3699951171875,157.6199951171875,18053100
2019-04-25,142.81948852539062,156.75,157.47000122070312,155.47000122070312,157.3300018310547,19365100
2019-04-26,144.2044219970703,158.27000427246094,158.49000549316406,156.39999389648438,156.9600067138672,16999100
2019-04-29,144.89688110351562,159.02999877929688,159.61000061035156,158.49000549316406,158.6199951171875,13698900
2019-04-30,144.22264099121094,158.2899932861328,159.19000244140625,156.9600067138672,159.14999389648438,24127500
2019-05-01,142.85597229003906,156.7899932861328,158.72999572753906,156.7100067138672,158.6699981689453,17734300
2019-05-02,143.52108764648438,157.52000427246094,158.14999389648438,155.67999267578125,156.63999938964844,22715700
2019-05-03,146.26358032226562,160.52999877929688,160.63999938964844,158.19000244140625,158.30999755859375,20178800
2019-05-06,146.42762756347656,160.7100067138672,161.11000061035156,158.00999450683594,158.17999267578125,21262100
2019-05-07,143.5301513671875,157.52999877929688,159.8699951171875,156.25,159.30999755859375,25434500
2019-05-08,142.82867431640625,156.75999450683594,158.08999633789062,156.64999389648438,157.25999450683594,16113700
2019-05-09,142.30931091308594,156.19000244140625,156.64999389648438,153.74000549316406,155.52000427246094,25259900
2019-05-10,142.7010955810547,156.6199951171875,156.8300018310547,153.6699981689453,155.58999633789062,26544700
2019-05-13,138.15451049804688,151.6300048828125,154.02000427246094,151.16000366210938,153.69000244140625,26936500
2019-05-14,139.89480590820312,153.5399932861328,154.1699981689453,151.6999969482422,151.9600067138672,15519200
2019-05-15,140.35040283203125,154.0399932861328,154.41000366210938,152.07000732421875,152.39999389648438,18410600
2019-05-16,141.22509765625,155.0,156.17999267578125,154.44000244140625,154.50999450683594,13772100
2019-05-17,139.2570037841797,152.83999633789062,155.27000427246094,152.66000366210938,153.82000732421875,21534000
2019-05-20,138.29119873046875,151.77999877929688,152.82000732421875,151.41000366210938,151.92999267578125,18689800
2019-05-21,140.14991760253906,153.82000732421875,154.0399932861328,152.5800018310547,152.6300048828125,11659100
2019-05-22,138.9745330810547,152.52999877929688,153.58999633789062,152.0,153.22000122070312,13922600
2019-05-23,136.11363220214844,149.38999938964844,151.05999755859375,148.5800018310547,151.05999755859375,26379400
2019-05-24,137.3892059326172,150.7899932861328,151.08999633789062,149.7899932861328,150.3800048828125,16093100
2019-05-28,136.2958984375,149.58999633789062,151.64999389648438,149.5800018310547,151.00999450683594,14042200
2019-05-29,135.15689086914062,148.33999633789062,148.92999267578125,147.36000061035156,148.83999633789062,22622300
2019-05-30,134.7833709716797,147.92999267578125,149.5800018310547,147.0399932861328,148.75,17739100
2019-05-31,132.8973388671875,145.86000061035156,146.83999633789062,145.32000732421875,146.19000244140625,25411300
2019-06-03,133.36196899414062,146.3699951171875,147.2100067138672,145.3300018310547,146.1300048828125,26554500
2019-06-04,136.815185546875,150.16000366210938,150.2899932861328,146.4199981689453,147.9199981689453,21217600
2019-06-05,136.842529296875,150.19000244140625,150.88999938964844,148.61000061035156,150.75999450683594,18184100
2019-06-06,136.48716735839844,149.8000030517578,150.52000427246094,148.30999755859375,150.1199951171875,20772500
2019-06-07,137.45298767089844,150.86000061035156,151.50999450683594,150.02000427246094,150.35000610351562,17107500
2019-06-10,138.26390075683594,151.75,153.13999938964844,151.4499969482422,151.4499969482422,18912300
2019-06-11,137.85386657714844,151.3000030517578,153.22999572753906,150.5800018310547,152.8699951171875,15373000
2019-06-12,138.0087890625,151.47000122070312,151.77999877929688,150.6199951171875,151.17999267578125,11957600
2019-06-13,139.46658325195312,153.07000732421875,153.17999267578125,151.8699951171875,152.30999755859375,14839400
2019-06-14,138.24563598632812,151.72999572753906,152.94000244140625,151.72000122070312,152.8800048828125,16154800
2019-06-17,139.19932556152344,152.24000549316406,152.89999389648438,151.6699981689453,151.8699951171875,12509300
2019-06-18,140.81768798828125,154.00999450683594,155.14999389648438,152.25999450683594,153.27000427246094,22100800
2019-06-19,141.32058715820312,154.55999755859375,154.6999969482422,153.39999389648438,154.19000244140625,15625000
2019-06-20,141.98806762695312,155.2899932861328,156.22000122070312,154.44000244140625,156.0500030517578,17595700
2019-06-21,140.76283264160156,153.9499969482422,155.1699981689453,153.61000061035156,155.1300048828125,19854400
2019-06-24,139.05300903320312,152.0800018310547,154.41000366210938,152.0,154.36000061035156,24002600
2019-06-25,138.2026824951172,151.14999389648438,152.5,151.0,152.30999755859375,17462200
2019-06-26,137.88267517089844,150.8000030517578,152.22000122070312,150.75999450683594,151.6999969482422,15726900
2019-06-27,140.47024536132812,153.6300048828125,153.77000427246094,151.24000549316406,151.24000549316406,22278400
2019-06-28,142.1800994873047,155.5,156.02000427246094,153.94000244140625,153.9499969482422,35089900
2019-07-01,142.72865295410156,156.10000610351562,158.02999877929688,155.22000122070312,157.5399932861328,22850500
2019-07-02,141.86004638671875,155.14999389648438,156.1199951171875,154.25999450683594,156.02000427246094,19024600
2019-07-03,142.87493896484375,156.25999450683594,156.33999633789062,155.1699981689453,155.60000610351562,9115100
2019-07-05,143.2589874267578,156.67999267578125,156.74000549316406,154.86000061035156,155.49000549316406,14156700
2019-07-08,141.89662170410156,155.19000244140625,156.47999572753906,154.88999938964844,156.2100067138672,9735700
2019-07-09,142.08860778808594,155.39999389648438,155.42999267578125,154.47999572753906,154.5399932861328,12381600
2019-07-10,142.3355255126953,155.6699981689453,156.55999755859375,154.85000610351562,156.1999969482422,17325400
2019-07-11,141.64059448242188,154.91000366210938,155.94000244140625,154.22000122070312,155.88999938964844,14260800
2019-07-12,142.73779296875,156.11000061035156,156.6699981689453,154.8800048828125,155.13999938964844,16678000
2019-07-15,141.98806762695312,155.2899932861328,156.58999633789062,154.85000610351562,156.55999755859375,12194300
2019-07-16,141.9422607421875,155.24000549316406,156.1999969482422,154.6699981689453,155.1300048828125,15152700
2019-07-17,140.92739868164062,154.1300048828125,155.33999633789062,153.72999572753906,155.24000549316406,14155100
2019-07-18,141.45773315429688,154.7100067138672,155.00999450683594,153.72999572753906,154.0800018310547,15705500
2019-07-19,140.6439666748047,153.82000732421875,155.42999267578125,153.82000732421875,154.94000244140625,17182600
2019-07-22,140.5159912109375,153.67999267578125,154.6999969482422,153.39999389648438,154.24000549316406,14474600
2019-07-23,141.44859313964844,154.6999969482422,154.72000122070312,153.5399932861328,154.27999877929688,15493200
2019-07-24,143.789306640625,157.25999450683594,157.4499969482422,154.1199951171875,154.2899932861328,23823100
2019-07-25,142.05203247070312,155.36000061035156,157.24000549316406,155.08999633789062,157.17999267578125,17902500
2019-07-26,143.7344207763672,157.1999969482422,157.4199981689453,155.5,155.5800018310547,14260300
2019-07-29,142.7743682861328,156.14999389648438,157.36000061035156,155.60000610351562,157.19000244140625,13192200
2019-07-30,144.31964111328125,157.83999633789062,157.83999633789062,154.7100067138672,155.05999755859375,1200
2019-07-31,143.1492919921875,156.55999755859375,159.22999572753906,155.5500030517578,157.77999877929688,40445900
2019-08-01,141.0736846923828,154.2899932861328,158.1699981689453,153.58999633789062,156.8800048828125,38070200
2019-08-02,139.5102081298828,152.5800018310547,153.75,151.27999877929688,153.35000610351562,30148300
2019-08-05,135.32249450683594,148.0,149.9199981689453,146.2100067138672,149.77999877929688,39221500
2019-08-06,136.56597900390625,149.36000061035156,149.6999969482422,147.3800048828125,148.89999389648438,24283300
2019-08-07,136.5294189453125,149.32000732421875,149.7100067138672,146.69000244140625,147.9199981689453,23952100
2019-08-08,139.4735870361328,152.5399932861328,152.6300048828125,149.99000549316406,150.14999389648438,19415600
2019-08-09,137.71812438964844,150.6199951171875,152.14999389648438,150.02999877929688,152.08999633789062,19313200
2019-08-12,135.93507385253906,148.6699981689453,150.1199951171875,148.3300018310547,149.80999755859375,15963000
2019-08-13,137.39804077148438,150.27000427246094,151.7899932861328,147.6699981689453,148.33999633789062,21912600
2019-08-14,133.55783081054688,146.07000732421875,147.97999572753906,145.72000122070312,147.9499969482422,28235800
2019-08-15,133.02749633789062,145.49000549316406,146.6699981689453,144.7899932861328,146.6199951171875,24202400
2019-08-16,135.8985595703125,148.6300048828125,148.91000366210938,146.11000061035156,146.13999938964844,22783400
2019-08-19,137.27005004882812,150.1300048828125,150.88999938964844,149.9499969482422,150.32000732421875,17023400
2019-08-20,136.37399291992188,149.14999389648438,150.00999450683594,148.99000549316406,149.9199981689453,13324100
2019-08-21,137.49864196777344,150.3800048828125,150.64999389648438,149.7899932861328,150.6199951171875,13446100
2019-08-22,137.17864990234375,150.02999877929688,151.0800018310547,149.13999938964844,150.6699981689453,12979100
2019-08-23,132.97265625,145.42999267578125,150.11000061035156,144.92999267578125,149.22000122070312,36974600
2019-08-26,134.43560791015625,147.02999877929688,147.0500030517578,145.7100067138672,146.8000030517578,19167100
2019-08-27,132.44235229492188,144.85000610351562,148.02000427246094,144.67999267578125,147.9600067138672,24546200
2019-08-28,133.98753356933594,146.5399932861328,147.38999938964844,144.25,144.55999755859375,20115500
2019-08-29,136.33743286132812,149.11000061035156,149.2899932861328,147.9600067138672,148.14999389648438,18786300
2019-08-30,136.0905303955078,148.83999633789062,149.97000122070312,148.0399932861328,149.88999938964844,18727100
2019-09-03,134.09732055664062,146.66000366210938,148.32000732421875,146.0,147.4499969482422,20688000
2019-09-04,135.17617797851562,147.83999633789062,148.36000061035156,147.17999267578125,148.00999450683594,13107500
2019-09-05,137.69064331054688,150.58999633789062,151.91000366210938,149.3699951171875,149.85000610351562,25666700
2019-09-06,137.05978393554688,149.89999389648438,151.22999572753906,149.8300018310547,150.6999969482422,14645900
2019-09-09,138.8975830078125,151.91000366210938,152.24000549316406,150.05999755859375,150.57000732421875,25780100
2019-09-10,140.6714324951172,153.85000610351562,153.9499969482422,150.88999938964844,151.67999267578125,29576200
2019-09-11,143.55154418945312,157.0,157.16000366210938,153.55999755859375,154.52000427246094,42970500
2019-09-12,143.58816528320312,157.0399932861328,157.89999389648438,155.57000732421875,157.17999267578125,38648300
2019-09-13,143.83502197265625,157.30999755859375,158.9199981689453,157.1300048828125,157.85000610351562,31042800
2019-09-16,144.37445068359375,157.89999389648438,158.75,156.6999969482422,156.97000122070312,23242600
2019-09-17,143.99961853027344,157.49000549316406,157.57000732421875,156.4499969482422,157.36000061035156,22986700
2019-09-18,143.1126708984375,156.52000427246094,157.5,155.07000732421875,157.47999572753906,19735700
2019-09-19,142.4178009033203,155.75999450683594,157.82000732421875,155.52999877929688,156.8000030517578,21531600
2019-09-20,142.1160125732422,155.42999267578125,156.64999389648438,154.4499969482422,155.63999938964844,22707200
2019-09-23,142.00633239746094,155.30999755859375,155.9499969482422,154.55999755859375,154.86000061035156,14944600
2019-09-24,139.8629150390625,152.42999267578125,155.2899932861328,151.83999633789062,155.14999389648438,27576700
2019-09-25,141.39529418945312,154.10000610351562,154.36000061035156,151.8000030517578,152.27999877929688,21917500
2019-09-26,139.81710815429688,152.3800048828125,153.9199981689453,151.9499969482422,153.9199981689453,20641600
2019-09-27,138.6976776123047,151.16000366210938,153.22000122070312,150.5,152.82000732421875,20181900
2019-09-30,138.86276245117188,151.33999633789062,152.25999450683594,150.7899932861328,151.3699951171875,16905400
2019-10-01,136.13766479492188,148.3699951171875,153.35000610351562,148.0500030517578,152.11000061035156,34093500
2019-10-02,135.11000061035156,147.25,147.6300048828125,145.86000061035156,147.6300048828125,24894600
2019-10-03,135.55963134765625,147.74000549316406,147.94000244140625,144.92999267578125,146.69000244140625,25362800
2019-10-04,136.84417724609375,149.13999938964844,149.25,147.1199951171875,147.99000549316406,18640400
2019-10-07,136.60557556152344,148.8800048828125,150.07000732421875,148.1199951171875,148.77999877929688,15762800
2019-10-08,134.38514709472656,146.4600067138672,147.92999267578125,146.11000061035156,147.4199981689453,18110600
2019-10-09,134.99986267089844,147.1300048828125,147.69000244140625,146.63999938964844,147.5399932861328,10929500
2019-10-10,135.54127502441406,147.72000122070312,148.5,147.10000610351562,147.33999633789062,16349000
2019-10-11,137.8351593017578,150.22000122070312,151.9600067138672,147.69000244140625,149.7899932861328,29236300
2019-10-14,137.33050537109375,149.6699981689453,150.14999389648438,149.10000610351562,149.91000366210938,10692600
2019-10-15,138.90866088867188,151.38999938964844,152.1300048828125,149.7899932861328,150.1699981689453,16801200
2019-10-16,139.0554962158203,151.5500030517578,152.27000427246094,151.13999938964844,151.2100067138672,13119100
2019-10-17,140.69790649414062,153.33999633789062,153.50999450683594,152.0500030517578,152.2899932861328,13175800
2019-10-18,140.028076171875,152.61000061035156,153.5,151.4499969482422,152.92999267578125,14490200
2019-10-21,141.34022521972656,154.0399932861328,154.97999572753906,153.91000366210938,154.1699981689453,17450300
2019-10-22,141.4961700439453,154.2100067138672,155.0500030517578,153.74000549316406,154.1999969482422,12471800
2019-10-23,141.67047119140625,154.39999389648438,154.75,153.5500030517578,154.33999633789062,8728000
2019-10-24,141.46864318847656,154.17999267578125,155.05999755859375,153.47000122070312,154.9499969482422,9091400
2019-10-25,142.22103881835938,155.0,155.52999877929688,153.89999389648438,153.91000366210938,10531500
2019-10-28,143.4505615234375,156.33999633789062,156.97999572753906,155.00999450683594,155.66000366210938,15392400
2019-10-29,143.9185028076172,156.85000610351562,157.33999633789062,155.86000061035156,156.00999450683594,11978300
2019-10-30,143.44142150878906,156.3300018310547,156.80999755859375,155.27999877929688,156.7899932861328,14451500
2019-10-31,142.63394165039062,155.4499969482422,156.10000610351562,154.24000549316406,156.10000610351562,17344200
2019-11-01,145.0654754638672,158.10000610351562,158.19000244140625,156.0500030517578,156.39999389648438,18421600
2019-11-04,145.84536743164062,158.9499969482422,159.6999969482422,158.47000122070312,159.39999389648438,16182000
2019-11-05,146.0289306640625,159.14999389648438,160.4600067138672,158.97000122070312,159.39999389648438,13760200
2019-11-06,145.1847381591797,158.22999572753906,158.99000549316406,157.80999755859375,158.99000549316406,16025500
2019-11-07,145.5701446533203,158.64999389648438,160.1699981689453,158.1699981689453,159.74000549316406,13448900
2019-11-08,145.96466064453125,159.0800018310547,159.27000427246094,157.9499969482422,158.27999877929688,11967400
2019-11-11,145.68939208984375,158.77999877929688,158.89999389648438,157.8800048828125,158.02999877929688,10508700
2019-11-12,145.73529052734375,158.8300018310547,159.8800048828125,158.49000549316406,158.92999267578125,14316900
2019-11-13,145.11134338378906,158.14999389648438,158.5,157.19000244140625,157.74000549316406,14514400
2019-11-14,145.0654754638672,158.10000610351562,158.91000366210938,157.7899932861328,157.92999267578125,13054000
2019-11-15,145.81790161132812,158.9199981689453,159.2899932861328,158.35000610351562,159.22999572753906,13119200
2019-11-18,145.4508819580078,158.52000427246094,158.74000549316406,157.94000244140625,158.72000122070312,10759500
2019-11-19,145.99221801757812,159.11000061035156,159.6999969482422,158.30999755859375,159.11000061035156,15203700
2019-11-20,145.441650390625,158.50999450683594,159.60000610351562,157.25999450683594,158.5500030517578,21314300
2019-11-21,144.72598266601562,157.72999572753906,158.88999938964844,157.22999572753906,158.82000732421875,15388300
2019-11-22,145.17555236816406,158.22000122070312,158.5399932861328,157.35000610351562,158.30999755859375,13482400
2019-11-25,148.2585906982422,161.5800018310547,161.8300018310547,158.88999938964844,159.02999877929688,24753000
2019-11-26,148.3594970703125,161.69000244140625,162.5399932861328,161.2899932861328,161.75,15496700
2019-11-27,149.40550231933594,162.8300018310547,162.92999267578125,162.0800018310547,162.3800048828125,13202500
2019-11-29,148.432861328125,161.77000427246094,162.7899932861328,161.6699981689453,162.41000366210938,9988200
2019-12-02,146.98316955566406,160.19000244140625,162.2100067138672,159.91000366210938,162.14999389648438,17190900
2019-12-03,146.5152130126953,159.67999267578125,159.75999450683594,158.10000610351562,158.82000732421875,14884400
2019-12-04,147.52450561523438,160.77999877929688,161.22000122070312,160.3000030517578,160.5,10833200
2019-12-05,147.67137145996094,160.94000244140625,161.64999389648438,160.4499969482422,161.47000122070312,11470700
2019-12-06,149.39633178710938,162.82000732421875,163.41000366210938,162.5,162.58999633789062,16486200
2019-12-09,149.1118621826172,162.50999450683594,163.16000366210938,162.38999938964844,162.75,13476700
2019-12-10,149.2036590576172,162.61000061035156,162.9600067138672,161.94000244140625,162.41000366210938,13704400
2019-12-11,149.1577606201172,162.55999755859375,163.0800018310547,161.9499969482422,162.8800048828125,19612200
2019-12-12,150.4423370361328,163.9600067138672,165.10000610351562,162.25,162.75,24857000
2019-12-13,149.86431884765625,163.3300018310547,164.80999755859375,162.5500030517578,163.72999572753906,23279600
2019-12-16,150.9206085205078,163.8800048828125,164.85000610351562,163.74000549316406,164.05999755859375,20115300
2019-12-17,151.67578125,164.6999969482422,164.6999969482422,163.6999969482422,164.13999938964844,12980000
2019-12-18,151.970458984375,165.02000427246094,165.27999877929688,164.32000732421875,165.05999755859375,15379300
2019-12-19,152.62429809570312,165.72999572753906,165.72999572753906,164.8800048828125,165.27999877929688,11919800
2019-12-20,152.84532165527344,165.97000122070312,166.41000366210938,165.72000122070312,166.14999389648438,25449500
2019-12-23,153.14923095703125,166.3000030517578,166.36000061035156,165.36000061035156,166.24000549316406,13372100
2019-12-24,153.49913024902344,166.67999267578125,166.6999969482422,166.0399932861328,166.4499969482422,4334500
2019-12-26,153.49913024902344,166.67999267578125,166.97999572753906,166.36000061035156,166.8300018310547,9371200
2019-12-27,152.74403381347656,165.86000061035156,167.1199951171875,165.42999267578125,167.1199951171875,12261800
2019-12-30,152.35723876953125,165.44000244140625,166.2100067138672,164.57000732421875,165.97999572753906,14912700
2019-12-31,152.56903076171875,165.6699981689453,166.35000610351562,164.7100067138672,165.0800018310547,17362400
2020-01-02,152.6703338623047,165.77999877929688,166.75,164.22999572753906,166.74000549316406,18297500
2020-01-03,152.07174682617188,165.1300048828125,165.41000366210938,163.6999969482422,163.74000549316406,19295600
2020-01-06,152.27438354492188,165.35000610351562,165.5399932861328,163.5399932861328,163.85000610351562,17150900
2020-01-07,151.76785278320312,164.8000030517578,165.33999633789062,164.2100067138672,164.85000610351562,11817900
2020-01-08,152.23748779296875,165.30999755859375,166.02999877929688,164.72000122070312,164.82000732421875,13832400
2020-01-09,152.42169189453125,165.50999450683594,166.4499969482422,165.25999450683594,166.1199951171875,11895400
2020-01-10,151.85072326660156,164.88999938964844,165.69000244140625,164.1999969482422,165.5500030517578,15353000
2020-01-13,152.8361358642578,165.9600067138672,166.0399932861328,164.07000732421875,164.94000244140625,17271100
2020-01-14,153.3978729248047,166.57000732421875,167.58999633789062,164.97999572753906,165.13999938964844,18323000
2020-01-15,154.13458251953125,167.3699951171875,167.9499969482422,166.13999938964844,166.14999389648438,15437200
2020-01-16,156.12380981445312,169.52999877929688,169.8699951171875,168.42999267578125,168.58999633789062,19976200
2020-01-17,155.70018005371094,169.07000732421875,170.55999755859375,168.6699981689453,170.27999877929688,18306400
2020-01-21,154.41087341308594,167.6699981689453,168.99000549316406,167.27000427246094,168.36000061035156,17935100
2020-01-22,154.30958557128906,167.55999755859375,168.6199951171875,167.17999267578125,168.19000244140625,14916300
2020-01-23,154.20826721191406,167.4499969482422,167.97000122070312,165.4499969482422,167.10000610351562,15954300
2020-01-24,152.31118774414062,165.38999938964844,168.00999450683594,164.22999572753906,168.00999450683594,20491400
2020-01-27,150.57984924316406,163.50999450683594,164.49000549316406,162.4199981689453,162.85000610351562,18539000
2020-01-28,151.832275390625,164.8699951171875,165.39999389648438,163.49000549316406,164.5,16690400
2020-01-29,150.9665985107422,163.92999267578125,165.55999755859375,163.89999389648438,165.10000610351562,14944400
2020-01-30,150.9665985107422,163.92999267578125,164.13999938964844,161.92999267578125,162.83999633789062,21889700
2020-01-31,147.8354949951172,160.52999877929688,163.9199981689453,160.02999877929688,163.32000732421875,30439000
2020-02-03,149.4840087890625,162.32000732421875,162.92999267578125,161.49000549316406,161.60000610351562,17373200
2020-02-04,151.74020385742188,164.77000427246094,165.30999755859375,164.16000366210938,164.30999755859375,15994200
2020-02-05,154.07936096191406,167.30999755859375,167.52999877929688,165.69000244140625,166.47999572753906,17807000
2020-02-06,153.7293701171875,166.92999267578125,168.14999389648438,166.75999450683594,167.88999938964844,14768900
2020-02-07,151.8415069580078,164.8800048828125,166.36000061035156,164.39999389648438,166.2899932861328,18029600
2020-02-10,152.69793701171875,165.80999755859375,165.88999938964844,164.4600067138672,164.55999755859375,11428800
2020-02-11,153.75704956054688,166.9600067138672,167.9600067138672,166.27000427246094,166.7899932861328,15005600
2020-02-12,154.81605529785156,168.11000061035156,168.2899932861328,167.27999877929688,168.02000427246094,12123000
2020-02-13,155.22129821777344,168.5500030517578,168.9499969482422,167.11000061035156,167.22000122070312,12649300
2020-02-14,154.6226806640625,167.89999389648438,168.77999877929688,167.33999633789062,168.6999969482422,16006200
2020-02-18,154.2911834716797,167.5399932861328,168.05999755859375,166.42999267578125,167.5,13412100
2020-02-19,155.0831298828125,168.39999389648438,169.13999938964844,167.52999877929688,168.1699981689453,11084600
2020-02-20,155.460693359375,168.80999755859375,169.11000061035156,166.58999633789062,167.89999389648438,20383800
2020-02-21,153.88595581054688,167.10000610351562,168.6300048828125,166.3300018310547,168.14999389648438,18729900
2020-02-24,149.25375366210938,162.07000732421875,167.05999755859375,161.10000610351562,161.86000061035156,28239500
2020-02-25,143.94923400878906,156.30999755859375,162.75999450683594,155.9600067138672,162.52000427246094,45047000
2020-02-26,142.2823028564453,154.5,158.49000549316406,154.22000122070312,157.0500030517578,39465000
2020-02-27,137.2725372314453,149.05999755859375,155.00999450683594,148.82000732421875,151.35000610351562,50530300
2020-02-28,134.75840759277344,146.3300018310547,149.1300048828125,143.91000366210938,144.85000610351562,72036400
2020-03-02,139.08676147460938,151.02999877929688,151.22999572753906,145.38999938964844,147.97000122070312,33569300
2020-03-03,136.25033569335938,147.9499969482422,154.1999969482422,146.30999755859375,151.08999633789062,42941300
2020-03-04,140.1273651123047,152.16000366210938,152.4499969482422,148.52000427246094,150.27999877929688,36195800
2020-03-05,135.67015075683594,147.32000732421875,152.47999572753906,145.49000549316406,148.83999633789062,32729400
2020-03-06,132.98104858398438,144.39999389648438,145.97999572753906,140.99000549316406,142.7100067138672,39688300
2020-03-09,120.05130767822266,130.36000061035156,136.1699981689453,130.25999450683594,134.1300048828125,56320000
2020-03-10,123.79946899414062,134.42999267578125,134.8000030517578,128.02000427246094,134.7100067138672,54432700
2020-03-11,115.9255599975586,125.87999725341797,132.27000427246094,124.16999816894531,130.9199981689453,51354800
2020-03-12,103.11555480957031,111.97000122070312,119.9000015258789,111.5999984741211,116.7699966430664,70114300
2020-03-13,110.02246856689453,119.47000122070312,119.95999908447266,109.55000305175781,118.30999755859375,57915100
2020-03-16,95.42587280273438,103.62000274658203,111.30000305175781,101.43000030517578,108.62000274658203,59095700
2020-03-17,99.80023956298828,108.37000274658203,110.5,100.61000061035156,104.95999908447266,59344800
2020-03-18,92.06449890136719,99.97000122070312,106.77999877929688,96.25,103.05000305175781,62296700
2020-03-19,95.65609741210938,103.87000274658203,106.80000305175781,95.69000244140625,99.66000366210938,62654700
2020-03-20,93.38143157958984,101.4000015258789,108.76000213623047,100.44999694824219,106.12000274658203,76203700
2020-03-23,92.00003051757812,99.9000015258789,102.18000030517578,95.91000366210938,101.9000015258789,63534700
2020-03-24,100.41726684570312,109.04000091552734,109.33000183105469,99.93000030517578,105.37000274658203,73386700
2020-03-25,101.66531372070312,109.97000122070312,114.0,106.0199966430664,109.4800033569336,56043700
2020-03-26,107.98876953125,116.80999755859375,117.5999984741211,111.19999694824219,111.54000091552734,51657600
2020-03-27,104.05970764160156,112.55999755859375,116.0199966430664,110.87000274658203,112.25,39931500
2020-03-30,106.35243225097656,115.04000091552734,115.26000213623047,110.80000305175781,113.23999786376953,41552100
2020-03-31,105.81623840332031,114.45999908447266,116.16999816894531,111.95999908447266,114.5999984741211,52948000
2020-04-01,98.60527801513672,106.66000366210938,110.37999725341797,105.52999877929688,108.69999694824219,54224200
2020-04-02,99.53900146484375,107.66999816894531,110.38999938964844,104.56999969482422,105.72000122070312,43774200
2020-04-03,96.71934509277344,104.62000274658203,108.0,102.5999984741211,106.58999633789062,42189200
2020-04-06,104.12443542480469,112.62999725341797,113.33999633789062,109.0199966430664,109.08999633789062,48708100
2020-04-07,104.39254760742188,112.91999816894531,118.63999938964844,112.38999938964844,116.87999725341797,57546100
2020-04-08,109.15363311767578,118.06999969482422,119.23999786376953,113.29000091552734,114.87999725341797,52822300
2020-04-09,114.37693786621094,123.72000122070312,124.61000061035156,121.33000183105469,121.91999816894531,69528600
2020-04-13,111.27992248535156,120.37000274658203,123.51000213623047,119.12000274658203,122.8499984741211,40198200
2020-04-14,113.53563690185547,122.80999755859375,124.87999725341797,121.30000305175781,123.9000015258789,35089700
2020-04-15,108.90401458740234,117.80000305175781,119.11000061035156,116.66000366210938,117.86000061035156,34809900
2020-04-16,108.08123779296875,116.91000366210938,118.41999816894531,114.55999755859375,118.08999633789062,49501300
2020-04-17,112.84229278564453,122.05999755859375,122.72000122070312,120.05999755859375,121.9000015258789,46250200
2020-04-20,111.51106262207031,120.62000274658203,122.9000015258789,119.04000091552734,119.58999633789062,36700500
2020-04-21,108.84851837158203,117.73999786376953,119.23999786376953,116.4800033569336,117.41999816894531,31608900
2020-04-22,110.1705551147461,119.16999816894531,120.98999786376953,118.7699966430664,120.31999969482422,24333800
2020-04-23,111.25218200683594,120.33999633789062,122.9000015258789,119.68000030517578,120.11000061035156,38571200
2020-04-24,113.1658706665039,122.41000366210938,123.31999969482422,120.08999633789062,121.52999877929688,27147500
2020-04-27,117.64959716796875,127.26000213623047,128.44000244140625,123.86000061035156,123.94999694824219,39021300
2020-04-28,119.35989379882812,129.11000061035156,131.4600067138672,127.27999877929688,131.1199951171875,47292700
2020-04-29,125.23031616210938,135.4600067138672,136.85000610351562,131.8800048828125,133.49000549316406,50390500
2020-04-30,120.46927642822266,130.30999755859375,132.94000244140625,130.13999938964844,131.89999389648438,43727500
2020-05-01,115.689697265625,125.13999938964844,127.45999908447266,123.29000091552734,127.1500015258789,43352000
2020-05-04,116.18895721435547,125.68000030517578,125.9000015258789,122.25,123.5999984741211,28498200
2020-05-05,117.08567810058594,126.6500015258789,129.9199981689453,126.0999984741211,128.07000732421875,31209400
2020-05-06,116.22590637207031,125.72000122070312,128.1999969482422,125.0,127.48999786376953,29836800
2020-05-07,117.81602478027344,127.44000244140625,128.5,126.55000305175781,127.38999938964844,27493000
2020-05-08,122.36447143554688,132.36000061035156,132.75,129.19000244140625,130.16000366210938,32122900
2020-05-11,121.7542953491211,131.6999969482422,132.9499969482422,129.3300018310547,130.41000366210938,33983200
2020-05-12,117.38152313232422,126.97000122070312,132.2899932861328,126.83999633789062,132.25999450683594,44275300
2020-05-13,113.45245361328125,122.72000122070312,126.08000183105469,120.41000366210938,125.6500015258789,58719300
2020-05-14,113.82223510742188,123.12000274658203,123.2699966430664,117.18000030517578,119.97000122070312,55904300
2020-05-15,115.63424682617188,125.08000183105469,125.52999877929688,121.45999908447266,122.01000213623047,40236600
2020-05-18,122.66029357910156,132.67999267578125,133.38999938964844,130.8300018310547,131.4499969482422,46981100
2020-05-19,120.23815155029297,130.05999755859375,133.4499969482422,130.05999755859375,132.22000122070312,30270000
2020-05-20,123.88059997558594,134.0,134.97999572753906,132.3800048828125,132.72999572753906,35901300
2020-05-21,124.10250854492188,134.24000549316406,135.05999755859375,132.5800018310547,134.0500030517578,32716500
2020-05-22,124.70340728759766,134.88999938964844,135.0500030517578,133.02000427246094,134.6699981689453,24035200
2020-05-26,128.29966735839844,138.77999877929688,140.3800048828125,134.99000549316406,140.08999633789062,36971000
2020-05-27,132.28416442871094,143.08999633789062,143.5,137.3300018310547,141.57000732421875,42682000
2020-05-28,129.15020751953125,139.6999969482422,144.74000549316406,137.5800018310547,144.74000549316406,42105000
2020-05-29,128.41053771972656,138.89999389648438,139.27999877929688,136.41000366210938,138.3000030517578,41536400
2020-06-01,129.64012145996094,140.22999572753906,141.6699981689453,138.61000061035156,139.25999450683594,25567500
2020-06-02,130.71255493164062,141.38999938964844,141.85000610351562,139.55999755859375,141.07000732421875,24666200
2020-06-03,133.8650665283203,144.8000030517578,146.07000732421875,143.11000061035156,143.6699981689453,36111700
2020-06-04,133.6708984375,144.58999633789062,145.60000610351562,143.17999267578125,143.83999633789062,28904700
2020-06-05,138.8386993408203,150.17999267578125,152.32000732421875,149.5500030517578,150.86000061035156,53513400
2020-06-08,141.5289764404297,153.08999633789062,153.38999938964844,151.6300048828125,152.35000610351562,33834300
2020-06-09,138.9127197265625,150.25999450683594,151.77000427246094,149.05999755859375,150.86000061035156,39646000
2020-06-10,135.1407928466797,146.17999267578125,150.25999450683594,145.89999389648438,150.08999633789062,51774500
2020-06-11,124.83281707763672,135.02999877929688,141.02999877929688,134.77000427246094,140.14999389648438,72041500
2020-06-12,127.82809448242188,138.27000427246094,141.02000427246094,134.14999389648438,140.3300018310547,63864900
2020-06-15,130.78355407714844,140.99000549316406,142.05999755859375,133.27999877929688,133.27999877929688,57354800
2020-06-16,133.92811584472656,144.3800048828125,146.69000244140625,141.02999877929688,146.69000244140625,48957000
2020-06-17,131.50704956054688,141.77000427246094,144.99000549316406,141.32000732421875,144.58999633789062,34811400
2020-06-18,131.4606475830078,141.72000122070312,143.30999755859375,139.80999755859375,140.3699951171875,26974100
2020-06-19,130.78355407714844,140.99000549316406,144.50999450683594,139.83999633789062,144.4199981689453,50293800
2020-06-22,132.09146118164062,142.39999389648438,142.55999755859375,138.8300018310547,140.24000549316406,28983200
2020-06-23,132.6479949951172,143.0,144.66000366210938,142.64999389648438,144.32000732421875,20344200
2020-06-24,128.34393310546875,138.36000061035156,141.60000610351562,136.30999755859375,141.10000610351562,42998700
2020-06-25,130.28262329101562,140.4499969482422,140.5800018310547,136.2899932861328,137.7100067138672,37191200
2020-06-26,126.77622985839844,136.6699981689453,139.8300018310547,136.49000549316406,139.47999572753906,39100100
2020-06-29,130.9226837158203,141.13999938964844,141.99000549316406,137.10000610351562,138.7100067138672,33935200
2020-06-30,132.81497192382812,143.17999267578125,143.6199951171875,140.58999633789062,140.6699981689453,32865900
2020-07-01,131.553466796875,141.82000732421875,144.50999450683594,141.24000549316406,143.64999389648438,26457500
2020-07-02,132.09146118164062,142.39999389648438,145.27999877929688,141.88999938964844,144.55999755859375,24022400
2020-07-06,133.04690551757812,143.42999267578125,145.6999969482422,142.92999267578125,145.32000732421875,19858200
2020-07-07,130.6907501220703,140.88999938964844,143.44000244140625,140.47999572753906,142.17999267578125,22661000
2020-07-08,131.6647186279297,141.94000244140625,142.5,139.10000610351562,140.75999450683594,27358900
2020-07-09,129.00250244140625,139.07000732421875,142.35000610351562,137.24000549316406,142.02000427246094,34647800
2020-07-10,131.080322265625,141.30999755859375,141.5,138.4600067138672,139.13999938964844,24008200
2020-07-13,129.41990661621094,139.52000427246094,144.63999938964844,139.38999938964844,142.8000030517578,34235500
2020-07-14,131.56275939941406,141.8300018310547,141.97999572753906,138.63999938964844,139.42999267578125,28114000
2020-07-15,136.38629150390625,147.02999877929688,147.77999877929688,144.7899932861328,145.4199981689453,40770100
2020-07-16,135.5792694091797,146.16000366210938,146.6699981689453,144.8800048828125,146.11000061035156,30530800
2020-07-17,135.9780731201172,146.58999633789062,147.58999633789062,145.50999450683594,146.67999267578125,20644100
2020-07-20,135.3937225341797,145.9600067138672,146.85000610351562,145.14999389648438,146.1199951171875,19663300
2020-07-21,137.3138427734375,148.02999877929688,149.16000366210938,147.1999969482422,147.47000122070312,24503800
2020-07-22,137.38812255859375,148.11000061035156,148.6699981689453,147.02999877929688,147.08999633789062,24424800
2020-07-23,137.5272216796875,148.25999450683594,150.1999969482422,146.6999969482422,147.97999572753906,21704900
2020-07-24,135.50506591796875,146.0800018310547,147.6699981689453,145.55999755859375,147.2899932861328,20015500
2020-07-27,136.91502380371094,147.60000610351562,147.69000244140625,145.38999938964844,146.19000244140625,13370700
2020-07-28,135.55140686035156,146.1300048828125,148.0399932861328,146.05999755859375,147.07000732421875,13268000
2020-07-29,138.53834533691406,149.35000610351562,149.4499969482422,146.97999572753906,147.0,19864400
2020-07-30,137.9910430908203,148.75999450683594,149.1199951171875,146.3300018310547,147.13999938964844,23618900
2020-07-31,136.69236755371094,147.36000061035156,148.4199981689453,144.6699981689453,148.13999938964844,29881500
2020-08-03,138.9186248779297,149.75999450683594,149.97000122070312,147.22000122070312,148.2899932861328,20777100
2020-08-04,139.8740692138672,150.7899932861328,150.92999267578125,149.0399932861328,149.38999938964844,20285000
2020-08-05,142.65692138671875,153.7899932861328,153.88999938964844,151.77999877929688,152.2899932861328,18190200
2020-08-06,142.6012420654297,153.72999572753906,154.44000244140625,152.91000366210938,153.8000030517578,18237700
2020-08-07,144.8645782470703,156.1699981689453,156.25,153.14999389648438,153.4499969482422,20475200
2020-08-10,146.36737060546875,157.7899932861328,158.8300018310547,156.64999389648438,156.64999389648438,24000500
2020-08-11,145.52320861816406,156.8800048828125,159.82000732421875,156.16000366210938,159.27000427246094,30359400
2020-08-12,146.11688232421875,157.52000427246094,158.88999938964844,156.49000549316406,158.6699981689453,23378300
2020-08-13,145.81076049804688,157.19000244140625,158.52999877929688,156.64999389648438,156.99000549316406,15799900
2020-08-14,145.71798706054688,157.08999633789062,157.75999450683594,155.8699951171875,156.27999877929688,13360900
2020-08-17,146.46934509277344,157.89999389648438,158.02999877929688,156.74000549316406,157.5,9744200
2020-08-18,145.06869506835938,156.38999938964844,157.85000610351562,155.7100067138672,157.85000610351562,14670400
2020-08-19,145.0779571533203,156.39999389648438,158.0399932861328,156.19000244140625,156.92999267578125,14337300
2020-08-20,144.48428344726562,155.75999450683594,156.49000549316406,154.5399932861328,154.8000030517578,15413000
2020-08-21,143.4175567626953,154.61000061035156,155.72000122070312,153.60000610351562,155.14999389648438,20685100
2020-08-24,144.92025756835938,156.22999572753906,156.27000427246094,154.3300018310547,155.86000061035156,13707100
2020-08-25,145.0779571533203,156.39999389648438,156.82000732421875,154.7899932861328,156.80999755859375,16269700
2020-08-26,144.16888427734375,155.4199981689453,156.77000427246094,155.17999267578125,156.5,13772700
2020-08-27,144.52139282226562,155.8000030517578,157.0,154.6300048828125,156.1199951171875,17508400
2020-08-28,145.745849609375,157.1199951171875,157.1999969482422,155.72999572753906,156.60000610351562,12371400
2020-08-31,144.1781768798828,155.42999267578125,157.3699951171875,155.3000030517578,157.19000244140625,17051500
2020-09-01,145.829345703125,157.2100067138672,157.30999755859375,154.4499969482422,155.22000122070312,15638800
2020-09-02,146.98886108398438,158.4600067138672,158.97999572753906,156.17999267578125,157.9600067138672,16763400
2020-09-03,142.64764404296875,153.77999877929688,158.2899932861328,152.9600067138672,158.1199951171875,32117600
2020-09-04,141.73858642578125,152.8000030517578,155.88999938964844,149.2899932861328,155.7100067138672,30618800
2020-09-08,139.01141357421875,149.86000061035156,152.47999572753906,149.0,151.17999267578125,26447800
2020-09-09,141.1170654296875,152.1300048828125,152.77999877929688,150.57000732421875,151.42999267578125,20160800
2020-09-10,139.2803955078125,150.14999389648438,153.8800048828125,150.05999755859375,152.8300018310547,23005500
2020-09-11,138.3528289794922,149.14999389648438,151.0500030517578,147.67999267578125,150.9199981689453,20851000
2020-09-14,141.99832153320312,153.0800018310547,153.42999267578125,150.3699951171875,150.58999633789062,21991300
2020-09-15,142.26731872558594,153.3699951171875,154.6999969482422,152.86000061035156,154.3800048828125,16175500
2020-09-16,143.61233520507812,154.82000732421875,156.85000610351562,153.83999633789062,154.11000061035156,22178400
2020-09-17,142.56414794921875,153.69000244140625,154.39999389648438,151.75,152.6199951171875,20002900
2020-09-18,142.1930389404297,153.2899932861328,155.2899932861328,151.13999938964844,153.97999572753906,38352800
2020-09-21,137.2118377685547,147.9199981689453,150.25999450683594,146.3300018310547,149.82000732421875,40652500
2020-09-22,138.26931762695312,149.05999755859375,149.3000030517578,146.55999755859375,148.64999389648438,19385800
2020-09-23,134.14993286132812,144.07000732421875,149.42999267578125,143.97999572753906,148.41000366210938,33403400
2020-09-24,134.14993286132812,144.07000732421875,146.52999877929688,142.08999633789062,144.0399932861328,31723700
2020-09-25,136.32882690429688,146.41000366210938,146.85000610351562,143.35000610351562,143.44000244140625,20689300
2020-09-28,139.6902313232422,150.02000427246094,150.44000244140625,146.39999389648438,148.3699951171875,17600900
2020-09-29,139.05706787109375,149.33999633789062,150.27999877929688,148.0,149.85000610351562,18683800
2020-09-30,139.47607421875,149.7899932861328,151.97000122070312,148.49000549316406,149.89999389648438,29073700
2020-10-01,141.7014617919922,152.17999267578125,152.1999969482422,149.49000549316406,150.80999755859375,25872000
2020-10-02,142.3253936767578,152.85000610351562,153.5800018310547,148.99000549316406,149.41000366210938,29452000
2020-10-05,146.2548370361328,157.07000732421875,157.30999755859375,154.47999572753906,154.49000549316406,18553600
2020-10-06,145.83578491210938,156.6199951171875,161.00999450683594,156.33999633789062,158.5,36348000
2020-10-07,149.0203399658203,160.0399932861328,160.55999755859375,158.4600067138672,158.58999633789062,27049700
2020-10-08,150.71498107910156,161.86000061035156,162.27999877929688,160.5800018310547,161.72000122070312,37278600
2020-10-09,151.49716186523438,162.6999969482422,163.7100067138672,161.80999755859375,163.35000610351562,25038100
2020-10-12,152.51210021972656,163.7899932861328,164.24000549316406,162.60000610351562,163.39999389648438,20336200
2020-10-13,151.49716186523438,162.6999969482422,163.22000122070312,161.47999572753906,162.52000427246094,20106500
2020-10-14,149.99803161621094,161.08999633789062,163.91000366210938,160.94000244140625,163.00999450683594,19024900
2020-10-15,151.543701171875,162.75,163.17999267578125,158.80999755859375,159.2899932861328,22865100
2020-10-16,151.17127990722656,162.35000610351562,163.6999969482422,162.30999755859375,163.2100067138672,17637900
2020-10-19,149.36485290527344,160.41000366210938,164.02999877929688,160.02999877929688,162.8800048828125,18360600
2020-10-20,149.69068908691406,160.75999450683594,162.4499969482422,160.33999633789062,161.55999755859375,18927700
2020-10-21,148.40577697753906,159.3800048828125,161.3699951171875,159.2899932861328,160.8699951171875,17504100
2020-10-22,150.9664306640625,162.1300048828125,162.19000244140625,159.17999267578125,160.13999938964844,20673900
2020-10-23,151.8416748046875,163.07000732421875,163.3300018310547,161.25,163.07000732421875,20889800
2020-10-26,148.5640411376953,159.5500030517578,161.3699951171875,157.3800048828125,160.9199981689453,26509900
2020-10-27,147.28839111328125,158.17999267578125,160.05999755859375,157.94000244140625,159.4499969482422,20523000
2020-10-28,142.75363159179688,153.30999755859375,155.44000244140625,153.0399932861328,154.66000366210938,32338700
2020-10-29,144.4577178955078,155.13999938964844,155.7899932861328,151.6699981689453,152.77000427246094,27203200
2020-10-30,142.5488739013672,153.08999633789062,155.27999877929688,151.38999938964844,154.32000732421875,31764500
2020-11-02,145.09088134765625,155.82000732421875,155.88999938964844,153.6699981689453,154.77000427246094,25252100
2020-11-03,149.20654296875,160.24000549316406,161.22999572753906,158.05999755859375,158.42999267578125,30257400
2020-11-04,149.3740997314453,160.4199981689453,162.35000610351562,157.7100067138672,157.75,45226300
2020-11-05,153.55499267578125,164.91000366210938,165.5800018310547,161.91000366210938,162.00999450683594,31911000
2020-11-06,152.3538055419922,163.6199951171875,165.7100067138672,163.3000030517578,165.6199951171875,24930400
2020-11-09,157.87550354003906,169.5500030517578,178.10000610351562,169.3300018310547,176.9499969482422,55052700
2020-11-10,160.80857849121094,172.6999969482422,173.3300018310547,169.75,171.1999969482422,35492200
2020-11-11,160.7434539794922,172.6300048828125,173.47999572753906,170.86000061035156,173.33999633789062,23972600
2020-11-12,158.27584838867188,169.97999572753906,172.63999938964844,168.33999633789062,171.39999389648438,33986800
2020-11-13,161.553466796875,173.5,174.1300048828125,171.30999755859375,171.35000610351562,25440400
2020-11-16,165.39913940429688,177.6300048828125,177.77999877929688,175.39999389648438,176.49000549316406,31812300
2020-11-17,166.17198181152344,178.4600067138672,178.8000030517578,174.27999877929688,176.0399932861328,26154500
2020-11-18,163.84410095214844,175.9600067138672,179.72000122070312,175.86000061035156,178.94000244140625,24377800
2020-11-19,165.10116577148438,177.30999755859375,177.58999633789062,175.07000732421875,175.64999389648438,20187600
2020-11-20,165.27806091308594,177.5,177.94000244140625,175.8300018310547,176.6699981689453,24898800
2020-11-23,168.36949157714844,180.82000732421875,181.99000549316406,178.72999572753906,179.25,24816000
2020-11-24,171.5353546142578,184.22000122070312,185.44000244140625,182.36000061035156,183.38999938964844,34945400
2020-11-25,170.94873046875,183.58999633789062,184.30999755859375,181.88999938964844,183.5,21082700
2020-11-27,171.67503356933594,184.3699951171875,184.49000549316406,183.22000122070312,183.72000122070312,10384400
2020-11-30,168.55569458007812,181.02000427246094,184.32000732421875,180.32000732421875,183.82000732421875,25481600
2020-12-01,170.12002563476562,182.6999969482422,184.22000122070312,181.02000427246094,183.60000610351562,30265000
2020-12-02,170.29693603515625,182.88999938964844,183.47999572753906,180.75999450683594,181.9499969482422,20142800
2020-12-03,171.25604248046875,183.9199981689453,185.17999267578125,182.94000244140625,183.33999633789062,19603600
2020-12-04,175.2412872314453,188.1999969482422,188.4499969482422,183.9199981689453,185.02000427246094,24415700
2020-12-07,175.408935546875,188.3800048828125,188.9499969482422,187.44000244140625,188.22999572753906,14671500
2020-12-08,177.66232299804688,190.8000030517578,190.97999572753906,187.0800018310547,187.1199951171875,20165600
2020-12-09,176.3680419921875,189.41000366210938,192.80999755859375,187.89999389648438,192.02000427246094,29507600
2020-12-10,178.072021484375,191.24000549316406,191.64999389648438,187.30999755859375,187.75999450683594,21245300
2020-12-11,177.19671630859375,190.3000030517578,191.72000122070312,188.3000030517578,189.99000549316406,30865000
2020-12-14,177.404052734375,189.92999267578125,193.1199951171875,189.8800048828125,191.9600067138672,32237700
2020-12-15,181.84083557128906,194.67999267578125,194.89999389648438,190.72999572753906,191.75999450683594,26807000
2020-12-16,181.18701171875,193.97999572753906,195.2100067138672,192.9600067138672,195.1300048828125,25494600
2020-12-17,183.34463500976562,196.2899932861328,196.3800048828125,194.05999755859375,194.72999572753906,23834200
2020-12-18,182.45730590820312,195.33999633789062,197.8300018310547,194.8000030517578,196.61000061035156,37033400
2020-12-21,182.36392211914062,195.24000549316406,195.77999877929688,191.47999572753906,191.89999389648438,30873000
2020-12-22,184.43748474121094,197.4600067138672,197.72000122070312,195.38999938964844,195.99000549316406,21919700
2020-12-23,186.00668334960938,199.13999938964844,199.64999389648438,197.89999389648438,198.57000732421875,18392000
2020-12-24,185.88526916503906,199.00999450683594,199.94000244140625,198.05999755859375,199.92999267578125,8904900
2020-12-28,185.1940460205078,198.27000427246094,201.17999267578125,198.1300048828125,201.16000366210938,27168400
2020-12-29,181.60731506347656,194.42999267578125,199.0,193.44000244140625,198.63999938964844,33901300
2020-12-30,183.4567413330078,196.41000366210938,197.47999572753906,195.02999877929688,195.0500030517578,20595700
2020-12-31,183.1297607421875,196.05999755859375,196.83999633789062,194.6199951171875,196.6199951171875,24747700
2021-01-04,180.7386016845703,193.5,197.88999938964844,190.94000244140625,197.5399932861328,33664200
2021-01-05,183.5314483642578,196.49000549316406,197.6199951171875,193.07000732421875,193.08999633789062,27442900
2021-01-06,191.04122924804688,204.52999877929688,206.77999877929688,199.16000366210938,199.47999572753906,52952200
2021-01-07,194.44114685058594,208.1699981689453,208.52000427246094,205.6999969482422,205.7100067138672,24031400
2021-01-08,194.02081298828125,207.72000122070312,209.77000427246094,204.66000366210938,209.32000732421875,29017000
2021-01-11,193.8527069091797,207.5399932861328,208.1199951171875,204.8300018310547,205.08999633789062,20945100
2021-01-12,197.327392578125,211.25999450683594,211.38999938964844,208.49000549316406,208.52000427246094,24892200
2021-01-13,195.9169464111328,209.75,211.72999572753906,209.19000244140625,211.42999267578125,22782200
2021-01-14,199.83065795898438,213.94000244140625,215.0,211.1300048828125,211.24000549316406,33913700
2021-01-15,196.85104370117188,210.75,213.9600067138672,208.25999450683594,210.80999755859375,41043500
2021-01-19,199.37294006347656,213.4499969482422,213.61000061035156,211.72000122070312,213.33999633789062,19744300
2021-01-20,200.2509765625,214.38999938964844,215.97999572753906,213.07000732421875,214.36000061035156,25474200
2021-01-21,198.51361083984375,212.52999877929688,215.16000366210938,211.9499969482422,214.97000122070312,21180500
2021-01-22,200.8207244873047,215.0,215.3300018310547,209.5500030517578,210.49000549316406,24800200
2021-01-25,200.6245880126953,214.7899932861328,217.91000366210938,211.60000610351562,214.92999267578125,33985000
2021-01-26,199.2328338623047,213.3000030517578,216.69000244140625,212.77000427246094,216.3000030517578,23969800
2021-01-27,195.58071899414062,209.38999938964844,212.99000549316406,207.2899932861328,209.5,45830300
2021-01-28,194.9548797607422,208.72000122070312,212.3699951171875,207.6300048828125,210.83999633789062,32202500
2021-01-29,192.0032958984375,205.55999755859375,210.99000549316406,204.83999633789062,209.72999572753906,40591900
2021-02-01,196.72024536132812,210.61000061035156,211.57000732421875,205.75999450683594,208.1699981689453,26375100
2021-02-02,199.5224151611328,213.61000061035156,214.0500030517578,210.88999938964844,213.14999389648438,22773100
2021-02-03,200.1201934814453,214.25,214.74000549316406,211.58999633789062,213.6999969482422,23923200
2021-02-04,204.2019805908203,218.6199951171875,218.8300018310547,215.0800018310547,215.08999633789062,25400800
2021-02-05,207.0321502685547,221.64999389648438,221.83999633789062,218.77000427246094,220.94000244140625,23338800
2021-02-08,212.31886291503906,227.30999755859375,227.3300018310547,223.39999389648438,223.7899932861328,20831500
2021-02-09,213.3183135986328,228.3800048828125,229.6199951171875,226.30999755859375,227.1300048828125,19510900
2021-02-10,211.91720581054688,226.8800048828125,230.32000732421875,224.9499969482422,229.9199981689453,27955400
2021-02-11,211.6743621826172,226.6199951171875,229.0,223.4199981689453,228.13999938964844,25847600
2021-02-12,212.2721710205078,227.25999450683594,227.74000549316406,224.63999938964844,225.92999267578125,17440200
2021-02-16,210.93646240234375,225.8300018310547,229.6300048828125,224.7899932861328,229.47000122070312,22999500
2021-02-17,209.28321838378906,224.05999755859375,224.74000549316406,220.9600067138672,223.61000061035156,25042300
2021-02-18,206.0420684814453,220.58999633789062,222.89999389648438,219.38999938964844,222.33999633789062,24501500
2021-02-19,210.33868408203125,225.19000244140625,226.3000030517578,222.1699981689453,222.4600067138672,31238200
2021-02-22,208.97496032714844,223.72999572753906,226.38999938964844,222.97999572753906,223.50999450683594,23272100
2021-02-23,207.13491821289062,221.75999450683594,222.97999572753906,215.55999755859375,220.9600067138672,38646800
2021-02-24,212.02932739257812,227.0,227.4499969482422,221.7100067138672,222.6199951171875,27584900
2021-02-25,204.19261169433594,218.61000061035156,227.58999633789062,218.00999450683594,226.7899932861328,49961400
2021-02-26,203.9124298095703,218.30999755859375,222.22999572753906,214.80999755859375,219.52000427246094,47734200
2021-03-01,211.16065979003906,226.07000732421875,226.7100067138672,222.94000244140625,223.47999572753906,26161000
2021-03-02,207.09754943847656,221.72000122070312,225.9600067138672,221.5500030517578,225.7899932861328,26895400
2021-03-03,204.85581970214844,219.32000732421875,224.25999450683594,219.2100067138672,222.4199981689453,33407600
2021-03-04,199.13009643554688,213.19000244140625,220.69000244140625,209.42999267578125,218.50999450683594,59126500
2021-03-05,203.35202026367188,217.7100067138672,218.14999389648438,207.2100067138672,216.88999938964844,53204300
2021-03-08,204.31402587890625,218.74000549316406,222.27000427246094,217.6699981689453,219.36000061035156,40619700
2021-03-09,208.61068725585938,223.33999633789062,224.99000549316406,220.9199981689453,222.41000366210938,32247300
2021-03-10,212.2347869873047,227.22000122070312,228.97000122070312,225.1999969482422,225.60000610351562,36812000
2021-03-11,216.9050750732422,232.22000122070312,232.27999877929688,228.7899932861328,229.5500030517578,25256700
2021-03-12,218.1846923828125,233.58999633789062,234.14999389648438,231.3699951171875,231.99000549316406,23732200
2021-03-15,218.95994567871094,234.4199981689453,234.52999877929688,231.91000366210938,233.33999633789062,21497400
2021-03-16,215.29849243164062,230.5,234.08999633789062,229.1199951171875,234.02000427246094,24675000
2021-03-17,216.98912048339844,232.30999755859375,232.82000732421875,227.36000061035156,228.97000122070312,29422600
2021-03-18,210.3854217529297,225.24000549316406,232.92999267578125,224.61000061035156,230.8000030517578,35637200
2021-03-19,211.9733123779297,226.94000244140625,228.60000610351562,222.9499969482422,224.57000732421875,40855600
2021-03-22,210.3760223388672,225.22999572753906,228.10000610351562,224.10000610351562,227.67999267578125,26128400
2021-03-23,202.7448272705078,217.05999755859375,223.86000061035156,216.02999877929688,223.16000366210938,43660700
2021-03-24,198.0559539794922,212.0399932861328,221.3300018310547,212.0399932861328,219.86000061035156,47270200
2021-03-25,202.75184631347656,216.66000366210938,217.52000427246094,208.02999877929688,209.33999633789062,59244600
2021-03-26,206.4482421875,220.61000061035156,220.67999267578125,215.9600067138672,218.9600067138672,34452600
2021-03-29,200.6368865966797,214.39999389648438,220.92999267578125,214.0800018310547,219.00999450683594,38078800
2021-03-30,204.01512145996094,218.00999450683594,218.67999267578125,213.13999938964844,214.38999938964844,36205400
2021-03-31,206.75704956054688,220.94000244140625,222.39999389648438,219.1199951171875,219.1699981689453,34800100
2021-04-01,209.37733459472656,223.74000549316406,223.89999389648438,222.02000427246094,222.39999389648438,29799200
2021-04-05,210.52833557128906,224.97000122070312,226.5399932861328,223.57000732421875,226.39999389648438,27826600
2021-04-06,209.9107208251953,224.30999755859375,226.69000244140625,223.83999633789062,225.0,24907800
2021-04-07,206.5231170654297,220.69000244140625,224.3699951171875,219.94000244140625,224.22999572753906,26233700
2021-04-08,208.27305603027344,222.55999755859375,222.82000732421875,219.38999938964844,221.83999633789062,23989400
2021-04-09,208.30108642578125,222.58999633789062,223.08999633789062,221.24000549316406,222.49000549316406,23267400
2021-04-12,207.4870147705078,221.72000122070312,222.92999267578125,220.39999389648438,222.72000122070312,20533900
2021-04-13,206.94419860839844,221.13999938964844,222.57000732421875,218.8300018310547,221.47999572753906,24608400
2021-04-14,208.98431396484375,223.32000732421875,226.0,221.8000030517578,221.8699951171875,27362000
2021-04-15,209.89199829101562,224.2899932861328,225.1199951171875,222.25999450683594,225.08999633789062,20587300
2021-04-16,210.22894287109375,224.64999389648438,225.67999267578125,223.00999450683594,225.39999389648438,23943000
2021-04-19,207.49635314941406,221.72999572753906,224.66000366210938,219.94000244140625,223.7100067138672,25285900
2021-04-20,203.24778747558594,217.19000244140625,221.6199951171875,215.24000549316406,220.77000427246094,35570800
2021-04-21,208.21690368652344,222.5,222.6199951171875,215.5,217.02000427246094,31147800
2021-04-22,207.35595703125,221.5800018310547,225.3300018310547,220.77999877929688,223.25999450683594,31943700
2021-04-23,211.2676544189453,225.75999450683594,226.64999389648438,222.02000427246094,222.82000732421875,27999500
2021-04-26,213.466796875,228.11000061035156,228.69000244140625,226.75,227.0,19069200
2021-04-27,213.78492736816406,228.4499969482422,229.38999938964844,227.50999450683594,228.7100067138672,19648100
2021-04-28,214.14996337890625,228.83999633789062,229.49000549316406,227.10000610351562,228.0800018310547,16222700
2021-04-29,213.35450744628906,227.99000549316406,230.9499969482422,225.7899932861328,230.85000610351562,25500300
2021-04-30,210.45347595214844,224.88999938964844,227.8000030517578,224.13999938964844,225.72000122070312,27006000
2021-05-03,211.4828643798828,225.99000549316406,227.41000366210938,224.9199981689453,227.2100067138672,18693400
2021-05-04,208.95619201660156,223.2899932861328,226.13999938964844,220.9600067138672,224.60000610351562,26892700
2021-05-05,208.12332153320312,222.39999389648438,224.5399932861328,221.36000061035156,224.27999877929688,25139500
2021-05-06,208.30108642578125,222.58999633789062,222.80999755859375,218.63999938964844,222.64999389648438,27647300
2021-05-07,210.92140197753906,225.38999938964844,225.92999267578125,222.16000366210938,222.66000366210938,26172700
2021-05-10,205.5592041015625,219.66000366210938,225.6699981689453,219.58999633789062,225.22999572753906,28109100
2021-05-11,204.90419006347656,218.9600067138672,220.38999938964844,214.4199981689453,214.9199981689453,39519500
2021-05-12,198.2506103515625,211.85000610351562,218.77000427246094,211.5399932861328,217.10000610351562,42113400
2021-05-13,201.90023803710938,215.75,217.44000244140625,211.8000030517578,213.30999755859375,37739900
2021-05-14,206.8319091796875,221.02000427246094,221.41000366210938,215.67999267578125,217.94000244140625,25070400
2021-05-17,207.11268615722656,221.32000732421875,221.38999938964844,217.89999389648438,219.77999877929688,20048500
2021-05-18,205.54051208496094,219.63999938964844,223.24000549316406,219.47000122070312,221.38999938964844,24564500
2021-05-19,203.95899963378906,217.9499969482422,218.16000366210938,214.0500030517578,216.02999877929688,31202800
2021-05-20,205.3158721923828,219.39999389648438,219.8699951171875,216.3300018310547,218.27000427246094,24932800
2021-05-21,205.84934997558594,219.97000122070312,222.3699951171875,219.35000610351562,221.3300018310547,24213700
2021-05-24,207.18753051757812,221.39999389648438,222.4499969482422,220.0,221.17999267578125,18324200
2021-05-25,205.18495178222656,219.25999450683594,223.7100067138672,219.19000244140625,222.22999572753906,20514900
2021-05-26,209.0123748779297,223.35000610351562,223.69000244140625,220.1199951171875,220.1300048828125,20388200
2021-05-27,211.16470336914062,225.64999389648438,226.36000061035156,224.17999267578125,225.0399932861328,21225700
2021-05-28,211.02430725097656,225.5,227.17999267578125,225.0500030517578,227.0800018310547,20668400
2021-06-01,213.42001342773438,228.05999755859375,228.55999755859375,225.9600067138672,227.4600067138672,23081500
2021-06-02,213.67266845703125,228.3300018310547,228.9199981689453,226.8300018310547,228.91000366210938,18927500
2021-06-03,211.88531494140625,226.4199981689453,227.6199951171875,224.0399932861328,226.82000732421875,24811500
2021-06-04,212.80235290527344,227.39999389648438,228.05999755859375,226.2100067138672,227.55999755859375,19395800
2021-06-07,215.65658569335938,230.4499969482422,230.77999877929688,227.25,227.88999938964844,24049900
2021-06-08,217.93992614746094,232.88999938964844,233.47999572753906,229.97999572753906,231.2100067138672,27770300
2021-06-09,216.48944091796875,231.33999633789062,233.63999938964844,230.97999572753906,233.5399932861328,18700600
2021-06-10,214.8839874267578,229.27999877929688,232.17999267578125,228.7100067138672,231.67999267578125,29069000
2021-06-11,217.1520538330078,231.6999969482422,231.8000030517578,230.07000732421875,230.3000030517578,16707200
2021-06-14,216.51475524902344,231.02000427246094,233.35000610351562,230.13999938964844,232.30999755859375,19182800
2021-06-15,215.8961944580078,230.36000061035156,231.47000122070312,228.47999572753906,231.1199951171875,17039900
2021-06-16,215.4369354248047,229.8699951171875,230.67999267578125,227.63999938964844,229.6999969482422,24527000
2021-06-17,213.01890563964844,227.2899932861328,230.1999969482422,224.52000427246094,229.24000549316406,48292500
2021-06-18,208.1829376220703,222.1300048828125,225.74000549316406,221.1300048828125,223.6999969482422,54023700
2021-06-21,212.63470458984375,226.8800048828125,227.5,223.27999877929688,224.0500030517578,26736400
2021-06-22,213.6000213623047,227.91000366210938,228.41000366210938,224.72000122070312,226.27000427246094,21188500
2021-06-23,214.3029327392578,228.66000366210938,229.9600067138672,227.99000549316406,227.99000549316406,22387500
2021-06-24,217.33013916015625,231.88999938964844,231.91000366210938,228.72000122070312,230.1199951171875,21732500
2021-06-25,217.6956329345703,232.27999877929688,233.41000366210938,231.75,232.2899932861328,27619000
2021-06-28,215.9711456298828,230.44000244140625,232.58999633789062,228.77000427246094,232.24000549316406,25006000
2021-06-29,214.94027709960938,229.33999633789062,231.72999572753906,228.77000427246094,231.22999572753906,18844300
2021-06-30,214.9683380126953,229.3699951171875,230.32000732421875,227.75999450683594,228.64999389648438,26039000
2021-07-01,216.86148071289062,231.38999938964844,231.85000610351562,229.7100067138672,230.80999755859375,18089100
2021-07-02,214.7996368408203,229.19000244140625,232.0800018310547,228.55999755859375,232.0,21029700
2021-07-06,211.67869567871094,225.86000061035156,229.4600067138672,223.8699951171875,229.36000061035156,27771300
2021-07-07,209.71058654785156,223.75999450683594,226.6699981689453,221.8000030517578,225.5399932861328,28521500
2021-07-08,207.7799530029297,221.6999969482422,224.0800018310547,217.85000610351562,219.30999755859375,42297900
2021-07-09,212.16610717773438,226.3800048828125,226.4499969482422,223.33999633789062,224.16000366210938,23976400
2021-07-12,212.34417724609375,226.57000732421875,226.88999938964844,224.5500030517578,225.55999755859375,16831000
2021-07-13,208.34225463867188,222.3000030517578,225.74000549316406,222.22000122070312,225.22999572753906,25357500
2021-07-14,205.1276092529297,218.8699951171875,224.36000061035156,218.5500030517578,223.7100067138672,30594100
2021-07-15,203.96548461914062,217.6300048828125,219.05999755859375,214.94000244140625,217.8300018310547,45477000
2021-07-16,201.4537353515625,214.9499969482422,219.8800048828125,214.47000122070312,219.8300018310547,36620200
2021-07-19,198.43594360351562,211.72999572753906,214.4499969482422,209.0500030517578,210.6300048828125,58571000
2021-07-20,204.59339904785156,218.3000030517578,219.27000427246094,211.25999450683594,212.1999969482422,40794600
2021-07-21,208.11732482910156,222.05999755859375,222.22000122070312,219.36000061035156,219.4499969482422,28278700
2021-07-22,204.80897521972656,218.52999877929688,221.92999267578125,217.5800018310547,221.47000122070312,32879000
2021-07-23,205.76490783691406,219.5500030517578,219.9499969482422,216.91000366210938,219.8699951171875,23660300
2021-07-26,206.36471557617188,220.19000244140625,222.0500030517578,219.14999389648438,220.38999938964844,22194200
2021-07-27,203.9561004638672,217.6199951171875,219.0800018310547,215.3800048828125,219.00999450683594,35063600
2021-07-28,206.95516967773438,220.82000732421875,222.58999633789062,217.39999389648438,219.0,33043700
2021-07-29,208.54843139648438,222.52000427246094,224.44000244140625,222.13999938964844,222.7899932861328,22634800
2021-07-30,207.1707305908203,221.0500030517578,224.0500030517578,220.27999877929688,221.64999389648438,28473000
2021-08-02,206.1398162841797,219.9499969482422,224.5500030517578,219.63999938964844,222.47000122070312,24192600
2021-08-03,206.99269104003906,220.86000061035156,221.1199951171875,217.10000610351562,220.6199951171875,27798600
2021-08-04,204.4153289794922,218.11000061035156,221.1999969482422,217.88999938964844,219.10000610351562,25588500
2021-08-05,208.08924865722656,222.02999877929688,222.44000244140625,218.67999267578125,219.08999633789062,23915200
2021-08-06,209.36383056640625,223.38999938964844,225.2100067138672,222.13999938964844,223.75,24429200
2021-08-09,208.2110137939453,222.16000366210938,223.19000244140625,221.2100067138672,222.9199981689453,17225600
2021-08-10,208.62339782714844,222.60000610351562,223.22000122070312,221.19000244140625,222.63999938964844,22681600
2021-08-11,209.64498901367188,223.69000244140625,223.72999572753906,220.47000122070312,223.02000427246094,25691300
2021-08-12,209.14828491210938,223.16000366210938,223.83999633789062,221.7100067138672,223.75999450683594,23269500
2021-08-13,207.24571228027344,221.1300048828125,223.3000030517578,220.6999969482422,222.97999572753906,20813700
2021-08-16,205.31507873535156,219.07000732421875,220.25999450683594,217.64999389648438,219.77000427246094,24074400
2021-08-17,202.8126983642578,216.39999389648438,217.44000244140625,213.75,216.66000366210938,35161500
2021-08-18,201.04139709472656,214.50999450683594,218.0399932861328,214.3699951171875,216.10000610351562,29102300
2021-08-19,198.63275146484375,211.94000244140625,214.07000732421875,210.67999267578125,212.42999267578125,38119900
2021-08-20,201.98794555664062,215.52000427246094,216.02000427246094,211.4199981689453,212.10000610351562,31759500
2021-08-23,205.8305206298828,219.6199951171875,219.94000244140625,217.44000244140625,217.47999572753906,25778800
2021-08-24,207.85488891601562,221.77999877929688,221.9199981689453,219.69000244140625,220.32000732421875,18677900
2021-08-25,208.58590698242188,222.55999755859375,223.97000122070312,220.85000610351562,221.77000427246094,21548000
2021-08-26,206.3741455078125,220.1999969482422,223.16000366210938,219.74000549316406,222.13999938964844,22380300
2021-08-27,212.19418334960938,226.41000366210938,227.02999877929688,220.57000732421875,220.64999389648438,33998500
2021-08-30,211.3225555419922,225.47999572753906,227.35000610351562,224.97999572753906,227.25,20733300
2021-08-31,211.73497009277344,225.9199981689453,226.61000061035156,224.3300018310547,225.24000549316406,20839800
2021-09-01,213.15956115722656,227.44000244140625,228.24000549316406,224.8699951171875,226.8300018310547,20451500
2021-09-02,214.64031982421875,229.02000427246094,229.83999633789062,227.60000610351562,228.3300018310547,22810100
2021-09-03,213.64688110351562,227.9600067138672,228.97000122070312,227.19000244140625,228.25,18213100
2021-09-07,212.17544555664062,226.38999938964844,229.0,226.25,227.72000122070312,19153400
2021-09-08,209.8605194091797,223.9199981689453,225.97000122070312,222.6300048828125,225.61000061035156,25241500
2021-09-09,209.7574920654297,223.80999755859375,226.2899932861328,222.9600067138672,223.5399932861328,27180500
2021-09-10,207.70492553710938,221.6199951171875,225.2899932861328,221.52000427246094,225.16000366210938,24366100
2021-09-13,208.8858642578125,222.8800048828125,223.3800048828125,220.25,223.2100067138672,34693100
2021-09-14,206.2241668701172,220.0399932861328,223.77000427246094,219.07000732421875,223.75,30312600
2021-09-15,208.08924865722656,222.02999877929688,222.74000549316406,219.4600067138672,220.02000427246094,27572000
2021-09-16,208.23915100097656,222.19000244140625,223.33999633789062,220.25999450683594,222.25999450683594,22369000
2021-09-17,208.51097106933594,222.47999572753906,223.02999877929688,220.63999938964844,221.6199951171875,39957600
2021-09-20,203.55308532714844,217.19000244140625,218.99000549316406,214.22000122070312,217.4499969482422,44958500
2021-09-21,203.8623809814453,217.52000427246094,219.2899932861328,215.82000732421875,218.77000427246094,26711200
2021-09-22,207.03013610839844,220.89999389648438,222.5500030517578,218.8699951171875,218.8800048828125,32100300
2021-09-23,210.6946563720703,224.80999755859375,225.64999389648438,221.55999755859375,222.17999267578125,31057800
2021-09-24,209.67843627929688,223.0500030517578,224.36000061035156,221.83999633789062,223.02000427246094,28866000
2021-09-27,212.865234375,226.44000244140625,227.67999267578125,223.52999877929688,223.6199951171875,29743200
2021-09-28,208.02398681640625,221.2899932861328,225.60000610351562,220.85000610351562,225.41000366210938,39938200
2021-09-29,207.58216857910156,220.82000732421875,222.66000366210938,220.1699981689453,222.27000427246094,23628900
2021-09-30,205.63623046875,218.75,222.61000061035156,218.60000610351562,222.1199951171875,33153600
2021-10-01,208.95460510253906,222.27999877929688,223.5,217.74000549316406,219.9499969482422,32647000
2021-10-04,207.05567932128906,220.25999450683594,222.32000732421875,218.92999267578125,222.13999938964844,32580200
2021-10-05,207.77012634277344,221.02000427246094,223.05999755859375,219.8800048828125,220.9600067138672,20407600
2021-10-06,206.68910217285156,219.8699951171875,220.1999969482422,216.75999450683594,218.75999450683594,32893300
2021-10-07,209.87586975097656,223.25999450683594,224.9499969482422,221.3699951171875,221.52999877929688,24289300
2021-10-08,208.2965850830078,221.5800018310547,224.11000061035156,221.5,223.38999938964844,17989600
2021-10-11,207.10272216796875,220.30999755859375,223.5500030517578,220.25,221.8300018310547,15929800
2021-10-12,208.2401885986328,221.52000427246094,222.47000122070312,220.36000061035156,220.85000610351562,18800600
2021-10-13,209.22726440429688,222.57000732421875,222.6999969482422,219.8300018310547,221.88999938964844,19676200
2021-10-14,212.32940673828125,225.8699951171875,226.0,224.32000732421875,224.75,18160000
2021-10-15,211.6619415283203,225.16000366210938,228.41000366210938,225.05999755859375,227.97999572753906,27555300
2021-10-18,211.53981018066406,225.02999877929688,225.67999267578125,223.72999572753906,223.8800048828125,19082600
2021-10-19,212.32940673828125,225.8699951171875,226.8800048828125,224.61000061035156,225.97999572753906,15498400
2021-10-20,213.739501953125,227.3699951171875,227.97999572753906,225.1199951171875,225.97000122070312,18130500
2021-10-21,214.28468322753906,227.9499969482422,229.00999450683594,226.6199951171875,227.19000244140625,17851600
2021-10-22,213.77706909179688,227.41000366210938,228.38999938964844,225.69000244140625,227.8000030517578,16887000
2021-10-25,215.8075714111328,229.57000732421875,229.97999572753906,227.27999877929688,227.7899932861328,16387100
2021-10-26,214.18130493164062,227.83999633789062,230.72000122070312,227.8000030517578,230.02999877929688,25290200
2021-10-27,210.2424774169922,223.64999389648438,227.4600067138672,223.5,227.17999267578125,27088500
2021-10-28,214.43515014648438,228.11000061035156,228.25999450683594,224.77000427246094,224.8000030517578,22890600
2021-10-29,214.37872314453125,228.0500030517578,228.8300018310547,226.9600067138672,227.8000030517578,20777700
2021-11-01,219.9344024658203,233.9600067138672,234.17999267578125,228.88999938964844,229.25,35500800
2021-11-02,220.3950653076172,234.4499969482422,234.85000610351562,232.64999389648438,234.3800048828125,24949700
2021-11-03,224.33389282226562,238.63999938964844,239.80999755859375,233.9199981689453,234.14999389648438,47648500
2021-11-04,224.24923706054688,238.5500030517578,240.94000244140625,237.55999755859375,239.47999572753906,26514000
2021-11-05,227.31385803222656,241.80999755859375,243.39999389648438,240.1999969482422,241.1699981689453,42041700
2021-11-08,228.0188446044922,242.55999755859375,244.4600067138672,241.92999267578125,243.74000549316406,31324500
2021-11-09,226.6934051513672,241.14999389648438,242.52999877929688,239.5399932861328,242.0,29895900
2021-11-10,223.1212158203125,237.35000610351562,241.55999755859375,236.30999755859375,240.0800018310547,32471600
2021-11-11,224.91665649414062,239.25999450683594,240.3800048828125,237.66000366210938,238.30999755859375,17987500
2021-11-12,225.14227294921875,239.5,240.2100067138672,238.74000549316406,239.9199981689453,20526700
2021-11-15,224.24923706054688,238.5500030517578,240.75999450683594,237.5500030517578,240.57000732421875,27390000
2021-11-16,224.66290283203125,238.99000549316406,239.3699951171875,236.9499969482422,237.75999450683594,21925200
2021-11-17,221.72055053710938,235.86000061035156,238.1300048828125,235.1300048828125,238.05999755859375,26527800
2021-11-18,220.78045654296875,234.86000061035156,237.07000732421875,233.0500030517578,236.9199981689453,30637300
2021-11-19,218.76876831054688,232.72000122070312,234.4199981689453,232.38999938964844,233.27000427246094,33994000
2021-11-22,217.83811950683594,231.72999572753906,235.74000549316406,231.6199951171875,234.22000122070312,31042100
2021-11-23,217.46212768554688,231.3300018310547,233.0,228.6199951171875,231.38999938964844,33843800
2021-11-24,217.6970977783203,231.5800018310547,231.99000549316406,228.5399932861328,229.38999938964844,24099300
2021-11-26,209.49046325683594,222.85000610351562,226.1699981689453,219.63999938964844,224.9600067138672,62595400
2021-11-29,209.35885620117188,222.7100067138672,226.75,221.24000549316406,226.22000122070312,45982400
2021-11-30,205.0909881591797,218.1699981689453,221.86000061035156,215.8800048828125,220.66000366210938,64908400
2021-12-01,200.475341796875,213.25999450683594,224.2100067138672,213.14999389648438,223.1699981689453,69120100
2021-12-02,206.06869506835938,219.2100067138672,219.94000244140625,213.82000732421875,214.3699951171875,64315700
2021-12-03,201.8384552001953,214.7100067138672,220.3800048828125,212.7100067138672,220.2899932861328,64425200
2021-12-06,205.89007568359375,219.02000427246094,220.69000244140625,213.7100067138672,216.5399932861328,43878300
2021-12-07,210.66549682617188,224.10000610351562,226.0399932861328,221.97999572753906,222.13999938964844,44679200
2021-12-08,212.10382080078125,225.6300048828125,226.5399932861328,223.05999755859375,224.60000610351562,36546400
2021-12-09,207.3001251220703,220.52000427246094,225.80999755859375,220.47999572753906,223.9499969482422,34830300
2021-12-10,206.7266845703125,219.91000366210938,222.85000610351562,218.32000732421875,222.1999969482422,32924600
2021-12-13,203.70565795898438,216.0399932861328,219.0500030517578,214.75,218.38999938964844,33478400
2021-12-14,201.95181274414062,214.17999267578125,217.52000427246094,213.30999755859375,214.5800018310547,36543500
2021-12-15,205.15769958496094,217.5800018310547,218.16000366210938,211.0800018310547,214.2100067138672,51261000
2021-12-16,201.00892639160156,213.17999267578125,219.89999389648438,212.25,219.4499969482422,52743800
2021-12-17,202.8570098876953,215.13999938964844,217.35000610351562,210.3000030517578,212.1999969482422,62620900
2021-12-20,200.00946044921875,212.1199951171875,212.94000244140625,208.75999450683594,212.08999633789062,49993000
2021-12-21,205.7234344482422,218.17999267578125,218.38999938964844,212.05999755859375,214.1999969482422,38545300
2021-12-22,207.70358276367188,220.27999877929688,220.35000610351562,217.1300048828125,217.8699951171875,32442000
2021-12-23,209.36306762695312,222.0399932861328,222.8000030517578,220.33999633789062,221.0500030517578,22125400
2021-12-27,211.3243408203125,224.1199951171875,224.24000549316406,220.60000610351562,222.33999633789062,24196700
2021-12-28,210.0325469970703,222.75,225.72999572753906,222.35000610351562,223.7899932861328,23120300
2021-12-29,210.2588653564453,222.99000549316406,223.49000549316406,221.25999450683594,222.72000122070312,19444400
2021-12-30,210.20223999023438,222.92999267578125,225.42999267578125,222.6999969482422,222.94000244140625,23607700
2021-12-31,209.74966430664062,222.4499969482422,224.1199951171875,222.38999938964844,222.49000549316406,23997400
2022-01-03,212.45579528808594,225.32000732421875,226.69000244140625,222.72999572753906,223.7100067138672,30618800
2022-01-04,212.13522338867188,224.97999572753906,227.1300048828125,223.3800048828125,226.0,22013100
2022-01-05,204.9502716064453,217.36000061035156,225.91000366210938,217.32000732421875,224.8699951171875,40582100
2022-01-06,206.1194610595703,218.60000610351562,220.4199981689453,215.82000732421875,217.82000732421875,39105900
2022-01-07,203.7339324951172,216.07000732421875,220.3800048828125,215.92999267578125,218.60000610351562,31583900
2022-01-10,203.0267791748047,215.32000732421875,215.38999938964844,211.11000061035156,214.77000427246094,45778100
2022-01-11,205.1859893798828,217.61000061035156,217.8300018310547,212.9600067138672,215.47999572753906,35209900
2022-01-12,203.65850830078125,215.99000549316406,219.3800048828125,214.63999938964844,218.52000427246094,35284500
2022-01-13,201.79153442382812,214.00999450683594,218.19000244140625,213.3800048828125,216.80999755859375,34489600
2022-01-14,202.07440185546875,214.30999755859375,214.39999389648438,210.5800018310547,211.99000549316406,42020900
2022-01-18,195.96437072753906,207.8300018310547,212.44000244140625,207.52999877929688,212.1999969482422,49434400
2022-01-19,192.77735900878906,204.4499969482422,209.4600067138672,204.3800048828125,208.80999755859375,46209100
2022-01-20,189.28855895996094,200.75,208.99000549316406,200.3300018310547,205.3800048828125,50466000
2022-01-21,185.74327087402344,196.99000549316406,203.02000427246094,196.99000549316406,199.75999450683594,85821000
2022-01-24,190.0240478515625,201.52999877929688,202.38999938964844,191.22999572753906,194.07000732421875,85782000
2022-01-25,187.48760986328125,198.83999633789062,201.6999969482422,194.55999755859375,198.47999572753906,61088500
2022-01-26,184.781494140625,195.97000122070312,203.5500030517578,193.72000122070312,201.77999877929688,71471700
2022-01-27,180.5855255126953,191.52000427246094,199.61000061035156,190.60000610351562,197.6300048828125,59829000
2022-01-28,184.1025848388672,195.25,195.30999755859375,188.08999633789062,191.6999969482422,65870000
2022-01-31,189.7506103515625,201.24000549316406,201.24000549316406,193.85000610351562,194.38999938964844,53393800
2022-02-01,191.74954223632812,203.36000061035156,203.57000732421875,197.97000122070312,201.66000366210938,43429400
2022-02-02,189.84487915039062,201.33999633789062,203.89999389648438,199.2899932861328,203.6199951171875,42777800
2022-02-03,186.25241088867188,197.52999877929688,201.24000549316406,197.0500030517578,198.83999633789062,39629400
2022-02-04,187.05389404296875,198.3800048828125,200.10000610351562,194.9199981689453,197.0399932861328,34291100
2022-02-07,187.97792053222656,199.36000061035156,201.16000366210938,197.99000549316406,198.42999267578125,33242600
2022-02-08,191.18382263183594,202.75999450683594,203.1199951171875,199.36000061035156,199.47000122070312,28341900
2022-02-09,194.8140106201172,206.61000061035156,206.64999389648438,204.3000030517578,204.57000732421875,27329300
2022-02-10,191.8250274658203,203.44000244140625,209.0500030517578,202.1199951171875,202.89999389648438,44788100
2022-02-11,189.8826141357422,201.3800048828125,206.05999755859375,199.69000244140625,203.64999389648438,41516600
2022-02-14,189.22256469726562,200.67999267578125,203.52999877929688,199.24000549316406,201.6300048828125,32262700
2022-02-15,194.29542541503906,206.05999755859375,206.30999755859375,202.6300048828125,202.77999877929688,25847500
2022-02-16,194.7008819580078,206.49000549316406,207.27000427246094,204.0800018310547,205.3000030517578,30104800
2022-02-17,189.71286010742188,201.1999969482422,205.02999877929688,200.77999877929688,204.5500030517578,27140200
2022-02-18,188.0816650390625,199.47000122070312,202.72000122070312,198.75999450683594,201.02999877929688,36255400
2022-02-22,185.43211364746094,196.66000366210938,200.4499969482422,195.35000610351562,198.47999572753906,31847100
2022-02-23,181.9622039794922,192.97999572753906,198.89999389648438,192.5500030517578,198.24000549316406,31491500
2022-02-24,186.73333740234375,198.0399932861328,198.47999572753906,187.9199981689453,188.32000732421875,52221100
2022-02-25,190.9386444091797,202.5,202.6199951171875,197.0,198.69000244140625,33656200
2022-02-28,191.71189880371094,203.32000732421875,204.60000610351562,200.4600067138672,200.47000122070312,34975900
2022-03-01,188.10055541992188,199.49000549316406,203.7899932861328,197.8000030517578,202.66000366210938,40638900
2022-03-02,192.579345703125,204.24000549316406,205.3000030517578,200.69000244140625,200.83999633789062,29978600
2022-03-03,190.29751586914062,201.82000732421875,205.11000061035156,200.2899932861328,205.08999633789062,30142700
2022-03-04,187.31790161132812,198.66000366210938,200.86000061035156,196.97999572753906,199.6999969482422,31610400
2022-03-07,182.65997314453125,193.72000122070312,199.58999633789062,193.67999267578125,199.22000122070312,39279800
2022-03-08,183.66885375976562,194.7899932861328,199.57000732421875,193.4600067138672,194.33999633789062,45715800
2022-03-09,188.8454132080078,200.27999877929688,201.0,197.6199951171875,198.22000122070312,29048000
2022-03-10,188.5059814453125,199.9199981689453,200.0399932861328,196.55999755859375,197.41000366210938,25661000
2022-03-11,185.49807739257812,196.72999572753906,201.75999450683594,196.44000244140625,200.77999877929688,24990000
2022-03-14,181.70761108398438,192.7100067138672,197.44000244140625,191.8800048828125,197.24000549316406,34969500
2022-03-15,184.60232543945312,195.77999877929688,195.7899932861328,192.8800048828125,193.4600067138672,25464300
2022-03-16,190.41064453125,201.94000244140625,201.94000244140625,196.14999389648438,197.5399932861328,31869700
2022-03-17,193.39967346191406,205.11000061035156,205.2100067138672,200.3000030517578,200.77000427246094,25783100
2022-03-18,195.43637084960938,207.27000427246094,207.4499969482422,204.0,204.2100067138672,37092200
2022-03-21,193.7108154296875,205.44000244140625,208.17999267578125,203.94000244140625,207.1999969482422,26747500
2022-03-22,195.6531982421875,207.5,208.7899932861328,205.8000030517578,206.30999755859375,24699900
2022-03-23,192.2587127685547,203.89999389648438,207.1999969482422,203.75,206.14999389648438,19775000
2022-03-24,194.46951293945312,205.83999633789062,205.89999389648438,202.72999572753906,204.3800048828125,19781200
2022-03-25,194.73402404785156,206.1199951171875,206.6199951171875,204.44000244140625,206.08999633789062,19430400
2022-03-28,194.80015563964844,206.19000244140625,206.2100067138672,203.02999877929688,205.60000610351562,18999100
2022-03-29,200.0152587890625,211.7100067138672,212.25,207.8800048828125,208.0,29550600
2022-03-30,195.99998474121094,207.4600067138672,211.74000549316406,206.61000061035156,211.3699951171875,26251500
2022-03-31,193.9309844970703,205.27000427246094,208.91000366210938,205.14999389648438,207.1300048828125,26771600
2022-04-01,196.10391235351562,207.57000732421875,207.72000122070312,205.00999450683594,206.17999267578125,25948500
2022-04-04,196.4251251220703,207.91000366210938,208.42999267578125,205.8800048828125,207.8699951171875,20333900
2022-04-05,191.77691650390625,202.99000549316406,209.44000244140625,202.50999450683594,207.9600067138672,26509800
2022-04-06,189.0560302734375,200.11000061035156,201.8000030517578,198.67999267578125,201.27000427246094,34903900
2022-04-07,188.4419403076172,199.4600067138672,201.22999572753906,196.67999267578125,200.11000061035156,29291200
2022-04-08,186.93975830078125,197.8699951171875,200.30999755859375,197.5,199.22000122070312,25249600
2022-04-11,185.68319702148438,196.5399932861328,199.25,195.8800048828125,197.1199951171875,33702300
2022-04-12,186.2689971923828,197.16000366210938,201.67999267578125,196.4199981689453,198.6999969482422,33699800
2022-04-13,189.81182861328125,200.91000366210938,201.4499969482422,197.61000061035156,197.67999267578125,22303600
2022-04-14,187.96954345703125,198.9600067138672,202.3699951171875,198.8699951171875,201.11000061035156,27107000
2022-04-18,186.70355224609375,197.6199951171875,199.17999267578125,196.52999877929688,198.4600067138672,22246400
2022-04-19,190.42591857910156,201.55999755859375,202.24000549316406,197.69000244140625,197.86000061035156,22786700
2022-04-20,191.15335083007812,202.3300018310547,203.8699951171875,201.86000061035156,203.0500030517578,20516200
2022-04-21,186.87359619140625,197.8000030517578,204.8000030517578,197.02000427246094,204.22999572753906,31547700
2022-04-22,182.03643798828125,192.67999267578125,197.3699951171875,192.2899932861328,196.8699951171875,35686900
2022-04-25,183.1417999267578,193.85000610351562,194.11000061035156,189.2100067138672,190.99000549316406,35556500
2022-04-26,177.3693389892578,187.74000549316406,192.7100067138672,187.47999572753906,192.32000732421875,40513600
2022-04-27,176.63243103027344,186.9600067138672,189.77999877929688,186.25999450683594,187.6699981689453,37808000
2022-04-28,179.92962646484375,190.4499969482422,191.39999389648438,184.7100067138672,189.1699981689453,37405200
2022-04-29,174.73342895507812,184.9499969482422,191.72999572753906,184.50999450683594,189.58999633789062,41193400
2022-05-02,176.56629943847656,186.88999938964844,187.82000732421875,182.3800048828125,184.89999389648438,38002100
2022-05-03,178.07789611816406,188.49000549316406,189.50999450683594,185.67999267578125,186.9199981689453,30246300
2022-05-04,182.83004760742188,193.52000427246094,193.92999267578125,185.69000244140625,189.0500030517578,38834700
2022-05-05,175.41363525390625,185.6699981689453,191.55999755859375,183.3800048828125,191.52999877929688,41468700
2022-05-06,172.49436950683594,182.5800018310547,185.4199981689453,180.5500030517578,184.9600067138672,45457900
2022-05-09,165.23858642578125,174.89999389648438,182.64999389648438,174.10000610351562,179.86000061035156,53682200
2022-05-10,165.2858428955078,174.9499969482422,178.91000366210938,171.1999969482422,177.57000732421875,53650800
2022-05-11,161.1761474609375,170.60000610351562,178.19000244140625,170.3000030517578,175.1300048828125,64377800
2022-05-12,163.06564331054688,172.60000610351562,174.33999633789062,168.89999389648438,169.8300018310547,52967400
2022-05-13,168.2334747314453,178.07000732421875,179.41000366210938,175.00999450683594,175.0399932861328,36517000
2022-05-16,167.43043518066406,177.22000122070312,179.44000244140625,176.13999938964844,177.5,28225500
2022-05-17,172.55105590820312,182.63999938964844,182.83999633789062,178.99000549316406,180.41000366210938,31833700
2022-05-18,166.50460815429688,176.24000549316406,181.41000366210938,175.10000610351562,180.47000122070312,36093800
2022-05-19,166.77854919433594,176.52999877929688,178.80999755859375,174.88999938964844,174.88999938964844,33627700
2022-05-20,166.35340881347656,176.0800018310547,178.97000122070312,171.7899932861328,178.5,42243700
2022-05-23,168.36575317382812,178.2100067138672,178.9600067138672,175.5,177.8800048828125,24644100
2022-05-24,165.87161254882812,175.57000732421875,176.92999267578125,172.3300018310547,176.57000732421875,26861800
2022-05-25,168.85704040527344,178.72999572753906,179.77999877929688,174.80999755859375,174.8800048828125,27950100
2022-05-26,172.62661743164062,182.72000122070312,183.8000030517578,179.6999969482422,179.85000610351562,25702700
2022-05-27,177.2748565673828,187.63999938964844,187.64999389648438,183.39999389648438,183.75999450683594,24952100
2022-05-31,175.0735321044922,185.30999755859375,187.67999267578125,184.08999633789062,186.91000366210938,29794500
2022-06-01,174.08154296875,184.25999450683594,186.94000244140625,181.77000427246094,186.27000427246094,28352100
2022-06-02,178.33294677734375,188.75999450683594,188.75999450683594,184.1699981689453,184.58999633789062,24876000
2022-06-03,176.72689819335938,187.05999755859375,187.9600067138672,185.7899932861328,187.2899932861328,18972100
2022-06-06,177.4921417236328,187.8699951171875,189.30999755859375,186.8300018310547,189.2899932861328,24678700
2022-06-07,180.354736328125,190.89999389648438,190.94000244140625,185.89999389648438,186.41000366210938,21661600
2022-06-08,177.56773376464844,187.9499969482422,190.6999969482422,187.05999755859375,189.9600067138672,21521700
2022-06-09,173.88671875,183.57000732421875,187.07000732421875,183.52999877929688,186.5500030517578,21697200
2022-06-10,169.16940307617188,178.58999633789062,181.5500030517578,177.64999389648438,180.50999450683594,37153600
2022-06-13,161.22201538085938,170.1999969482422,174.9600067138672,169.2899932861328,173.6300048828125,39712700
2022-06-14,160.4452362060547,169.3800048828125,171.24000549316406,167.74000549316406,170.6699981689453,30282400
2022-06-15,162.79441833496094,171.86000061035156,174.05999755859375,168.66000366210938,171.2100067138672,32150500
2022-06-16,155.25430297851562,163.89999389648438,168.4199981689453,162.77999877929688,167.83999633789062,43810600
2022-06-17,156.4667510986328,165.17999267578125,167.52000427246094,163.6999969482422,164.47999572753906,40327300
2022-06-21,159.27064514160156,168.13999938964844,170.0800018310547,166.80999755859375,167.97999572753906,34665400
2022-06-22,158.96754455566406,167.82000732421875,169.25999450683594,165.3699951171875,165.9600067138672,29303500
2022-06-23,160.87152099609375,169.8300018310547,170.22999572753906,166.5500030517578,168.19000244140625,27089800
2022-06-24,165.85401916503906,175.08999633789062,175.10000610351562,170.89999389648438,171.22000122070312,37138500
2022-06-27,166.46975708007812,175.74000549316406,176.99000549316406,174.17999267578125,175.6699981689453,24745400
2022-06-28,163.34384155273438,172.44000244140625,178.14999389648438,172.35000610351562,176.92999267578125,25909200
2022-06-29,161.68612670898438,170.69000244140625,172.6999969482422,168.97000122070312,172.5500030517578,21292500
2022-06-30,160.4263153076172,169.36000061035156,171.30999755859375,166.75999450683594,168.1999969482422,31466300
2022-07-01,162.3681640625,171.41000366210938,171.83999633789062,167.66000366210938,169.0500030517578,24598600
2022-07-05,163.71324157714844,172.8300018310547,172.89999389648438,166.72999572753906,168.67999267578125,25151100
2022-07-06,162.5007781982422,171.5500030517578,173.7100067138672,169.75,172.4499969482422,25697600
2022-07-07,166.34661865234375,175.61000061035156,175.97999572753906,172.85000610351562,172.86000061035156,24822500
2022-07-08,166.32762145996094,175.58999633789062,176.99000549316406,173.64999389648438,175.07000732421875,20547000
2022-07-11,162.9838409423828,172.05999755859375,174.97000122070312,171.60000610351562,174.25999450683594,22031500
2022-07-12,162.4250030517578,171.47000122070312,173.36000061035156,170.55999755859375,171.5399932861328,23864200
2022-07-13,162.28286743164062,171.32000732421875,172.27999877929688,168.7899932861328,169.14999389648438,25535600
2022-07-14,160.61573791503906,169.55999755859375,170.0,167.02000427246094,168.67999267578125,25102200
2022-07-15,163.95953369140625,173.08999633789062,173.35000610351562,169.30999755859375,171.5399932861328,34935900
2022-07-18,163.49537658691406,172.60000610351562,176.2899932861328,172.05999755859375,175.1300048828125,23031500
2022-07-19,169.26416015625,178.69000244140625,178.88999938964844,174.66000366210938,174.75,24234600
2022-07-20,171.91641235351562,181.49000549316406,181.80999755859375,178.39999389648438,178.64999389648438,26049300
2022-07-21,172.79737854003906,182.4199981689453,182.5,178.85000610351562,180.4499969482422,21709900
2022-07-22,170.04086303710938,179.50999450683594,183.25,178.0500030517578,182.8800048828125,25116100
2022-07-25,170.9217987060547,180.44000244140625,180.9199981689453,178.42999267578125,180.0500030517578,19267200
2022-07-26,169.87037658691406,179.3300018310547,180.2100067138672,178.5399932861328,179.77999877929688,19391200
2022-07-27,173.73516845703125,183.41000366210938,184.25,180.0,180.47999572753906,21670700
2022-07-28,176.12220764160156,185.92999267578125,186.13999938964844,181.75999450683594,184.32000732421875,22838500
2022-07-29,177.37261962890625,187.25,187.72999572753906,185.0399932861328,186.0399932861328,21760600
2022-08-01,177.30630493164062,187.17999267578125,188.32000732421875,184.22000122070312,185.7899932861328,23905600
2022-08-02,177.13577270507812,187.0,189.02000427246094,185.47999572753906,186.47000122070312,17492600
2022-08-03,179.74072265625,189.75,190.14999389648438,187.63999938964844,188.3000030517578,19157700
2022-08-04,179.36180114746094,189.35000610351562,190.0399932861328,188.44000244140625,189.83999633789062,14838900
2022-08-05,180.7353515625,190.8000030517578,191.02000427246094,187.1699981689453,187.47000122070312,18540300
2022-08-08,182.64877319335938,192.82000732421875,194.6300048828125,191.88999938964844,192.14999389648438,22188700
2022-08-09,180.15753173828125,190.19000244140625,192.1699981689453,189.16000366210938,192.0399932861328,18247300
2022-08-10,185.30105590820312,195.6199951171875,195.9499969482422,193.11000061035156,193.6300048828125,20796400
2022-08-11,185.99256896972656,196.35000610351562,199.52999877929688,196.0399932861328,197.4199981689453,23727600
2022-08-12,189.79104614257812,200.36000061035156,200.42999267578125,196.5800018310547,197.35000610351562,21726600
2022-08-15,190.4635772705078,201.07000732421875,201.16000366210938,198.22000122070312,198.8000030517578,17414800
2022-08-16,190.38783264160156,200.99000549316406,201.99000549316406,199.02999877929688,200.5,18833100
2022-08-17,187.18612670898438,197.61000061035156,199.3300018310547,196.3800048828125,198.72000122070312,22428000
2022-08-18,188.4269561767578,198.9199981689453,199.25,196.89999389648438,197.8800048828125,18368100
2022-08-19,184.38223266601562,194.64999389648438,197.11000061035156,194.07000732421875,196.8300018310547,27416400
2022-08-22,180.58375549316406,190.63999938964844,192.35000610351562,190.00999450683594,191.99000549316406,22937000
2022-08-23,180.87744140625,190.9499969482422,192.92999267578125,190.38999938964844,190.94000244140625,20069800
2022-08-24,182.2604217529297,192.41000366210938,193.3000030517578,190.16000366210938,190.7899932861328,16038300
2022-08-25,185.09268188476562,195.39999389648438,195.4499969482422,192.97999572753906,193.3800048828125,14795000
2022-08-26,179.0113067626953,188.97999572753906,195.44000244140625,188.66000366210938,195.33999633789062,24177200
2022-08-29,177.3631134033203,187.24000549316406,188.99000549316406,186.52000427246094,186.9499969482422,19753300
2022-08-30,174.88133239746094,184.6199951171875,188.00999450683594,183.5399932861328,187.82000732421875,22548900
2022-08-31,173.8203887939453,183.5,185.74000549316406,183.19000244140625,184.94000244140625,22412500
2022-09-01,171.92593383789062,181.5,181.88999938964844,178.89999389648438,181.77999877929688,30706600
2022-09-02,170.59031677246094,180.08999633789062,183.9499969482422,179.13999938964844,183.60000610351562,27468200
2022-09-06,168.9041748046875,178.30999755859375,181.0800018310547,177.5,180.7100067138672,23837100
2022-09-07,172.57948303222656,182.19000244140625,182.47000122070312,177.92999267578125,177.97000122070312,24781200
2022-09-08,174.01931762695312,183.7100067138672,183.7899932861328,179.6199951171875,180.69000244140625,25273200
2022-09-09,177.51466369628906,187.39999389648438,187.6300048828125,185.10000610351562,185.33999633789062,23208800
2022-09-12,179.6649627685547,189.6699981689453,189.86000061035156,187.97000122070312,188.60000610351562,23134600
2022-09-13,172.63633728027344,182.25,185.91000366210938,181.5399932861328,184.86000061035156,34144700
2022-09-14,173.30886840820312,182.9600067138672,183.32000732421875,180.57000732421875,182.57000732421875,25278300
2022-09-15,172.04908752441406,181.6300048828125,184.69000244140625,180.86000061035156,181.9199981689453,25378700
2022-09-16,169.5482940673828,178.99000549316406,179.67999267578125,176.91000366210938,179.08999633789062,41155900
2022-09-19,170.99761962890625,180.52000427246094,180.75,176.9600067138672,177.00999450683594,25412200
2022-09-20,168.6673583984375,178.05999755859375,178.94000244140625,176.7100067138672,178.77000427246094,22247500
2022-09-21,166.0908203125,175.33999633789062,181.10000610351562,175.3300018310547,179.3699951171875,29357100
2022-09-22,162.34921264648438,171.38999938964844,175.5800018310547,170.74000549316406,175.0,33468600
2022-09-23,158.4844207763672,167.30999755859375,169.19000244140625,165.0,169.0,40336900
2022-09-26,156.3144989013672,164.1699981689453,168.97000122070312,163.5800018310547,165.47000122070312,30597800
2022-09-27,156.84765625,164.72999572753906,167.6300048828125,163.27999877929688,166.30999755859375,42406600
2022-09-28,161.8083953857422,169.94000244140625,170.99000549316406,165.07000732421875,165.75999450683594,35186500
2022-09-29,158.1806640625,166.1300048828125,167.92999267578125,163.8000030517578,167.77999877929688,31464000
2022-09-30,157.02857971191406,164.9199981689453,169.52000427246094,164.8699951171875,165.77999877929688,40643800
2022-10-03,161.18948364257812,169.2899932861328,170.3000030517578,165.25,167.33999633789062,33611600
2022-10-04,167.5784149169922,176.0,176.0800018310547,172.52999877929688,172.61000061035156,37537300
2022-10-05,166.34060668945312,174.6999969482422,175.3300018310547,171.4199981689453,173.41000366210938,25281400
2022-10-06,165.40748596191406,173.72000122070312,176.1699981689453,172.91000366210938,173.85000610351562,22635900
2022-10-07,160.54200744628906,168.61000061035156,172.47000122070312,167.9199981689453,171.92999267578125,26536100
2022-10-10,159.6470184326172,167.6699981689453,169.57000732421875,166.58999633789062,169.2899932861328,23386400
2022-10-11,159.69461059570312,167.72000122070312,170.11000061035156,164.8000030517578,166.9600067138672,28009100
2022-10-12,159.25662231445312,167.25999450683594,168.4600067138672,165.47999572753906,167.89999389648438,26796700
2022-10-13,163.19850158691406,171.39999389648438,172.1999969482422,162.5,164.0,45376500
2022-10-14,158.82815551757812,166.80999755859375,173.9199981689453,166.7100067138672,172.74000549316406,29608600
2022-10-17,163.89358520507812,172.1300048828125,172.6199951171875,170.11000061035156,170.22000122070312,28199200
2022-10-18,165.83599853515625,174.1699981689453,177.2899932861328,172.69000244140625,175.86000061035156,34523100
2022-10-19,163.0176239013672,171.2100067138672,173.39999389648438,169.3300018310547,172.49000549316406,27146900
2022-10-20,160.94195556640625,169.02999877929688,173.5500030517578,168.47000122070312,171.4199981689453,26710700
2022-10-21,164.43630981445312,172.6999969482422,173.1999969482422,168.19000244140625,169.39999389648438,45402700
2022-10-24,165.14089965820312,173.44000244140625,174.0,171.0500030517578,173.32000732421875,27284500
2022-10-25,169.6445770263672,178.1699981689453,178.89999389648438,173.55999755859375,173.57000732421875,33105700
2022-10-26,170.4824676513672,179.0500030517578,182.3699951171875,178.3300018310547,179.14999389648438,37084700
2022-10-27,170.52053833007812,179.08999633789062,182.0,178.8699951171875,180.58999633789062,28651800
2022-10-28,174.3957977294922,183.16000366210938,183.41000366210938,178.74000549316406,179.8300018310547,33221600
2022-10-31,174.5576934814453,183.3300018310547,184.24000549316406,181.5500030517578,182.27000427246094,25699400
2022-11-01,174.7957305908203,183.5800018310547,185.60000610351562,182.8800048828125,185.24000549316406,27446700
2022-11-02,168.9971466064453,177.49000549316406,185.0,177.42999267578125,182.83999633789062,38139600
2022-11-03,167.86402893066406,176.3000030517578,177.94000244140625,174.11000061035156,175.2899932861328,29093200
2022-11-04,170.13015747070312,178.67999267578125,179.94000244140625,175.47000122070312,178.9199981689453,25842400
2022-11-07,170.9014434814453,179.49000549316406,180.58999633789062,177.67999267578125,179.74000549316406,20689900
2022-11-08,170.9680633544922,179.55999755859375,181.9499969482422,177.36000061035156,180.22999572753906,20265200
2022-11-09,166.27395629882812,174.6300048828125,178.6699981689453,174.27999877929688,178.0,27277000
2022-11-10,176.5095977783203,185.3800048828125,185.4499969482422,181.14999389648438,181.85000610351562,38572800
2022-11-11,177.9568328857422,186.89999389648438,188.83999633789062,185.69000244140625,185.75999450683594,28765400
2022-11-14,175.9668426513672,184.80999755859375,187.7899932861328,184.6300048828125,185.7899932861328,26499600
2022-11-15,178.5757598876953,187.5500030517578,189.55999755859375,186.11000061035156,187.83999633789062,26128800
2022-11-16,175.43365478515625,184.25,186.63999938964844,183.7100067138672,186.60000610351562,24802000
2022-11-17,173.80545043945312,182.5399932861328,182.9499969482422,180.50999450683594,181.6199951171875,20835700
2022-11-18,174.92898559570312,183.72000122070312,185.30999755859375,182.57000732421875,184.58999633789062,27269100
2022-11-21,174.0149383544922,182.75999450683594,183.19000244140625,181.42999267578125,182.77999877929688,19038900
2022-11-22,175.87164306640625,184.7100067138672,184.94000244140625,182.3300018310547,183.74000549316406,16869700
2022-11-23,176.32870483398438,185.19000244140625,185.77999877929688,183.5500030517578,184.2899932861328,19758800
2022-11-25,176.7000274658203,185.5800018310547,186.3699951171875,184.66000366210938,185.08999633789062,13393400
2022-11-28,173.1389617919922,181.83999633789062,184.9199981689453,181.2899932861328,184.1300048828125,17465600
2022-11-29,173.6436309814453,182.3699951171875,183.61000061035156,181.9600067138672,181.9600067138672,14020600
2022-11-30,178.40435791015625,187.3699951171875,187.42999267578125,180.8000030517578,182.6699981689453,28030100
2022-12-01,178.01397705078125,186.9600067138672,189.24000549316406,186.1300048828125,188.14999389648438,21996400
2022-12-02,179.0518035888672,188.0500030517578,188.86000061035156,184.3300018310547,184.3699951171875,22574800
2022-12-05,174.11965942382812,182.8699951171875,187.05999755859375,182.17999267578125,186.86000061035156,25449300
2022-12-06,171.4536590576172,180.07000732421875,182.97999572753906,179.0800018310547,182.8800048828125,18502100
2022-12-07,170.9490509033203,179.5399932861328,181.5,179.11000061035156,179.75,17177800
2022-12-08,172.18679809570312,180.83999633789062,182.6300048828125,179.50999450683594,180.77000427246094,20971400
2022-12-09,170.07305908203125,178.6199951171875,180.80999755859375,178.55999755859375,179.77000427246094,22046500
2022-12-12,172.0725555419922,180.72000122070312,181.08999633789062,178.0,178.85000610351562,22765400
2022-12-13,173.49781799316406,181.3800048828125,186.63999938964844,180.13999938964844,185.72999572753906,38445300
2022-12-14,172.35951232910156,180.19000244140625,182.91000366210938,178.8300018310547,181.30999755859375,32406900
2022-12-15,168.04551696777344,175.67999267578125,178.60000610351562,175.0399932861328,178.02999877929688,33546700
2022-12-16,166.79241943359375,174.3699951171875,175.11000061035156,172.6699981689453,173.8000030517578,38502400
2022-12-19,164.53497314453125,172.00999450683594,175.0500030517578,171.47000122070312,174.61000061035156,25614000
2022-12-20,165.40545654296875,172.9199981689453,174.02000427246094,171.17999267578125,171.6699981689453,18050800
2022-12-21,168.25595092773438,175.89999389648438,176.8000030517578,174.1999969482422,174.4499969482422,22997200
2022-12-22,166.055908203125,173.60000610351562,174.49000549316406,170.6699981689453,174.3300018310547,21297600
2022-12-23,166.81155395507812,174.38999938964844,174.4499969482422,172.33999633789062,173.47999572753906,11647700
2022-12-27,165.69241333007812,173.22000122070312,174.57000732421875,172.5800018310547,174.36000061035156,13553800
2022-12-28,163.1193389892578,170.52999877929688,174.10000610351562,170.33999633789062,173.17999267578125,19648000
2022-12-29,167.25160217285156,174.85000610351562,175.25,171.39999389648438,171.72000122070312,22311300
2022-12-30,166.78289794921875,174.36000061035156,174.72000122070312,172.61000061035156,173.33999633789062,21275600
2023-01-03,165.8645782470703,173.39999389648438,177.32000732421875,171.89999389648438,175.92999267578125,22503800
2023-01-04,167.93069458007812,175.55999755859375,176.6699981689453,174.27999877929688,174.6199951171875,22973500
2023-01-05,166.1324462890625,173.67999267578125,174.75999450683594,172.38999938964844,174.58999633789062,17032600
2023-01-06,169.86293029785156,177.5800018310547,178.0399932861328,173.8699951171875,175.3000030517578,21986900
2023-01-09,170.14991760253906,177.8800048828125,180.1199951171875,177.64999389648438,179.00999450683594,18366500
2023-01-10,172.6656036376953,180.50999450683594,180.6199951171875,177.3000030517578,177.66000366210938,18751100
2023-01-11,174.8178253173828,182.75999450683594,182.7899932861328,180.67999267578125,181.25999450683594,18222700
2023-01-12,177.75440979003906,185.8300018310547,185.9499969482422,181.9199981689453,183.57000732421875,29650800
2023-01-13,178.92141723632812,187.0500030517578,187.33999633789062,184.3300018310547,184.5,22120000
2023-01-17,178.70143127441406,186.82000732421875,187.83999633789062,186.24000549316406,187.0,22422600
2023-01-18,175.81265258789062,183.8000030517578,188.9600067138672,183.6999969482422,187.4499969482422,23507800
2023-01-19,174.129150390625,182.0399932861328,183.10000610351562,180.77999877929688,182.72999572753906,24624500
2023-01-20,176.998779296875,185.0399932861328,185.14999389648438,181.27000427246094,182.7100067138672,36070300
2023-01-23,179.18923950195312,187.3300018310547,188.1199951171875,184.5800018310547,185.42999267578125,20329900
2023-01-24,178.80662536621094,186.92999267578125,187.8300018310547,185.8800048828125,186.58999633789062,19263500
2023-01-25,179.3040008544922,187.4499969482422,187.50999450683594,183.8699951171875,185.41000366210938,18174600
2023-01-26,180.36578369140625,188.55999755859375,189.85000610351562,186.2899932861328,188.97999572753906,18369100
2023-01-27,181.34144592285156,189.5800018310547,190.3000030517578,187.7899932861328,187.97999572753906,20019900
2023-01-30,178.8162078857422,186.94000244140625,189.61000061035156,186.8300018310547,187.83999633789062,18395100
2023-01-31,183.15887451171875,191.47999572753906,191.5800018310547,187.3800048828125,187.4199981689453,21567900
2023-02-01,186.0380859375,194.49000549316406,196.19000244140625,190.1300048828125,191.19000244140625,27007300
2023-02-02,189.70164489746094,198.32000732421875,199.25999450683594,194.35000610351562,196.00999450683594,31020400
2023-02-03,188.42947387695312,196.99000549316406,199.1300048828125,195.6999969482422,196.11000061035156,24981500
2023-02-06,185.7033233642578,194.13999938964844,196.3800048828125,193.3699951171875,195.64999389648438,18160100
2023-02-07,187.08071899414062,195.5800018310547,196.10000610351562,191.64999389648438,193.41000366210938,27074100
2023-02-08,184.34498596191406,192.72000122070312,195.3699951171875,192.1999969482422,194.36000061035156,17933500
2023-02-09,181.67626953125,189.92999267578125,195.1199951171875,189.42999267578125,194.22999572753906,20516600
2023-02-10,182.0397186279297,190.30999755859375,190.6300048828125,188.52999877929688,189.27999877929688,15248700
2023-02-13,184.23020935058594,192.60000610351562,192.86000061035156,189.30999755859375,190.50999450683594,15754400
2023-02-14,184.1441192626953,192.50999450683594,193.9499969482422,190.0800018310547,191.27999877929688,21889600
2023-02-15,186.00938415527344,194.4600067138672,194.5500030517578,190.52999877929688,190.97999572753906,18721200
2023-02-16,184.23020935058594,192.60000610351562,194.8699951171875,191.25,191.8000030517578,21366300
2023-02-17,184.73721313476562,193.1300048828125,193.3699951171875,190.97000122070312,191.8800048828125,23892200
2023-02-21,179.28488159179688,187.42999267578125,191.33999633789062,187.24000549316406,190.75,26004000
2023-02-22,179.772705078125,187.94000244140625,189.14999389648438,186.75,187.8300018310547,24651700
2023-02-23,181.05450439453125,189.27999877929688,190.3000030517578,186.6999969482422,189.35000610351562,21311700
2023-02-24,179.3614044189453,187.50999450683594,187.77999877929688,185.77999877929688,186.64999389648438,24280700
2023-02-27,179.99270629882812,188.1699981689453,190.1999969482422,187.60000610351562,189.1300048828125,17562900
2023-02-28,180.00228881835938,188.17999267578125,190.02000427246094,188.07000732421875,188.1199951171875,19542600
2023-03-01,180.23187255859375,188.4199981689453,189.49000549316406,187.19000244140625,188.19000244140625,22532800
2023-03-02,180.66232299804688,188.8699951171875,189.3000030517578,186.1199951171875,186.86000061035156,18104400
2023-03-03,183.1780548095703,191.5,191.92999267578125,188.4199981689453,189.6699981689453,22774300
2023-03-06,180.4997100830078,188.6999969482422,191.74000549316406,187.89999389648438,191.55999755859375,23266700
2023-03-07,178.40487670898438,186.50999450683594,189.07000732421875,186.22000122070312,188.64999389648438,25865700
2023-03-08,178.49095153808594,186.60000610351562,187.61000061035156,185.1199951171875,186.7899932861328,22505900
2023-03-09,173.52651977539062,181.41000366210938,187.27000427246094,181.27999877929688,186.72999572753906,33546900
2023-03-10,168.52377319335938,176.17999267578125,180.38999938964844,174.25999450683594,180.38999938964844,69274200
2023-03-13,165.7784881591797,173.30999755859375,176.39999389648438,171.07000732421875,172.52000427246094,74171500
2023-03-14,168.8489990234375,176.52000427246094,179.25999450683594,174.61000061035156,178.60000610351562,48946200
2023-03-15,166.0654754638672,173.61000061035156,173.91000366210938,170.3800048828125,171.92999267578125,54405800
2023-03-16,168.33245849609375,175.97999572753906,177.3800048828125,170.5,171.47000122070312,52392300
2023-03-17,163.78890991210938,171.22999572753906,174.75999450683594,170.86000061035156,174.0399932861328,70239900
2023-03-20,165.91241455078125,173.4499969482422,175.3699951171875,172.52999877929688,173.0500030517578,46103200
2023-03-21,168.97335815429688,176.64999389648438,178.17999267578125,175.9600067138672,176.5500030517578,34465900
2023-03-22,164.18104553222656,171.63999938964844,177.35000610351562,171.52999877929688,176.52000427246094,56098200
2023-03-23,163.45240783691406,170.25,174.38999938964844,168.7100067138672,172.27999877929688,47720900
2023-03-24,164.93087768554688,171.7899932861328,172.11000061035156,167.4600067138672,168.75,47519700
2023-03-27,166.76463317871094,173.6999969482422,174.72999572753906,172.36000061035156,173.83999633789062,33880600
2023-03-28,166.5245819091797,173.4499969482422,174.50999450683594,172.69000244140625,173.10000610351562,28555100
2023-03-29,168.4159698486328,175.4199981689453,175.5500030517578,173.57000732421875,175.33999633789062,25564800
2023-03-30,168.18553161621094,175.17999267578125,177.30999755859375,174.4499969482422,176.8800048828125,26728600
2023-03-31,171.27699279785156,178.39999389648438,178.63999938964844,176.3699951171875,176.39999389648438,39602900
2023-04-03,171.35374450683594,178.47999572753906,179.77999877929688,176.49000549316406,178.9499969482422,27609000
2023-04-04,168.34877014160156,175.35000610351562,179.10000610351562,174.32000732421875,178.9199981689453,33487200
2023-04-05,166.69740295410156,173.6300048828125,174.8300018310547,172.52999877929688,174.25,28247300
2023-04-06,166.94703674316406,173.88999938964844,174.4600067138672,172.67999267578125,173.72000122070312,26366300
2023-04-10,168.73277282714844,175.75,175.8800048828125,173.02999877929688,173.07000732421875,22237800
2023-04-11,170.06727600097656,177.13999938964844,177.97000122070312,176.1199951171875,176.57000732421875,21876200
2023-04-12,168.81915283203125,175.83999633789062,178.97999572753906,175.5800018310547,178.82000732421875,27018100
2023-04-13,171.05613708496094,178.1699981689453,178.69000244140625,175.92999267578125,176.5399932861328,23259900
2023-04-14,169.46241760253906,176.50999450683594,179.22000122070312,175.33999633789062,178.3300018310547,29600400
2023-04-17,171.6417999267578,178.77999877929688,178.86000061035156,176.75,176.97000122070312,22177300
2023-04-18,170.91217041015625,178.02000427246094,179.6300048828125,176.94000244140625,179.58999633789062,22873100
2023-04-19,171.13294982910156,178.25,178.7899932861328,176.5800018310547,177.0800018310547,19306800
2023-04-20,170.24969482421875,177.3300018310547,178.42999267578125,176.52000427246094,177.14999389648438,20336300
2023-04-21,170.47048950195312,177.55999755859375,177.9600067138672,175.86000061035156,177.80999755859375,25972800
2023-04-24,170.3553009033203,177.44000244140625,178.4499969482422,176.5,177.3800048828125,17781000
2023-04-25,166.15016174316406,173.05999755859375,175.94000244140625,173.00999450683594,175.6300048828125,28857900
2023-04-26,164.54685974121094,171.38999938964844,173.39999389648438,171.0,172.22999572753906,30309800
2023-04-27,166.74545288085938,173.67999267578125,173.86000061035156,170.94000244140625,172.02999877929688,33424100
2023-04-28,168.2047576904297,175.1999969482422,175.8300018310547,173.17999267578125,173.2899932861328,31911900
2023-05-01,168.30076599121094,175.3000030517578,177.33999633789062,174.75999450683594,175.0,27420100
2023-05-02,164.84445190429688,171.6999969482422,174.4499969482422,169.9199981689453,174.39999389648438,40851100
2023-05-03,165.44932556152344,172.3300018310547,175.6999969482422,172.19000244140625,172.22000122070312,43261400
2023-05-04,163.5963897705078,170.39999389648438,171.55999755859375,168.77999877929688,171.32000732421875,42382100
2023-05-05,167.48468017578125,174.4499969482422,175.10000610351562,173.10000610351562,173.2899932861328,35456800
2023-05-08,167.10064697265625,174.0500030517578,175.5500030517578,173.1300048828125,175.25999450683594,22109900
2023-05-09,166.60140991210938,173.52999877929688,174.27000427246094,172.16000366210938,172.97999572753906,21465500
2023-05-10,167.4462890625,174.41000366210938,176.02000427246094,172.72000122070312,175.9600067138672,27281900
2023-05-11,166.1597900390625,173.07000732421875,173.77999877929688,172.11000061035156,173.22000122070312,25884600
2023-05-12,165.82374572753906,172.72000122070312,174.2100067138672,171.64999389648438,173.64999389648438,20406400
2023-05-15,167.8495330810547,174.8300018310547,175.7100067138672,172.82000732421875,173.30999755859375,24310000
2023-05-16,165.40133666992188,172.27999877929688,174.80999755859375,172.22999572753906,173.61000061035156,24212900
2023-05-17,169.08799743652344,176.1199951171875,176.5,172.16000366210938,173.42999267578125,38231600
2023-05-18,170.11529541015625,177.19000244140625,177.57000732421875,175.02000427246094,175.55999755859375,30446600
2023-05-19,169.0784149169922,176.11000061035156,178.88999938964844,175.25,178.50999450683594,34316300
2023-05-22,171.14254760742188,178.25999450683594,179.02000427246094,176.0399932861328,176.6199951171875,28207200
2023-05-23,170.3361053466797,177.4199981689453,180.52999877929688,177.3800048828125,177.91000366210938,32708900
2023-05-24,168.5311279296875,175.5399932861328,176.74000549316406,174.6699981689453,176.5500030517578,28744200
2023-05-25,167.2158966064453,174.1699981689453,175.52999877929688,172.6999969482422,175.25,36202600
2023-05-26,169.11679077148438,176.14999389648438,176.3800048828125,174.02000427246094,174.3000030517578,29841300
2023-05-30,168.49278259277344,175.5,177.5500030517578,174.75999450683594,176.7100067138672,25572600
2023-05-31,166.8318328857422,173.77000427246094,176.00999450683594,172.36000061035156,174.69000244140625,34598800
2023-06-01,168.63674926757812,175.64999389648438,176.24000549316406,172.92999267578125,173.86000061035156,27800900
2023-06-02,174.75244140625,182.02000427246094,182.08999633789062,177.4499969482422,178.00999450683594,50212400
2023-06-05,172.40985107421875,179.5800018310547,181.25999450683594,178.44000244140625,181.25999450683594,34465800
2023-06-06,176.9510040283203,184.30999755859375,184.9600067138672,178.92999267578125,178.92999267578125,58584500
2023-06-07,180.2618408203125,187.24000549316406,187.77000427246094,184.9600067138672,184.9600067138672,60685600
2023-06-08,179.58792114257812,186.5399932861328,187.3800048828125,184.91000366210938,186.75,34185000
2023-06-09,178.1342010498047,185.02999877929688,186.61000061035156,184.4499969482422,186.32000732421875,30242200
2023-06-12,178.87550354003906,185.8000030517578,186.67999267578125,184.22000122070312,185.22999572753906,26580500
2023-06-13,180.92611694335938,187.92999267578125,188.97999572753906,186.27000427246094,186.44000244140625,35758200
2023-06-14,178.9813995361328,185.91000366210938,189.24000549316406,184.5500030517578,188.32000732421875,37114100
2023-06-15,180.4543914794922,187.44000244140625,187.57000732421875,184.91000366210938,185.0800018310547,36488400
2023-06-16,179.01025390625,185.94000244140625,188.5500030517578,185.08999633789062,187.9499969482422,50684500
2023-06-20,178.23048400878906,185.1300048828125,185.57000732421875,183.75999450683594,185.16000366210938,33269300
2023-06-21,177.81646728515625,184.6999969482422,185.91000366210938,183.58999633789062,184.44000244140625,30730200
2023-06-22,176.49755859375,183.3300018310547,184.25,182.49000549316406,184.1999969482422,27063700
2023-06-23,173.8404083251953,180.57000732421875,182.41000366210938,180.0500030517578,180.77000427246094,50610100
2023-06-26,174.013671875,180.75,182.74000549316406,180.3699951171875,180.44000244140625,31507900
2023-06-27,176.52642822265625,183.36000061035156,183.99000549316406,180.39999389648438,181.1999969482422,28818800
2023-06-28,177.39285278320312,184.25999450683594,184.4199981689453,182.1199951171875,182.99000549316406,23187600
2023-06-29,179.4338836669922,186.3800048828125,187.0800018310547,184.42999267578125,184.72000122070312,32084100
2023-06-30,180.2907257080078,187.27000427246094,188.42999267578125,186.91000366210938,188.25999450683594,30287300
2023-07-03,180.6565399169922,187.64999389648438,188.83999633789062,186.74000549316406,186.91000366210938,14011900
2023-07-05,178.8562469482422,185.77999877929688,187.2100067138672,185.44000244140625,187.1300048828125,24092100
2023-07-06,175.96804809570312,182.77999877929688,183.7100067138672,180.72000122070312,183.6300048828125,39080800
2023-07-07,177.8261260986328,184.7100067138672,186.49000549316406,182.92999267578125,182.97999572753906,31706700
2023-07-10,180.8683624267578,187.8699951171875,188.0500030517578,184.16000366210938,184.5800018310547,29725100
2023-07-11,182.72645568847656,189.8000030517578,190.0800018310547,187.69000244140625,188.47999572753906,26738800
2023-07-12,184.7192840576172,191.8699951171875,193.0500030517578,191.3699951171875,192.75999450683594,40127300
2023-07-13,186.21151733398438,193.4199981689453,193.69000244140625,191.8000030517578,192.50999450683594,23523000
2023-07-14,184.39193725585938,191.52999877929688,193.49000549316406,190.2899932861328,193.33999633789062,32198600
2023-07-17,186.36557006835938,193.5800018310547,194.36000061035156,191.13999938964844,191.33999633789062,23283700
2023-07-18,188.66648864746094,195.97000122070312,196.38999938964844,193.49000549316406,193.6999969482422,28489800
2023-07-19,189.46554565429688,196.8000030517578,197.66000366210938,195.92999267578125,196.6999969482422,23679000
2023-07-20,187.80966186523438,195.0800018310547,196.94000244140625,194.27000427246094,196.94000244140625,27278100
2023-07-21,187.2127685546875,194.4600067138672,196.6199951171875,194.08999633789062,196.38999938964844,28982400
2023-07-24,187.67489624023438,194.94000244140625,196.25999450683594,193.99000549316406,194.55999755859375,16929800
2023-07-25,187.65562438964844,194.9199981689453,196.2100067138672,194.4199981689453,194.5800018310547,18961100
2023-07-26,189.13821411132812,196.4600067138672,197.16000366210938,194.7100067138672,194.77000427246094,20377900
2023-07-27,186.69285583496094,193.9199981689453,197.89999389648438,193.17999267578125,197.6300048828125,31159300
2023-07-28,189.10931396484375,196.42999267578125,196.9499969482422,195.5,196.02000427246094,21612200
2023-07-31,191.30435180664062,198.7100067138672,198.75,196.9199981689453,196.92999267578125,24203900
2023-08-01,190.42828369140625,197.8000030517578,197.94000244140625,195.77999877929688,197.42999267578125,27444300
2023-08-02,187.83853149414062,195.11000061035156,196.08999633789062,194.08999633789062,195.58999633789062,28079700
2023-08-03,187.3090362548828,194.55999755859375,195.63999938964844,193.05999755859375,194.3000030517578,24279300
2023-08-04,186.9335479736328,194.1699981689453,196.30999755859375,193.7100067138672,194.82000732421875,24950400
2023-08-07,187.05874633789062,194.3000030517578,195.05999755859375,192.67999267578125,194.66000366210938,20185000
2023-08-08,185.88418579101562,193.0800018310547,193.2899932861328,190.52000427246094,192.13999938964844,25578200
2023-08-09,184.4304656982422,191.57000732421875,192.8800048828125,190.75,192.8699951171875,22293200
2023-08-10,183.6121368408203,190.72000122070312,194.1199951171875,189.88999938964844,192.24000549316406,29378800
2023-08-11,183.87208557128906,190.99000549316406,191.69000244140625,189.74000549316406,189.9199981689453,21789000
2023-08-14,183.5543975830078,190.66000366210938,190.6999969482422,188.63999938964844,189.94000244140625,20354900
2023-08-15,181.12828063964844,188.13999938964844,189.63999938964844,188.0399932861328,189.52000427246094,25491300
2023-08-16,178.9140167236328,185.83999633789062,189.05999755859375,185.80999755859375,187.99000549316406,27018400
2023-08-17,176.8056182861328,183.64999389648438,186.74000549316406,183.6300048828125,186.33999633789062,26715100
2023-08-18,177.76837158203125,184.64999389648438,185.25,181.94000244140625,182.2100067138672,33375200
2023-08-21,177.50843811035156,184.3800048828125,185.27999877929688,183.07000732421875,184.6999969482422,22678100
2023-08-22,176.9789276123047,183.8300018310547,185.5500030517578,183.22000122070312,185.0399932861328,21299200
2023-08-23,178.86587524414062,185.7899932861328,186.11000061035156,183.42999267578125,184.0,21231100
2023-08-24,176.39163208007812,183.22000122070312,186.33999633789062,183.1999969482422,185.25,26582300
2023-08-25,177.14259338378906,184.0,185.0,181.61000061035156,184.05999755859375,29340400
2023-08-28,178.7214813232422,185.63999938964844,186.75,184.82000732421875,184.83999633789062,23002000
2023-08-29,181.2149200439453,188.22999572753906,188.3699951171875,184.57000732421875,185.5399932861328,22986000
2023-08-30,181.89846801757812,188.94000244140625,189.61000061035156,187.3300018310547,187.72999572753906,19869900
2023-08-31,181.58078002929688,188.61000061035156,190.25999450683594,188.52999877929688,189.1999969482422,17953400
2023-09-01,183.73728942871094,190.85000610351562,191.86000061035156,189.85000610351562,190.07000732421875,25094600
2023-09-05,179.86709594726562,186.8300018310547,189.89999389648438,186.77000427246094,189.64999389648438,27160100
2023-09-06,179.19322204589844,186.1300048828125,188.08999633789062,185.08999633789062,187.05999755859375,26406200
2023-09-07,177.46031188964844,184.3300018310547,185.3800048828125,183.58999633789062,185.13999938964844,23894800
2023-09-08,177.06556701660156,183.9199981689453,184.8300018310547,183.4499969482422,184.55999755859375,19399100
2023-09-11,177.4891815185547,184.36000061035156,185.72000122070312,184.1999969482422,185.25999450683594,17424700
2023-09-12,177.3158721923828,184.17999267578125,185.33999633789062,183.74000549316406,184.0399932861328,16826300
2023-09-13,176.1510009765625,182.97000122070312,184.8800048828125,182.38999938964844,184.5,24415700
2023-09-14,178.63482666015625,185.5500030517578,186.07000732421875,184.24000549316406,184.52999877929688,27952500
2023-09-15,176.76710510253906,183.61000061035156,185.07000732421875,182.7899932861328,184.7899932861328,39695500
2023-09-18,175.59259033203125,182.38999938964844,183.75999450683594,182.3699951171875,183.6999969482422,19287800
2023-09-19,174.90902709960938,181.67999267578125,183.3000030517578,181.07000732421875,182.49000549316406,24085900
2023-09-20,173.1568603515625,179.86000061035156,183.50999450683594,179.82000732421875,182.39999389648438,27642900
2023-09-21,170.4708709716797,177.07000732421875,178.75999450683594,177.07000732421875,178.5,31625600
2023-09-22,170.0857696533203,176.6699981689453,178.3699951171875,176.55999755859375,177.55999755859375,23164700
2023-09-25,170.84634399414062,177.4600067138672,177.86000061035156,175.5399932861328,175.69000244140625,22416200
2023-09-26,168.6497039794922,174.36000061035156,177.02000427246094,174.2899932861328,175.5,30476000
2023-09-27,170.22633361816406,175.99000549316406,176.92999267578125,174.4600067138672,175.4499969482422,37293000
2023-09-28,171.76425170898438,177.5800018310547,178.57000732421875,175.97000122070312,176.08999633789062,31372400
2023-09-29,170.9517364501953,176.74000549316406,179.16000366210938,176.14999389648438,178.97000122070312,36689000
2023-10-02,168.36917114257812,174.07000732421875,176.72999572753906,173.14999389648438,176.3300018310547,42139300
2023-10-03,165.53517150878906,171.13999938964844,173.5,170.3699951171875,172.9499969482422,42733600
2023-10-04,165.61253356933594,171.22000122070312,171.61000061035156,169.08999633789062,171.00999450683594,42491900
2023-10-05,165.73829650878906,171.35000610351562,171.89999389648438,169.94000244140625,170.8000030517578,33365100
2023-10-06,167.334228515625,173.0,173.88999938964844,169.50999450683594,170.3699951171875,42160900
2023-10-09,168.30149841308594,174.0,174.5500030517578,171.77000427246094,171.83999633789062,26658400
2023-10-10,170.20697021484375,175.97000122070312,177.0399932861328,174.27999877929688,174.30999755859375,31585000
2023-10-11,169.91677856445312,175.6699981689453,177.22999572753906,174.3800048828125,176.1199951171875,27427200
2023-10-12,166.07679748535156,171.6999969482422,175.8800048828125,170.7899932861328,175.8800048828125,38693800
2023-10-13,164.69361877441406,170.27000427246094,172.6999969482422,169.69000244140625,172.35000610351562,33955600
2023-10-16,167.35360717773438,173.02000427246094,173.38999938964844,171.02000427246094,171.74000549316406,31140300
2023-10-17,169.22036743164062,174.9499969482422,176.4199981689453,171.89999389648438,171.94000244140625,39823200
2023-10-18,165.73829650878906,171.35000610351562,173.66000366210938,171.0,173.63999938964844,38501400
2023-10-19,163.0977020263672,168.6199951171875,172.14999389648438,168.36000061035156,170.86000061035156,51397300
2023-10-20,160.9890594482422,166.44000244140625,169.02999877929688,166.42999267578125,168.66000366210938,54421900
2023-10-23,159.625244140625,165.02999877929688,167.4600067138672,164.64999389648438,165.66000366210938,45590900
2023-10-24,161.01812744140625,166.47000122070312,167.6199951171875,165.41000366210938,166.4499969482422,32666300
2023-10-25,158.358154296875,163.72000122070312,165.66000366210938,163.39999389648438,165.00999450683594,36832900
2023-10-26,158.76441955566406,164.13999938964844,165.77000427246094,163.1999969482422,164.14999389648438,50525600
2023-10-27,156.89761352539062,162.2100067138672,164.8300018310547,161.6699981689453,164.52000427246094,46017100
2023-10-30,157.7681121826172,163.11000061035156,164.80999755859375,161.94000244140625,163.7899932861328,35156300
2023-10-31,159.13197326660156,164.52000427246094,164.99000549316406,162.8300018310547,163.39999389648438,31533200
2023-11-01,160.0411834716797,165.4600067138672,165.60000610351562,163.10000610351562,164.4600067138672,44367100
2023-11-02,164.30674743652344,169.8699951171875,170.0,167.3300018310547,167.75,50458100
2023-11-03,168.7754364013672,174.49000549316406,175.64999389648438,172.77999877929688,172.8000030517578,57060700
2023-11-06,166.66680908203125,172.30999755859375,174.77999877929688,171.38999938964844,174.49000549316406,35294400
2023-11-07,166.07679748535156,171.6999969482422,172.50999450683594,170.57000732421875,171.55999755859375,31168900
2023-11-08,164.30674743652344,169.8699951171875,172.1300048828125,169.3000030517578,171.6999969482422,44938600
2023-11-09,161.7628936767578,167.24000549316406,171.02999877929688,166.97999572753906,171.02999877929688,38577400
2023-11-10,163.57164001464844,169.11000061035156,169.7100067138672,166.7899932861328,168.22000122070312,36121300
2023-11-13,163.62966918945312,169.1699981689453,169.77000427246094,167.52000427246094,168.24000549316406,27610300
2023-11-14,172.6154327392578,178.4600067138672,178.47000122070312,174.22000122070312,174.22999572753906,77611000
2023-11-15,172.91526794433594,178.77000427246094,181.75999450683594,178.11000061035156,178.35000610351562,59641400
2023-11-16,170.1199188232422,175.8800048828125,178.6300048828125,175.16000366210938,178.13999938964844,46616700
2023-11-17,172.4509735107422,178.2899932861328,178.63999938964844,177.11000061035156,177.4499969482422,43418700
2023-11-20,173.45692443847656,179.3300018310547,179.64999389648438,177.74000549316406,178.52000427246094,26665100
2023-11-21,171.22256469726562,177.02000427246094,178.50999450683594,176.91000366210938,178.24000549316406,30457000
2023-11-22,172.29623413085938,178.1300048828125,179.38999938964844,177.4199981689453,178.17999267578125,28940900
2023-11-24,173.45692443847656,179.3300018310547,179.72999572753906,177.8000030517578,178.0500030517578,13846900
2023-11-27,172.87657165527344,178.72999572753906,179.11000061035156,177.22999572753906,178.5,30665800
2023-11-28,172.2091522216797,178.0399932861328,179.22000122070312,177.1999969482422,178.5500030517578,28350200
2023-11-29,173.118408203125,178.97999572753906,181.75,178.6999969482422,179.5500030517578,31590200
2023-11-30,173.776123046875,179.66000366210938,180.63999938964844,178.75999450683594,180.0500030517578,32216800
2023-12-01,178.8542022705078,184.91000366210938,185.17999267578125,178.2100067138672,179.1999969482422,64221300
2023-12-04,180.7693328857422,186.88999938964844,186.99000549316406,184.02000427246094,184.22999572753906,44862600
2023-12-05,178.35121154785156,184.38999938964844,186.0500030517578,183.97999572753906,186.0500030517578,36873500
2023-12-06,178.0320281982422,184.05999755859375,187.9199981689453,183.7899932861328,185.6999969482422,43637900
2023-12-07,179.31846618652344,185.38999938964844,185.55999755859375,183.38999938964844,184.3300018310547,32662300
2023-12-08,180.6822967529297,186.8000030517578,187.75,184.86000061035156,185.14999389648438,36087100
2023-12-11,181.0594940185547,187.19000244140625,187.6199951171875,185.88999938964844,186.67999267578125,29302100
2023-12-12,180.87574768066406,187.0,187.66000366210938,185.33999633789062,186.97000122070312,32024000
2023-12-13,186.99842834472656,193.3300018310547,193.63999938964844,185.6699981689453,187.10000610351562,69484800
2023-12-14,192.20223999023438,198.7100067138672,200.0399932861328,196.47999572753906,196.8699951171875,83649300
2023-12-15,190.5869140625,197.0399932861328,199.5500030517578,195.9499969482422,198.9499969482422,74160700
2023-12-18,190.65464782714844,197.11000061035156,198.77000427246094,196.67999267578125,197.9600067138672,44451100
2023-12-19,194.3494873046875,200.92999267578125,201.3000030517578,198.02000427246094,198.47999572753906,52156200
2023-12-20,190.54788208007812,196.27999877929688,202.1699981689453,196.16000366210938,199.86000061035156,62360300
2023-12-21,193.7903289794922,199.6199951171875,199.82000732421875,197.52000427246094,198.5,38613400
2023-12-22,195.5960235595703,201.47999572753906,202.80999755859375,200.19000244140625,200.8800048828125,39173800
2023-12-26,198.13954162597656,204.10000610351562,204.55999755859375,201.69000244140625,202.2100067138672,26879000
2023-12-27,198.83847045898438,204.82000732421875,205.49000549316406,203.39999389648438,204.44000244140625,35806400
2023-12-28,198.08126831054688,204.0399932861328,205.1699981689453,203.27999877929688,203.7899932861328,28930100
2023-12-29,194.8485107421875,200.7100067138672,204.02999877929688,200.7100067138672,203.47999572753906,41496800
2024-01-02,193.69325256347656,199.52000427246094,201.6199951171875,198.44000244140625,199.39999389648438,44341500
2024-01-03,188.5286102294922,194.1999969482422,197.6699981689453,193.77999877929688,197.39999389648438,57532500
2024-01-04,188.15972900390625,193.82000732421875,195.49000549316406,193.69000244140625,194.05999755859375,43114200
2024-01-05,187.60635375976562,193.25,195.4600067138672,192.2899932861328,192.69000244140625,40964900
2024-01-08,190.98472595214844,196.72999572753906,196.97000122070312,192.25999450683594,193.2899932861328,31545400
2024-01-09,189.27613830566406,194.97000122070312,195.77000427246094,193.32000732421875,194.35000610351562,28998700
2024-01-10,189.38294982910156,195.0800018310547,195.3800048828125,193.0800018310547,194.74000549316406,35075200
2024-01-11,187.89759826660156,193.5500030517578,194.74000549316406,191.3000030517578,194.5,48939200
2024-01-12,187.5869598388672,193.22999572753906,197.10000610351562,192.63999938964844,195.88999938964844,42992100
2024-01-16,185.26675415039062,190.83999633789062,193.25999450683594,190.11000061035156,191.72000122070312,42213000
2024-01-17,183.9464874267578,189.47999572753906,189.92999267578125,187.52999877929688,188.1300048828125,37787700
2024-01-18,185.03378295898438,190.60000610351562,191.1699981689453,188.2100067138672,190.7100067138672,41760000
2024-01-19,186.810302734375,192.42999267578125,192.85000610351562,189.22999572753906,191.2899932861328,63338300
2024-01-22,190.80026245117188,196.5399932861328,196.82000732421875,194.08999633789062,194.14999389648438,42379500
2024-01-23,190.24693298339844,195.97000122070312,198.58999633789062,194.97999572753906,198.22000122070312,42471200
2024-01-24,188.68394470214844,194.36000061035156,198.4600067138672,194.1199951171875,198.3800048828125,41120100
2024-01-25,190.24693298339844,195.97000122070312,197.66000366210938,194.41000366210938,197.10000610351562,37659500
2024-01-26,190.25662231445312,195.97999572753906,197.88999938964844,195.3800048828125,196.88999938964844,33478600
2024-01-29,193.58645629882812,199.41000366210938,199.41000366210938,195.08999633789062,196.16000366210938,29234400
2024-01-30,191.93614196777344,197.7100067138672,198.92999267578125,197.10000610351562,198.38999938964844,33121200
2024-01-31,187.2471466064453,192.8800048828125,198.94000244140625,192.7100067138672,197.2100067138672,68126700
2024-02-01,189.73240661621094,195.44000244140625,195.74000549316406,191.52999877929688,194.30999755859375,59479000
2024-02-02,188.73248291015625,194.41000366210938,195.5,192.38999938964844,193.24000549316406,52839300
2024-02-05,186.33462524414062,191.94000244140625,193.11000061035156,190.05999755859375,192.47000122070312,39751900
2024-02-06,188.01409912109375,193.6699981689453,193.8000030517578,191.02000427246094,191.6999969482422,34689100
2024-02-07,187.57723999023438,193.22000122070312,194.14999389648438,192.0399932861328,194.07000732421875,31713900
2024-02-08,190.42166137695312,196.14999389648438,196.3699951171875,192.7100067138672,193.36000061035156,35370800
2024-02-09,193.51852416992188,199.33999633789062,199.5500030517578,196.4499969482422,196.9199981689453,46107100
2024-02-12,197.0327911376953,202.9600067138672,203.5500030517578,199.83999633789062,199.8699951171875,43291000
2024-02-13,188.92666625976562,194.61000061035156,197.6300048828125,193.05999755859375,196.22000122070312,86247400
2024-02-14,193.3146514892578,199.1300048828125,199.7899932861328,196.22999572753906,197.67999267578125,43808000
2024-02-15,198.46958923339844,204.44000244140625,204.77000427246094,200.72000122070312,200.99000549316406,44931900
2024-02-16,195.7707977294922,201.66000366210938,203.6999969482422,201.08999633789062,202.1199951171875,48346200
2024-02-20,193.0719451904297,198.8800048828125,199.72000122070312,198.00999450683594,199.14999389648438,30547500
2024-02-21,192.159423828125,197.94000244140625,198.35000610351562,196.38999938964844,197.66000366210938,28669100
2024-02-22,193.6156005859375,199.44000244140625,200.08999633789062,197.80999755859375,198.64999389648438,38184700
2024-02-23,194.05247497558594,199.88999938964844,201.13999938964844,198.57000732421875,199.60000610351562,37667700
2024-02-26,195.27565002441406,201.14999389648438,201.63999938964844,199.14999389648438,199.69000244140625,29118200
2024-02-27,198.0424346923828,204.0,204.22000122070312,202.5399932861328,203.0800018310547,32268600
2024-02-28,196.4114990234375,202.32000732421875,203.86000061035156,201.8699951171875,202.44000244140625,30143900
2024-02-29,197.78030395507812,203.72999572753906,206.0399932861328,202.52000427246094,205.17999267578125,40404100
2024-03-01,199.87722778320312,205.88999938964844,206.3300018310547,203.13999938964844,204.52999877929688,35156900
2024-03-04,199.69276428222656,205.6999969482422,207.77000427246094,205.4499969482422,207.02999877929688,24785400
2024-03-05,197.78030395507812,203.72999572753906,205.91000366210938,203.00999450683594,204.3000030517578,34163500
2024-03-06,199.2559356689453,205.25,206.0800018310547,204.0800018310547,206.02999877929688,34255200
2024-03-07,200.916015625,206.9600067138672,208.10000610351562,206.39999389648438,206.6999969482422,28020200
2024-03-08,200.78977966308594,206.8300018310547,210.41000366210938,205.8000030517578,208.74000549316406,41447800
2024-03-11,199.1977081298828,205.19000244140625,206.83999633789062,204.75,205.9600067138672,24435800
2024-03-12,198.92584228515625,204.91000366210938,205.9199981689453,203.38999938964844,205.14999389648438,34958900
2024-03-13,199.70249938964844,205.7100067138672,206.5800018310547,204.77000427246094,204.8699951171875,25140700
2024-03-14,196.12994384765625,202.02999877929688,205.27999877929688,200.1699981689453,205.0500030517578,47509100
2024-03-15,196.4988555908203,202.41000366210938,203.0800018310547,201.1300048828125,201.25,53217000
2024-03-18,195.3727264404297,201.25,203.17999267578125,200.91000366210938,202.91000366210938,32405100
2024-03-19,196.1979522705078,202.10000610351562,202.75,199.66000366210938,199.77999877929688,29864100
2024-03-20,200.08111572265625,206.10000610351562,206.99000549316406,201.11000061035156,201.52000427246094,49609600
2024-03-21,202.37994384765625,207.94000244140625,208.9499969482422,206.83999633789062,207.0,43067300
2024-03-22,199.5867156982422,205.07000732421875,208.24000549316406,205.07000732421875,207.85000610351562,28437300
2024-03-25,200.0441131591797,205.5399932861328,207.00999450683594,205.50999450683594,205.72000122070312,20107800
2024-03-26,199.6840057373047,205.1699981689453,207.63999938964844,204.99000549316406,207.0500030517578,23434800
2024-03-27,204.0345001220703,209.63999938964844,209.7100067138672,206.16000366210938,206.8000030517578,35028400
2024-03-28,204.67686462402344,210.3000030517578,211.8800048828125,209.83999633789062,210.0800018310547,37675100
2024-04-01,202.7498016357422,208.32000732421875,210.8000030517578,207.9600067138672,210.77000427246094,25684200
2024-04-02,199.02218627929688,204.49000549316406,205.8800048828125,203.39999389648438,205.75,36632100
2024-04-03,200.32635498046875,205.8300018310547,206.39999389648438,203.27999877929688,203.3800048828125,27362800
2024-04-04,198.3214569091797,203.77000427246094,208.5500030517578,203.2100067138672,208.0500030517578,32265200
2024-04-05,198.98326110839844,204.4499969482422,205.6999969482422,202.8800048828125,203.13999938964844,27569400
2024-04-08,200.07334899902344,205.57000732421875,206.4199981689453,204.5800018310547,205.97999572753906,21331000
2024-04-09,200.86166381835938,206.3800048828125,206.97000122070312,204.47000122070312,206.22000122070312,23289100
2024-04-10,195.557373046875,200.92999267578125,202.92999267578125,199.5399932861328,201.17999267578125,57130500
2024-04-11,196.88101196289062,202.2899932861328,202.91000366210938,200.10000610351562,201.97000122070312,37184000
2024-04-12,193.37728881835938,198.69000244140625,201.91000366210938,197.67999267578125,201.22999572753906,35388700
2024-04-15,190.54510498046875,195.77999877929688,200.22999572753906,194.97999572753906,199.3699951171875,41119300
2024-04-16,189.84434509277344,195.05999755859375,196.24000549316406,193.36000061035156,194.41000366210938,43267500
2024-04-17,187.83941650390625,193.0,196.6199951171875,192.99000549316406,196.47000122070312,38589500
2024-04-18,187.68368530273438,192.83999633789062,195.66000366210938,192.14999389648438,193.6999969482422,40238200
2024-04-19,187.97569274902344,193.13999938964844,194.38999938964844,191.33999633789062,191.94000244140625,42666500
2024-04-22,190.07794189453125,195.3000030517578,196.3000030517578,192.89999389648438,194.2100067138672,31553000
2024-04-23,193.260498046875,198.57000732421875,199.32000732421875,195.1300048828125,195.25999450683594,31838300
2024-04-24,192.394287109375,197.67999267578125,198.91000366210938,196.4600067138672,198.1699981689453,28791700
2024-04-25,191.22634887695312,196.47999572753906,196.8300018310547,193.77000427246094,195.44000244140625,31915600
2024-04-26,193.05612182617188,198.36000061035156,198.88999938964844,196.4199981689453,197.0,24613600
2024-04-29,194.61329650878906,199.9600067138672,200.41000366210938,198.8800048828125,199.25,20494600
2024-04-30,190.66189575195312,195.89999389648438,198.64999389648438,195.75,198.11000061035156,30606800
2024-05-01,191.06089782714844,196.30999755859375,200.32000732421875,195.02999877929688,195.8800048828125,38782100
2024-05-02,194.5744171142578,199.9199981689453,200.1199951171875,196.5399932861328,198.77999877929688,27201000
2024-05-03,196.50144958496094,201.89999389648438,204.16000366210938,201.1199951171875,203.41000366210938,30880600
2024-05-06,199.04165649414062,204.50999450683594,204.77999877929688,203.3800048828125,203.47000122070312,23129800
2024-05-07,199.4893798828125,204.97000122070312,206.14999389648438,204.5,204.77000427246094,20116900
2024-05-08,198.33119201660156,203.77999877929688,203.9600067138672,202.55999755859375,202.72000122070312,18349400
2024-05-09,200.3555908203125,205.86000061035156,205.99000549316406,203.41000366210938,203.97000122070312,22914300
2024-05-10,198.8470001220703,204.30999755859375,206.6199951171875,203.67999267578125,206.35000610351562,21520200
2024-05-13,199.26551818847656,204.74000549316406,206.5500030517578,204.60000610351562,206.0800018310547,18585300
2024-05-14,201.32884216308594,206.86000061035156,207.74000549316406,205.91000366210938,207.1300048828125,33169000
2024-05-15,203.83984375,209.44000244140625,209.77000427246094,207.72000122070312,209.2100067138672,33412300
2024-05-16,202.37020874023438,207.92999267578125,209.35000610351562,207.92999267578125,208.89999389648438,26731100
2024-05-17,202.5162353515625,208.0800018310547,208.52000427246094,207.35000610351562,208.00999450683594,35219800
2024-05-20,202.96389770507812,208.5399932861328,209.47999572753906,207.77999877929688,208.02000427246094,15695900
2024-05-21,202.76925659179688,208.33999633789062,208.69000244140625,207.58999633789062,207.8300018310547,13466800
2024-05-22,201.05630493164062,206.5800018310547,208.22000122070312,205.8000030517578,207.52999877929688,20853100
2024-05-23,197.75698852539062,203.19000244140625,207.6199951171875,202.35000610351562,207.50999450683594,34039800
2024-05-24,199.94680786132812,205.44000244140625,205.67999267578125,203.9600067138672,204.7899932861328,19946100
2024-05-28,199.67428588867188,205.16000366210938,207.08999633789062,203.97000122070312,206.97000122070312,18475900
2024-05-29,196.7252960205078,202.1300048828125,203.00999450683594,201.77999877929688,202.52999877929688,25654800
2024-05-30,198.59396362304688,204.0500030517578,204.94000244140625,203.0800018310547,203.52000427246094,20428200
2024-05-31,200.26797485351562,205.77000427246094,206.27999877929688,203.0800018310547,204.9499969482422,25784900
2024-06-03,199.1389617919922,204.61000061035156,207.55999755859375,203.14999389648438,207.52999877929688,23902900
2024-06-04,196.56959533691406,201.97000122070312,204.5,201.64999389648438,203.14999389648438,27098900
2024-06-05,199.5769500732422,205.05999755859375,205.05999755859375,201.7899932861328,203.3000030517578,20707600
2024-06-06,198.14625549316406,203.58999633789062,204.80999755859375,202.99000549316406,204.17999267578125,17335500
2024-06-07,195.82015991210938,201.1999969482422,203.1699981689453,200.67999267578125,201.52999877929688,26036000
2024-06-10,196.49172973632812,201.88999938964844,202.1300048828125,199.00999450683594,199.52000427246094,25075300
2024-06-11,195.82025146484375,200.63999938964844,201.02000427246094,198.4199981689453,199.63999938964844,23768400
2024-06-12,198.82627868652344,203.72000122070312,207.27000427246094,203.10000610351562,205.8699951171875,43668700
2024-06-13,197.08901977539062,201.94000244140625,203.5399932861328,200.50999450683594,203.27000427246094,28021100
2024-06-14,193.9561309814453,198.72999572753906,200.0399932861328,197.94000244140625,199.55999755859375,33453700
2024-06-17,195.5859832763672,200.39999389648438,200.9499969482422,197.41000366210938,198.1199951171875,25538100
2024-06-18,195.9276123046875,200.75,201.69000244140625,200.02999877929688,200.4600067138672,25446900
2024-06-20,195.0980224609375,199.89999389648438,201.86000061035156,199.22000122070312,200.32000732421875,27999700
2024-06-21,195.53720092773438,200.35000610351562,200.41000366210938,198.4600067138672,199.92999267578125,37511300
2024-06-24,196.38632202148438,201.22000122070312,202.69000244140625,200.52999877929688,200.69000244140625,22289600
2024-06-25,195.7421875,200.55999755859375,201.16000366210938,199.82000732421875,201.1300048828125,15925400
2024-06-26,195.22488403320312,200.02999877929688,200.5800018310547,198.80999755859375,199.3300018310547,19313500
2024-06-27,197.20614624023438,202.05999755859375,202.14999389648438,199.9600067138672,200.6300048828125,17432600
2024-06-28,198.01622009277344,202.88999938964844,204.63999938964844,201.32000732421875,203.8800048828125,35026000
2024-07-01,196.35704040527344,201.19000244140625,203.82000732421875,200.47999572753906,203.52000427246094,21886200
2024-07-02,197.0304718017578,201.8800048828125,202.27000427246094,200.89999389648438,201.52000427246094,17219100
2024-07-03,196.98167419433594,201.8300018310547,203.27999877929688,201.6300048828125,202.25,15167200
2024-07-05,196.04470825195312,200.8699951171875,201.6300048828125,199.8800048828125,201.2100067138672,17282500
2024-07-08,197.4208526611328,202.27999877929688,203.6999969482422,201.83999633789062,202.50999450683594,20823800
2024-07-09,196.56199645996094,201.39999389648438,202.52000427246094,200.52999877929688,201.9199981689453,17864200
2024-07-10,198.48468017578125,203.3699951171875,203.58999633789062,201.49000549316406,202.2899932861328,19286100
2024-07-11,205.61904907226562,210.67999267578125,211.22999572753906,206.94000244140625,207.89999389648438,65443600
2024-07-12,208.01998901367188,213.13999938964844,214.94000244140625,212.66000366210938,212.9199981689453,50810700
2024-07-15,211.97267150878906,217.19000244140625,218.24000549316406,214.3000030517578,214.7899932861328,48925300
2024-07-16,219.20469665527344,224.60000610351562,224.86000061035156,219.02000427246094,219.13999938964844,67945700
2024-07-17,216.9111328125,222.25,226.63999938964844,221.66000366210938,222.36000061035156,66092100
2024-07-18,212.7144317626953,217.9499969482422,224.77999877929688,216.97999572753906,221.41000366210938,53180000
2024-07-19,211.63108825683594,216.83999633789062,218.64999389648438,215.85000610351562,217.6300048828125,37933500
2024-07-22,214.9982147216797,220.2899932861328,220.64999389648438,215.3800048828125,217.67999267578125,36185900
2024-07-23,217.28201293945312,222.6300048828125,223.75,219.0399932861328,219.2100067138672,44884600
2024-07-24,212.61685180664062,217.85000610351562,223.86000061035156,217.72000122070312,221.07000732421875,42443000
2024-07-25,215.271484375,220.57000732421875,224.02000427246094,218.1999969482422,218.4499969482422,45053100
2024-07-26,218.83383178710938,224.22000122070312,225.38999938964844,221.6999969482422,223.89999389648438,40822600
2024-07-29,216.4036102294922,221.72999572753906,225.4199981689453,220.77000427246094,224.7100067138672,33869700
2024-07-30,217.2234649658203,222.57000732421875,224.4600067138672,221.11000061035156,222.72000122070312,26876800
2024-07-31,218.48245239257812,223.86000061035156,228.6300048828125,221.97999572753906,223.7100067138672,52387700
2024-08-01,211.37734985351562,216.5800018310547,224.88999938964844,215.05999755859375,223.77000427246094,71508100
2024-08-02,203.90135192871094,208.9199981689453,211.19000244140625,206.99000549316406,208.85000610351562,66850200
2024-08-05,197.3427734375,202.1999969482422,204.74000549316406,196.6999969482422,197.89999389648438,65683100
2024-08-06,199.48992919921875,204.39999389648438,207.25,201.1999969482422,203.00999450683594,37072500
2024-08-07,197.12806701660156,201.97999572753906,207.9600067138672,201.55999755859375,207.85000610351562,30594500
2024-08-08,201.92010498046875,206.88999938964844,207.0,203.1699981689453,204.4199981689453,26550300
2024-08-09,201.5004425048828,206.4600067138672,207.1199951171875,204.94000244140625,207.0500030517578,20954500
2024-08-12,199.68511962890625,204.60000610351562,206.97999572753906,203.82000732421875,206.61000061035156,20357900
2024-08-13,202.9741668701172,207.97000122070312,208.3800048828125,204.86000061035156,206.08999633789062,25458300
2024-08-14,201.71514892578125,206.67999267578125,208.75,205.74000549316406,208.6300048828125,25345600
2024-08-15,206.94639587402344,212.0399932861328,213.10000610351562,209.91000366210938,211.25999450683594,42561600
2024-08-16,207.4929656982422,212.60000610351562,213.97999572753906,211.27999877929688,211.3699951171875,30427400
2024-08-19,210.03050231933594,215.1999969482422,215.2100067138672,212.82000732421875,212.9600067138672,17246200
2024-08-20,207.58078002929688,212.69000244140625,214.9499969482422,212.0500030517578,214.88999938964844,21703900
2024-08-21,210.2842559814453,215.4600067138672,215.66000366210938,212.82000732421875,214.27999877929688,19623100
2024-08-22,208.4298858642578,213.55999755859375,216.3699951171875,213.1300048828125,215.57000732421875,18084300
2024-08-23,215.08604431152344,220.3800048828125,221.0800018310547,214.7899932861328,215.17999267578125,40003100
2024-08-26,215.1543731689453,220.4499969482422,222.4499969482422,220.0800018310547,221.92999267578125,24865500
2024-08-27,213.48545837402344,218.74000549316406,219.3699951171875,217.7100067138672,218.91000366210938,19577900
2024-08-28,212.04100036621094,217.25999450683594,219.1199951171875,216.27000427246094,217.8699951171875,19685000
2024-08-29,213.55377197265625,218.80999755859375,220.97999572753906,217.14999389648438,218.77999877929688,24599500
2024-08-30,214.79327392578125,220.0800018310547,220.5,217.39999389648438,219.7100067138672,23010500
2024-09-03,208.2249298095703,213.35000610351562,219.3699951171875,212.91000366210938,218.1300048828125,31338500
2024-09-04,207.87359619140625,212.99000549316406,215.3699951171875,211.6999969482422,212.75999450683594,23706300
2024-09-05,206.8390350341797,211.92999267578125,214.02999877929688,210.9199981689453,213.5399932861328,23910500
2024-09-06,202.9058380126953,207.89999389648438,213.19000244140625,207.13999938964844,211.92999267578125,34561300
2024-09-09,203.471923828125,208.47999572753906,210.25999450683594,207.52000427246094,208.14999389648438,23584100
2024-09-10,203.30599975585938,208.30999755859375,208.86000061035156,205.7899932861328,208.72000122070312,23025700
2024-09-11,203.90135192871094,208.9199981689453,209.25,204.2100067138672,207.47000122070312,27175600
2024-09-12,206.5267333984375,211.61000061035156,212.77999877929688,208.41000366210938,209.91000366210938,27611700
2024-09-13,211.621337890625,216.8300018310547,217.25,213.94000244140625,214.02999877929688,37388100
2024-09-16,212.38259887695312,217.61000061035156,218.2899932861328,216.13999938964844,217.6300048828125,23289000
2024-09-17,214.13937377929688,219.41000366210938,221.8000030517578,218.47000122070312,219.5800018310547,35563500
2024-09-18,214.1783905029297,219.4499969482422,224.94000244140625,218.25,219.22999572753906,54085200
2024-09-19,218.58981323242188,223.97000122070312,224.67999267578125,221.5,224.66000366210938,35369500
2024-09-20,216.24749755859375,221.57000732421875,223.4600067138672,221.2899932861328,223.4499969482422,34587500
2024-09-23,215.45693969726562,220.75999450683594,223.11000061035156,220.02000427246094,222.69000244140625,20157700
2024-09-24,215.8180694580078,221.1300048828125,221.92999267578125,219.5,221.6300048828125,20939800
2024-09-25,213.18565368652344,217.69000244140625,220.61000061035156,217.5399932861328,220.32000732421875,23242300
2024-09-26,214.32164001464844,218.85000610351562,221.1300048828125,218.3800048828125,220.49000549316406,24974700
2024-09-27,215.77105712890625,220.3300018310547,222.60000610351562,219.52999877929688,220.86000061035156,23959600
2024-09-30,216.3194580078125,220.88999938964844,221.58999633789062,218.5800018310547,219.4199981689453,21938200
2024-10-01,213.38153076171875,217.88999938964844,220.33999633789062,216.3000030517578,220.1699981689453,30016000
2024-10-02,213.08775329589844,217.58999633789062,218.75,216.2100067138672,216.99000549316406,14455400
2024-10-03,211.657958984375,216.1300048828125,217.22999572753906,215.0800018310547,216.22999572753906,21353000
2024-10-04,214.61544799804688,219.14999389648438,219.97999572753906,217.2899932861328,219.2899932861328,27901500
2024-10-07,212.93101501464844,217.42999267578125,218.66000366210938,215.8699951171875,218.63999938964844,14891800
2024-10-08,213.0779266357422,217.5800018310547,218.3699951171875,216.6999969482422,217.6300048828125,18118600
2024-10-09,213.54798889160156,218.05999755859375,219.61000061035156,216.9199981689453,217.52999877929688,18230700
2024-10-10,212.36306762695312,216.85000610351562,216.8800048828125,214.60000610351562,215.89999389648438,24571400
2024-10-11,216.68179321289062,221.25999450683594,221.61000061035156,216.7100067138672,216.77000427246094,19950900
2024-10-14,218.27806091308594,222.88999938964844,223.11000061035156,220.42999267578125,221.4499969482422,19263300
2024-10-15,218.45436096191406,223.07000732421875,225.5,221.97999572753906,222.57000732421875,25998800
2024-10-16,222.04840087890625,226.74000549316406,227.1699981689453,224.38999938964844,224.88999938964844,27656700
2024-10-17,221.44122314453125,226.1199951171875,226.9600067138672,224.91000366210938,226.91000366210938,18003600
2024-10-18,220.98095703125,225.64999389648438,227.02999877929688,225.38999938964844,226.66000366210938,20047400
2024-10-21,217.50440979003906,222.10000610351562,225.69000244140625,221.52999877929688,225.6300048828125,24243800
2024-10-22,216.68179321289062,221.25999450683594,221.8300018310547,220.3000030517578,221.47000122070312,15813900
2024-10-23,214.70358276367188,219.24000549316406,220.8000030517578,217.3699951171875,220.02999877929688,23263500
2024-10-24,215.17364501953125,219.72000122070312,221.0399932861328,218.52999877929688,220.42999267578125,18381900
2024-10-25,214.36085510253906,218.88999938964844,221.97000122070312,218.52000427246094,221.30999755859375,23807800
2024-10-28,217.8569793701172,222.4600067138672,222.97000122070312,220.47999572753906,220.7899932861328,19877700
2024-10-29,217.15188598632812,221.74000549316406,221.89999389648438,219.97000122070312,220.74000549316406,20282200
2024-10-30,216.85809326171875,221.44000244140625,224.47999572753906,220.89999389648438,221.07000732421875,19754800
2024-10-31,213.25421142578125,217.75999450683594,221.77000427246094,217.6300048828125,221.22000122070312,24078400
2024-11-01,214.44895935058594,218.97999572753906,220.97000122070312,218.33999633789062,219.5,21222200
2024-11-04,215.5360107421875,220.08999633789062,221.74000549316406,217.83999633789062,218.5,20463700
2024-11-05,219.59036254882812,224.22999572753906,224.2899932861328,219.05999755859375,219.33999633789062,26404600
2024-11-06,232.31155395507812,237.22000122070312,237.5800018310547,232.75,236.58999633789062,75554600
2024-11-07,231.4889373779297,236.3800048828125,238.49000549316406,235.39999389648438,236.88999938964844,34970300
2024-11-08,233.1929473876953,238.1199951171875,238.47000122070312,235.64999389648438,235.92999267578125,26597800
2024-11-11,236.69883728027344,241.6999969482422,242.38999938964844,239.85000610351562,240.52000427246094,29207700
2024-11-12,232.546630859375,237.4600067138672,241.7899932861328,236.55999755859375,239.9600067138672,35314300
2024-11-13,230.24520874023438,235.11000061035156,239.8800048828125,234.8300018310547,238.9499969482422,25947700
2024-11-14,227.14080810546875,231.94000244140625,236.42999267578125,231.2100067138672,235.9499969482422,29272100
2024-11-15,223.7523956298828,228.47999572753906,232.2899932861328,227.80999755859375,232.22000122070312,37930000
2024-11-18,224.19308471679688,228.92999267578125,230.60000610351562,228.1300048828125,229.22000122070312,29368500
2024-11-19,225.85791015625,230.6300048828125,230.82000732421875,226.39999389648438,226.58999633789062,26009400
2024-11-20,226.15167236328125,230.92999267578125,230.92999267578125,228.0399932861328,230.22999572753906,24222700
2024-11-21,229.58908081054688,234.44000244140625,235.57000732421875,231.11000061035156,232.16000366210938,28679400
2024-11-22,233.82948303222656,238.77000427246094,239.24000549316406,235.3300018310547,235.63999938964844,22693100
2024-11-25,237.38438415527344,242.39999389648438,244.97999572753906,241.38999938964844,241.49000549316406,33534000
2024-11-26,235.6411895751953,240.6199951171875,241.61000061035156,239.42999267578125,241.17999267578125,22581400
2024-11-27,235.96437072753906,240.9499969482422,243.69000244140625,240.44000244140625,242.00999450683594,19472800
2024-11-29,236.86534118652344,241.8699951171875,243.47999572753906,241.5399932861328,242.3699951171875,16782700
2024-12-02,236.74781799316406,241.75,242.66000366210938,240.00999450683594,242.24000549316406,25274800
2024-12-03,235.0634002685547,240.02999877929688,242.13999938964844,239.3699951171875,241.5399932861328,21376700
2024-12-04,235.90560913085938,240.88999938964844,241.6699981689453,239.2100067138672,240.27999877929688,19903000
2024-12-05,233.15374755859375,238.0800018310547,240.86000061035156,237.74000549316406,240.52000427246094,20227000
2024-12-06,233.98617553710938,238.92999267578125,239.88999938964844,238.3800048828125,239.7899932861328,20760900
2024-12-09,232.81100463867188,237.72999572753906,241.3800048828125,237.64999389648438,240.5500030517578,16684300
2024-12-10,231.8023223876953,236.6999969482422,238.82000732421875,235.9199981689453,237.5800018310547,19946500
2024-12-11,232.85018920898438,237.77000427246094,239.2899932861328,236.8300018310547,238.7100067138672,23156900
2024-12-12,229.82411193847656,234.67999267578125,237.64999389648438,234.35000610351562,237.16000366210938,21454500
2024-12-13,228.2474365234375,233.07000732421875,234.86000061035156,231.8800048828125,234.3699951171875,23972900
2024-12-16,229.58908081054688,234.44000244140625,235.6300048828125,232.35000610351562,232.91000366210938,32293500
2024-12-17,226.96067810058594,231.07000732421875,233.44000244140625,230.5500030517578,232.6699981689453,33064300
2024-12-18,216.91259765625,220.83999633789062,233.0800018310547,218.9199981689453,232.24000549316406,52267500
2024-12-19,215.95004272460938,219.86000061035156,224.42999267578125,219.3300018310547,223.25,51871700
2024-12-20,217.973388671875,221.9199981689453,224.66000366210938,218.07000732421875,218.60000610351562,53882200
2024-12-23,217.47247314453125,221.41000366210938,222.39999389648438,219.3800048828125,221.74000549316406,29606800
2024-12-24,219.41726684570312,223.38999938964844,223.6300048828125,220.47999572753906,222.02000427246094,13399600
2024-12-26,221.66651916503906,225.67999267578125,226.13999938964844,221.47000122070312,222.4199981689453,20024800
2024-12-27,218.43504333496094,222.38999938964844,225.44000244140625,220.1999969482422,224.2899932861328,26956000
2024-12-30,216.75546264648438,220.67999267578125,221.80999755859375,217.85000610351562,220.6699981689453,25706100
2024-12-31,217.03050231933594,220.9600067138672,223.27999877929688,220.14999389648438,222.1199951171875,26208300
2025-01-02,217.20726013183594,221.13999938964844,224.3699951171875,219.60000610351562,222.92999267578125,29363000
2025-01-03,220.4387664794922,224.42999267578125,224.82000732421875,221.3800048828125,222.07000732421875,24525300
2025-01-06,220.5271759033203,224.52000427246094,227.1699981689453,224.13999938964844,225.75999450683594,23541900
2025-01-07,218.75917053222656,222.72000122070312,226.52000427246094,221.3800048828125,225.5800018310547,28835200
2025-01-08,217.76712036132812,221.7100067138672,222.30999755859375,219.00999450683594,220.89999389648438,26795900
2025-01-10,212.9739227294922,216.8300018310547,218.7100067138672,215.30999755859375,218.30999755859375,37379400
2025-01-13,213.38645935058594,217.25,217.52000427246094,213.97000122070312,214.5,28603800
2025-01-14,215.81253051757812,219.72000122070312,220.22999572753906,217.22000122070312,219.17999267578125,25447500
2025-01-15,220.05569458007812,224.0399932861328,225.5800018310547,223.0,225.44000244140625,30124700
2025-01-16,220.49769592285156,224.49000549316406,225.22999572753906,222.7100067138672,224.14999389648438,21029800
2025-01-17,221.450439453125,225.4600067138672,226.97000122070312,224.6699981689453,226.92999267578125,26754900
2025-01-21,225.70343017578125,229.7899932861328,229.88999938964844,226.99000549316406,227.52000427246094,26086300
2025-01-22,224.23011779785156,228.2899932861328,229.85000610351562,227.8300018310547,229.35000610351562,21307300
2025-01-23,225.25161743164062,229.3300018310547,229.35000610351562,226.5500030517578,226.92999267578125,20850700
2025-01-24,224.6230010986328,228.69000244140625,230.22999572753906,228.0399932861328,228.82000732421875,19074500
2025-01-27,222.47195434570312,226.5,229.6199951171875,225.2100067138672,226.7100067138672,27461700
2025-01-28,222.71751403808594,226.75,227.55999755859375,225.17999267578125,226.74000549316406,16847400
2025-01-29,222.20675659179688,226.22999572753906,228.22000122070312,224.5800018310547,226.67999267578125,20280500
2025-01-30,224.46585083007812,228.52999877929688,230.0500030517578,226.9199981689453,228.52000427246094,25575100
2025-01-31,222.45228576660156,226.47999572753906,230.32000732421875,225.5399932861328,228.75,35330700
2025-02-03,219.84942626953125,223.8300018310547,225.5500030517578,220.6699981689453,221.50999450683594,34023300
2025-02-04,222.89430236816406,226.92999267578125,227.1300048828125,223.2100067138672,223.60000610351562,17985500
2025-02-05,225.3203582763672,229.39999389648438,229.5,226.88999938964844,228.05999755859375,15197300
2025-02-06,224.58372497558594,228.64999389648438,230.6999969482422,227.3000030517578,230.50999450683594,18809400
2025-02-07,221.9808349609375,226.0,229.25,225.5800018310547,228.85000610351562,28914400
2025-02-10,222.98269653320312,227.02000427246094,227.52000427246094,225.86000061035156,227.3699951171875,14574700
2025-02-11,221.68617248535156,225.6999969482422,226.4199981689453,224.80999755859375,225.0500030517578,18215700
2025-02-12,219.64315795898438,223.6199951171875,224.47999572753906,221.7899932861328,222.25999450683594,25572800
2025-02-13,222.11834716796875,226.13999938964844,226.33999633789062,223.75,225.0399932861328,21419400
2025-02-14,221.95138549804688,225.97000122070312,227.97999572753906,225.61000061035156,227.27000427246094,13574500
2025-02-18,223.16932678222656,227.2100067138672,227.6699981689453,225.50999450683594,226.14999389648438,15166500
2025-02-19,222.40318298339844,226.42999267578125,227.14999389648438,225.0800018310547,225.41000366210938,16194800
2025-02-20,220.27178955078125,224.25999450683594,226.19000244140625,223.00999450683594,226.00999450683594,18507700
2025-02-21,213.92666625976562,217.8000030517578,226.36000061035156,217.4600067138672,226.0,45036900
2025-02-24,212.3845977783203,216.22999572753906,218.7899932861328,215.14999389648438,218.7899932861328,30246200
2025-02-25,211.5791778564453,215.41000366210938,217.27000427246094,213.49000549316406,216.3699951171875,33665100
2025-02-26,211.8443603515625,215.67999267578125,218.41000366210938,214.83999633789062,216.05999755859375,25464200
2025-02-27,208.61288452148438,212.38999938964844,216.49000549316406,212.22000122070312,215.63999938964844,29378500
2025-02-28,210.8326873779297,214.64999389648438,214.66000366210938,210.9600067138672,211.63999938964844,32015400
2025-03-03,205.06707763671875,208.77999877929688,215.9600067138672,207.4199981689453,215.39999389648438,36330000
2025-03-04,202.74903869628906,206.4199981689453,209.77000427246094,203.19000244140625,205.92999267578125,56427100
2025-03-05,204.76260375976562,208.47000122070312,208.83999633789062,204.82000732421875,206.4499969482422,35778500
2025-03-06,201.6293182373047,205.27999877929688,208.1199951171875,203.89999389648438,205.77999877929688,39206300
2025-03-07,202.28738403320312,205.9499969482422,207.11000061035156,201.72999572753906,204.97000122070312,43514000
2025-03-10,197.19952392578125,200.77000427246094,204.74000549316406,198.75,203.44000244140625,39442800
2025-03-11,197.17990112304688,200.75,203.22000122070312,198.52999877929688,201.1199951171875,51509700
2025-03-12,197.52366638183594,201.10000610351562,203.75,199.5500030517578,203.0500030517578,36881700
2025-03-13,194.5770263671875,198.10000610351562,202.02999877929688,197.0,201.27000427246094,31336900
2025-03-14,199.28182983398438,202.88999938964844,203.07000732421875,199.33999633789062,200.24000549316406,34089400
2025-03-17,201.79629516601562,205.4499969482422,206.02000427246094,202.60000610351562,202.7100067138672,26947600
2025-03-18,200.04403686523438,203.2100067138672,203.9199981689453,202.35000610351562,203.85000610351562,22888000
2025-03-19,203.15478515625,206.3699951171875,207.67999267578125,202.89999389648438,203.35000610351562,31595600
2025-03-20,201.86521911621094,205.05999755859375,207.3000030517578,204.1999969482422,204.32000732421875,25665900
2025-03-21,200.614990234375,203.7899932861328,204.4199981689453,201.75999450683594,202.72000122070312,39470200
2025-03-24,205.6060028076172,208.86000061035156,209.22999572753906,206.69000244140625,206.9600067138672,25774700
2025-03-25,204.46408081054688,207.6999969482422,209.27000427246094,207.08999633789062,208.69000244140625,17836900
2025-03-26,202.38694763183594,205.58999633789062,208.82000732421875,204.67999267578125,207.9600067138672,19344600
2025-03-27,201.42221069335938,204.61000061035156,206.35000610351562,203.75999450683594,205.3300018310547,23960000
2025-03-28,197.3270263671875,200.4499969482422,204.5800018310547,199.3800048828125,204.5399932861328,26656200
2025-03-31,196.3820037841797,199.49000549316406,200.63999938964844,195.49000549316406,197.47999572753906,32250800
2025-04-01,196.40167236328125,199.50999450683594,201.22999572753906,196.66000366210938,198.99000549316406,26054100
2025-04-02,199.50259399414062,202.66000366210938,203.3300018310547,196.5399932861328,196.77999877929688,36603000
2025-04-03,186.69528198242188,189.64999389648438,195.05999755859375,189.1999969482422,193.11000061035156,60551500
2025-04-04,178.36709594726562,181.19000244140625,184.0500030517578,176.6699981689453,182.61000061035156,92612800
2025-04-07,176.75265502929688,179.5500030517578,190.25,171.72999572753906,174.32000732421875,96706200
2025-04-08,172.09634399414062,174.82000732421875,185.9199981689453,172.33999633789062,185.69000244140625,61090600
2025-04-09,186.72482299804688,189.67999267578125,192.11000061035156,171.74000549316406,172.72000122070312,123015100
2025-04-10,178.87899780273438,181.7100067138672,185.47999572753906,176.97999572753906,184.52000427246094,67503000
2025-04-11,181.48770141601562,184.36000061035156,184.85000610351562,178.5800018310547,181.13999938964844,44954400
2025-04-14,183.62388610839844,186.52999877929688,187.97000122070312,183.0500030517578,187.80999755859375,35214600
2025-04-15,183.85031127929688,186.75999450683594,189.0500030517578,185.83999633789062,186.33999633789062,30715500
2025-04-16,182.08824157714844,184.97000122070312,186.72999572753906,182.55999755859375,185.6999969482422,35063300
2025-04-17,183.57467651367188,186.47999572753906,187.42999267578125,184.4600067138672,184.99000549316406,42359200
2025-04-21,179.8929443359375,182.74000549316406,185.2899932861328,180.77000427246094,185.0,26019000
2025-04-22,184.5492706298828,187.47000122070312,188.10000610351562,184.5500030517578,185.14999389648438,34477100
2025-04-23,187.28594970703125,190.25,195.50999450683594,189.83999633789062,192.9199981689453,44866100
2025-04-24,191.03660583496094,194.05999755859375,194.3699951171875,189.88999938964844,190.75999450683594,29820100
2025-04-25,191.09564208984375,194.1199951171875,194.25999450683594,191.5500030517578,192.72000122070312,25029000
2025-04-28,191.90289306640625,194.94000244140625,196.14999389648438,192.52999877929688,194.5,22482300
2025-04-29,193.0349578857422,196.08999633789062,196.86000061035156,193.00999450683594,194.47000122070312,20118200
2025-04-30,191.82411193847656,194.86000061035156,195.47999572753906,190.72000122070312,193.13999938964844,29046100
2025-05-01,193.01528930664062,196.07000732421875,197.6699981689453,193.74000549316406,195.7100067138672,33169700
2025-05-02,197.3565673828125,200.47999572753906,201.2100067138672,198.17999267578125,198.3300018310547,30201800
2025-05-05,195.84056091308594,198.94000244140625,200.5,198.0800018310547,198.57000732421875,20834200
2025-05-06,193.70437622070312,196.77000427246094,198.58999633789062,195.63999938964844,196.58999633789062,24642100
2025-05-07,194.34423828125,197.4199981689453,198.55999755859375,196.0399932861328,198.10000610351562,23623300
2025-05-08,198.045654296875,201.17999267578125,202.74000549316406,198.25999450683594,199.77000427246094,32646300
2025-05-09,197.68142700195312,200.80999755859375,202.27999877929688,199.9600067138672,201.5399932861328,17203000
2025-05-12,204.6314239501953,207.8699951171875,209.72999572753906,205.82000732421875,208.83999633789062,38207200
2025-05-13,205.37960815429688,208.6300048828125,209.61000061035156,207.9600067138672,208.92999267578125,28295800
2025-05-14,203.55841064453125,206.77999877929688,208.5399932861328,206.52999877929688,208.0399932861328,26316100
2025-05-15,204.88739013671875,208.1300048828125,208.19000244140625,205.38999938964844,206.5800018310547,21563700
2025-05-16,206.58059692382812,209.85000610351562,210.1300048828125,207.77999877929688,208.4199981689453,28906400
2025-05-19,205.71429443359375,208.97000122070312,209.08999633789062,206.25999450683594,206.8000030517578,25859600
2025-05-20,205.8225860595703,209.0800018310547,209.75999450683594,207.9600067138672,208.66000366210938,22053100
2025-05-21,200.04403686523438,203.2100067138672,207.61000061035156,202.83999633789062,206.6300048828125,36704400
2025-05-22,200.0341796875,203.1999969482422,204.3699951171875,201.52999877929688,202.2899932861328,31831300
2025-05-23,199.4041748046875,202.55999755859375,203.25999450683594,199.64999389648438,199.77999877929688,29114600
2025-05-27,204.46408081054688,207.6999969482422,207.75,204.16000366210938,205.63999938964844,31655900
2025-05-28,202.30821228027344,205.50999450683594,208.02999877929688,205.1999969482422,207.7100067138672,26046700
2025-05-29,202.90870666503906,206.1199951171875,207.05999755859375,204.47000122070312,206.9499969482422,32749500
2025-05-30,201.87506103515625,205.07000732421875,206.25,203.5399932861328,205.13999938964844,37768900
2025-06-02,202.50509643554688,205.7100067138672,205.83999633789062,202.6699981689453,205.32000732421875,30334300
2025-06-03,205.77334594726562,209.02999877929688,209.61000061035156,205.5500030517578,206.4600067138672,37702200
2025-06-04,205.1925811767578,208.44000244140625,210.00999450683594,208.13999938964844,209.17999267578125,27225300
2025-06-05,205.28115844726562,208.52999877929688,209.8300018310547,207.0,208.6999969482422,35728700
2025-06-06,208.59861755371094,211.89999389648438,212.1300048828125,210.60000610351562,211.5,32144500
2025-06-09,210.03590393066406,213.36000061035156,214.27999877929688,212.5500030517578,213.8699951171875,33984400
2025-06-10,211.16796875,214.50999450683594,215.42999267578125,213.80999755859375,214.4600067138672,30182200
2025-06-11,210.3016815185547,213.6300048828125,215.92999267578125,213.3000030517578,215.5800018310547,31113400
2025-06-12,209.46495056152344,212.77999877929688,213.27000427246094,211.6300048828125,212.1699981689453,25367000
2025-06-13,205.6355438232422,208.88999938964844,211.44000244140625,208.22000122070312,209.83999633789062,60580000
2025-06-16,208.05996704101562,210.77000427246094,211.9499969482422,209.63999938964844,210.47999572753906,28974000
2025-06-17,205.86849975585938,208.5500030517578,210.4499969482422,208.3699951171875,209.05999755859375,32843200
2025-06-18,206.954345703125,209.64999389648438,211.38999938964844,207.77999877929688,208.44000244140625,42850500
2025-06-20,206.52001953125,209.2100067138672,211.25,208.4600067138672,211.11000061035156,36978100
2025-06-23,209.04708862304688,211.77000427246094,211.77999877929688,206.80999755859375,208.47999572753906,35516400
2025-06-24,211.71240234375,214.47000122070312,214.92999267578125,212.36000061035156,213.2899932861328,31772500
2025-06-25,209.24453735351562,211.97000122070312,214.72999572753906,211.88999938964844,214.66000366210938,27725600
2025-06-26,212.64031982421875,215.41000366210938,215.5500030517578,212.6999969482422,212.8300018310547,26261200
2025-06-27,212.70938110351562,215.47999572753906,217.41000366210938,214.1300048828125,216.0500030517578,47717300
2025-06-30,213.0154266357422,215.7899932861328,216.7100067138672,215.38999938964844,216.67999267578125,25558000
2025-07-01,215.20687866210938,218.00999450683594,220.52999877929688,214.14999389648438,214.6199951171875,43864800
2025-07-02,218.18801879882812,221.02999877929688,221.10000610351562,217.36000061035156,218.3699951171875,35735200
2025-07-03,220.21168518066406,223.0800018310547,223.3300018310547,221.77000427246094,222.00999450683594,23515700
2025-07-07,216.90475463867188,219.72999572753906,222.82000732421875,218.41000366210938,221.57000732421875,41551200
2025-07-08,218.40521240234375,221.25,222.2899932861328,220.3300018310547,220.5800018310547,36339300
2025-07-09,220.7743377685547,223.64999389648438,223.69000244140625,221.1199951171875,222.57000732421875,32425200
2025-07-10,221.90956115722656,224.8000030517578,226.0500030517578,222.86000061035156,223.38999938964844,33865900
2025-07-11,218.84942626953125,221.6999969482422,223.5399932861328,221.57000732421875,223.1699981689453,31579600
2025-07-14,220.32025146484375,223.19000244140625,223.33999633789062,221.05999755859375,221.3699951171875,24632200
2025-07-15,216.00645446777344,218.82000732421875,224.22999572753906,218.7899932861328,224.07000732421875,44215400
2025-07-16,218.1781768798828,221.02000427246094,221.3699951171875,216.91000366210938,220.22000122070312,48199800
2025-07-17,221.04087829589844,223.9199981689453,224.1999969482422,220.7100067138672,221.0800018310547,43548000
2025-07-18,219.4713134765625,222.3300018310547,225.36000061035156,221.97999572753906,225.2899932861328,49009900
2025-07-21,218.5828857421875,221.42999267578125,224.41000366210938,221.25,223.5399932861328,28191400
2025-07-22,220.39926147460938,223.27000427246094,223.80999755859375,220.66000366210938,221.6199951171875,30873300
2025-07-23,223.765380859375,226.67999267578125,226.7100067138672,224.07000732421875,224.82000732421875,37478100
2025-07-24,220.67564392089844,223.5500030517578,225.85000610351562,223.47999572753906,225.52000427246094,29446700
2025-07-25,221.49497985839844,224.3800048828125,224.60000610351562,222.5399932861328,224.4199981689453,24555500
2025-07-28,221.23831176757812,224.1199951171875,225.44000244140625,223.42999267578125,225.32000732421875,24934900
2025-07-29,219.82669067382812,222.69000244140625,225.69000244140625,222.05999755859375,225.61000061035156,28685900
2025-07-30,218.7112274169922,221.55999755859375,224.92999267578125,220.1199951171875,223.66000366210938,48924400
2025-07-31,216.5691375732422,219.38999938964844,222.02000427246094,218.8800048828125,220.4600067138672,42913900
2025-08-01,212.15660095214844,214.9199981689453,216.55999755859375,212.33999633789062,216.22000122070312,63854100
2025-08-04,216.90475463867188,219.72999572753906,219.74000549316406,216.0800018310547,216.5500030517578,34989600
2025-08-05,218.01036071777344,220.85000610351562,221.25999450683594,218.24000549316406,220.55999755859375,31337100
2025-08-06,217.72409057617188,220.55999755859375,220.99000549316406,219.3800048828125,220.9499969482422,23142100
2025-08-07,217.01333618164062,219.83999633789062,222.83999633789062,218.50999450683594,222.75999450683594,37088000
2025-08-08,217.48716735839844,220.32000732421875,221.57000732421875,219.74000549316406,221.07000732421875,28318100
2025-08-11,217.4378204345703,220.27000427246094,221.67999267578125,219.80999755859375,220.77000427246094,25212800
2025-08-12,223.8937225341797,226.80999755859375,226.97999572753906,221.14999389648438,221.85000610351562,43815500
2025-08-13,228.24703979492188,231.22000122070312,231.4600067138672,227.8300018310547,228.25999450683594,41705800
2025-08-14,225.30532836914062,228.24000549316406,228.8000030517578,226.1699981689453,228.44000244140625,55945500
2025-08-15,224.20960998535156,227.1300048828125,228.77999877929688,226.0399932861328,228.63999938964844,33571400
2025-08-18,225.0289306640625,227.9600067138672,228.4600067138672,226.94000244140625,227.2100067138672,20144100
2025-08-19,223.30145263671875,226.2100067138672,228.97999572753906,225.69000244140625,228.02000427246094,25000700
2025-08-20,222.51171875,225.41000366210938,226.3800048828125,223.69000244140625,225.92999267578125,29229700
2025-08-21,223.06451416015625,225.97000122070312,226.32000732421875,223.77999877929688,224.41000366210938,24539400
2025-08-22,231.8106231689453,234.8300018310547,235.4199981689453,227.17999267578125,227.3699951171875,58205500
2025-08-25,229.3723602294922,232.36000061035156,234.3000030517578,232.36000061035156,234.13999938964844,28453700
2025-08-26,231.26766967773438,234.27999877929688,234.8699951171875,232.58999633789062,232.8300018310547,25121500
2025-08-27,232.9063262939453,235.94000244140625,236.1199951171875,233.55999755859375,233.74000549316406,25395400
2025-08-28,233.18270874023438,236.22000122070312,236.97000122070312,235.35000610351562,236.9600067138672,25011200
2025-08-29,232.14622497558594,235.1699981689453,237.02000427246094,234.3699951171875,236.74000549316406,29254800
2025-09-02,230.89254760742188,233.89999389648438,234.39999389648438,231.47000122070312,231.99000549316406,33108600
2025-09-03,230.66551208496094,233.6699981689453,235.25999450683594,232.4600067138672,233.27000427246094,33252400
2025-09-04,233.5479736328125,236.58999633789062,236.6699981689453,233.5800018310547,234.22999572753906,30323800
2025-09-05,234.7128143310547,237.77000427246094,239.67999267578125,234.9499969482422,237.72000122070312,47542500
2025-09-08,235.1866455078125,238.25,238.55999755859375,236.38999938964844,238.50999450683594,31487700
2025-09-09,233.8046417236328,236.85000610351562,237.9600067138672,235.4199981689453,237.89999389648438,35395800
2025-09-10,233.3900146484375,236.42999267578125,238.27000427246094,235.4600067138672,237.30999755859375,33910200
2025-09-11,237.703857421875,240.8000030517578,240.92999267578125,236.24000549316406,236.85000610351562,43629800
2025-09-12,235.27545166015625,238.33999633789062,240.32000732421875,238.1999969482422,240.1999969482422,46097600
2025-09-15,236.27249145507812,239.35000610351562,240.0399932861328,238.5500030517578,239.22999572753906,33014000
2025-09-16,235.88343811035156,238.27999877929688,238.92999267578125,236.75999450683594,238.4499969482422,37059300
2025-09-17,236.48728942871094,238.88999938964844,244.27999877929688,237.02000427246094,238.82000732421875,79955600
2025-09-18,242.37745666503906,244.83999633789062,245.14999389648438,240.1300048828125,240.8000030517578,49167700
2025-09-19,240.53614807128906,242.97999572753906,245.57000732421875,242.50999450683594,245.57000732421875,56092000
2025-09-22,241.93197631835938,244.38999938964844,244.7899932861328,241.11000061035156,242.24000549316406,53572900
2025-09-23,241.38751220703125,243.83999633789062,247.17999267578125,243.44000244140625,245.00999450683594,41854500
2025-09-24,239.1700439453125,241.60000610351562,244.61000061035156,241.55999755859375,243.89999389648438,36002200
2025-09-25,236.88328552246094,239.2899932861328,239.99000549316406,237.5500030517578,238.97999572753906,37209500
2025-09-26,238.9126434326172,241.33999633789062,241.67999267578125,239.3300018310547,239.6199951171875,28942800
2025-09-29,239.18983459472656,241.6199951171875,242.92999267578125,240.80999755859375,242.83999633789062,26391500
2025-09-30,239.52642822265625,241.9600067138672,242.1300048828125,239.39999389648438,241.11000061035156,33447700
2025-10-01,240.05108642578125,242.49000549316406,243.0399932861328,240.5500030517578,240.57000732421875,28520000
2025-10-02,241.56570434570312,244.02000427246094,244.08999633789062,241.47000122070312,243.0,28687400
2025-10-03,243.3574981689453,245.8300018310547,248.08999633789062,245.02999877929688,245.35000610351562,34579600
2025-10-06,244.32762145996094,246.80999755859375,248.47999572753906,246.07000732421875,247.72999572753906,31507400
2025-10-07,241.70428466796875,244.16000366210938,247.63999938964844,243.19000244140625,247.36000061035156,31766600
2025-10-08,244.23855590820312,246.72000122070312,246.9600067138672,243.8000030517578,245.27999877929688,25825000
2025-10-09,242.66455078125,245.1300048828125,247.25,244.00999450683594,246.30999755859375,26243100
2025-10-10,235.39834594726562,237.7899932861328,246.88999938964844,237.55999755859375,245.75,70569400
2025-10-13,241.95179748535156,244.41000366210938,244.6300048828125,241.39999389648438,241.8300018310547,36298600
2025-10-14,245.40667724609375,247.89999389648438,249.60000610351562,240.36000061035156,241.22999572753906,45320800
2025-10-15,247.81222534179688,250.3300018310547,252.77000427246094,247.05999755859375,250.36000061035156,45369000
2025-10-16,242.59524536132812,245.05999755859375,251.25999450683594,244.0,250.97000122070312,52740400
2025-10-17,240.9618377685547,243.41000366210938,245.16000366210938,241.47000122070312,243.32000732421875,55379500
2025-10-20,245.6640625,248.16000366210938,248.3300018310547,246.13999938964844,246.6199951171875,32545000
2025-10-21,244.505859375,246.99000549316406,248.3699951171875,245.50999450683594,247.42999267578125,26337900
2025-10-22,240.89254760742188,243.33999633789062,246.86000061035156,240.77000427246094,246.02999877929688,46578400
2025-10-23,243.9415740966797,246.4199981689453,247.1199951171875,243.67999267578125,244.2899932861328,28591000
2025-10-24,246.92127990722656,249.42999267578125,251.11000061035156,248.97000122070312,249.8000030517578,26627000
2025-10-27,247.7825469970703,250.3000030517578,252.2100067138672,249.5,251.77999877929688,31798100
2025-10-28,246.45602416992188,248.9600067138672,250.89999389648438,248.11000061035156,249.5500030517578,28075900
2025-10-29,244.35733032226562,246.83999633789062,251.13999938964844,244.69000244140625,248.83999633789062,56235300
2025-10-30,242.38735961914062,244.85000610351562,248.13999938964844,244.6300048828125,245.27000427246094,44538700
2025-10-31,243.75347900390625,246.22999572753906,246.7899932861328,243.69000244140625,244.99000549316406,37214700
2025-11-03,242.97142028808594,245.44000244140625,246.25999450683594,242.49000549316406,246.1699981689453,28887900
2025-11-04,238.77406311035156,241.1999969482422,244.05999755859375,241.0,241.7899932861328,34468700
2025-11-05,242.21905517578125,244.67999267578125,245.72999572753906,241.63999938964844,241.9600067138672,38229200
2025-11-06,237.9326171875,240.35000610351562,244.7899932861328,240.0,244.25999450683594,40601200
2025-11-07,239.17994689941406,241.61000061035156,241.66000366210938,236.27000427246094,238.41000366210938,54978900
2025-11-10,241.57559204101562,244.02999877929688,245.24000549316406,242.25,245.00999450683594,31238000
2025-11-11,241.78350830078125,244.24000549316406,244.74000549316406,242.52000427246094,243.3699951171875,27357900
2025-11-12,241.1895294189453,243.63999938964844,246.3800048828125,243.3300018310547,244.83999633789062,34543200
2025-11-13,234.4084014892578,236.7899932861328,242.67999267578125,235.83999633789062,241.83999633789062,65710000
2025-11-14,235.0914764404297,237.47999572753906,238.72999572753906,233.27000427246094,233.33999633789062,58344400
2025-11-17,230.4189453125,232.75999450683594,237.83999633789062,231.75999450683594,236.4600067138672,55765900
2025-11-18,231.121826171875,233.47000122070312,235.0800018310547,230.9600067138672,231.30999755859375,63092500
2025-11-19,231.0821990966797,233.42999267578125,236.3699951171875,232.42999267578125,233.8000030517578,57280500
2025-11-20,226.8056640625,229.11000061035156,239.10000610351562,228.89999389648438,237.24000549316406,95483000
2025-11-21,233.2303924560547,235.60000610351562,237.11000061035156,229.5800018310547,229.9600067138672,99504100
2025-11-24,237.48715209960938,239.89999389648438,240.38999938964844,235.47999572753906,235.9600067138672,36135300
2025-11-25,242.66455078125,245.1300048828125,245.5500030517578,240.0399932861328,240.74000549316406,46160800
2025-11-26,244.81271362304688,247.3000030517578,248.8300018310547,244.77000427246094,245.0500030517578,34636600
2025-11-28,246.24813842773438,248.75,248.80999755859375,247.07000732421875,248.00999450683594,18911800
2025-12-01,243.14959716796875,245.6199951171875,247.69000244140625,245.33999633789062,245.57000732421875,36920000
2025-12-02,242.7041473388672,245.1699981689453,247.3699951171875,245.1199951171875,247.3699951171875,31918500
2025-12-03,247.1192626953125,249.6300048828125,249.83999633789062,245.47999572753906,245.97000122070312,32846300
2025-12-04,249.28726196289062,251.82000732421875,252.66000366210938,248.5399932861328,248.97000122070312,40245800
2025-12-05,248.24783325195312,250.77000427246094,252.66000366210938,250.27999877929688,251.49000549316406,36956600
2025-12-08,248.3468017578125,250.8699951171875,252.77000427246094,250.17999267578125,252.6999969482422,29100000
2025-12-09,248.861572265625,251.38999938964844,252.9499969482422,250.10000610351562,250.25,30170100
2025-12-10,252.24717712402344,254.80999755859375,256.57000732421875,250.5399932861328,250.89999389648438,51105200
2025-12-11,255.20712280273438,257.79998779296875,258.010009765625,254.32000732421875,254.63999938964844,41345200
2025-12-12,251.29684448242188,253.85000610351562,258.20001220703125,253.44000244140625,257.95001220703125,57657700
2025-12-15,249.39614868164062,251.92999267578125,255.69000244140625,251.74000549316406,255.5500030517578,43120100
2025-12-16,248.2161407470703,249.89999389648438,252.16000366210938,248.47000122070312,250.33999633789062,43115300
2025-12-17,245.57406616210938,247.24000549316406,252.16000366210938,246.6999969482422,250.3699951171875,38132400
2025-12-18,247.0341796875,248.7100067138672,251.36000061035156,248.2100067138672,250.17999267578125,39068000
2025-12-19,249.1001434326172,250.7899932861328,251.39999389648438,249.05999755859375,249.27999877929688,43610400
2025-12-22,251.87136840820312,253.5800018310547,255.1199951171875,252.1999969482422,252.27999877929688,40497300
2025-12-23,250.3814697265625,252.0800018310547,253.22000122070312,251.4600067138672,252.4199981689453,24973500
2025-12-24,251.00721740722656,252.7100067138672,252.86000061035156,251.1199951171875,251.97000122070312,12103000
2025-12-26,249.7259063720703,251.4199981689453,252.75,250.39999389648438,252.5800018310547,17429900
2025-12-29,248.19630432128906,249.8800048828125,251.5,249.35000610351562,250.25999450683594,25218800
2025-12-30,246.35874938964844,248.02999877929688,250.14999389648438,247.9499969482422,249.97000122070312,22123600
2025-12-31,244.5013427734375,246.16000366210938,248.27999877929688,246.00999450683594,248.17999267578125,35352000
2026-01-02,247.10369873046875,248.77999877929688,249.08999633789062,245.86000061035156,247.6300048828125,40007700
2026-01-05,251.02708435058594,252.72999572753906,253.5500030517578,249.57000732421875,249.7899932861328,37428100
2026-01-06,254.35450744628906,256.0799865722656,256.25,251.52000427246094,252.24000549316406,40677800
2026-01-07,253.75856018066406,255.47999572753906,256.79998779296875,253.97000122070312,256.3999938964844,33052000
2026-01-08,256.52972412109375,258.2699890136719,258.92999267578125,254.36000061035156,254.6999969482422,37957000
2026-01-09,258.4765319824219,260.2300109863281,261.55999755859375,258.0899963378906,259.5799865722656,36301500
2026-01-12,259.73797607421875,261.5,261.6600036621094,258.239990234375,259.2799987792969,28423400
2026-01-13,259.5889892578125,261.3500061035156,262.8900146484375,260.4599914550781,262.4100036621094,33882400
2026-01-14,261.4165954589844,263.19000244140625,263.4599914550781,260.19000244140625,261.1300048828125,37164300
2026-01-15,263.7209777832031,265.510009765625,267.04998779296875,263.7300109863281,264.05999755859375,33465200
2026-01-16,263.96929931640625,265.760009765625,267.2200012207031,264.7099914550781,265.8699951171875,33844900
2026-01-20,260.8106994628906,262.5799865722656,265.0799865722656,261.05999755859375,261.1400146484375,47911500
2026-01-21,265.985595703125,267.7900085449219,268.5899963378906,262.9200134277344,264.6400146484375,59952800
2026-01-22,267.9721374511719,269.7900085449219,271.6000061035156,269.4200134277344,269.8299865722656,35110800
2026-01-23,263.02569580078125,264.80999755859375,269.04998779296875,264.4599914550781,269.0400085449219,42636700
2026-01-26,262.2012939453125,263.9800109863281,266.69000244140625,263.489990234375,265.07000732421875,32119300
2026-01-27,262.9462585449219,264.7300109863281,264.8599853515625,262.6600036621094,264.04998779296875,26975500
2026-01-28,261.52587890625,263.29998779296875,266.67999267578125,262.55999755859375,265.9800109863281,37139100
2026-01-29,261.59539794921875,263.3699951171875,265.05999755859375,259.4100036621094,264.07000732421875,43922900
2026-01-30,257.90045166015625,259.6499938964844,262.9800109863281,257.94000244140625,261.07000732421875,59164200
2026-02-02,260.41339111328125,262.17999267578125,263.7699890136719,258.3500061035156,258.4800109863281,42896200
2026-02-03,261.0093688964844,262.7799987792969,265.05999755859375,258.54998779296875,263.05999755859375,54588000
2026-02-04,258.7646179199219,260.5199890136719,264.6499938964844,257.1400146484375,264.1600036621094,48826500
2026-02-05,254.106201171875,255.8300018310547,261.6199951171875,255.0500030517578,258.5,48279600
2026-02-06,263.2342529296875,265.0199890136719,265.7200012207031,259.5799865722656,259.739990234375,43354900
2026-02-09,265.08172607421875,266.8800048828125,267.6700134277344,263.3399963378906,264.8399963378906,29064800
2026-02-10,264.3665771484375,266.1600036621094,268.5199890136719,265.8800048828125,267.2300109863281,24661700
2026-02-11,263.1647644042969,264.95001220703125,268.9599914550781,262.1000061035156,268.4700012207031,41829400
2026-02-12,257.7912292480469,259.5400085449219,267.4599914550781,258.3900146484375,267.0199890136719,47628200
2026-02-13,261.18817138671875,262.9599914550781,265.1700134277344,258.510009765625,260.6000061035156,45360300
2026-02-17,261.26763916015625,263.0400085449219,264.3599853515625,259.05999755859375,262.3800048828125,33734800
2026-02-18,262.2112121582031,263.989990234375,266.9100036621094,261.8500061035156,263.0299987792969,36034700
2026-02-19,262.8171081542969,264.6000061035156,264.6400146484375,261.0799865722656,262.57000732421875,31006000
2026-02-20,262.8270263671875,264.6099853515625,267.3299865722656,262.1400146484375,262.8500061035156,47126600
2026-02-23,258.7347717285156,260.489990234375,264.3699951171875,258.1000061035156,263.3999938964844,44001100
2026-02-24,261.5556335449219,263.3299865722656,264.1400146484375,259.8599853515625,260.3999938964844,34884200
2026-02-25,262.7972106933594,264.5799865722656,265.2799987792969,262.42999267578125,265.25,26012100
2026-02-26,264.1977233886719,265.989990234375,266.239990234375,262.1199951171875,265.010009765625,41206500
2026-02-27,259.64862060546875,261.4100036621094,262.760009765625,259.7699890136719,262.1000061035156,40631500
2026-03-02,262.03240966796875,263.80999755859375,264.2799987792969,257.7900085449219,257.80999755859375,53495700
2026-03-03,257.49322509765625,259.239990234375,261.1199951171875,253.30999755859375,256.79998779296875,59537000
2026-03-04,259.9962463378906,261.760009765625,262.9599914550781,258.82000732421875,261.20001220703125,37979700
2026-03-05,255.02993774414062,256.760009765625,260.760009765625,254.16000366210938,258.989990234375,60414600
2026-03-06,249.19947814941406,250.88999938964844,253.3000030517578,249.94000244140625,251.49000549316406,64192000
2026-03-09,251.9110870361328,253.6199951171875,254.64999389648438,244.38999938964844,247.58999633789062,65369500
2026-03-10,251.65284729003906,253.36000061035156,257.6499938964844,252.39999389648438,252.9600067138672,55879100
2026-03-11,251.1462860107422,252.85000610351562,254.3800048828125,250.5800018310547,252.33999633789062,50418100
2026-03-12,245.74293518066406,247.41000366210938,249.80999755859375,246.5800018310547,248.94000244140625,61802900
2026-03-13,244.92845153808594,246.58999633789062,250.61000061035156,245.5399932861328,249.25999450683594,53933300
2026-03-16,247.2427520751953,248.9199981689453,251.47000122070312,248.30999755859375,249.75999450683594,48755700
2026-03-17,248.80694580078125,250.0500030517578,251.7100067138672,248.9600067138672,249.8699951171875,40642800
2026-03-18,244.79698181152344,246.02000427246094,249.22999572753906,245.8800048828125,248.41000366210938,43192600
2026-03-19,246.39898681640625,247.6300048828125,250.08999633789062,242.52000427246094,243.02999877929688,59219500
2026-03-20,241.01588439941406,242.22000122070312,247.5,240.3300018310547,246.97000122070312,76749900
2026-03-23,246.21987915039062,247.4499969482422,251.36000061035156,246.11000061035156,247.1699981689453,78746600
2026-03-24,247.5432586669922,248.77999877929688,250.16000366210938,244.60000610351562,245.50999450683594,45210800
2026-03-25,250.5681610107422,251.82000732421875,253.07000732421875,249.52000427246094,251.74000549316406,45671700
2026-03-26,246.2099151611328,247.44000244140625,251.86000061035156,247.16000366210938,248.88999938964844,46830200
2026-03-27,241.89149475097656,243.10000610351562,246.74000549316406,242.41000366210938,246.00999450683594,48114400
2026-03-30,238.41883850097656,239.61000061035156,245.3699951171875,238.69000244140625,245.35000610351562,51290500
2026-03-31,246.7671356201172,248.0,248.9199981689453,242.24000549316406,243.0399932861328,58660800
2026-04-01,248.31936645507812,249.55999755859375,252.44000244140625,249.11000061035156,249.9199981689453,51295900
2026-04-02,250.040771484375,251.2899932861328,252.3699951171875,244.8699951171875,244.94000244140625,30369200
2026-04-06,251.10545349121094,252.36000061035156,253.0500030517578,250.25,250.99000549316406,22151400
2026-04-07,251.65274047851562,252.91000366210938,253.47999572753906,249.52000427246094,251.2100067138672,34881900
2026-04-08,259.1751403808594,260.4700012207031,262.2699890136719,258.4100036621094,261.5199890136719,46680200
2026-04-09,260.65771484375,261.9599914550781,262.8999938964844,258.7799987792969,258.7799987792969,26758400
2026-04-10,260.0010070800781,261.29998779296875,262.75,260.3399963378906,262.3999938964844,22365900
2026-04-13,263.7522888183594,265.07000732421875,265.3599853515625,260.0199890136719,260.239990234375,23820000
2026-04-14,267.3841247558594,268.7200012207031,269.4200134277344,266.2799987792969,267.0899963378906,24270400
2026-04-15,268.0508117675781,269.3900146484375,269.5899963378906,267.5899963378906,268.7799987792969,21670600
2026-04-16,268.6080322265625,269.95001220703125,270.3500061035156,268.04998779296875,269.45001220703125,30847900
2026-04-17,274.4090576171875,275.7799987792969,277.6300048828125,273.1199951171875,273.739990234375,46462700
2026-04-20,275.97125244140625,277.3500061035156,277.6700134277344,274.5299987792969,274.6499938964844,22993900
2026-04-21,273.1453552246094,274.510009765625,279.7900085449219,273.760009765625,278.17999267578125,32235200
2026-04-22,275.1055603027344,276.4800109863281,278.010009765625,274.8999938964844,277.5899963378906,20274300
2026-04-23,274.15032958984375,275.5199890136719,277.8699951171875,271.95001220703125,276.7300109863281,32886600
2026-04-24,275.2746887207031,276.6499938964844,278.1300048828125,274.2300109863281,276.6700134277344,21568600
2026-04-27,275.7622985839844,277.1400146484375,278.239990234375,276.25,276.82000732421875,23399400
2026-04-28,272.54833984375,273.9100036621094,276.9700012207031,272.9200134277344,276.04998779296875,24139400
2026-04-29,270.7274169921875,272.0799865722656,274.3800048828125,270.3599853515625,273.9200134277344,29428900
2026-04-30,276.5881652832031,277.9700012207031,278.2200012207031,272.44000244140625,273.1300048828125,29220700
2026-05-01,277.8916320800781,279.2799987792969,279.80999755859375,276.57000732421875,278.6600036621094,28936700
2026-05-04,276.49859619140625,277.8800048828125,280.7900085449219,276.1000061035156,278.70001220703125,28632300
2026-05-05,281.15533447265625,282.55999755859375,282.95001220703125,280.0,280.1300048828125,24863200
2026-05-06,285.3742370605469,286.79998779296875,287.04998779296875,283.3599853515625,285.3599853515625,23330300
2026-05-07,280.8568115234375,282.260009765625,287.5799865722656,281.1499938964844,287.5299987792969,28350400
2026-05-08,282.75732421875,284.1700134277344,284.9700012207031,282.6099853515625,284.0400085449219,22474300
2026-05-11,283.9115295410156,285.3299865722656,287.04998779296875,284.5899963378906,284.9200134277344,20150400
2026-05-12,281.165283203125,282.57000732421875,284.05999755859375,278.2799987792969,284.0400085449219,27404600
2026-05-13,281.2647705078125,282.6700134277344,283.55999755859375,279.92999267578125,282.9200134277344,20742300
2026-05-14,283.03594970703125,284.45001220703125,285.6600036621094,281.9599914550781,283.8399963378906,17428700
2026-05-15,276.2200012207031,277.6000061035156,280.3299865722656,277.239990234375,280.29998779296875,35408000
2026-05-18,274.59808349609375,275.9700012207031,279.0799865722656,273.94000244140625,278.739990234375,27243300
2026-05-19,271.6428527832031,273.0,275.0799865722656,270.6300048828125,273.80999755859375,30276900
2026-05-20,278.47869873046875,279.8699951171875,280.0899963378906,273.4100036621094,274.9100036621094,31562000
2026-05-21,281.0856628417969,282.489990234375,283.67999267578125,277.1499938964844,278.6600036621094,31680500
2026-05-22,283.70257568359375,285.1199951171875,286.6099853515625,283.6700134277344,284.1000061035156,23849300
2026-05-26,289.0658264160156,290.510009765625,290.54998779296875,287.739990234375,288.3900146484375,24506500
2026-05-27,288.9264831542969,290.3699951171875,291.7200012207031,289.30999755859375,291.1600036621094,24519900
2026-05-28,290.5782775878906,292.0299987792969,292.739990234375,287.9800109863281,289.6400146484375,23710600
2026-05-29,288.9862060546875,290.42999267578125,291.4100036621094,288.3299865722656,291.3800048828125,26952800
2026-06-01,287.5434265136719,288.9800109863281,290.6099853515625,286.2699890136719,288.3699951171875,23826100
2026-06-02,290.2100830078125,291.6600036621094,291.8699951171875,288.3999938964844,288.4599914550781,18378800
2026-06-03,286.2399597167969,287.6700134277344,290.010009765625,286.7799987792969,289.989990234375,29167300
2026-06-04,290.558349609375,292.010009765625,292.8800048828125,286.6600036621094,287.55999755859375,24307800
2026-06-05,280.2498474121094,281.6499938964844,289.3999938964844,280.1499938964844,289.1000061035156,35812800
2026-06-08,282.6976318359375,284.1099853515625,286.8399963378906,283.5799865722656,285.510009765625,27277400
2026-06-09,283.60308837890625,285.0199890136719,290.8699951171875,277.6199951171875,287.17999267578125,41761300
2026-06-10,280.6478271484375,282.04998779296875,289.0,281.760009765625,284.5899963378906,39285000
2026-06-11,288.96630859375,290.4100036621094,291.05999755859375,284.07000732421875,284.44000244140625,41468800
2026-06-12,291.4936828613281,292.95001220703125,295.7200012207031,290.30999755859375,291.6300048828125,34415200
2026-06-15,293.87249755859375,294.6400146484375,297.9100036621094,293.9200134277344,296.55999755859375,23889000
2026-06-16,291.3191223144531,292.0799865722656,296.79998779296875,291.5799865722656,295.5,23807700
2026-06-17,289.1248779296875,289.8800048828125,295.82000732421875,288.92999267578125,292.4700012207031,39920100
2026-06-18,294.82000732421875,295.5899963378906,295.9700012207031,291.4200134277344,294.54998779296875,32463200
2026-06-22,297.40325927734375,298.17999267578125,299.489990234375,296.1600036621094,297.1300048828125,22796200
2026-06-23,294.55072021484375,295.32000732421875,297.75,292.3999938964844,293.260009765625,26821700
2026-06-24,295.9171447753906,296.69000244140625,299.69000244140625,294.69000244140625,295.8800048828125,28664900
2026-06-25,298.13134765625,298.9100036621094,301.5,296.7300109863281,299.5199890136719,27599900
2026-06-26,299.0489501953125,299.8299865722656,300.0299987792969,295.7300109863281,296.6000061035156,39832500
2026-06-29,298.1911926269531,298.9700012207031,299.1600036621094,294.67999267578125,298.1099853515625,24834100
2026-06-30,299.6673583984375,300.45001220703125,300.9800109863281,297.44000244140625,298.55999755859375,23230300
2026-07-01,298.540283203125,299.32000732421875,302.7200012207031,298.9200134277344,299.92999267578125,20607900
2026-07-02,296.8048095703125,297.5799865722656,302.2300109863281,294.9800109863281,300.5400085449219,21178900
2026-07-06,298.1213684082031,298.8999938964844,300.4100036621094,297.6199951171875,297.75,18581300
2026-07-07,295.4184265136719,296.19000244140625,299.9700012207031,295.17999267578125,299.1700134277344,18057100
2026-07-08,292.71551513671875,293.4800109863281,295.1000061035156,290.67999267578125,294.0299987792969,24078400
2026-07-09,296.4656982421875,297.239990234375,297.8800048828125,294.8999938964844,295.2699890136719,16466800
2026-07-10,295.21893310546875,295.989990234375,298.2099914550781,293.6199951171875,297.69000244140625,15888500
2026-07-13,292.71551513671875,293.4800109863281,295.7799987792969,292.6000061035156,295.05999755859375,19375500
2026-07-14,293.7428283691406,294.510009765625,296.07000732421875,293.75,295.489990234375,18326900
2026-07-15,294.99951171875,295.7699890136719,297.1400146484375,294.1499938964844,295.25,18832700
2026-07-16,294.82000732421875,295.5899963378906,297.80999755859375,294.3500061035156,294.6499938964844,24081300
2026-07-17,293.2740478515625,294.0400085449219,296.1300048828125,291.6400146484375,292.0299987792969,28738500
2026-07-20,291.5485534667969,292.30999755859375,295.989990234375,292.17999267578125,295.010009765625,20539900
2026-07-21,295.7675476074219,296.5400085449219,296.75,292.67999267578125,293.42999267578125,18190200
2026-07-22,293.0246887207031,293.7900085449219,296.44000244140625,293.4100036621094,295.70001220703125,19116000
2026-07-23,291.3291015625,292.0899963378906,293.010009765625,290.1700134277344,290.8699951171875,27795100
2026-07-24,290.4115295410156,291.1700134277344,293.9700012207031,290.4800109863281,293.4100036621094,19771000
2026-07-27,292.14697265625,292.9100036621094,295.5199890136719,291.1099853515625,293.9800109863281,19445500
2026-07-28,292.60577392578125,293.3699951171875,293.7699890136719,290.3800048828125,293.1600036621094,20531100
2026-07-29,287.81829833984375,288.57000732421875,293.6700134277344,288.260009765625,292.489990234375,33297400
2026-07-30,291.82781982421875,292.5899963378906,292.8399963378906,288.9599914550781,291.1499938964844,22198800
2026-07-31,290.4414367675781,291.20001220703125,293.95001220703125,287.8299865722656,293.55999755859375,28350700
2026-08-03,295.4483642578125,296.2200012207031,296.6600036621094,292.3999938964844,292.8999938964844,23175700
2026-08-04,300.9240417480469,301.7099914550781,302.3900146484375,297.2200012207031,297.5899963378906,20751800
2026-08-05,298.9891052246094,299.7699890136719,303.05999755859375,299.75,302.42999267578125,17791000
2026-08-06,297.47308349609375,298.25,301.3800048828125,297.95001220703125,299.6000061035156,16314100
2026-08-07,300.7744445800781,301.55999755859375,302.0299987792969,299.79998779296875,300.4599914550781,18416800
2026-08-10,299.1985778808594,299.9800109863281,301.3900146484375,299.0799865722656,300.510009765625,16226900
2026-08-11,300.2059326171875,300.989990234375,301.989990234375,300.6000061035156,300.92999267578125,14942800
2026-08-12,301.92144775390625,302.7099914550781,303.4100036621094,301.0,303.0199890136719,15480600
2026-08-13,302.7093811035156,303.5,305.04998779296875,302.7200012207031,304.0400085449219,14719300
2026-08-14,304.2952575683594,305.0899963378906,305.17999267578125,302.739990234375,303.2799987792969,13163400
2026-08-17,303.2679443359375,304.05999755859375,304.3299865722656,303.2300109863281,303.9599914550781,14546800
2026-08-18,299.44793701171875,300.2300109863281,303.1499938964844,300.1099853515625,302.45001220703125,18263700
2026-08-19,300.93402099609375,301.7200012207031,303.4100036621094,301.2300109863281,302.8800048828125,14995700
2026-08-20,296.89459228515625,297.6700134277344,300.0400085449219,297.0400085449219,299.2699890136719,21638700
2026-08-21,299.1786193847656,299.9599914550781,300.3299865722656,298.1700134277344,299.8500061035156,22949600
2026-08-24,297.19378662109375,297.9700012207031,299.739990234375,297.3999938964844,299.54998779296875,12868900
2026-08-25,298.4505310058594,299.2300109863281,299.7799987792969,297.9700012207031,299.6000061035156,14618000
2026-08-26,298.15130615234375,298.92999267578125,299.95001220703125,298.1300048828125,298.6400146484375,10555700
2026-08-27,299.02899169921875,299.80999755859375,300.32000732421875,298.1400146484375,298.7699890136719,13658700
2026-08-28,294.9795837402344,295.75,300.3900146484375,295.6700134277344,299.70001220703125,19052800
2026-08-31,293.164306640625,293.92999267578125,295.3500061035156,292.7099914550781,295.0899963378906,20883400
2026-09-01,289.8130798339844,290.57000732421875,292.94000244140625,289.9700012207031,291.9800109863281,22801600
2026-09-02,293.2441101074219,294.010009765625,294.3500061035156,291.19000244140625,291.5400085449219,22395200
2026-09-03,294.4210510253906,295.19000244140625,296.17999267578125,293.42999267578125,295.7900085449219,16651200
2026-09-04,295.2389221191406,296.010009765625,296.17999267578125,293.55999755859375,293.70001220703125,13951100
2026-09-08,293.90240478515625,294.6700134277344,296.1000061035156,294.260009765625,295.3399963378906,17332400
2026-09-09,289.8829040527344,290.6400146484375,294.1600036621094,290.30999755859375,293.4599914550781,19141700
2026-09-10,286.9505615234375,287.70001220703125,289.8299865722656,287.17999267578125,288.4800109863281,27044700
2026-09-11,288.1374816894531,288.8900146484375,291.44000244140625,288.7699890136719,290.7099914550781,26353300
2026-09-14,287.1600036621094,287.9100036621094,289.8399963378906,287.05999755859375,287.489990234375,26060900
2026-09-15,285.1400146484375,285.1400146484375,286.92999267578125,284.0799865722656,286.6199951171875,25300500
2026-09-16,283.9200134277344,283.9200134277344,287.0400085449219,281.0299987792969,285.6300048828125,27599400
2026-09-17,285.42999267578125,285.42999267578125,288.2900085449219,285.2099914550781,287.95001220703125,22159600
2026-09-18,284.1000061035156,284.1000061035156,285.2699890136719,282.5400085449219,284.9200134277344,31106300
2026-09-21,285.5799865722656,285.5799865722656,286.45001220703125,284.8999938964844,286.2699890136719,18968200
2026-09-22,287.2099914550781,287.2099914550781,288.94000244140625,286.04998779296875,287.67999267578125,25684300
2026-09-23,281.9200134277344,281.9200134277344,286.17999267578125,281.8399963378906,285.989990234375,24351400
2026-09-24,281.6600036621094,281.6600036621094,282.239990234375,279.04998779296875,281.3299865722656,27307900
2026-09-25,281.9700012207031,281.9700012207031,283.5199890136719,280.4599914550781,282.3399963378906,22604100
2026-09-28,280.0199890136719,280.0199890136719,281.92999267578125,278.79998779296875,280.3299865722656,24939000
2026-09-29,279.010009765625,279.010009765625,281.04998779296875,277.4100036621094,280.25,21500600
2026-09-30,277.8900146484375,277.8900146484375,280.4800109863281,277.8599853515625,280.1700134277344,21123800
2026-10-01,279.0199890136719,279.0199890136719,280.6099853515625,275.45001220703125,277.3599853515625,34054300
2026-10-02,281.5199890136719,281.5199890136719,283.57000732421875,280.8900146484375,282.3299865722656,29774200
