Date,Adj Close,Close,High,Low,Open,Volume
2010-01-04,40.20466995239258,46.41999816894531,46.4900016784668,46.27000045776367,46.33000183105469,62822800
2010-01-05,40.20466995239258,46.41999816894531,46.5,46.15999984741211,46.38999938964844,62935600
2010-01-06,39.96215057373047,46.13999938964844,46.54999923706055,46.06999969482422,46.400001525878906,96033000
2010-01-07,39.98814010620117,46.16999816894531,46.27000045776367,45.91999816894531,46.209999084472656,77094100
2010-01-08,40.317264556884766,46.54999923706055,46.54999923706055,45.93000030517578,46.06999969482422,88886600
2010-01-11,40.15270233154297,46.36000061035156,46.63999938964844,46.119998931884766,46.61000061035156,104673400
2010-01-12,39.65036392211914,45.779998779296875,46.13999938964844,45.529998779296875,46.08000183105469,90673900
2010-01-13,40.14402770996094,46.349998474121094,46.4900016784668,45.61000061035156,45.91999816894531,100661000
2010-01-14,40.17868423461914,46.38999938964844,46.52000045776367,46.220001220703125,46.2599983215332,75209000
2010-01-15,39.71098327636719,45.849998474121094,46.54999923706055,45.650001525878906,46.470001220703125,126849300
2010-01-19,40.351890563964844,46.59000015258789,46.63999938964844,45.95000076293945,45.959999084472656,84388200
2010-01-20,39.771629333496094,45.91999816894531,46.599998474121094,45.43000030517578,46.2599983215332,145680000
2010-01-21,39.3991813659668,45.4900016784668,46.349998474121094,45.29999923706055,46.04999923706055,204939600
2010-01-22,38.24726104736328,44.15999984741211,45.47999954223633,44.040000915527344,45.34000015258789,171098700
2010-01-25,38.377193450927734,44.310001373291016,44.599998474121094,44.119998931884766,44.43000030517578,154218700
2010-01-26,38.41183090209961,44.349998474121094,44.88999938964844,44.04999923706055,44.2599983215332,140816500
2010-01-27,38.714969635009766,44.70000076293945,44.849998474121094,44.0099983215332,44.27000045776367,161632700
2010-01-28,37.71892547607422,43.54999923706055,44.43000030517578,43.31999969482422,44.400001525878906,221439800
2010-01-29,37.060707092285156,42.790000915527344,44.02000045776367,42.630001068115234,43.90999984741211,212099600
2010-02-01,37.46775817871094,43.2599983215332,43.279998779296875,42.880001068115234,42.900001525878906,136827100
2010-02-02,37.8055534362793,43.650001525878906,43.779998779296875,43.029998779296875,43.33000183105469,110727700
2010-02-03,38.01341247558594,43.88999938964844,43.970001220703125,43.41999816894531,43.439998626708984,93581600
2010-02-04,36.91347122192383,42.619998931884766,43.65999984741211,42.619998931884766,43.56999969482422,151652500
2010-02-05,37.225250244140625,42.97999954223633,43.02000045776367,42.119998931884766,42.72999954223633,213618600
2010-02-08,36.95675277709961,42.66999816894531,43.18000030517578,42.63999938964844,42.90999984741211,94354400
2010-02-09,37.337860107421875,43.11000061035156,43.5099983215332,42.7599983215332,43.18000030517578,118956000
2010-02-10,37.2598991394043,43.02000045776367,43.310001373291016,42.75,43.11000061035156,94102900
2010-02-11,37.82286834716797,43.66999816894531,43.790000915527344,42.7599983215332,43.029998779296875,93050800
2010-02-12,37.900814056396484,43.7599983215332,43.880001068115234,43.15999984741211,43.279998779296875,93938500
2010-02-16,38.385841369628906,44.31999969482422,44.349998474121094,43.849998474121094,44.08000183105469,83861400
2010-02-17,38.60236740112305,44.56999969482422,44.56999969482422,44.2599983215332,44.52000045776367,82691700
2010-02-18,38.84489059448242,44.849998474121094,44.93000030517578,44.45000076293945,44.540000915527344,65752600
2010-02-19,38.82756805419922,44.83000183105469,45.04999923706055,44.619998931884766,44.72999954223633,80416500
2010-02-22,38.74959182739258,44.7400016784668,45.029998779296875,44.560001373291016,45.0099983215332,72055000
2010-02-23,38.24726104736328,44.15999984741211,44.7400016784668,43.95000076293945,44.709999084472656,95814400
2010-02-24,38.637027740478516,44.61000061035156,44.790000915527344,44.31999969482422,44.38999938964844,86591000
2010-02-25,38.628353118896484,44.599998474121094,44.70000076293945,43.83000183105469,44.13999938964844,97961300
2010-02-26,38.766929626464844,44.7599983215332,44.86000061035156,44.400001525878906,44.59000015258789,66222400
2010-03-01,39.32990646362305,45.40999984741211,45.4900016784668,44.95000076293945,44.959999084472656,77290100
2010-03-02,39.45114517211914,45.54999923706055,45.849998474121094,45.45000076293945,45.56999969482422,76368500
2010-03-03,39.49446105957031,45.599998474121094,45.81999969482422,45.43000030517578,45.65999984741211,65735500
2010-03-04,39.6243896484375,45.75,45.810001373291016,45.400001525878906,45.630001068115234,54470900
2010-03-05,40.22198486328125,46.439998626708984,46.540000915527344,45.9900016784668,46.09000015258789,68136300
2010-03-08,40.29994583129883,46.529998779296875,46.63999938964844,46.439998626708984,46.459999084472656,58712400
2010-03-09,40.52513885498047,46.790000915527344,47.04999923706055,46.400001525878906,46.43000030517578,98002800
2010-03-10,40.85424041748047,47.16999816894531,47.279998779296875,46.79999923706055,46.81999969482422,102578900
2010-03-11,41.01014709472656,47.349998474121094,47.349998474121094,46.97999954223633,47.060001373291016,67510300
2010-03-12,41.01879119873047,47.36000061035156,47.529998779296875,47.099998474121094,47.5,64068300
2010-03-15,40.91488265991211,47.2400016784668,47.380001068115234,46.90999984741211,47.2599983215332,60150500
2010-03-16,41.17471694946289,47.540000915527344,47.61000061035156,47.22999954223633,47.38999938964844,74950600
2010-03-17,41.28730392456055,47.66999816894531,47.900001525878906,47.529998779296875,47.61000061035156,75643500
2010-03-18,41.425880432128906,47.83000183105469,47.880001068115234,47.599998474121094,47.709999084472656,77829400
2010-03-19,41.17531204223633,47.4900016784668,47.95000076293945,47.31999969482422,47.91999816894531,86337100
2010-03-22,41.54813003540039,47.91999816894531,48.11000061035156,47.25,47.29999923706055,71902800
2010-03-23,41.834259033203125,48.25,48.29999923706055,47.77000045776367,47.9900016784668,59182600
2010-03-24,41.63481903076172,48.02000045776367,48.16999816894531,47.90999984741211,48.16999816894531,62995700
2010-03-25,41.57415008544922,47.95000076293945,48.599998474121094,47.900001525878906,48.41999816894531,76294800
2010-03-26,41.61750030517578,48.0,48.33000183105469,47.7400016784668,48.150001525878906,78067900
2010-03-29,41.816917419433594,48.22999954223633,48.400001525878906,48.099998474121094,48.2400016784668,57993300
2010-03-30,41.955623626708984,48.38999938964844,48.54999923706055,48.060001373291016,48.380001068115234,49437300
2010-03-31,41.7562255859375,48.15999984741211,48.45000076293945,48.06999969482422,48.2400016784668,59947400
2010-04-01,41.7562255859375,48.15999984741211,48.70000076293945,47.790000915527344,48.36000061035156,83728600
2010-04-05,42.146385192871094,48.61000061035156,48.720001220703125,48.13999938964844,48.27000045776367,56220300
2010-04-06,42.267765045166016,48.75,48.900001525878906,48.38999938964844,48.5,54097100
2010-04-07,42.163719177246094,48.630001068115234,48.869998931884766,48.369998931884766,48.68000030517578,77211500
2010-04-08,42.259117126464844,48.7400016784668,48.81999969482422,48.2400016784668,48.4900016784668,68314300
2010-04-09,42.51054000854492,49.029998779296875,49.04999923706055,48.630001068115234,48.75,54227300
2010-04-12,42.545223236083984,49.06999969482422,49.20000076293945,48.939998626708984,49.04999923706055,44280600
2010-04-13,42.76197052001953,49.31999969482422,49.349998474121094,48.86000061035156,49.02000045776367,59376000
2010-04-14,43.27350616455078,49.90999984741211,49.91999816894531,49.5,49.58000183105469,69004800
2010-04-15,43.464263916015625,50.130001068115234,50.189998626708984,49.869998931884766,49.869998931884766,72254200
2010-04-16,42.94404983520508,49.529998779296875,50.119998931884766,49.20000076293945,49.95000076293945,127388000
2010-04-19,42.91802215576172,49.5,49.65999984741211,48.900001525878906,49.349998474121094,98251700
2010-04-20,43.13479232788086,49.75,49.880001068115234,49.43000030517578,49.77000045776367,69543700
2010-04-21,43.377559661865234,50.029998779296875,50.189998626708984,49.720001220703125,50.09000015258789,74748700
2010-04-22,43.62032699584961,50.310001373291016,50.36000061035156,49.2599983215332,49.54999923706055,110477200
2010-04-23,43.802406311035156,50.52000045776367,50.56999969482422,50.09000015258789,50.29999923706055,77205200
2010-04-26,43.707035064697266,50.40999984741211,50.650001525878906,50.29999923706055,50.56999969482422,67361000
2010-04-27,42.77931594848633,49.34000015258789,50.43000030517578,49.209999084472656,50.209999084472656,112608000
2010-04-28,42.805335998535156,49.369998931884766,49.630001068115234,48.97999954223633,49.599998474121094,130082100
2010-04-29,43.55097198486328,50.22999954223633,50.33000183105469,49.61000061035156,49.650001525878906,84180200
2010-04-30,42.69260787963867,49.2400016784668,50.290000915527344,49.20000076293945,50.209999084472656,110897000
2010-05-03,43.29085922241211,49.93000030517578,50.16999816894531,49.43000030517578,49.45000076293945,74169700
2010-05-04,41.990291595458984,48.43000030517578,49.31999969482422,48.08000183105469,49.31999969482422,141136500
2010-05-05,41.77356719970703,48.18000030517578,48.5,47.63999938964844,47.91999816894531,128560200
2010-05-06,40.377620697021484,46.56999969482422,48.31999969482422,42.63999938964844,47.849998474121094,274356800
2010-05-07,39.371891021728516,45.40999984741211,46.79999923706055,44.279998779296875,46.220001220703125,288200400
2010-05-10,41.418087005615234,47.77000045776367,47.79999923706055,47.310001373291016,47.43000030517578,136041600
2010-05-11,41.37471389770508,47.720001220703125,48.38999938964844,47.20000076293945,47.290000915527344,113016100
2010-05-12,42.15505599975586,48.619998931884766,48.65999984741211,47.900001525878906,47.97999954223633,85462400
2010-05-13,41.4874382019043,47.849998474121094,48.790000915527344,47.72999954223633,48.40999984741211,102844300
2010-05-14,40.689788818359375,46.93000030517578,47.52000045776367,46.380001068115234,47.4900016784668,147386100
2010-05-17,40.81983184814453,47.08000183105469,47.27000045776367,46.06999969482422,47.02000045776367,120969600
2010-05-18,40.256248474121094,46.43000030517578,47.58000183105469,46.220001220703125,47.47999954223633,153072100
2010-05-19,39.935447692871094,46.060001373291016,46.630001068115234,45.54999923706055,46.2599983215332,159000300
2010-05-20,38.45283126831055,44.349998474121094,45.279998779296875,44.25,45.15999984741211,189289800
2010-05-21,38.877662658691406,44.84000015258789,45.63999938964844,43.4900016784668,43.65999984741211,190631100
2010-05-24,38.72161102294922,44.65999984741211,45.33000183105469,44.63999938964844,44.81999969482422,113038000
2010-05-25,38.75629806518555,44.70000076293945,44.7599983215332,43.22999954223633,43.68000030517578,155643000
2010-05-26,38.3227653503418,44.20000076293945,45.56999969482422,44.119998931884766,45.0099983215332,140203200
2010-05-27,39.77072525024414,45.869998931884766,45.88999938964844,45.09000015258789,45.20000076293945,110671600
2010-05-28,39.536617279052734,45.599998474121094,45.9900016784668,45.20000076293945,45.95000076293945,128535300
2010-06-01,39.17247009277344,45.18000030517578,46.25,45.130001068115234,45.43000030517578,104242700
2010-06-02,40.10018539428711,46.25,46.279998779296875,45.130001068115234,45.439998626708984,97249300
2010-06-03,40.481666564941406,46.689998626708984,46.77000045776367,46.08000183105469,46.380001068115234,98928400
2010-06-04,39.09443283081055,45.09000015258789,46.290000915527344,44.939998626708984,45.70000076293945,112849900
2010-06-07,38.38347244262695,44.27000045776367,45.459999084472656,44.220001220703125,45.31999969482422,88436600
2010-06-08,38.31410217285156,44.189998626708984,44.47999954223633,43.59000015258789,44.349998474121094,133030100
2010-06-09,37.9932861328125,43.81999969482422,44.90999984741211,43.689998626708984,44.5,101949200
2010-06-10,39.077091217041016,45.06999969482422,45.119998931884766,44.2400016784668,44.36000061035156,76892300
2010-06-11,39.44990539550781,45.5,45.540000915527344,44.61000061035156,44.61000061035156,74346800
2010-06-14,39.44123458862305,45.4900016784668,46.2400016784668,45.40999984741211,45.91999816894531,68085000
2010-06-15,40.4990234375,46.709999084472656,46.77000045776367,45.45000076293945,45.72999954223633,76332600
2010-06-16,40.66374588012695,46.900001525878906,47.13999938964844,46.5,46.58000183105469,78399700
2010-06-17,40.79380416870117,47.04999923706055,47.18000030517578,46.63999938964844,47.15999984741211,77111900
2010-06-18,40.82768249511719,47.0,47.34000015258789,46.86000061035156,47.04999923706055,75921400
2010-06-21,40.48021697998047,46.599998474121094,47.68000030517578,46.33000183105469,47.599998474121094,95488100
2010-06-22,40.16750717163086,46.2400016784668,47.13999938964844,46.150001525878906,46.79999923706055,94493400
2010-06-23,40.0024528503418,46.04999923706055,46.470001220703125,45.689998626708984,46.290000915527344,92397600
2010-06-24,39.394386291503906,45.349998474121094,45.9900016784668,45.20000076293945,45.849998474121094,114145900
2010-06-25,39.40221405029297,45.27000045776367,45.65999984741211,44.95000076293945,45.5099983215332,88740300
2010-06-28,39.26295471191406,45.11000061035156,45.54999923706055,44.810001373291016,45.27000045776367,71350000
2010-06-29,37.74848937988281,43.369998931884766,44.459999084472656,43.06999969482422,44.41999816894531,136384200
2010-06-30,37.174034118652344,42.709999084472656,43.66999816894531,42.63999938964844,43.22999954223633,101313200
2010-07-01,37.069580078125,42.59000015258789,42.959999084472656,41.77000045776367,42.84000015258789,158695000
2010-07-02,36.96513366699219,42.470001220703125,42.81999969482422,42.09000015258789,42.65999984741211,78565300
2010-07-06,37.07828903198242,42.599998474121094,43.369998931884766,42.25,43.099998474121094,88591900
2010-07-07,38.26202392578125,43.959999084472656,44.0099983215332,42.70000076293945,42.7400016784668,72448400
2010-07-08,38.47090530395508,44.20000076293945,44.380001068115234,43.68000030517578,44.310001373291016,78264600
2010-07-09,38.83646774291992,44.619998931884766,44.630001068115234,44.08000183105469,44.18000030517578,47851200
2010-07-12,38.949615478515625,44.75,45.029998779296875,44.459999084472656,44.58000183105469,60927500
2010-07-13,39.454444885253906,45.33000183105469,45.5,44.79999923706055,45.13999938964844,93310500
2010-07-14,39.65461730957031,45.560001373291016,45.810001373291016,45.2400016784668,45.41999816894531,87687100
2010-07-15,39.68943405151367,45.599998474121094,45.7400016784668,44.9900016784668,45.470001220703125,95992500
2010-07-16,38.59276580810547,44.34000015258789,45.630001068115234,44.29999923706055,45.439998626708984,98831900
2010-07-19,38.92349624633789,44.720001220703125,44.810001373291016,44.099998474121094,44.470001220703125,81800800
2010-07-20,39.393516540527344,45.2599983215332,45.2599983215332,43.86000061035156,44.0,89061200
2010-07-21,38.85387420654297,44.63999938964844,45.7599983215332,44.560001373291016,45.7400016784668,83577000
2010-07-22,39.83740234375,45.77000045776367,45.97999954223633,45.2400016784668,45.27000045776367,82890300
2010-07-23,40.089813232421875,46.060001373291016,46.099998474121094,45.380001068115234,45.459999084472656,81056100
2010-07-26,40.420570373535156,46.439998626708984,46.459999084472656,45.90999984741211,46.119998931884766,64850900
2010-07-27,40.40314865112305,46.41999816894531,46.720001220703125,46.209999084472656,46.63999938964844,67655600
2010-07-28,40.08110809326172,46.04999923706055,46.58000183105469,45.880001068115234,46.369998931884766,51988200
2010-07-29,39.78518295288086,45.709999084472656,46.40999984741211,45.25,46.31999969482422,85669500
2010-07-30,39.872222900390625,45.810001373291016,46.09000015258789,45.06999969482422,45.33000183105469,98958100
2010-08-02,40.62074279785156,46.66999816894531,46.790000915527344,46.209999084472656,46.38999938964844,68706800
2010-08-03,40.44667053222656,46.470001220703125,46.70000076293945,46.25,46.63999938964844,60856600
2010-08-04,40.85576248168945,46.939998626708984,46.9900016784668,46.5,46.68000030517578,43820600
2010-08-05,40.760005950927734,46.83000183105469,46.91999816894531,46.52000045776367,46.709999084472656,39150200
2010-08-06,40.699066162109375,46.7599983215332,46.849998474121094,46.04999923706055,46.31999969482422,71339200
2010-08-09,40.977596282958984,47.08000183105469,47.189998626708984,46.790000915527344,47.0,26927600
2010-08-10,40.62074279785156,46.66999816894531,46.95000076293945,46.279998779296875,46.70000076293945,86694500
2010-08-11,39.5153694152832,45.400001525878906,45.91999816894531,45.209999084472656,45.900001525878906,92219700
2010-08-12,39.202022552490234,45.040000915527344,45.2400016784668,44.45000076293945,44.529998779296875,66000200
2010-08-13,38.92349624633789,44.720001220703125,45.060001373291016,44.709999084472656,44.869998931884766,46387300
2010-08-16,38.99312973022461,44.79999923706055,45.11000061035156,44.29999923706055,44.5,55472900
2010-08-17,39.48925018310547,45.369998931884766,45.779998779296875,45.029998779296875,45.119998931884766,56927100
2010-08-18,39.64592361450195,45.54999923706055,45.81999969482422,45.11000061035156,45.279998779296875,61835400
2010-08-19,39.04535675048828,44.86000061035156,45.459999084472656,44.560001373291016,45.279998779296875,82969500
2010-08-20,39.097591400146484,44.91999816894531,45.029998779296875,44.540000915527344,44.790000915527344,65806700
2010-08-23,38.71461486816406,44.47999954223633,45.34000015258789,44.459999084472656,45.20000076293945,69612200
2010-08-24,37.99219512939453,43.650001525878906,44.119998931884766,43.470001220703125,43.970001220703125,79095800
2010-08-25,38.357749938964844,44.06999969482422,44.2599983215332,43.27000045776367,43.34000015258789,87247900
2010-08-26,37.896453857421875,43.540000915527344,44.31999969482422,43.5,44.220001220703125,91199000
2010-08-27,38.357749938964844,44.06999969482422,44.15999984741211,42.970001220703125,43.86000061035156,109568800
2010-08-30,37.9573860168457,43.61000061035156,44.25,43.599998474121094,43.86000061035156,49373200
2010-08-31,37.82681655883789,43.459999084472656,43.849998474121094,43.18000030517578,43.380001068115234,72066900
2010-09-01,38.95830154418945,44.7599983215332,44.90999984741211,44.06999969482422,44.099998474121094,83523100
2010-09-02,39.393516540527344,45.2599983215332,45.279998779296875,44.72999954223633,44.84000015258789,41816800
2010-09-03,40.046302795410156,46.0099983215332,46.02000045776367,45.54999923706055,45.7599983215332,64041100
2010-09-07,39.7764778137207,45.70000076293945,46.029998779296875,45.630001068115234,45.81999969482422,51195200
2010-09-08,40.255184173583984,46.25,46.45000076293945,45.81999969482422,45.83000183105469,66879800
2010-09-09,40.4118537902832,46.43000030517578,46.70000076293945,46.31999969482422,46.65999984741211,61476400
2010-09-10,40.559818267822266,46.599998474121094,46.66999816894531,46.25,46.47999954223633,66995700
2010-09-13,41.12556838989258,47.25,47.369998931884766,46.939998626708984,46.959999084472656,64523400
2010-09-14,41.29964828491211,47.45000076293945,47.70000076293945,47.08000183105469,47.189998626708984,91405800
2010-09-15,41.560752868652344,47.75,47.79999923706055,47.189998626708984,47.33000183105469,67108200
2010-09-16,41.72613525390625,47.939998626708984,47.97999954223633,47.540000915527344,47.65999984741211,66885800
2010-09-17,41.86747360229492,47.9900016784668,48.13999938964844,47.75,48.13999938964844,76372600
2010-09-20,42.600311279296875,48.83000183105469,48.93000030517578,48.11000061035156,48.16999816894531,84475000
2010-09-21,42.59157943725586,48.81999969482422,49.16999816894531,48.61000061035156,48.86000061035156,82272000
2010-09-22,42.4781608581543,48.689998626708984,49.02000045776367,48.41999816894531,48.619998931884766,88315900
2010-09-23,42.4607048034668,48.66999816894531,49.15999984741211,48.31999969482422,48.369998931884766,85040000
2010-09-24,43.32441711425781,49.65999984741211,49.689998626708984,49.150001525878906,49.220001220703125,79495900
2010-09-27,43.088863372802734,49.38999938964844,49.75,49.349998474121094,49.630001068115234,43859800
2010-09-28,43.071414947509766,49.369998931884766,49.540000915527344,48.59000015258789,49.5099983215332,104922900
2010-09-29,43.00160217285156,49.290000915527344,49.529998779296875,49.11000061035156,49.29999923706055,81679200
2010-09-30,42.809669494628906,49.06999969482422,49.84000015258789,48.75,49.540000915527344,122458600
2010-10-01,42.757320404052734,49.0099983215332,49.529998779296875,48.779998779296875,49.47999954223633,77675400
2010-10-04,42.294952392578125,48.47999954223633,49.04999923706055,48.20000076293945,48.869998931884766,71359900
2010-10-05,43.32441711425781,49.65999984741211,49.7599983215332,49.0,49.029998779296875,99301300
2010-10-06,42.94926834106445,49.22999954223633,49.709999084472656,48.90999984741211,49.599998474121094,81831200
2010-10-07,43.10630416870117,49.40999984741211,49.540000915527344,49.0,49.5099983215332,75693300
2010-10-08,43.402923583984375,49.75,49.869998931884766,49.08000183105469,49.43000030517578,83223900
2010-10-11,43.42036437988281,49.77000045776367,50.02000045776367,49.619998931884766,49.779998779296875,46880000
2010-10-12,43.71700668334961,50.11000061035156,50.209999084472656,49.2599983215332,49.689998626708984,88571700
2010-10-13,44.07468032836914,50.52000045776367,50.75,50.279998779296875,50.43000030517578,71122900
2010-10-14,43.98744201660156,50.41999816894531,50.63999938964844,50.16999816894531,50.54999923706055,68464000
2010-10-15,44.920928955078125,51.4900016784668,51.5,50.630001068115234,51.040000915527344,104654000
2010-10-18,44.755184173583984,51.29999923706055,51.720001220703125,51.29999923706055,51.5,72399400
2010-10-19,44.33643341064453,50.81999969482422,51.29999923706055,50.41999816894531,50.81999969482422,105739800
2010-10-20,44.659202575683594,51.189998626708984,51.56999969482422,50.869998931884766,50.959999084472656,80861400
2010-10-21,44.74645233154297,51.290000915527344,51.709999084472656,50.790000915527344,51.5099983215332,85885400
2010-10-22,45.051815032958984,51.63999938964844,51.689998626708984,51.209999084472656,51.29999923706055,47406900
2010-10-25,45.26992416381836,51.88999938964844,52.22999954223633,51.849998474121094,51.849998474121094,51413900
2010-10-26,45.39204788208008,52.029998779296875,52.150001525878906,51.41999816894531,51.630001068115234,60498300
2010-10-27,45.53163528442383,52.189998626708984,52.22999954223633,51.65999984741211,51.7599983215332,57483400
2010-10-28,45.62758255004883,52.29999923706055,52.45000076293945,51.84000015258789,52.40999984741211,61220000
2010-10-29,45.52289962768555,52.18000030517578,52.4900016784668,52.16999816894531,52.29999923706055,46668700
2010-11-01,45.55781936645508,52.220001220703125,52.75,51.97999954223633,52.369998931884766,60555600
2010-11-02,46.04637145996094,52.779998779296875,52.93000030517578,52.58000183105469,52.650001525878906,48137500
2010-11-03,46.255733489990234,53.02000045776367,53.040000915527344,52.36000061035156,52.83000183105469,126225800
2010-11-04,46.82280349731445,53.66999816894531,53.86000061035156,53.5,53.599998474121094,84201000
2010-11-05,46.82280349731445,53.66999816894531,53.810001373291016,53.5099983215332,53.70000076293945,77937100
2010-11-08,46.883880615234375,53.7400016784668,53.83000183105469,53.45000076293945,53.58000183105469,39623500
2010-11-09,46.630882263183594,53.45000076293945,54.040000915527344,53.209999084472656,53.95000076293945,66828700
2010-11-10,46.86644744873047,53.720001220703125,53.77000045776367,53.099998474121094,53.52000045776367,83553700
2010-11-11,46.56982421875,53.380001068115234,53.47999954223633,52.65999984741211,52.90999984741211,85163600
2010-11-12,45.81081008911133,52.5099983215332,53.369998931884766,52.11000061035156,53.099998474121094,99164300
2010-11-15,45.63632583618164,52.310001373291016,52.880001068115234,52.290000915527344,52.779998779296875,56723400
2010-11-16,44.88603973388672,51.45000076293945,52.25,50.849998474121094,51.939998626708984,101097000
2010-11-17,45.01690673828125,51.599998474121094,51.869998931884766,51.349998474121094,51.47999954223633,77836200
2010-11-18,45.74101257324219,52.43000030517578,52.790000915527344,52.130001068115234,52.15999984741211,71488300
2010-11-19,45.775917053222656,52.470001220703125,52.59000015258789,52.13999938964844,52.36000061035156,54506100
2010-11-22,46.159793853759766,52.90999984741211,52.90999984741211,52.16999816894531,52.2599983215332,69918900
2010-11-23,45.42693328857422,52.06999969482422,52.45000076293945,51.77000045776367,52.369998931884766,76818300
2010-11-24,46.34297180175781,53.119998931884766,53.25,52.560001373291016,52.58000183105469,53444200
2010-11-26,46.03763198852539,52.77000045776367,53.130001068115234,52.66999816894531,52.779998779296875,23640300
2010-11-29,46.002742767333984,52.72999954223633,52.900001525878906,52.099998474121094,52.70000076293945,89269100
2010-11-30,45.44438171386719,52.09000015258789,52.7400016784668,51.880001068115234,52.18000030517578,118862100
2010-12-01,46.40406036376953,53.189998626708984,53.459999084472656,52.84000015258789,52.86000061035156,81758800
2010-12-02,46.87517547607422,53.72999954223633,53.810001373291016,53.209999084472656,53.27000045776367,56844600
2010-12-03,46.997283935546875,53.869998931884766,53.939998626708984,53.5,53.5,38014200
2010-12-06,46.979854583740234,53.849998474121094,53.95000076293945,53.68000030517578,53.880001068115234,39312000
2010-12-07,47.006019592285156,53.880001068115234,54.52000045776367,53.81999969482422,54.5,59067300
2010-12-08,47.18050003051758,54.08000183105469,54.150001525878906,53.689998626708984,54.02000045776367,48066900
2010-12-09,47.2241096496582,54.130001068115234,54.439998626708984,53.95000076293945,54.40999984741211,51679800
2010-12-10,47.538204193115234,54.4900016784668,54.54999923706055,54.09000015258789,54.290000915527344,44696200
2010-12-13,47.37242889404297,54.29999923706055,54.7400016784668,54.27000045776367,54.70000076293945,53110200
2010-12-14,47.45968246459961,54.400001525878906,54.619998931884766,54.22999954223633,54.439998626708984,69884800
2010-12-15,47.25030517578125,54.15999984741211,54.70000076293945,54.029998779296875,54.369998931884766,76951900
2010-12-16,47.61671447753906,54.58000183105469,54.65999984741211,54.060001373291016,54.209999084472656,65519400
2010-12-17,47.6586799621582,54.52000045776367,54.68000030517578,54.40999984741211,54.540000915527344,36844200
2010-12-20,47.693641662597656,54.560001373291016,54.7599983215332,54.15999984741211,54.619998931884766,48159600
2010-12-21,47.98210906982422,54.88999938964844,54.88999938964844,54.619998931884766,54.77000045776367,35775400
2010-12-22,47.97337341308594,54.880001068115234,54.959999084472656,54.790000915527344,54.869998931884766,35766500
2010-12-23,47.850990295410156,54.7400016784668,54.869998931884766,54.61000061035156,54.779998779296875,21664800
2010-12-27,47.87721633911133,54.77000045776367,54.86000061035156,54.209999084472656,54.58000183105469,29263700
2010-12-28,47.7898063659668,54.66999816894531,54.91999816894531,54.54999923706055,54.880001068115234,24160500
2010-12-29,47.894691467285156,54.790000915527344,54.900001525878906,54.72999954223633,54.81999969482422,24132700
2010-12-30,47.78104782104492,54.65999984741211,54.79999923706055,54.54999923706055,54.790000915527344,27553300
2010-12-31,47.60622024536133,54.459999084472656,54.619998931884766,54.209999084472656,54.59000015258789,38540100
2011-01-03,48.34926223754883,55.310001373291016,55.689998626708984,54.95000076293945,54.970001220703125,90994300
2011-01-04,48.31428527832031,55.27000045776367,55.54999923706055,54.91999816894531,55.5099983215332,43851500
2011-01-05,48.72515869140625,55.7400016784668,55.7599983215332,55.06999969482422,55.099998474121094,43787400
2011-01-06,48.88249206542969,55.91999816894531,55.959999084472656,55.68000030517578,55.79999923706055,46139600
2011-01-07,48.838783264160156,55.869998931884766,56.04999923706055,55.31999969482422,56.02000045776367,72261700
2011-01-10,49.022361755371094,56.08000183105469,56.18000030517578,55.58000183105469,55.75,55551800
2011-01-11,49.09228515625,56.15999984741211,56.36000061035156,55.95000076293945,56.310001373291016,56663800
2011-01-12,49.44194030761719,56.560001373291016,56.560001373291016,56.20000076293945,56.43000030517578,51979300
2011-01-13,49.45943832397461,56.58000183105469,56.72999954223633,56.40999984741211,56.599998474121094,47364500
2011-01-14,49.826576232910156,57.0,57.02000045776367,56.459999084472656,56.599998474121094,43867400
2011-01-18,49.96643829345703,57.15999984741211,57.22999954223633,56.4900016784668,56.56999969482422,65805600
2011-01-19,49.39822769165039,56.5099983215332,57.2599983215332,56.31999969482422,57.2599983215332,67767200
2011-01-20,49.048561096191406,56.11000061035156,56.349998474121094,55.68000030517578,56.27000045776367,92357800
2011-01-21,48.67268371582031,55.68000030517578,56.4900016784668,55.650001525878906,56.38999938964844,59673300
2011-01-24,49.34577941894531,56.45000076293945,56.459999084472656,55.68000030517578,55.790000915527344,64103300
2011-01-25,49.415733337402344,56.529998779296875,56.54999923706055,56.04999923706055,56.16999816894531,55305100
2011-01-26,49.67797088623047,56.83000183105469,56.97999954223633,56.45000076293945,56.61000061035156,60547700
2011-01-27,49.983909606933594,57.18000030517578,57.349998474121094,56.91999816894531,57.0099983215332,53656100
2011-01-28,48.716407775878906,55.72999954223633,57.220001220703125,55.470001220703125,57.16999816894531,123359900
2011-01-31,48.95241928100586,56.0,56.15999984741211,55.38999938964844,55.810001373291016,70571300
2011-02-01,49.87028121948242,57.04999923706055,57.18000030517578,56.36000061035156,56.41999816894531,76952900
2011-02-02,49.79159927368164,56.959999084472656,57.16999816894531,56.84000015258789,56.93000030517578,48661000
2011-02-03,49.87902069091797,57.060001373291016,57.13999938964844,56.400001525878906,56.849998474121094,45341900
2011-02-04,50.158748626708984,57.380001068115234,57.41999816894531,56.900001525878906,57.04999923706055,47647800
2011-02-07,50.39476776123047,57.650001525878906,57.970001220703125,57.400001525878906,57.4900016784668,45627100
2011-02-08,50.72693634033203,58.029998779296875,58.06999969482422,57.560001373291016,57.66999816894531,38099900
2011-02-09,50.6395263671875,57.93000030517578,58.119998931884766,57.75,57.939998626708984,62540800
2011-02-10,50.71820068359375,58.02000045776367,58.099998474121094,57.4900016784668,57.54999923706055,70194700
2011-02-11,51.08534622192383,58.439998626708984,58.47999954223633,57.77000045776367,57.849998474121094,47853500
2011-02-14,51.207725524902344,58.58000183105469,58.65999984741211,58.380001068115234,58.439998626708984,48506100
2011-02-15,51.137786865234375,58.5,58.56999969482422,58.22999954223633,58.439998626708984,39723800
2011-02-16,51.469993591308594,58.880001068115234,59.040000915527344,58.630001068115234,58.650001525878906,53061700
2011-02-17,51.45248031616211,58.86000061035156,58.970001220703125,58.54999923706055,58.59000015258789,38361900
2011-02-18,51.33884048461914,58.72999954223633,58.970001220703125,58.5099983215332,58.86000061035156,44334300
2011-02-22,49.852779388427734,57.029998779296875,58.130001068115234,56.939998626708984,57.93000030517578,92598100
2011-02-23,49.44194030761719,56.560001373291016,57.22999954223633,56.130001068115234,57.029998779296875,97842900
2011-02-24,49.70419692993164,56.86000061035156,57.029998779296875,56.13999938964844,56.68000030517578,98716100
2011-02-25,50.39476776123047,57.650001525878906,57.720001220703125,57.119998931884766,57.18000030517578,54094600
2011-02-28,50.49967575073242,57.77000045776367,58.04999923706055,57.43000030517578,57.880001068115234,51402800
2011-03-01,49.686702728271484,56.84000015258789,58.02000045776367,56.70000076293945,58.02000045776367,91993900
2011-03-02,49.94895553588867,57.13999938964844,57.5099983215332,56.790000915527344,56.810001373291016,61552900
2011-03-03,50.936744689941406,58.27000045776367,58.369998931884766,57.66999816894531,57.66999816894531,64146600
2011-03-04,50.674503326416016,57.970001220703125,58.2599983215332,57.59000015258789,58.25,62328400
2011-03-07,49.9926643371582,57.189998626708984,58.2599983215332,56.66999816894531,58.209999084472656,98470000
2011-03-08,50.1937141418457,57.41999816894531,57.68000030517578,56.77000045776367,57.119998931884766,62399100
2011-03-09,49.852779388427734,57.029998779296875,57.27000045776367,56.720001220703125,57.209999084472656,84764200
2011-03-10,49.07479476928711,56.13999938964844,56.52000045776367,55.90999984741211,56.38999938964844,102894400
2011-03-11,49.38075637817383,56.4900016784668,56.65999984741211,55.81999969482422,55.81999969482422,81679400
2011-03-14,49.205909729003906,56.290000915527344,56.59000015258789,55.86000061035156,56.18000030517578,73565800
2011-03-15,48.50659942626953,55.4900016784668,55.81999969482422,54.470001220703125,54.63999938964844,101276500
2011-03-16,47.33524703979492,54.150001525878906,55.34000015258789,53.77000045776367,55.029998779296875,176507700
2011-03-17,47.772315979003906,54.650001525878906,55.2400016784668,54.130001068115234,55.0099983215332,94434500
2011-03-18,47.664649963378906,54.45000076293945,55.220001220703125,54.40999984741211,55.220001220703125,94887200
2011-03-21,48.58380889892578,55.5,55.779998779296875,54.5,55.279998779296875,57423000
2011-03-22,48.49626541137695,55.400001525878906,55.61000061035156,55.279998779296875,55.58000183105469,36162100
2011-03-23,48.76762008666992,55.709999084472656,55.869998931884766,54.81999969482422,55.20000076293945,60365100
2011-03-24,49.63426208496094,56.70000076293945,56.81999969482422,55.81999969482422,56.130001068115234,69502400
2011-03-25,49.75681686401367,56.84000015258789,57.220001220703125,56.72999954223633,56.880001068115234,74131100
2011-03-28,49.48545455932617,56.529998779296875,57.099998474121094,56.5,57.09000015258789,37824000
2011-03-29,49.966896057128906,57.08000183105469,57.08000183105469,56.22999954223633,56.400001525878906,47994800
2011-03-30,50.203243255615234,57.349998474121094,57.43000030517578,57.08000183105469,57.36000061035156,44935900
2011-03-31,50.273292541503906,57.43000030517578,57.47999954223633,57.150001525878906,57.25,50004300
2011-04-01,50.29954147338867,57.459999084472656,57.900001525878906,57.290000915527344,57.720001220703125,68031800
2011-04-04,50.13323974609375,57.27000045776367,57.68000030517578,57.02000045776367,57.619998931884766,48659100
2011-04-05,50.00191116333008,57.119998931884766,57.4900016784668,57.0,57.15999984741211,55349400
2011-04-06,50.124473571777344,57.2599983215332,57.72999954223633,56.93000030517578,57.560001373291016,49532100
2011-04-07,50.089454650878906,57.220001220703125,57.599998474121094,56.810001373291016,57.2400016784668,60697000
2011-04-08,49.853092193603516,56.95000076293945,57.56999969482422,56.650001525878906,57.47999954223633,42782200
2011-04-11,49.68680191040039,56.7599983215332,57.290000915527344,56.560001373291016,57.16999816894531,42451700
2011-04-12,49.34537887573242,56.369998931884766,56.63999938964844,56.150001525878906,56.5,50422800
2011-04-13,49.76555633544922,56.849998474121094,57.0,56.400001525878906,56.790000915527344,49979800
2011-04-14,49.678035736083984,56.75,56.83000183105469,56.22999954223633,56.459999084472656,53544100
2011-04-15,49.590484619140625,56.650001525878906,56.869998931884766,56.279998779296875,56.529998779296875,68530000
2011-04-18,49.240333557128906,56.25,56.27000045776367,55.31999969482422,56.08000183105469,69065000
2011-04-19,49.54673385620117,56.599998474121094,56.599998474121094,56.099998474121094,56.400001525878906,38608400
2011-04-20,50.667205810546875,57.880001068115234,57.939998626708984,57.529998779296875,57.599998474121094,67397500
2011-04-21,51.06989288330078,58.34000015258789,58.470001220703125,58.15999984741211,58.439998626708984,43666800
2011-04-25,51.201194763183594,58.4900016784668,58.52000045776367,58.279998779296875,58.38999938964844,25376800
2011-04-26,51.490074157714844,58.81999969482422,59.029998779296875,58.5099983215332,58.63999938964844,49400000
2011-04-27,51.840232849121094,59.220001220703125,59.290000915527344,58.65999984741211,58.93000030517578,56465500
2011-04-28,51.761451721191406,59.130001068115234,59.22999954223633,58.880001068115234,59.040000915527344,48100000
2011-04-29,51.71767044067383,59.08000183105469,59.290000915527344,58.97999954223633,59.02000045776367,44831200
2011-05-02,51.62139129638672,58.970001220703125,59.34000015258789,58.81999969482422,59.16999816894531,48149400
2011-05-03,51.376277923583984,58.689998626708984,59.0,58.33000183105469,58.939998626708984,38100000
2011-05-04,51.297489166259766,58.599998474121094,58.869998931884766,58.11000061035156,58.720001220703125,53097200
2011-05-05,51.01736068725586,58.279998779296875,58.970001220703125,58.08000183105469,58.310001373291016,72200000
2011-05-06,51.18368148803711,58.470001220703125,59.20000076293945,58.310001373291016,58.86000061035156,72507000
2011-05-09,51.376277923583984,58.689998626708984,58.91999816894531,58.34000015258789,58.56999969482422,40022000
2011-05-10,51.813934326171875,59.189998626708984,59.279998779296875,58.779998779296875,58.86000061035156,38053600
2011-05-11,51.43754196166992,58.7599983215332,59.310001373291016,58.36000061035156,59.099998474121094,61900000
2011-05-12,51.74392318725586,59.11000061035156,59.189998626708984,58.2400016784668,58.58000183105469,66100000
2011-05-13,51.131160736083984,58.40999984741211,59.06999969482422,58.38999938964844,58.970001220703125,63506600
2011-05-16,50.247013092041016,57.400001525878906,58.31999969482422,57.27000045776367,58.13999938964844,73115300
2011-05-17,50.387081146240234,57.560001373291016,57.56999969482422,56.97999954223633,57.099998474121094,63136000
2011-05-18,50.80726623535156,58.040000915527344,58.13999938964844,57.40999984741211,57.47999954223633,42351100
2011-05-19,50.956085205078125,58.209999084472656,58.34000015258789,57.849998474121094,58.220001220703125,35015800
2011-05-20,50.57093048095703,57.77000045776367,58.209999084472656,57.689998626708984,58.150001525878906,44703300
2011-05-23,49.82683563232422,56.91999816894531,57.150001525878906,56.650001525878906,56.97999954223633,43700000
2011-05-24,49.520450592041016,56.56999969482422,57.06999969482422,56.560001373291016,57.060001373291016,39314800
2011-05-25,49.71302795410156,56.790000915527344,57.060001373291016,56.470001220703125,56.5,41369000
2011-05-26,50.01943588256836,57.13999938964844,57.29999923706055,56.61000061035156,56.619998931884766,40564100
2011-05-27,50.273292541503906,57.43000030517578,57.4900016784668,57.189998626708984,57.2400016784668,30127200
2011-05-31,51.087398529052734,58.36000061035156,58.36000061035156,57.66999816894531,57.970001220703125,47590100
2011-06-01,49.97566223144531,57.09000015258789,58.36000061035156,57.040000915527344,58.220001220703125,51795000
2011-06-02,50.080711364746094,57.209999084472656,57.40999984741211,56.88999938964844,57.20000076293945,50198100
2011-06-03,49.32787322998047,56.349998474121094,56.9900016784668,56.27000045776367,56.54999923706055,57773700
2011-06-06,48.92520523071289,55.88999938964844,56.529998779296875,55.86000061035156,56.220001220703125,50175600
2011-06-07,48.83766555786133,55.790000915527344,56.2599983215332,55.75,56.040000915527344,46311100
2011-06-08,48.487518310546875,55.38999938964844,55.77000045776367,55.22999954223633,55.66999816894531,46426400
2011-06-09,48.57503890991211,55.4900016784668,55.7599983215332,55.22999954223633,55.40999984741211,45307500
2011-06-10,47.83095169067383,54.63999938964844,55.34000015258789,54.59000015258789,55.22999954223633,53740600
2011-06-13,47.83095169067383,54.63999938964844,54.93000030517578,54.45000076293945,54.66999816894531,37736800
2011-06-14,48.4437370300293,55.34000015258789,55.470001220703125,55.029998779296875,55.060001373291016,40565300
2011-06-15,47.52458953857422,54.290000915527344,55.150001525878906,54.18000030517578,54.810001373291016,59022400
2011-06-16,47.34074401855469,54.08000183105469,54.5,53.619998931884766,54.31999969482422,66316200
2011-06-17,47.19247817993164,53.790000915527344,54.599998474121094,53.630001068115234,54.400001525878906,70337000
2011-06-20,47.438133239746094,54.06999969482422,54.22999954223633,53.63999938964844,53.63999938964844,37402900
2011-06-21,48.455875396728516,55.22999954223633,55.290000915527344,54.029998779296875,54.2599983215332,55892800
2011-06-22,48.104915618896484,54.83000183105469,55.31999969482422,54.81999969482422,55.0,36833300
2011-06-23,48.552371978759766,55.34000015258789,55.369998931884766,54.060001373291016,54.2400016784668,80743300
2011-06-24,47.71013259887695,54.380001068115234,55.130001068115234,54.27000045776367,55.08000183105469,56298300
2011-06-27,48.4734001159668,55.25,55.529998779296875,54.31999969482422,54.439998626708984,49968900
2011-06-28,49.19281768798828,56.06999969482422,56.08000183105469,55.290000915527344,55.369998931884766,47028800
2011-06-29,49.39463806152344,56.29999923706055,56.40999984741211,55.900001525878906,56.20000076293945,65407300
2011-06-30,50.052635192871094,57.04999923706055,57.09000015258789,56.470001220703125,56.5,50347200
2011-07-01,50.807151794433594,57.90999984741211,57.9900016784668,56.91999816894531,57.08000183105469,53203900
2011-07-05,51.06158447265625,58.20000076293945,58.2599983215332,57.83000183105469,57.970001220703125,43128800
2011-07-06,51.2282600402832,58.38999938964844,58.4900016784668,57.939998626708984,58.130001068115234,49282700
2011-07-07,51.93013381958008,59.189998626708984,59.36000061035156,58.7400016784668,58.83000183105469,54799800
2011-07-08,51.7897834777832,59.029998779296875,59.040000915527344,58.369998931884766,58.68000030517578,69519500
2011-07-11,50.85101318359375,57.959999084472656,58.709999084472656,57.7599983215332,58.40999984741211,52080800
2011-07-12,50.46498107910156,57.52000045776367,58.06999969482422,57.459999084472656,57.95000076293945,84000700
2011-07-13,50.675540924072266,57.7599983215332,58.34000015258789,57.54999923706055,57.939998626708984,82378100
2011-07-14,50.08772659301758,57.09000015258789,58.18000030517578,56.869998931884766,57.90999984741211,98774200
2011-07-15,50.7545280456543,57.849998474121094,57.849998474121094,57.310001373291016,57.72999954223633,68281500
2011-07-18,50.4825325012207,57.540000915527344,57.790000915527344,56.97999954223633,57.529998779296875,59512200
2011-07-19,51.63185119628906,58.849998474121094,58.900001525878906,58.09000015258789,58.09000015258789,73904600
2011-07-20,51.412513732910156,58.599998474121094,59.189998626708984,58.5,59.18000030517578,57085500
2011-07-21,51.754695892333984,58.9900016784668,59.31999969482422,58.34000015258789,58.65999984741211,70148800
2011-07-22,52.289859771728516,59.599998474121094,59.70000076293945,58.91999816894531,58.959999084472656,43620400
2011-07-25,52.18458938598633,59.47999954223633,59.810001373291016,59.02000045776367,59.130001068115234,48916100
2011-07-26,52.316184997558594,59.630001068115234,59.83000183105469,59.31999969482422,59.439998626708984,40918900
2011-07-27,50.965084075927734,58.09000015258789,59.290000915527344,57.939998626708984,59.2400016784668,83969500
2011-07-28,51.05280303955078,58.189998626708984,58.93000030517578,57.88999938964844,58.119998931884766,61031900
2011-07-29,50.88612365722656,58.0,58.61000061035156,57.439998626708984,57.720001220703125,82860500
2011-08-01,50.64922332763672,57.72999954223633,58.81999969482422,57.029998779296875,58.70000076293945,85421100
2011-08-02,49.3682975769043,56.27000045776367,57.720001220703125,56.209999084472656,57.459999084472656,90853300
2011-08-03,49.842071533203125,56.810001373291016,56.880001068115234,55.349998474121094,56.34000015258789,103612300
2011-08-04,47.52585983276367,54.16999816894531,56.09000015258789,54.16999816894531,56.0,132830000
2011-08-05,47.22756576538086,53.83000183105469,55.029998779296875,52.31999969482422,54.720001220703125,214111800
2011-08-08,44.38496398925781,50.59000015258789,53.119998931884766,50.59000015258789,52.18000030517578,204804500
2011-08-09,46.52571105957031,53.029998779296875,53.08000183105469,49.93000030517578,51.349998474121094,193707100
2011-08-10,44.62186050415039,50.86000061035156,53.040000915527344,50.79999923706055,51.83000183105469,205917900
2011-08-11,46.58710861206055,53.099998474121094,53.689998626708984,51.34000015258789,51.59000015258789,143825300
2011-08-12,46.999473571777344,53.56999969482422,53.900001525878906,52.880001068115234,53.43000030517578,90483300
2011-08-15,47.692569732666016,54.36000061035156,54.36000061035156,53.529998779296875,53.790000915527344,73554300
2011-08-16,47.28898620605469,53.900001525878906,54.349998474121094,53.18000030517578,53.83000183105469,89219200
2011-08-17,47.00825119018555,53.58000183105469,54.41999816894531,53.02000045776367,53.970001220703125,84416600
2011-08-18,44.7008171081543,50.95000076293945,52.13999938964844,50.47999954223633,52.130001068115234,130019400
2011-08-19,43.8936767578125,50.029998779296875,51.66999816894531,49.9900016784668,50.41999816894531,96674600
2011-08-22,44.051578521728516,50.209999084472656,51.2400016784668,50.060001373291016,51.22999954223633,77107700
2011-08-23,45.86769485473633,52.279998779296875,52.279998779296875,50.34000015258789,50.54999923706055,75688400
2011-08-24,46.227386474609375,52.689998626708984,52.790000915527344,51.709999084472656,52.130001068115234,80197700
2011-08-25,45.47287368774414,51.83000183105469,52.900001525878906,51.650001525878906,52.65999984741211,93623700
2011-08-26,46.613433837890625,53.130001068115234,53.310001373291016,51.150001525878906,51.65999984741211,91573300
2011-08-29,47.91190719604492,54.61000061035156,54.66999816894531,53.63999938964844,53.65999984741211,45985800
2011-08-30,48.227752685546875,54.970001220703125,55.29999923706055,54.11000061035156,54.40999984741211,61617900
2011-08-31,48.30672836303711,55.060001373291016,55.7400016784668,54.599998474121094,55.29999923706055,60900400
2011-09-01,47.8680419921875,54.560001373291016,55.63999938964844,54.459999084472656,55.20000076293945,57158400
2011-09-02,46.74504089355469,53.279998779296875,54.61000061035156,52.9900016784668,53.58000183105469,58185700
2011-09-06,46.753814697265625,53.290000915527344,53.369998931884766,51.90999984741211,52.040000915527344,52992200
2011-09-07,47.9382209777832,54.63999938964844,54.650001525878906,53.900001525878906,54.04999923706055,48952200
2011-09-08,47.71889114379883,54.38999938964844,55.16999816894531,54.209999084472656,54.36000061035156,61422800
2011-09-09,46.65729904174805,53.18000030517578,54.2400016784668,52.849998474121094,54.0099983215332,63663500
2011-09-12,47.253902435302734,53.86000061035156,53.900001525878906,52.56999969482422,52.59000015258789,65973000
2011-09-13,47.885581970214844,54.58000183105469,54.689998626708984,53.79999923706055,54.060001373291016,59020000
2011-09-14,48.569915771484375,55.36000061035156,55.97999954223633,54.31999969482422,54.86000061035156,90757300
2011-09-15,49.28935241699219,56.18000030517578,56.279998779296875,55.38999938964844,55.959999084472656,83536100
2011-09-16,49.74113464355469,56.59000015258789,56.650001525878906,56.09000015258789,56.20000076293945,91902100
2011-09-19,49.75871276855469,56.61000061035156,56.90999984741211,55.43000030517578,55.88999938964844,73042900
2011-09-20,49.53896713256836,56.36000061035156,57.349998474121094,56.22999954223633,56.900001525878906,66570100
2011-09-21,48.677581787109375,55.380001068115234,56.93000030517578,55.369998931884766,56.650001525878906,79938000
2011-09-22,47.095428466796875,53.58000183105469,54.459999084472656,52.75,53.970001220703125,151885500
2011-09-23,47.59645080566406,54.150001525878906,54.380001068115234,53.09000015258789,53.130001068115234,85940600
2011-09-26,48.150184631347656,54.779998779296875,54.880001068115234,53.209999084472656,54.41999816894531,96261400
2011-09-27,48.65121078491211,55.349998474121094,56.20000076293945,54.97999954223633,55.709999084472656,81148600
2011-09-28,47.930450439453125,54.529998779296875,55.970001220703125,54.400001525878906,55.59000015258789,76757100
2011-09-29,47.35911560058594,53.880001068115234,55.43000030517578,52.970001220703125,55.36000061035156,116900200
2011-09-30,46.1373405456543,52.4900016784668,53.61000061035156,52.459999084472656,53.15999984741211,104870100
2011-10-03,44.950721740722656,51.13999938964844,52.849998474121094,51.11000061035156,52.02000045776367,99149500
2011-10-04,45.87364959716797,52.189998626708984,52.290000915527344,50.099998474121094,50.619998931884766,137013700
2011-10-05,47.05147171020508,53.529998779296875,53.68000030517578,51.65999984741211,52.060001373291016,108825700
2011-10-06,47.84254455566406,54.43000030517578,54.439998626708984,53.209999084472656,53.459999084472656,71939200
2011-10-07,47.52611541748047,54.06999969482422,54.65999984741211,53.720001220703125,54.400001525878906,72525200
2011-10-10,49.1697998046875,55.939998626708984,55.939998626708984,54.88999938964844,54.9900016784668,48230200
2011-10-11,49.503807067871094,56.31999969482422,56.459999084472656,55.70000076293945,55.790000915527344,66449100
2011-10-12,49.74991989135742,56.599998474121094,57.22999954223633,56.560001373291016,56.86000061035156,85627600
2011-10-13,50.20697021484375,57.119998931884766,57.189998626708984,56.43000030517578,56.4900016784668,63443700
2011-10-14,51.13870620727539,58.18000030517578,58.189998626708984,57.5099983215332,57.81999969482422,65643600
2011-10-17,50.34760665893555,57.279998779296875,58.09000015258789,56.970001220703125,57.90999984741211,65161300
2011-10-18,50.971710205078125,57.9900016784668,58.290000915527344,56.65999984741211,57.189998626708984,91434600
2011-10-19,49.98724365234375,56.869998931884766,57.849998474121094,56.68000030517578,57.66999816894531,67639400
2011-10-20,49.74113464355469,56.59000015258789,56.91999816894531,55.790000915527344,56.86000061035156,80378300
2011-10-21,50.365203857421875,57.29999923706055,57.65999984741211,56.779998779296875,57.189998626708984,60455800
2011-10-24,51.41118240356445,58.4900016784668,58.650001525878906,57.310001373291016,57.5099983215332,61449500
2011-10-25,50.4003791809082,57.34000015258789,58.31999969482422,57.220001220703125,58.29999923706055,65299200
2011-10-26,50.3388557434082,57.27000045776367,57.779998779296875,56.209999084472656,57.65999984741211,98193800
2011-10-27,51.72761917114258,58.849998474121094,59.20000076293945,58.029998779296875,58.63999938964844,104455500
2011-10-28,51.80672836303711,58.939998626708984,59.0099983215332,58.5,58.52000045776367,42950000
2011-10-31,50.936527252197266,57.95000076293945,58.63999938964844,57.90999984741211,58.43000030517578,60520200
2011-11-01,49.60929489135742,56.439998626708984,57.90999984741211,56.119998931884766,56.52000045776367,99933000
2011-11-02,50.031192779541016,56.91999816894531,57.15999984741211,56.380001068115234,57.029998779296875,65003800
2011-11-03,51.06837463378906,58.099998474121094,58.18000030517578,56.709999084472656,57.369998931884766,78994200
2011-11-04,50.80469512939453,57.79999923706055,58.04999923706055,57.220001220703125,57.81999969482422,61527800
2011-11-07,51.16508102416992,58.209999084472656,58.25,57.16999816894531,57.7599983215332,65559000
2011-11-08,51.753997802734375,58.880001068115234,58.97999954223633,57.970001220703125,58.630001068115234,62906900
2011-11-09,49.93449401855469,56.810001373291016,57.83000183105469,56.630001068115234,57.7400016784668,69539000
2011-11-10,49.90813446044922,56.779998779296875,57.41999816894531,56.22999954223633,57.369998931884766,66052400
2011-11-11,50.84865188598633,57.849998474121094,58.02000045776367,57.20000076293945,57.27000045776367,54471000
2011-11-14,50.53221130371094,57.4900016784668,58.0099983215332,57.279998779296875,57.689998626708984,44617600
2011-11-15,51.094757080078125,58.130001068115234,58.36000061035156,57.2599983215332,57.31999969482422,52203900
2011-11-16,50.25092697143555,57.16999816894531,58.15999984741211,57.060001373291016,57.709999084472656,68342800
2011-11-17,49.073116302490234,55.83000183105469,57.040000915527344,55.47999954223633,57.02000045776367,101706900
2011-11-18,48.69514846801758,55.400001525878906,55.900001525878906,55.29999923706055,55.84000015258789,60417000
2011-11-21,47.76343536376953,54.34000015258789,54.72999954223633,53.779998779296875,54.650001525878906,52283700
2011-11-22,47.921661376953125,54.52000045776367,54.68000030517578,53.869998931884766,54.20000076293945,51940100
2011-11-23,46.84052276611328,53.290000915527344,54.16999816894531,53.2599983215332,54.11000061035156,48437300
2011-11-25,46.48013687133789,52.880001068115234,53.66999816894531,52.869998931884766,53.060001373291016,25448100
2011-11-28,48.097450256347656,54.720001220703125,54.790000915527344,54.13999938964844,54.16999816894531,46710700
2011-11-29,47.798614501953125,54.380001068115234,55.099998474121094,54.220001220703125,54.689998626708984,52056700
2011-11-30,49.56532669067383,56.38999938964844,56.439998626708984,55.66999816894531,55.86000061035156,66918600
2011-12-01,49.90813446044922,56.779998779296875,56.93000030517578,56.349998474121094,56.380001068115234,45362200
2011-12-02,49.767494201660156,56.619998931884766,57.34000015258789,56.56999969482422,57.34000015258789,36938900
2011-12-05,50.312469482421875,57.2400016784668,57.619998931884766,56.91999816894531,57.470001220703125,40492200
2011-12-06,50.17182922363281,57.08000183105469,57.45000076293945,56.88999938964844,57.290000915527344,38670000
2011-12-07,50.17182922363281,57.08000183105469,57.34000015258789,56.349998474121094,56.91999816894531,44576200
2011-12-08,49.32802200317383,56.119998931884766,57.150001525878906,56.0099983215332,56.709999084472656,51692600
2011-12-09,50.11907958984375,57.02000045776367,57.189998626708984,56.2400016784668,56.2599983215332,55757900
2011-12-12,49.556549072265625,56.380001068115234,57.0099983215332,55.900001525878906,56.41999816894531,55411700
2011-12-13,49.0115966796875,55.7599983215332,56.97999954223633,55.529998779296875,56.75,68557700
2011-12-14,48.24687957763672,54.88999938964844,55.59000015258789,54.58000183105469,55.54999923706055,63682800
2011-12-15,48.11503601074219,54.7400016784668,55.41999816894531,54.65999984741211,55.36000061035156,58732900
2011-12-16,48.362754821777344,54.86000061035156,55.61000061035156,54.77000045776367,54.869998931884766,60978900
2011-12-19,47.88671112060547,54.31999969482422,55.20000076293945,54.16999816894531,55.06999969482422,46733900
2011-12-20,49.306026458740234,55.93000030517578,56.0,55.16999816894531,55.20000076293945,81758800
2011-12-21,48.60076904296875,55.130001068115234,55.63999938964844,54.4900016784668,55.599998474121094,78552300
2011-12-22,49.01511001586914,55.599998474121094,55.630001068115234,55.16999816894531,55.25,40334100
2011-12-23,49.43827819824219,56.08000183105469,56.08000183105469,55.58000183105469,55.709999084472656,26594600
2011-12-27,49.622676849365234,56.2400016784668,56.41999816894531,55.93000030517578,55.9900016784668,21443500
2011-12-28,49.049156188964844,55.59000015258789,56.2599983215332,55.439998626708984,56.16999816894531,38180100
2011-12-29,49.4020881652832,55.9900016784668,56.029998779296875,55.5,55.68000030517578,28077900
2011-12-30,49.26090621948242,55.83000183105469,56.119998931884766,55.81999969482422,55.869998931884766,21832400
2012-01-03,50.20500564575195,56.900001525878906,57.189998626708984,56.75,56.90999984741211,39514100
2012-01-04,50.41678237915039,57.13999938964844,57.220001220703125,56.560001373291016,56.810001373291016,29403400
2012-01-05,50.83148956298828,57.61000061035156,57.65999984741211,56.79999923706055,57.02000045776367,41260600
2012-01-06,51.00794219970703,57.810001373291016,57.939998626708984,57.400001525878906,57.619998931884766,46325200
2012-01-09,50.84030532836914,57.619998931884766,57.97999954223633,57.43000030517578,57.959999084472656,39195500
2012-01-10,51.210872650146484,58.040000915527344,58.400001525878906,57.63999938964844,58.22999954223633,35949900
2012-01-11,51.3167610168457,58.15999984741211,58.290000915527344,57.810001373291016,58.029998779296875,37144100
2012-01-12,51.51968002319336,58.38999938964844,58.470001220703125,57.86000061035156,58.290000915527344,26188300
2012-01-13,51.334415435791016,58.18000030517578,58.20000076293945,57.68000030517578,58.08000183105469,35980400
2012-01-17,51.80203628540039,58.709999084472656,58.959999084472656,58.4900016784668,58.689998626708984,41790800
2012-01-18,52.49027633666992,59.4900016784668,59.4900016784668,58.68000030517578,58.81999969482422,48692700
2012-01-19,52.816734313964844,59.86000061035156,59.970001220703125,59.650001525878906,59.7599983215332,47774500
2012-01-20,52.73733139038086,59.77000045776367,59.79999923706055,59.560001373291016,59.599998474121094,41041700
2012-01-23,52.75496292114258,59.790000915527344,60.209999084472656,59.439998626708984,59.779998779296875,40958300
2012-01-24,52.65791320800781,59.68000030517578,59.84000015258789,59.40999984741211,59.52000045776367,38440200
2012-01-25,53.31966781616211,60.43000030517578,60.58000183105469,59.83000183105469,60.2599983215332,61591800
2012-01-26,53.13438034057617,60.220001220703125,60.79999923706055,59.93000030517578,60.689998626708984,37852700
2012-01-27,53.29318618774414,60.400001525878906,60.5099983215332,60.060001373291016,60.09000015258789,45532300
2012-01-30,53.33732604980469,60.45000076293945,60.540000915527344,59.65999984741211,59.88999938964844,42797800
2012-01-31,53.407901763916016,60.529998779296875,60.86000061035156,60.13999938964844,60.75,51449600
2012-02-01,53.84024429321289,61.02000045776367,61.2400016784668,60.65999984741211,60.880001068115234,46146700
2012-02-02,54.00788879394531,61.209999084472656,61.40999984741211,60.970001220703125,61.220001220703125,46373600
2012-02-03,54.74904251098633,62.04999923706055,62.119998931884766,61.68000030517578,61.779998779296875,36453800
2012-02-06,54.70492935180664,62.0,62.02000045776367,61.65999984741211,61.81999969482422,28541300
2012-02-07,54.819637298583984,62.130001068115234,62.25,61.66999816894531,61.95000076293945,37935700
2012-02-08,55.110816955566406,62.459999084472656,62.459999084472656,61.90999984741211,62.13999938964844,41171100
2012-02-09,55.50786590576172,62.90999984741211,62.97999954223633,62.31999969482422,62.70000076293945,46856400
2012-02-10,55.119632720947266,62.470001220703125,62.63999938964844,62.25,62.459999084472656,58090500
2012-02-13,55.631385803222656,63.04999923706055,63.130001068115234,62.650001525878906,62.939998626708984,36810200
2012-02-14,55.772560119628906,63.209999084472656,63.220001220703125,62.689998626708984,62.90999984741211,51648200
2012-02-15,55.38433074951172,62.77000045776367,63.86000061035156,62.66999816894531,63.5099983215332,105709100
2012-02-16,56.14314651489258,63.630001068115234,63.70000076293945,62.630001068115234,62.790000915527344,83642300
2012-02-17,55.966670989990234,63.43000030517578,63.689998626708984,63.150001525878906,63.63999938964844,76112300
2012-02-21,56.12550354003906,63.61000061035156,63.88999938964844,63.209999084472656,63.5,38141300
2012-02-22,55.86962890625,63.31999969482422,63.68000030517578,63.22999954223633,63.4900016784668,43174700
2012-02-23,56.24020004272461,63.7400016784668,63.810001373291016,63.09000015258789,63.400001525878906,54250000
2012-02-24,56.43433380126953,63.959999084472656,64.06999969482422,63.79999923706055,63.91999816894531,41364900
2012-02-27,56.513729095458984,64.05000305175781,64.26000213623047,63.33000183105469,63.61000061035156,42678500
2012-02-28,57.08725357055664,64.69999694824219,64.69999694824219,64.02999877929688,64.11000061035156,43717500
2012-02-29,56.83137512207031,64.41000366210938,64.95999908447266,64.19999694824219,64.75,59784400
2012-03-01,57.2813720703125,64.91999816894531,64.9800033569336,64.45999908447266,64.6500015258789,67558900
2012-03-02,57.23725509643555,64.87000274658203,65.08000183105469,64.66000366210938,64.83000183105469,33358200
2012-03-05,56.64608383178711,64.19999694824219,64.91000366210938,63.9900016784668,64.83000183105469,45788800
2012-03-06,56.09020233154297,63.56999969482422,63.720001220703125,63.22999954223633,63.56999969482422,54638600
2012-03-07,56.522552490234375,64.05999755859375,64.20999908447266,63.77000045776367,63.869998931884766,42741800
2012-03-08,57.131370544433594,64.75,64.94000244140625,64.30000305175781,64.44000244140625,43711100
2012-03-09,57.36959457397461,65.0199966430664,65.13999938964844,64.81999969482422,64.86000061035156,43117200
2012-03-12,57.39607238769531,65.05000305175781,65.11000061035156,64.72000122070312,65.0,32687300
2012-03-13,58.463706970214844,66.26000213623047,66.26000213623047,65.2699966430664,65.4000015258789,61559100
2012-03-14,58.66661834716797,66.48999786376953,66.73999786376953,66.08000183105469,66.33000183105469,59926900
2012-03-15,58.83427047729492,66.68000030517578,66.81999969482422,66.3499984741211,66.69000244140625,65531200
2012-03-16,58.79274368286133,66.5199966430664,66.66999816894531,66.36000061035156,66.66999816894531,53023100
2012-03-19,59.2081298828125,66.98999786376953,67.1500015258789,66.44999694824219,66.62999725341797,60966200
2012-03-20,59.31418991088867,67.11000061035156,67.18000030517578,66.45999908447266,66.63999938964844,47290600
2012-03-21,59.32304382324219,67.12000274658203,67.48999786376953,67.02999877929688,67.12000274658203,39648100
2012-03-22,59.199310302734375,66.9800033569336,67.13999938964844,66.68000030517578,66.72000122070312,56953900
2012-03-23,59.163970947265625,66.94000244140625,67.08000183105469,66.55999755859375,67.05999755859375,45541700
2012-03-26,60.19804763793945,68.11000061035156,68.11000061035156,67.33000183105469,67.38999938964844,40855300
2012-03-27,60.28640365600586,68.20999908447266,68.48999786376953,68.12999725341797,68.16000366210938,37278200
2012-03-28,60.04777526855469,67.94000244140625,68.51000213623047,67.54000091552734,68.25,44421900
2012-03-29,59.817996978759766,67.68000030517578,67.93000030517578,67.19999694824219,67.5999984741211,53975300
2012-03-30,59.70308303833008,67.55000305175781,68.0199966430664,67.27999877929688,67.9800033569336,39480900
2012-04-02,60.32177734375,68.25,68.33999633789062,67.36000061035156,67.4800033569336,40031600
2012-04-03,60.30409622192383,68.2300033569336,68.55000305175781,67.8499984741211,68.30999755859375,45539900
2012-04-04,59.48211669921875,67.30000305175781,67.76000213623047,66.91000366210938,67.72000122070312,54088100
2012-04-05,59.853336334228516,67.72000122070312,67.77999877929688,67.12999725341797,67.18000030517578,42979900
2012-04-09,59.40258026123047,67.20999908447266,67.4800033569336,66.76000213623047,66.87999725341797,36908200
2012-04-10,58.44803237915039,66.12999725341797,67.44000244140625,65.91999816894531,67.18000030517578,69254200
2012-04-11,58.730873107910156,66.44999694824219,66.88999938964844,66.27999877929688,66.70999908447266,62950000
2012-04-12,59.40258026123047,67.20999908447266,67.27999877929688,66.4800033569336,66.58000183105469,57407400
2012-04-13,58.50107955932617,66.19000244140625,67.19999694824219,66.16000366210938,66.9800033569336,55227500
2012-04-16,57.84703826904297,65.44999694824219,66.55999755859375,65.23999786376953,66.5199966430664,57588000
2012-04-17,59.02253341674805,66.77999877929688,66.98999786376953,65.62999725341797,65.7300033569336,47362400
2012-04-18,58.87227249145508,66.61000061035156,67.0,66.41000366210938,66.58999633789062,42536100
2012-04-19,58.209407806396484,65.86000061035156,67.16999816894531,65.62000274658203,66.37000274658203,81110900
2012-04-20,58.05029296875,65.68000030517578,66.51000213623047,65.58000183105469,66.22000122070312,59906900
2012-04-23,57.52002716064453,65.08000183105469,65.18000030517578,64.48999786376953,65.05999755859375,70514400
2012-04-24,57.210662841796875,64.7300033569336,65.2300033569336,64.44999694824219,64.95999908447266,49661500
2012-04-25,58.730873107910156,66.44999694824219,66.48999786376953,65.97000122070312,66.06999969482422,57526900
2012-04-26,59.0755615234375,66.83999633789062,66.98999786376953,66.3499984741211,66.44000244140625,41799500
2012-04-27,59.429107666015625,67.23999786376953,67.44999694824219,66.7699966430664,67.12000274658203,46003800
2012-04-30,59.004852294921875,66.76000213623047,67.16999816894531,66.70999908447266,67.04000091552734,37787700
2012-05-01,59.10210418701172,66.87000274658203,67.62999725341797,66.58999633789062,66.69000244140625,37643800
2012-05-02,59.270015716552734,67.05999755859375,67.11000061035156,66.37999725341797,66.54000091552734,38299300
2012-05-03,58.642494201660156,66.3499984741211,67.1500015258789,66.18000030517578,67.0999984741211,51297600
2012-05-04,57.18415451049805,64.69999694824219,66.3499984741211,64.69000244140625,65.73999786376953,107554000
2012-05-07,57.237186431884766,64.76000213623047,65.06999969482422,64.29000091552734,64.30999755859375,50267800
2012-05-08,57.02506637573242,64.5199966430664,64.73999786376953,63.47999954223633,64.3499984741211,72659700
2012-05-09,56.848304748535156,64.31999969482422,64.68000030517578,63.5099983215332,63.77000045776367,85715300
2012-05-10,56.7334098815918,64.19000244140625,64.62999725341797,63.95000076293945,64.61000061035156,49448900
2012-05-11,56.72457504272461,64.18000030517578,64.86000061035156,63.90999984741211,63.970001220703125,47099900
2012-05-14,56.19426345825195,63.58000183105469,64.08000183105469,63.47999954223633,63.630001068115234,46360000
2012-05-15,56.00864791870117,63.369998931884766,64.2699966430664,63.2599983215332,63.75,66908600
2012-05-16,55.62861251831055,62.939998626708984,63.779998779296875,62.810001373291016,63.59000015258789,52825900
2012-05-17,54.45309829711914,61.61000061035156,63.060001373291016,61.599998474121094,62.959999084472656,62253900
2012-05-18,53.746028900146484,60.810001373291016,61.959999084472656,60.7599983215332,61.79999923706055,79496500
2012-05-21,55.24856185913086,62.5099983215332,62.56999969482422,60.849998474121094,60.93000030517578,61473000
2012-05-22,55.18669128417969,62.439998626708984,62.95000076293945,61.9900016784668,62.689998626708984,62954800
2012-05-23,55.292755126953125,62.560001373291016,62.709999084472656,61.369998931884766,61.90999984741211,56951100
2012-05-24,54.930389404296875,62.150001525878906,62.709999084472656,61.689998626708984,62.650001525878906,83131200
2012-05-25,54.85966873168945,62.06999969482422,62.31999969482422,61.88999938964844,62.209999084472656,32078900
2012-05-29,55.557899475097656,62.86000061035156,63.150001525878906,62.279998779296875,62.650001525878906,44216700
2012-05-30,55.0894660949707,62.33000183105469,62.54999923706055,61.68000030517578,62.290000915527344,56431800
2012-05-31,54.8508186340332,62.060001373291016,62.40999984741211,61.59000015258789,62.25,55260100
2012-06-01,53.392513275146484,60.40999984741211,61.31999969482422,60.38999938964844,60.939998626708984,71430800
2012-06-04,53.79906463623047,60.869998931884766,60.959999084472656,60.040000915527344,60.58000183105469,74119500
2012-06-05,54.02003479003906,61.119998931884766,61.2400016784668,60.630001068115234,60.65999984741211,47916900
2012-06-06,55.25738525390625,62.52000045776367,62.56999969482422,61.52000045776367,61.58000183105469,58781800
2012-06-07,55.036441802978516,62.27000045776367,63.18000030517578,62.220001220703125,63.18000030517578,38414800
2012-06-08,55.56672668457031,62.869998931884766,62.95000076293945,61.959999084472656,62.16999816894531,39730800
2012-06-11,54.629878997802734,61.810001373291016,63.380001068115234,61.77000045776367,63.349998474121094,51008900
2012-06-12,55.292755126953125,62.560001373291016,62.59000015258789,61.68000030517578,62.099998474121094,48802600
2012-06-13,54.91270446777344,62.130001068115234,62.849998474121094,61.91999816894531,62.380001068115234,50840100
2012-06-14,55.11598205566406,62.36000061035156,62.61000061035156,61.79999923706055,62.119998931884766,65170600
2012-06-15,55.800758361816406,62.9900016784668,63.08000183105469,62.36000061035156,62.38999938964844,41536100
2012-06-18,56.32341766357422,63.58000183105469,63.7400016784668,62.630001068115234,62.72999954223633,32191200
2012-06-19,56.9080810546875,64.23999786376953,64.51000213623047,63.849998474121094,63.900001525878906,36476500
2012-06-20,56.952396392822266,64.29000091552734,64.56999969482422,63.810001373291016,64.37999725341797,51389700
2012-06-21,55.53499221801758,62.689998626708984,64.30999755859375,62.619998931884766,64.23999786376953,42492700
2012-06-22,56.119667053222656,63.349998474121094,63.43000030517578,62.72999954223633,62.900001525878906,29504200
2012-06-25,55.038917541503906,62.130001068115234,62.849998474121094,61.95000076293945,62.83000183105469,33136400
2012-06-26,55.3843879699707,62.52000045776367,62.70000076293945,62.060001373291016,62.34000015258789,30611100
2012-06-27,55.721038818359375,62.900001525878906,63.18000030517578,62.689998626708984,62.7599983215332,35705800
2012-06-28,55.10092544555664,62.20000076293945,62.470001220703125,61.540000915527344,62.43000030517578,49793400
2012-06-29,56.83721160888672,64.16000366210938,64.16000366210938,63.209999084472656,63.400001525878906,44761300
2012-07-02,57.00553512573242,64.3499984741211,64.37999725341797,63.869998931884766,64.25,33425600
2012-07-03,57.48391342163086,64.88999938964844,64.88999938964844,64.29000091552734,64.38999938964844,15895100
2012-07-05,57.51934051513672,64.93000030517578,65.25,64.4800033569336,64.83000183105469,37016200
2012-07-06,56.80178451538086,64.12000274658203,64.69000244140625,63.650001525878906,64.62999725341797,40684100
2012-07-09,56.695491790771484,64.0,64.26000213623047,63.68000030517578,64.05000305175781,35628300
2012-07-10,56.137386322021484,63.369998931884766,64.51000213623047,63.119998931884766,64.3499984741211,47365700
2012-07-11,55.82732391357422,63.02000045776367,63.459999084472656,62.5,63.290000915527344,43432000
2012-07-12,55.30467224121094,62.43000030517578,62.689998626708984,61.86000061035156,62.52000045776367,57680400
2012-07-13,56.1462516784668,63.380001068115234,63.52000045776367,62.560001373291016,62.599998474121094,32357200
2012-07-16,55.986793518066406,63.20000076293945,63.52000045776367,62.95000076293945,63.2400016784668,27621400
2012-07-17,56.27912139892578,63.529998779296875,63.7400016784668,62.630001068115234,63.599998474121094,42467800
2012-07-18,57.04098129272461,64.38999938964844,64.58000183105469,63.38999938964844,63.40999984741211,44489700
2012-07-19,57.669944763183594,65.0999984741211,65.30999755859375,64.72000122070312,64.83999633789062,53017800
2012-07-20,56.9080810546875,64.23999786376953,65.0999984741211,64.20999908447266,65.08000183105469,40573100
2012-07-23,56.21712112426758,63.459999084472656,63.68000030517578,62.5099983215332,62.9900016784668,48657800
2012-07-24,55.77418899536133,62.959999084472656,63.65999984741211,62.54999923706055,63.56999969482422,57269700
2012-07-25,55.402130126953125,62.540000915527344,62.95000076293945,62.150001525878906,62.470001220703125,46264400
2012-07-26,56.137386322021484,63.369998931884766,63.72999954223633,62.970001220703125,63.439998626708984,41928200
2012-07-27,57.46619415283203,64.87000274658203,64.98999786376953,63.63999938964844,63.83000183105469,42621000
2012-07-30,57.42189407348633,64.81999969482422,65.30999755859375,64.5999984741211,65.02999877929688,37821300
2012-07-31,57.404178619384766,64.80000305175781,65.18000030517578,64.73999786376953,64.91999816894531,34588300
2012-08-01,57.2358512878418,64.61000061035156,65.27999877929688,64.3499984741211,65.26000213623047,30920200
2012-08-02,57.03211212158203,64.37999725341797,65.0199966430664,63.90999984741211,64.12000274658203,40534900
2012-08-03,58.11286544799805,65.5999984741211,65.87999725341797,65.19000244140625,65.41999816894531,42117400
2012-08-06,58.555789947509766,66.0999984741211,66.38999938964844,65.80000305175781,65.94000244140625,23523600
2012-08-07,59.04302215576172,66.6500015258789,66.91999816894531,66.27999877929688,66.37999725341797,28223300
2012-08-08,59.016456604003906,66.62000274658203,66.76000213623047,66.37000274658203,66.4800033569336,20723500
2012-08-09,59.193626403808594,66.81999969482422,66.91000366210938,66.48999786376953,66.61000061035156,20726200
2012-08-10,59.22904968261719,66.86000061035156,66.87999725341797,66.41000366210938,66.58000183105469,20312000
2012-08-13,59.370811462402344,67.0199966430664,67.02999877929688,66.5,66.83999633789062,19890300
2012-08-14,59.39738464355469,67.05000305175781,67.41000366210938,66.86000061035156,67.2699966430664,24218700
2012-08-15,59.547996520996094,67.22000122070312,67.31999969482422,66.98999786376953,67.0,29100400
2012-08-16,60.25664520263672,68.0199966430664,68.16999816894531,67.38999938964844,67.47000122070312,35699900
2012-08-17,60.52243423461914,68.31999969482422,68.33000183105469,68.01000213623047,68.16999816894531,22584800
2012-08-20,60.611019134521484,68.41999816894531,68.43000030517578,68.0,68.2699966430664,26924000
2012-08-21,60.371826171875,68.1500015258789,68.87999725341797,67.87999725341797,68.5999984741211,41391000
2012-08-22,60.619895935058594,68.43000030517578,68.55999755859375,67.80999755859375,68.0,44555700
2012-08-23,60.1237678527832,67.87000274658203,68.33999633789062,67.69000244140625,68.12000274658203,28800400
2012-08-24,60.49587631225586,68.29000091552734,68.44999694824219,67.5999984741211,67.70999908447266,38384800
2012-08-27,60.593299865722656,68.4000015258789,68.66999816894531,68.25,68.58000183105469,20671400
2012-08-28,60.593299865722656,68.4000015258789,68.58999633789062,68.11000061035156,68.33999633789062,27337900
2012-08-29,60.593299865722656,68.4000015258789,68.56999969482422,68.11000061035156,68.4000015258789,26672400
2012-08-30,59.98204803466797,67.70999908447266,68.12999725341797,67.5999984741211,68.0999984741211,24425400
2012-08-31,60.38067626953125,68.16000366210938,68.44999694824219,67.47000122070312,68.19999694824219,42128000
2012-09-04,60.31868362426758,68.08999633789062,68.3499984741211,67.41999816894531,68.02999877929688,32017200
2012-09-05,60.25664520263672,68.0199966430664,68.3499984741211,67.83999633789062,68.05999755859375,26129300
2012-09-06,61.59431838989258,69.52999877929688,69.55000305175781,68.41999816894531,68.44000244140625,43100000
2012-09-07,61.5057487487793,69.43000030517578,69.55000305175781,69.2300033569336,69.37000274658203,32958600
2012-09-10,60.717323303222656,68.54000091552734,69.4000015258789,68.48999786376953,69.25,25490000
2012-09-11,60.619895935058594,68.43000030517578,68.81999969482422,68.31999969482422,68.55000305175781,29810100
2012-09-12,60.79702377319336,68.62999725341797,68.80999755859375,68.20999908447266,68.68000030517578,42203400
2012-09-13,61.620906829833984,69.55999755859375,69.86000061035156,68.62000274658203,68.69000244140625,45417800
2012-09-14,62.170143127441406,70.18000030517578,70.43000030517578,69.79000091552734,69.80999755859375,38880300
2012-09-17,62.19672393798828,70.20999908447266,70.23999786376953,69.95999908447266,70.22000122070312,31798400
2012-09-18,62.249847412109375,70.2699966430664,70.30000305175781,70.0199966430664,70.02999877929688,27169800
2012-09-19,62.365028381347656,70.4000015258789,70.58000183105469,70.05999755859375,70.26000213623047,36484600
2012-09-20,62.303043365478516,70.33000183105469,70.4000015258789,69.87000274658203,70.05999755859375,42520200
2012-09-21,62.32078170776367,70.1500015258789,70.54000091552734,70.08000183105469,70.4800033569336,23678500
2012-09-24,61.95653533935547,69.73999786376953,69.86000061035156,69.41999816894531,69.56999969482422,32341600
2012-09-25,61.085941314697266,68.76000213623047,70.08000183105469,68.7300033569336,69.91999816894531,41299600
2012-09-26,60.58841323852539,68.19999694824219,68.70999908447266,67.8499984741211,68.66999816894531,32770400
2012-09-27,61.42349624633789,69.13999938964844,69.30000305175781,68.25,68.37000274658203,25339500
2012-09-28,60.91714859008789,68.56999969482422,69.12000274658203,68.51000213623047,68.91000366210938,30112600
2012-10-01,60.82828140258789,68.47000122070312,69.33000183105469,68.25,68.9000015258789,37715300
2012-10-02,61.0059814453125,68.66999816894531,68.9800033569336,68.12999725341797,68.7699966430664,33254300
2012-10-03,61.39686584472656,69.11000061035156,69.23999786376953,68.58999633789062,68.86000061035156,38236000
2012-10-04,61.61008071899414,69.3499984741211,69.54000091552734,69.0,69.22000122070312,26128600
2012-10-05,61.281375885009766,68.9800033569336,69.80000305175781,68.80000305175781,69.69999694824219,25207900
2012-10-08,60.72167205810547,68.3499984741211,68.72000122070312,68.19000244140625,68.58000183105469,30911500
2012-10-09,59.753326416015625,67.26000213623047,68.33999633789062,67.0999984741211,68.16999816894531,67974000
2012-10-10,59.45127868652344,66.91999816894531,67.43000030517578,66.80000305175781,67.23999786376953,45134300
2012-10-11,59.26471710205078,66.70999908447266,67.47000122070312,66.66999816894531,67.41999816894531,30469400
2012-10-12,59.23805618286133,66.68000030517578,67.05999755859375,66.55000305175781,66.69999694824219,24891200
2012-10-15,59.67337417602539,67.16999816894531,67.26000213623047,66.52999877929688,66.93000030517578,22220100
2012-10-16,60.517333984375,68.12000274658203,68.19999694824219,67.25,67.2699966430664,33960600
2012-10-17,60.4818115234375,68.08000183105469,68.30000305175781,67.68000030517578,67.7699966430664,33439400
2012-10-18,59.77997970581055,67.29000091552734,68.08000183105469,67.04000091552734,67.86000061035156,61707600
2012-10-19,58.349647521972656,65.68000030517578,67.2699966430664,65.5999984741211,67.20999908447266,75362600
2012-10-22,58.651737213134766,66.0199966430664,66.19000244140625,65.5,65.6500015258789,38621500
2012-10-23,58.09203338623047,65.38999938964844,65.94999694824219,65.19000244140625,65.4800033569336,52591200
2012-10-24,57.88770294189453,65.16000366210938,65.87000274658203,65.05999755859375,65.76000213623047,39872400
2012-10-25,57.88770294189453,65.16000366210938,65.72000122070312,64.97000122070312,65.61000061035156,52688700
2012-10-26,58.05650329589844,65.3499984741211,65.62000274658203,64.6500015258789,65.16000366210938,54213100
2012-10-31,57.70113754272461,64.94999694824219,65.38999938964844,64.7300033569336,65.2699966430664,38524500
2012-11-01,58.51847839355469,65.87000274658203,66.0,65.16999816894531,65.36000061035156,26945000
2012-11-02,57.89658737182617,65.16999816894531,66.20999908447266,65.11000061035156,66.16999816894531,44083000
2012-11-05,58.278594970703125,65.5999984741211,65.7300033569336,65.04000091552734,65.18000030517578,28094700
2012-11-06,58.38522720336914,65.72000122070312,66.16999816894531,65.45999908447266,65.70999908447266,29608400
2012-11-07,57.0081901550293,64.16999816894531,65.0999984741211,63.900001525878906,65.0199966430664,70737800
2012-11-08,56.11091613769531,63.15999984741211,64.5,63.15999984741211,64.3499984741211,58585800
2012-11-09,56.35078430175781,63.43000030517578,64.11000061035156,63.15999984741211,63.20000076293945,51542100
2012-11-12,56.34189987182617,63.41999816894531,63.869998931884766,63.25,63.79999923706055,32663700
2012-11-13,55.95100402832031,62.97999954223633,63.58000183105469,62.779998779296875,62.93000030517578,43288300
2012-11-14,55.293582916259766,62.2400016784668,63.36000061035156,62.13999938964844,63.290000915527344,82655300
2012-11-15,55.107017517089844,62.029998779296875,62.4900016784668,61.79999923706055,62.279998779296875,55124200
2012-11-16,55.346900939941406,62.29999923706055,62.47999954223633,61.310001373291016,62.08000183105469,70873100
2012-11-19,56.66172409057617,63.779998779296875,63.83000183105469,62.959999084472656,62.97999954223633,55306400
2012-11-20,56.67948913574219,63.79999923706055,63.88999938964844,63.189998626708984,63.7599983215332,52012700
2012-11-21,56.79497146606445,63.93000030517578,64.0199966430664,63.599998474121094,63.869998931884766,19611700
2012-11-23,57.65673828125,64.9000015258789,64.91999816894531,64.25,64.29000091552734,16462900
2012-11-26,57.90545654296875,65.18000030517578,65.22000122070312,64.54000091552734,64.73999786376953,26430900
2012-11-27,57.710025787353516,64.95999908447266,65.4000015258789,64.8499984741211,65.16999816894531,25828600
2012-11-28,58.20753860473633,65.5199966430664,65.56999969482422,64.25,64.6500015258789,37295800
2012-11-29,58.553993225097656,65.91000366210938,66.13999938964844,65.58000183105469,65.87000274658203,41136100
2012-11-30,58.45629119873047,65.80000305175781,65.97000122070312,65.61000061035156,65.91999816894531,33497400
2012-12-03,58.340789794921875,65.66999816894531,66.37000274658203,65.63999938964844,66.30999755859375,28240000
2012-12-04,58.305240631103516,65.62999725341797,65.7699966430664,65.19999694824219,65.69999694824219,49584500
2012-12-05,57.65673828125,64.9000015258789,65.54000091552734,64.55000305175781,65.52999877929688,54076200
2012-12-06,58.02983474731445,65.31999969482422,65.4800033569336,64.52999877929688,64.69999694824219,47512300
2012-12-07,57.68337631225586,64.93000030517578,65.70999908447266,64.70999908447266,65.63999938964844,30089400
2012-12-10,57.8521614074707,65.12000274658203,65.45999908447266,64.75,64.75,33219600
2012-12-11,58.60729217529297,65.97000122070312,66.33999633789062,65.5199966430664,65.56999969482422,40750800
2012-12-12,58.482933044433594,65.83000183105469,66.31999969482422,65.6500015258789,66.31999969482422,45917700
2012-12-13,58.020965576171875,65.30999755859375,66.16000366210938,65.02999877929688,65.69999694824219,45467700
2012-12-14,57.470157623291016,64.69000244140625,65.08000183105469,64.47000122070312,64.87000274658203,39630300
2012-12-17,58.23420333862305,65.55000305175781,65.56999969482422,64.66000366210938,64.75,42302900
2012-12-18,59.122562408447266,66.55000305175781,66.6500015258789,65.69999694824219,65.87999725341797,55596000
2012-12-19,58.864959716796875,66.26000213623047,66.76000213623047,66.22000122070312,66.73999786376953,34832500
2012-12-20,58.864959716796875,66.26000213623047,66.41000366210938,65.93000030517578,66.37999725341797,40754300
2012-12-21,58.245853424072266,65.19999694824219,65.27999877929688,64.5999984741211,64.87999725341797,51152900
2012-12-24,58.129722595214844,65.06999969482422,65.13999938964844,64.91999816894531,65.02999877929688,11418300
2012-12-26,57.62051010131836,64.5,65.18000030517578,64.29000091552734,65.12000274658203,21751300
2012-12-27,57.531185150146484,64.4000015258789,64.63999938964844,63.599998474121094,64.55999755859375,52933200
2012-12-28,56.97730255126953,63.779998779296875,64.43000030517578,63.75,63.90999984741211,33082100
2012-12-31,58.18330383300781,65.12999725341797,65.25,63.58000183105469,63.709999084472656,57544000
2013-01-02,60.032535552978516,67.19999694824219,67.2300033569336,66.4800033569336,66.7300033569336,70695900
2013-01-03,59.719852447509766,66.8499984741211,67.33999633789062,66.6500015258789,67.19999694824219,47366500
2013-01-04,59.52333068847656,66.62999725341797,66.87999725341797,66.47000122070312,66.87999725341797,33972500
2013-01-07,59.54118728637695,66.6500015258789,66.76000213623047,66.25,66.45999908447266,26766200
2013-01-08,59.42506790161133,66.5199966430664,66.81999969482422,66.16999816894531,66.63999938964844,28734900
2013-01-09,59.64841079711914,66.7699966430664,66.94999694824219,66.55000305175781,66.62000274658203,25600300
2013-01-10,60.00572967529297,67.16999816894531,67.2699966430664,66.55000305175781,67.2300033569336,37528000
2013-01-11,60.086116790771484,67.26000213623047,67.29000091552734,67.0,67.13999938964844,21158600
2013-01-14,59.8181266784668,66.95999908447266,67.1500015258789,66.66999816894531,66.91999816894531,36768500
2013-01-15,59.52333068847656,66.62999725341797,66.7300033569336,66.33000183105469,66.62999725341797,31675300
2013-01-16,59.76453399658203,66.9000015258789,67.12999725341797,66.5999984741211,66.72000122070312,33822300
2013-01-17,60.050418853759766,67.22000122070312,67.4800033569336,67.05999755859375,67.16999816894531,32024200
2013-01-18,59.91640853881836,67.06999969482422,67.13999938964844,66.7699966430664,67.0199966430664,31992000
2013-01-22,60.01466751098633,67.18000030517578,67.2300033569336,66.7300033569336,67.13999938964844,32123100
2013-01-23,60.38093185424805,67.58999633789062,67.79000091552734,67.45999908447266,67.55999755859375,31975700
2013-01-24,59.550132751464844,66.66000366210938,67.27999877929688,66.55999755859375,66.66000366210938,42596300
2013-01-25,59.85387420654297,67.0,67.19000244140625,66.73999786376953,66.87000274658203,39240100
2013-01-28,59.98786926269531,67.1500015258789,67.37999725341797,66.93000030517578,67.01000213623047,32926100
2013-01-29,59.99681091308594,67.16000366210938,67.30999755859375,66.62999725341797,67.06999969482422,35554700
2013-01-30,59.87173843383789,67.0199966430664,67.4800033569336,66.87000274658203,67.27999877929688,34445000
2013-01-31,59.73774337768555,66.87000274658203,67.3499984741211,66.80999755859375,66.98999786376953,34870500
2013-02-01,60.44348907470703,67.66000366210938,67.77999877929688,67.06999969482422,67.33999633789062,53120800
2013-02-04,59.38933563232422,66.4800033569336,67.45999908447266,66.45999908447266,67.2699966430664,48483700
2013-02-05,60.264793395996094,67.45999908447266,67.66999816894531,66.61000061035156,66.7699966430664,35120300
2013-02-06,60.06828308105469,67.23999786376953,67.55000305175781,67.04000091552734,67.23999786376953,43593200
2013-02-07,60.12186050415039,67.30000305175781,67.37000274658203,66.55999755859375,67.31999969482422,46017900
2013-02-08,60.73826217651367,67.98999786376953,68.12999725341797,67.62999725341797,67.63999938964844,39837200
2013-02-11,60.75613784790039,68.01000213623047,68.05999755859375,67.77999877929688,68.02999877929688,17650400
2013-02-12,60.50600051879883,67.7300033569336,68.05000305175781,67.66000366210938,67.91999816894531,22057900
2013-02-13,60.72040557861328,67.97000122070312,68.2300033569336,67.7699966430664,67.93000030517578,23494700
2013-02-14,60.70254135131836,67.94999694824219,68.05000305175781,67.62000274658203,67.66000366210938,24478800
2013-02-15,60.52389144897461,67.75,68.11000061035156,67.55999755859375,67.94000244140625,25333600
2013-02-19,60.96160125732422,68.23999786376953,68.26000213623047,67.86000061035156,67.87999725341797,23436500
2013-02-20,60.023597717285156,67.19000244140625,68.25,67.18000030517578,68.22000122070312,38200300
2013-02-21,59.380409240722656,66.47000122070312,67.01000213623047,66.2300033569336,66.94000244140625,45855600
2013-02-22,59.97891616821289,67.13999938964844,67.1500015258789,66.58999633789062,66.8499984741211,21968000
2013-02-25,59.23744583129883,66.30999755859375,67.80999755859375,66.25,67.56999969482422,40927600
2013-02-26,59.46079635620117,66.55999755859375,66.68000030517578,65.95999908447266,66.4000015258789,42088800
2013-02-27,60.06828308105469,67.23999786376953,67.6500015258789,66.47000122070312,66.55999755859375,36339500
2013-02-28,59.94318771362305,67.0999984741211,67.73999786376953,67.08999633789062,67.25,28557300
2013-03-01,60.193328857421875,67.37999725341797,67.5,66.54000091552734,66.87000274658203,31617200
2013-03-04,60.46134567260742,67.68000030517578,67.69000244140625,67.06999969482422,67.16000366210938,19380500
2013-03-05,61.35466766357422,68.68000030517578,68.7699966430664,68.08000183105469,68.08000183105469,35581900
2013-03-06,61.20281219482422,68.51000213623047,68.91000366210938,68.41999816894531,68.88999938964844,29071100
2013-03-07,61.36358642578125,68.69000244140625,68.80000305175781,68.44999694824219,68.58999633789062,21775900
2013-03-08,61.43508529663086,68.7699966430664,69.0199966430664,68.5,68.91999816894531,26159900
2013-03-11,61.613746643066406,68.97000122070312,68.98999786376953,68.47000122070312,68.68000030517578,23187900
2013-03-12,61.39042282104492,68.72000122070312,68.93000030517578,68.38999938964844,68.7699966430664,27575400
2013-03-13,61.30998992919922,68.62999725341797,68.88999938964844,68.38999938964844,68.80999755859375,34297300
2013-03-14,61.51545715332031,68.86000061035156,69.01000213623047,68.70999908447266,68.87000274658203,31530800
2013-03-15,61.344459533691406,68.51000213623047,68.79000091552734,68.33999633789062,68.75,30752600
2013-03-18,61.21015167236328,68.36000061035156,68.63999938964844,67.7300033569336,67.87999725341797,36163000
2013-03-19,61.09373474121094,68.2300033569336,68.69999694824219,67.62000274658203,68.56999969482422,33125100
2013-03-20,61.52354431152344,68.70999908447266,68.86000061035156,68.38999938964844,68.70999908447266,28035400
2013-03-21,60.82511520385742,67.93000030517578,68.25,67.7699966430664,68.08000183105469,30050800
2013-03-22,61.416080474853516,68.58999633789062,68.63999938964844,68.12999725341797,68.20999908447266,28837200
2013-03-25,61.192222595214844,68.33999633789062,68.95999908447266,68.01000213623047,68.80999755859375,24909800
2013-03-26,61.52354431152344,68.70999908447266,68.7300033569336,68.44999694824219,68.5999984741211,19725200
2013-03-27,61.60411834716797,68.80000305175781,68.8499984741211,68.13999938964844,68.23999786376953,22539500
2013-03-28,61.75634765625,68.97000122070312,69.05999755859375,68.63999938964844,68.80000305175781,23662800
2013-04-01,61.33550262451172,68.5,69.08999633789062,68.30999755859375,69.0199966430664,28112800
2013-04-02,61.81901931762695,69.04000091552734,69.2699966430664,68.7699966430664,68.83000183105469,29431900
2013-04-03,61.254905700683594,68.41000366210938,69.18000030517578,68.23999786376953,69.08000183105469,35131200
2013-04-04,61.272850036621094,68.43000030517578,68.5999984741211,68.05999755859375,68.37999725341797,32287400
2013-04-05,60.76245880126953,67.86000061035156,67.95999908447266,67.19000244140625,67.3499984741211,55610800
2013-04-08,61.084800720214844,68.22000122070312,68.23999786376953,67.69000244140625,67.88999938964844,17891600
2013-04-09,61.496665954589844,68.68000030517578,68.95999908447266,68.08999633789062,68.4000015258789,30931400
2013-04-10,62.6965217590332,70.0199966430664,70.16999816894531,68.87999725341797,68.91999816894531,55271300
2013-04-11,62.669677734375,69.98999786376953,70.1500015258789,69.7699966430664,69.8499984741211,37233600
2013-04-12,62.62490463256836,69.94000244140625,69.98999786376953,69.41000366210938,69.81999969482422,32783700
2013-04-15,61.38920593261719,68.55999755859375,69.79000091552734,68.4800033569336,69.68000030517578,48795800
2013-04-16,62.20402526855469,69.47000122070312,69.55000305175781,68.80999755859375,68.94999694824219,27682600
2013-04-17,60.986297607421875,68.11000061035156,68.88999938964844,67.70999908447266,68.87000274658203,60204800
2013-04-18,60.14460372924805,67.16999816894531,68.33000183105469,66.87999725341797,68.29000091552734,56798200
2013-04-19,60.9683952331543,68.08999633789062,68.2300033569336,67.19999694824219,67.30000305175781,43062800
2013-04-22,61.59516143798828,68.79000091552734,69.04000091552734,68.08000183105469,68.33000183105469,34412100
2013-04-23,62.18613815307617,69.44999694824219,69.69999694824219,68.81999969482422,69.18000030517578,53078300
2013-04-24,62.15925216674805,69.41999816894531,69.66999816894531,69.12000274658203,69.27999877929688,44500700
2013-04-25,62.49055862426758,69.79000091552734,70.05000305175781,69.58999633789062,69.5999984741211,26437100
2013-04-26,62.293582916259766,69.56999969482422,69.7699966430664,69.2699966430664,69.62000274658203,24079800
2013-04-29,62.866661071777344,70.20999908447266,70.4800033569336,69.76000213623047,69.79000091552734,31664000
2013-04-30,63.32329559326172,70.72000122070312,70.7300033569336,70.04000091552734,70.30000305175781,30135800
2013-05-01,63.02784729003906,70.38999938964844,70.8499984741211,70.25,70.73999786376953,28537200
2013-05-02,63.82476043701172,71.27999877929688,71.43000030517578,70.44999694824219,70.51000213623047,31744200
2013-05-03,64.57691192626953,72.12000274658203,72.33999633789062,71.91000366210938,71.97000122070312,34061700
2013-05-06,64.8276138305664,72.4000015258789,72.51000213623047,72.19000244140625,72.25,19244300
2013-05-07,64.79177856445312,72.36000061035156,72.56999969482422,72.08999633789062,72.5199966430664,25838100
2013-05-08,65.10517883300781,72.70999908447266,72.7699966430664,72.19999694824219,72.31999969482422,24252100
2013-05-09,65.01560974121094,72.61000061035156,73.0999984741211,72.47000122070312,72.56999969482422,29337200
2013-05-10,65.40962982177734,73.05000305175781,73.08000183105469,72.62999725341797,72.76000213623047,20663700
2013-05-13,65.49018859863281,73.13999938964844,73.31999969482422,72.86000061035156,72.93000030517578,29730100
2013-05-14,65.83042907714844,73.5199966430664,73.73999786376953,73.12999725341797,73.16000366210938,36009800
2013-05-15,65.96475982666016,73.66999816894531,73.73999786376953,73.19999694824219,73.37999725341797,27214400
2013-05-16,65.89312744140625,73.58999633789062,74.0999984741211,73.55000305175781,73.7300033569336,27253400
2013-05-17,66.52887725830078,74.30000305175781,74.33000183105469,73.7300033569336,73.97000122070312,31114500
2013-05-20,66.4303970336914,74.19000244140625,74.43000030517578,73.88999938964844,74.16000366210938,25132400
2013-05-21,66.50200653076172,74.2699966430664,74.54000091552734,73.88999938964844,74.1500015258789,25900000
2013-05-22,65.9200210571289,73.62000274658203,74.94999694824219,73.23999786376953,74.36000061035156,59843200
2013-05-23,65.76776885986328,73.44999694824219,73.69999694824219,72.83000183105469,72.97000122070312,48222100
2013-05-24,65.73196411132812,73.41000366210938,73.43000030517578,72.76000213623047,72.95999908447266,26430300
2013-05-28,66.16175079345703,73.88999938964844,74.54000091552734,73.66000366210938,74.2699966430664,27057100
2013-05-29,65.8483657836914,73.54000091552734,73.80000305175781,73.12000274658203,73.5999984741211,32090300
2013-05-30,66.19757843017578,73.93000030517578,74.27999877929688,73.55000305175781,73.56999969482422,32390500
2013-05-31,65.58869171142578,73.25,74.20999908447266,73.16999816894531,73.6500015258789,38347600
2013-06-03,65.70509338378906,73.37999725341797,73.4000015258789,72.43000030517578,73.26000213623047,47613100
2013-06-04,65.3648452758789,73.0,73.81999969482422,72.69999694824219,73.52999877929688,35251900
2013-06-05,64.51419067382812,72.05000305175781,73.04000091552734,71.98999786376953,72.76000213623047,48654200
2013-06-06,64.8276138305664,72.4000015258789,72.41000366210938,71.47000122070312,72.1500015258789,62524100
2013-06-07,65.71405792236328,73.38999938964844,73.47000122070312,72.5199966430664,72.69999694824219,31969800
2013-06-10,65.74093627929688,73.41999816894531,73.76000213623047,73.26000213623047,73.52999877929688,25390000
2013-06-11,65.08727264404297,72.69000244140625,73.33999633789062,72.44000244140625,72.69000244140625,40278900
2013-06-12,64.33509826660156,71.8499984741211,73.13999938964844,71.73999786376953,73.11000061035156,42081900
2013-06-13,65.14993286132812,72.76000213623047,72.91999816894531,71.55000305175781,71.75,28221500
2013-06-14,64.72016906738281,72.27999877929688,72.83999633789062,72.16999816894531,72.76000213623047,27690700
2013-06-17,65.3469467163086,72.9800033569336,73.4000015258789,72.5999984741211,72.8499984741211,32441900
2013-06-18,65.88420867919922,73.58000183105469,73.72000122070312,73.05999755859375,73.08000183105469,24853100
2013-06-19,65.14993286132812,72.76000213623047,73.68000030517578,72.68000030517578,73.5999984741211,43145100
2013-06-20,63.60087203979492,71.02999877929688,72.16000366210938,70.79000091552734,71.91999816894531,60908400
2013-06-21,63.263153076171875,70.43000030517578,70.97000122070312,69.83999633789062,70.77999877929688,51558900
2013-06-24,62.634395599365234,69.7300033569336,70.2699966430664,69.1500015258789,69.8499984741211,41492300
2013-06-25,63.092498779296875,70.23999786376953,70.5199966430664,69.80999755859375,70.4000015258789,28897400
2013-06-26,63.65840530395508,70.87000274658203,71.0,70.58999633789062,70.83999633789062,23742300
2013-06-27,63.927852630615234,71.16999816894531,71.62000274658203,71.12999725341797,71.23999786376953,23545000
2013-06-28,64.0176773071289,71.2699966430664,71.69000244140625,70.79000091552734,70.94999694824219,28301100
2013-07-01,64.41289520263672,71.70999908447266,72.30000305175781,71.63999938964844,71.75,24942800
2013-07-02,64.43982696533203,71.73999786376953,72.18000030517578,71.3499984741211,71.68000030517578,23067900
2013-07-03,64.70034790039062,72.02999877929688,72.37000274658203,71.41999816894531,71.4800033569336,18847500
2013-07-05,65.19436645507812,72.58000183105469,72.61000061035156,71.86000061035156,72.44000244140625,28795900
2013-07-08,65.25726318359375,72.6500015258789,72.98999786376953,72.37999725341797,72.95999908447266,20558500
2013-07-09,65.65245056152344,73.08999633789062,73.25,72.6500015258789,72.98999786376953,26108600
2013-07-10,66.02972412109375,73.51000213623047,73.62000274658203,72.9800033569336,73.0199966430664,25598900
2013-07-11,67.3411865234375,74.97000122070312,75.02999877929688,74.25,74.30000305175781,47768900
2013-07-12,67.6375961303711,75.30000305175781,75.3499984741211,74.81999969482422,75.0199966430664,31412600
2013-07-15,67.79029846191406,75.47000122070312,75.5199966430664,75.16999816894531,75.37999725341797,19783600
2013-07-16,67.70045471191406,75.37000274658203,75.58999633789062,75.18000030517578,75.52999877929688,31747100
2013-07-17,67.87115478515625,75.55999755859375,75.73999786376953,75.3499984741211,75.5999984741211,24631500
2013-07-18,67.70045471191406,75.37000274658203,75.73999786376953,75.25,75.55000305175781,36278800
2013-07-19,66.99983215332031,74.58999633789062,74.73999786376953,74.37000274658203,74.72000122070312,37732400
2013-07-22,67.19746398925781,74.80999755859375,74.9800033569336,74.58000183105469,74.87000274658203,21135900
2013-07-23,66.70344543457031,74.26000213623047,74.95999908447266,74.19999694824219,74.94999694824219,24739500
2013-07-24,66.91898345947266,74.5,75.0199966430664,74.33000183105469,74.98999786376953,24426900
2013-07-25,67.3411865234375,74.97000122070312,75.05999755859375,74.45999908447266,74.8499984741211,23162200
2013-07-26,67.70045471191406,75.37000274658203,75.37999725341797,74.55000305175781,74.66999816894531,20885600
2013-07-29,67.57466888427734,75.2300033569336,75.54000091552734,75.02999877929688,75.22000122070312,20958400
2013-07-30,67.93400573730469,75.62999725341797,75.94999694824219,75.3499984741211,75.5,24104600
2013-07-31,68.05973815917969,75.7699966430664,76.20999908447266,75.62999725341797,75.77999877929688,25007600
2013-08-01,68.75141906738281,76.54000091552734,76.6500015258789,76.20999908447266,76.29000091552734,16880000
2013-08-02,69.13765716552734,76.97000122070312,76.98999786376953,76.37999725341797,76.55000305175781,18105300
2013-08-05,69.18255615234375,77.0199966430664,77.08000183105469,76.77999877929688,76.93000030517578,15462800
2013-08-06,68.76937103271484,76.55999755859375,76.98999786376953,76.25,76.91999816894531,23675400
2013-08-07,68.64361572265625,76.41999816894531,76.56999969482422,75.87000274658203,76.33999633789062,20281200
2013-08-08,68.98493957519531,76.80000305175781,76.9800033569336,76.30000305175781,76.83999633789062,19994000
2013-08-09,68.70648193359375,76.48999786376953,76.94000244140625,76.2699966430664,76.66999816894531,18558500
2013-08-12,68.86817169189453,76.66999816894531,76.80999755859375,76.19000244140625,76.19999694824219,20515900
2013-08-13,69.25440216064453,77.0999984741211,77.2699966430664,76.22000122070312,76.7699966430664,23917000
2013-08-14,68.99394226074219,76.80999755859375,77.18000030517578,76.69999694824219,77.06999969482422,29921000
2013-08-15,67.82618713378906,75.51000213623047,75.98999786376953,75.29000091552734,75.94999694824219,39406600
2013-08-16,67.79926300048828,75.4800033569336,75.87000274658203,75.3499984741211,75.5199966430664,23825000
2013-08-19,67.68247985839844,75.3499984741211,76.12999725341797,75.33000183105469,75.48999786376953,29586900
2013-08-20,67.97892761230469,75.68000030517578,76.02999877929688,75.43000030517578,75.48999786376953,18842800
2013-08-21,67.74539184570312,75.41999816894531,76.08999633789062,75.13999938964844,75.44000244140625,30705100
2013-08-22,68.41009521484375,76.16000366210938,76.20999908447266,75.70999908447266,75.75,17269500
2013-08-23,68.86817169189453,76.66999816894531,76.7699966430664,76.4000015258789,76.69999694824219,20697300
2013-08-26,68.90412139892578,76.70999908447266,77.27999877929688,76.55000305175781,76.7300033569336,27525500
2013-08-27,67.49388122558594,75.13999938964844,76.18000030517578,74.95999908447266,75.80000305175781,40068900
2013-08-28,67.75436401367188,75.43000030517578,75.75,75.05000305175781,75.05000305175781,20490400
2013-08-29,68.23042297363281,75.95999908447266,76.33999633789062,75.30000305175781,75.41000366210938,27287900
2013-08-30,67.79029846191406,75.47000122070312,76.04000091552734,75.19999694824219,76.04000091552734,26228500
2013-09-03,68.1765365600586,75.9000015258789,76.44000244140625,75.54000091552734,76.08999633789062,27241500
2013-09-04,68.90412139892578,76.70999908447266,76.83999633789062,75.93000030517578,76.16000366210938,27142900
2013-09-05,69.02085876464844,76.83999633789062,77.05999755859375,76.7300033569336,76.76000213623047,17809700
2013-09-06,69.10169982910156,76.93000030517578,77.33999633789062,76.05000305175781,77.0999984741211,27715100
2013-09-09,69.91012573242188,77.83000183105469,77.95999908447266,77.2300033569336,77.26000213623047,25161900
2013-09-10,70.25145721435547,78.20999908447266,78.31999969482422,77.91999816894531,78.27999877929688,27619400
2013-09-11,70.1167221069336,78.05999755859375,78.11000061035156,77.58999633789062,77.69000244140625,28132900
2013-09-12,70.07181549072266,78.01000213623047,78.25,77.8499984741211,78.08000183105469,18332700
2013-09-13,70.1167221069336,78.05999755859375,78.13999938964844,77.63999938964844,78.08999633789062,16932500
2013-09-16,69.92810821533203,77.8499984741211,78.72000122070312,77.66999816894531,78.72000122070312,25704300
2013-09-17,70.39519500732422,78.37000274658203,78.47000122070312,77.9800033569336,78.0199966430664,27174300
2013-09-18,71.23953247070312,79.30999755859375,79.47000122070312,78.33000183105469,78.48999786376953,31714700
2013-09-19,71.41019439697266,79.5,79.69000244140625,79.36000061035156,79.55999755859375,26435700
2013-09-20,71.16515350341797,78.98999786376953,79.54000091552734,78.94999694824219,79.44999694824219,26328900
2013-09-23,71.02098083496094,78.83000183105469,79.41000366210938,78.45999908447266,79.31999969482422,30319400
2013-09-24,71.02098083496094,78.83000183105469,79.25,78.56999969482422,79.0,21871300
2013-09-25,70.77774810791016,78.55999755859375,79.0,78.4000015258789,78.88999938964844,22746400
2013-09-26,71.32730102539062,79.16999816894531,79.36000061035156,78.8499984741211,78.87999725341797,22421700
2013-09-27,71.23721313476562,79.06999969482422,79.20999908447266,78.58999633789062,78.70999908447266,25151600
2013-09-30,71.06603240966797,78.87999725341797,79.08999633789062,78.0,78.25,28031900
2013-10-01,71.78679656982422,79.68000030517578,79.72000122070312,78.8499984741211,78.88999938964844,33129700
2013-10-02,71.75977325439453,79.6500015258789,79.76000213623047,79.05999755859375,79.13999938964844,25503800
2013-10-03,70.92192077636719,78.72000122070312,79.72000122070312,78.30000305175781,79.55000305175781,42998200
2013-10-04,71.53453826904297,79.4000015258789,79.51000213623047,78.6500015258789,78.72000122070312,22852700
2013-10-07,70.93994140625,78.73999786376953,79.3499984741211,78.66999816894531,78.69999694824219,20227100
2013-10-08,69.57047271728516,77.22000122070312,78.80999755859375,77.19000244140625,78.73999786376953,43660700
2013-10-09,69.35426330566406,76.9800033569336,77.44000244140625,76.3499984741211,77.4000015258789,64526700
2013-10-10,70.82276153564453,78.61000061035156,78.79000091552734,77.79000091552734,77.80999755859375,48062700
2013-10-11,71.3813705444336,79.2300033569336,79.29000091552734,78.4000015258789,78.41000366210938,25214100
2013-10-14,71.88591003417969,79.79000091552734,79.79000091552734,78.68000030517578,78.73999786376953,31471900
2013-10-15,71.60659790039062,79.4800033569336,80.11000061035156,79.37999725341797,79.7300033569336,38684000
2013-10-16,72.41743469238281,80.37999725341797,80.41999816894531,79.79000091552734,79.8499984741211,46735900
2013-10-17,72.83187866210938,80.83999633789062,80.87000274658203,79.94999694824219,80.0199966430664,32193500
2013-10-18,74.0120849609375,82.1500015258789,82.18000030517578,81.3499984741211,81.58000183105469,39628200
2013-10-21,74.17426300048828,82.33000183105469,82.54000091552734,82.06999969482422,82.33999633789062,31176900
2013-10-22,74.28236389160156,82.44999694824219,82.9000015258789,81.93000030517578,82.6500015258789,43944800
2013-10-23,73.83189392089844,81.94999694824219,82.19999694824219,81.55000305175781,82.05000305175781,38021300
2013-10-24,74.15623474121094,82.30999755859375,82.4800033569336,81.87999725341797,82.0,23155100
2013-10-25,74.68780517578125,82.9000015258789,83.27999877929688,82.5,83.08000183105469,35824500
2013-10-28,74.70581817626953,82.91999816894531,83.05000305175781,82.55000305175781,82.91000366210938,28618400
2013-10-29,74.83198547363281,83.05999755859375,83.26000213623047,82.69999694824219,83.19999694824219,36878100
2013-10-30,74.75990295410156,82.9800033569336,83.48999786376953,82.58000183105469,83.3499984741211,33535500
2013-10-31,74.58875274658203,82.79000091552734,83.30000305175781,82.4800033569336,82.7699966430664,31309900
2013-11-01,74.60672760009766,82.80999755859375,83.16999816894531,82.4000015258789,83.06999969482422,30867800
2013-11-04,74.71485900878906,82.93000030517578,83.06999969482422,82.63999938964844,83.05999755859375,16834000
2013-11-05,74.7959213256836,83.0199966430664,83.22000122070312,82.37000274658203,82.61000061035156,27975600
2013-11-06,74.77790832519531,83.0,83.4000015258789,82.7300033569336,83.37000274658203,25576800
2013-11-07,73.3724365234375,81.44000244140625,83.12999725341797,81.37000274658203,83.01000213623047,52173200
2013-11-08,74.36349487304688,82.54000091552734,82.55999755859375,81.51000213623047,81.73999786376953,31470500
2013-11-11,74.2463607788086,82.41000366210938,82.63999938964844,82.13999938964844,82.41999816894531,24822900
2013-11-12,74.36349487304688,82.54000091552734,82.66000366210938,82.12000274658203,82.16000366210938,20108500
2013-11-13,75.26441955566406,83.54000091552734,83.55000305175781,82.0,82.0,31345900
2013-11-14,75.49867248535156,83.80000305175781,83.86000061035156,83.13999938964844,83.31999969482422,31101200
2013-11-15,75.64280700683594,83.95999908447266,83.95999908447266,83.61000061035156,83.81999969482422,20511300
2013-11-18,74.90403747558594,83.13999938964844,84.11000061035156,82.9800033569336,83.94000244140625,31679600
2013-11-19,74.68780517578125,82.9000015258789,83.48999786376953,82.76000213623047,83.08999633789062,25545300
2013-11-20,74.50763702392578,82.69999694824219,83.43000030517578,82.45999908447266,83.12000274658203,32177400
2013-11-21,75.26441955566406,83.54000091552734,83.61000061035156,82.9800033569336,83.05000305175781,28125000
2013-11-22,75.66983795166016,83.98999786376953,84.0199966430664,83.62000274658203,83.68000030517578,25361300
2013-11-25,75.85006713867188,84.19000244140625,84.37999725341797,83.9800033569336,84.29000091552734,21695100
2013-11-26,76.24645233154297,84.62999725341797,84.83999633789062,84.02999877929688,84.20999908447266,26621000
2013-11-27,76.77799987792969,85.22000122070312,85.23999786376953,84.7300033569336,84.80000305175781,21638100
2013-11-29,77.2374496459961,85.7300033569336,85.83999633789062,85.47000122070312,85.55999755859375,16708900
2013-12-02,77.01226043701172,85.4800033569336,85.95999908447266,85.3499984741211,85.83000183105469,26354600
2013-12-03,76.94915008544922,85.41000366210938,85.63999938964844,85.08000183105469,85.41999816894531,37147000
2013-12-04,77.02123260498047,85.48999786376953,85.7699966430664,84.77999877929688,85.05000305175781,37193200
2013-12-05,76.92214965820312,85.37999725341797,85.66000366210938,85.16999816894531,85.55999755859375,39829300
2013-12-06,77.48070526123047,86.0,86.18000030517578,85.58999633789062,86.0999984741211,36842900
2013-12-09,77.79605102539062,86.3499984741211,86.52999877929688,86.19999694824219,86.3499984741211,22590000
2013-12-10,77.74202728271484,86.29000091552734,86.44999694824219,86.12000274658203,86.20999908447266,26965900
2013-12-11,76.74197387695312,85.18000030517578,86.4000015258789,85.05999755859375,86.27999877929688,36830600
2013-12-12,76.54374694824219,84.95999908447266,85.41999816894531,84.9000015258789,85.20999908447266,33662600
2013-12-13,76.44463348388672,84.8499984741211,85.4000015258789,84.70999908447266,85.36000061035156,34072000
2013-12-16,76.86811065673828,85.31999969482422,85.80999755859375,85.20999908447266,85.2699966430664,24902500
2013-12-17,76.71492004394531,85.1500015258789,85.52999877929688,84.98999786376953,85.31999969482422,24454900
2013-12-18,77.60685729980469,86.13999938964844,86.22000122070312,84.05000305175781,85.25,68387200
2013-12-19,77.39060974121094,85.9000015258789,86.01000213623047,85.5199966430664,86.0,44964100
2013-12-20,78.17874145507812,86.5,86.68000030517578,85.7300033569336,85.79000091552734,40475400
2013-12-23,79.00120544433594,87.41000366210938,87.41000366210938,86.94999694824219,87.20999908447266,28181800
2013-12-24,79.0373764038086,87.44999694824219,87.51000213623047,87.2699966430664,87.43000030517578,13852500
2013-12-26,79.29946899414062,87.73999786376953,87.80999755859375,87.44000244140625,87.61000061035156,15241100
2013-12-27,79.10060119628906,87.5199966430664,87.9000015258789,87.41000366210938,87.8499984741211,15827400
2013-12-30,78.9831314086914,87.38999938964844,87.51000213623047,87.13999938964844,87.38999938964844,18983700
2013-12-31,79.498291015625,87.95999908447266,87.95999908447266,87.5199966430664,87.55000305175781,24890500
2014-01-02,78.87468719482422,87.2699966430664,87.58000183105469,87.0199966430664,87.55000305175781,29177500
2014-01-03,78.3052749633789,86.63999938964844,87.3499984741211,86.62000274658203,87.2699966430664,35723700
2014-01-06,78.01605987548828,86.31999969482422,86.76000213623047,86.0,86.66000366210938,32073100
2014-01-07,78.73908233642578,87.12000274658203,87.25,86.55999755859375,86.72000122070312,25860600
2014-01-08,78.91081237792969,87.30999755859375,87.55000305175781,86.94999694824219,87.13999938964844,27197400
2014-01-09,78.6487045288086,87.0199966430664,87.63999938964844,86.72000122070312,87.62999725341797,23674700
2014-01-10,78.90177917480469,87.30000305175781,87.4000015258789,86.58000183105469,87.2300033569336,38008900
2014-01-13,77.73588562011719,86.01000213623047,87.4800033569336,85.68000030517578,87.18000030517578,48842300
2014-01-14,79.21813201904297,87.6500015258789,87.72000122070312,86.30000305175781,86.30000305175781,37178900
2014-01-15,79.86885070800781,88.37000274658203,88.54000091552734,87.94000244140625,88.02999877929688,39835600
2014-01-16,79.87788391113281,88.37999725341797,88.51000213623047,88.16000366210938,88.30000305175781,31630100
2014-01-17,79.42597961425781,87.87999725341797,88.37000274658203,87.66999816894531,88.11000061035156,36895800
2014-01-21,80.03155517578125,88.55000305175781,88.58999633789062,87.80999755859375,88.44000244140625,26412700
2014-01-22,80.23942565917969,88.77999877929688,89.0,88.5199966430664,88.77999877929688,29376900
2014-01-23,79.9682846069336,88.4800033569336,88.5199966430664,87.86000061035156,88.51000213623047,35011900
2014-01-24,78.39564514160156,86.73999786376953,88.18000030517578,86.70999908447266,88.05000305175781,63974600
2014-01-27,77.63644409179688,85.9000015258789,86.88999938964844,85.25,86.73999786376953,63519300
2014-01-28,77.59129333496094,85.8499984741211,85.94000244140625,85.30999755859375,85.5,44378800
2014-01-29,76.759765625,84.93000030517578,85.73999786376953,84.76000213623047,85.11000061035156,51939300
2014-01-30,78.17874145507812,86.5,86.80000305175781,85.87999725341797,85.97000122070312,65833600
2014-01-31,77.97087097167969,86.2699966430664,86.68000030517578,85.44999694824219,85.54000091552734,45187000
2014-02-03,76.18132781982422,84.29000091552734,86.5,84.06999969482422,86.11000061035156,65596900
2014-02-04,76.74173736572266,84.91000366210938,85.25,84.45999908447266,84.72000122070312,37675500
2014-02-05,76.54287719726562,84.69000244140625,84.98999786376953,83.73999786376953,84.62999725341797,41721800
2014-02-06,77.51899719238281,85.7699966430664,85.87999725341797,84.91999816894531,84.94000244140625,32308600
2014-02-07,78.90177917480469,87.30000305175781,87.36000061035156,86.0,86.25,38359400
2014-02-10,79.35369110107422,87.80000305175781,87.83999633789062,87.20999908447266,87.2699966430664,30205400
2014-02-11,80.25748443603516,88.80000305175781,88.97000122070312,87.88999938964844,87.98999786376953,38635500
2014-02-12,80.41112518310547,88.97000122070312,89.16999816894531,88.69999694824219,88.9800033569336,32507200
2014-02-13,81.00760650634766,89.62999725341797,89.69999694824219,88.30000305175781,88.31999969482422,40454500
2014-02-14,81.1703109741211,89.80999755859375,90.01000213623047,89.33000183105469,89.5999984741211,33212400
2014-02-18,81.5679931640625,90.25,90.41999816894531,89.73999786376953,89.95999908447266,29546600
2014-02-19,81.00760650634766,89.62999725341797,90.29000091552734,89.44999694824219,90.08000183105469,41749900
2014-02-20,81.38725280761719,90.05000305175781,90.22000122070312,89.30999755859375,89.69000244140625,41814800
2014-02-21,81.27877044677734,89.93000030517578,90.47000122070312,89.81999969482422,90.33999633789062,31192200
2014-02-24,81.71260070800781,90.41000366210938,90.81999969482422,90.04000091552734,90.13999938964844,31500400
2014-02-25,81.62223052978516,90.30999755859375,90.72000122070312,90.0199966430664,90.54000091552734,26771700
2014-02-26,81.5499267578125,90.2300033569336,90.83999633789062,89.87000274658203,90.55000305175781,42953700
2014-02-27,82.07901000976562,90.44000244140625,90.52999877929688,89.7300033569336,89.87000274658203,28742400
2014-02-28,81.98827362060547,90.33999633789062,90.95999908447266,89.54000091552734,90.41999816894531,48609800
2014-03-03,81.38020324707031,89.66999816894531,89.91000366210938,88.87000274658203,89.48999786376953,38885700
2014-03-04,82.41481018066406,90.80999755859375,90.9800033569336,90.55999755859375,90.6500015258789,33189000
2014-03-05,82.64171600341797,91.05999755859375,91.22000122070312,90.7699966430664,90.95999908447266,27203300
2014-03-06,82.56912231445312,90.9800033569336,91.33999633789062,90.6500015258789,91.2699966430664,24063900
2014-03-07,82.16069793701172,90.52999877929688,91.36000061035156,90.06999969482422,91.2699966430664,31167800
2014-03-10,82.23332214355469,90.61000061035156,90.66000366210938,90.02999877929688,90.4800033569336,18131700
2014-03-11,81.87935638427734,90.22000122070312,91.05999755859375,89.94999694824219,90.83000183105469,27484300
2014-03-12,82.18793487548828,90.55999755859375,90.61000061035156,89.4800033569336,89.80999755859375,27977200
2014-03-13,81.02626037597656,89.27999877929688,90.93000030517578,88.87000274658203,90.9000015258789,48542000
2014-03-14,80.47262573242188,88.66999816894531,89.37999725341797,88.62999725341797,88.98999786376953,38732300
2014-03-17,81.1805648803711,89.44999694824219,89.91000366210938,89.19000244140625,89.23999786376953,28467200
2014-03-18,82.16069793701172,90.52999877929688,90.63999938964844,89.52999877929688,89.55999755859375,31250200
2014-03-19,81.7160415649414,90.04000091552734,90.66000366210938,89.44999694824219,90.55999755859375,40869400
2014-03-20,81.94288635253906,90.29000091552734,90.55999755859375,89.58000183105469,89.76000213623047,31634500
2014-03-21,80.95684814453125,89.0,90.6500015258789,88.83000183105469,90.5999984741211,62754000
2014-03-24,80.24732971191406,88.22000122070312,89.38999938964844,87.41000366210938,89.31999969482422,77735300
2014-03-25,80.51115417480469,88.51000213623047,89.25,87.7699966430664,88.68000030517578,41723300
2014-03-26,79.47416687011719,87.37000274658203,89.1500015258789,87.36000061035156,88.94999694824219,40930400
2014-03-27,79.0284423828125,86.87999725341797,87.63999938964844,86.4000015258789,87.25,64784500
2014-03-28,79.1830825805664,87.05000305175781,88.01000213623047,86.80999755859375,87.16000366210938,39895100
2014-03-31,79.7470703125,87.66999816894531,88.26000213623047,87.62000274658203,87.7300033569336,33924300
2014-04-01,81.14787292480469,89.20999908447266,89.2699966430664,87.70999908447266,88.0999984741211,38683800
2014-04-02,81.35710144042969,89.44000244140625,89.68000030517578,89.04000091552734,89.58999633789062,34631600
2014-04-03,80.71127319335938,88.7300033569336,89.68000030517578,88.22000122070312,89.52999877929688,30319100
2014-04-04,78.5645523071289,86.37000274658203,89.41000366210938,86.13999938964844,89.31999969482422,131213200
2014-04-07,77.81864166259766,85.55000305175781,86.62999725341797,84.94999694824219,85.83000183105469,83995800
2014-04-08,78.53721618652344,86.33999633789062,86.45999908447266,85.3499984741211,85.6500015258789,51495700
2014-04-09,79.88348388671875,87.81999969482422,87.87000274658203,86.43000030517578,86.66000366210938,45685200
2014-04-10,77.40930938720703,85.0999984741211,87.87999725341797,84.86000061035156,87.87999725341797,73659600
2014-04-11,76.50879669189453,84.11000061035156,85.44000244140625,83.91000366210938,84.33999633789062,93657400
2014-04-14,77.10913848876953,84.7699966430664,85.22000122070312,83.98999786376953,84.8499984741211,46500700
2014-04-15,77.36383819580078,85.05000305175781,85.54000091552734,83.27999877929688,85.08000183105469,84631500
2014-04-16,78.3917007446289,86.18000030517578,86.18000030517578,85.08999633789062,85.79000091552734,46970900
2014-04-17,78.40988159179688,86.19999694824219,86.62999725341797,85.62999725341797,85.8499984741211,53719500
2014-04-21,78.99205017089844,86.83999633789062,86.83999633789062,86.0,86.4000015258789,25947900
2014-04-22,79.61969757080078,87.52999877929688,87.75,86.98999786376953,87.13999938964844,38593400
2014-04-23,78.9192886352539,86.76000213623047,87.55999755859375,86.70999908447266,87.52999877929688,34376700
2014-04-24,79.67425537109375,87.58999633789062,88.20999908447266,86.6500015258789,88.19000244140625,48926300
2014-04-25,78.40080261230469,86.19000244140625,87.16999816894531,85.9800033569336,87.06999969482422,44334000
2014-04-28,78.65550231933594,86.47000122070312,87.11000061035156,85.11000061035156,86.5999984741211,58623800
2014-04-29,79.28315734863281,87.16000366210938,87.31999969482422,86.30999755859375,86.7300033569336,36742700
2014-04-30,79.49231719970703,87.38999938964844,87.4800033569336,86.54000091552734,86.76000213623047,38689400
2014-05-01,79.72885131835938,87.6500015258789,88.1500015258789,87.30999755859375,87.52999877929688,37127200
2014-05-02,79.58332061767578,87.48999786376953,88.11000061035156,87.27999877929688,87.94999694824219,40074200
2014-05-05,80.00173950195312,87.94999694824219,87.97000122070312,86.76000213623047,86.97000122070312,27924400
2014-05-06,78.96476745605469,86.80999755859375,87.86000061035156,86.7699966430664,87.80999755859375,33698500
2014-05-07,78.73735809326172,86.55999755859375,87.08000183105469,85.52999877929688,86.98999786376953,67489100
2014-05-08,78.66459655761719,86.4800033569336,87.52999877929688,86.05000305175781,86.25,46556900
2014-05-09,78.95567321777344,86.80000305175781,86.86000061035156,85.8499984741211,86.43000030517578,35081500
2014-05-12,80.25645446777344,88.2300033569336,88.26000213623047,87.23999786376953,87.31999969482422,38951100
2014-05-13,80.31099700927734,88.29000091552734,88.61000061035156,88.12000274658203,88.30999755859375,30311900
2014-05-14,79.892578125,87.83000183105469,88.3499984741211,87.62000274658203,88.0199966430664,26483600
2014-05-15,79.26493835449219,87.13999938964844,87.95999908447266,86.58000183105469,87.80999755859375,59680300
2014-05-16,79.78340911865234,87.70999908447266,87.76000213623047,86.63999938964844,87.23999786376953,66804100
2014-05-19,80.33830261230469,88.31999969482422,88.45999908447266,87.30000305175781,87.44999694824219,32017000
2014-05-20,80.04722595214844,88.0,88.5999984741211,87.63999938964844,88.27999877929688,33716000
2014-05-21,80.8113021850586,88.83999633789062,88.88999938964844,88.11000061035156,88.16000366210938,36837700
2014-05-22,81.16606903076172,89.2300033569336,89.4800033569336,88.80000305175781,88.94000244140625,30617100
2014-05-23,81.75733947753906,89.87999725341797,89.9000015258789,89.12000274658203,89.31999969482422,22687300
2014-05-27,82.77608489990234,91.0,91.0199966430664,90.19999694824219,90.27999877929688,29725200
2014-05-28,82.52143096923828,90.72000122070312,91.0999984741211,90.6500015258789,90.97000122070312,30468100
2014-05-29,83.04901123046875,91.30000305175781,91.30999755859375,90.86000061035156,91.04000091552734,33036100
2014-05-30,83.05807495117188,91.30999755859375,91.44999694824219,90.83000183105469,91.31999969482422,29906400
2014-06-02,82.9762191772461,91.22000122070312,91.44000244140625,90.63999938964844,91.41999816894531,30409900
2014-06-03,82.9398422241211,91.18000030517578,91.33000183105469,90.80000305175781,90.91999816894531,21774500
2014-06-04,83.24910736083984,91.5199966430664,91.66999816894531,90.80999755859375,90.94999694824219,20118300
2014-06-05,83.94953155517578,92.29000091552734,92.45999908447266,91.29000091552734,91.5999984741211,35583100
2014-06-06,84.43161010742188,92.81999969482422,92.81999969482422,92.44999694824219,92.62999725341797,22680600
2014-06-09,84.36795806884766,92.75,92.9800033569336,92.5,92.83999633789062,23399500
2014-06-10,84.51351928710938,92.91000366210938,92.95999908447266,92.55999755859375,92.66999816894531,20626000
2014-06-11,84.49527740478516,92.88999938964844,93.0199966430664,92.5,92.58999633789062,22878200
2014-06-12,83.73121643066406,92.05000305175781,92.79000091552734,91.7300033569336,92.69000244140625,35275900
2014-06-13,83.9768295288086,92.31999969482422,92.55000305175781,91.91999816894531,92.44999694824219,39447100
2014-06-16,84.04959869384766,92.4000015258789,92.66999816894531,91.95999908447266,92.16000366210938,25212300
2014-06-17,84.09504699707031,92.44999694824219,92.69999694824219,92.18000030517578,92.33000183105469,19977900
2014-06-18,84.56809997558594,92.97000122070312,93.0999984741211,91.9800033569336,92.54000091552734,34514000
2014-06-19,84.51351928710938,92.91000366210938,93.16999816894531,92.48999786376953,93.11000061035156,38422200
2014-06-20,84.61289978027344,92.7699966430664,92.87000274658203,92.52999877929688,92.69999694824219,25897500
2014-06-23,84.63114929199219,92.79000091552734,92.81999969482422,92.51000213623047,92.76000213623047,20837900
2014-06-24,84.54911041259766,92.69999694824219,93.56999969482422,92.43000030517578,92.77999877929688,31945800
2014-06-25,85.08721160888672,93.29000091552734,93.44999694824219,92.4800033569336,92.48999786376953,32818600
2014-06-26,85.1328353881836,93.33999633789062,93.36000061035156,92.62000274658203,93.3499984741211,22563900
2014-06-27,85.5067367553711,93.75,93.7699966430664,93.19000244140625,93.22000122070312,22877800
2014-06-30,85.6526870727539,93.91000366210938,94.13999938964844,93.66999816894531,93.7300033569336,19751900
2014-07-01,86.59212493896484,94.94000244140625,95.19000244140625,94.19999694824219,94.23999786376953,31862500
2014-07-02,86.73805236816406,95.0999984741211,95.23999786376953,94.91000366210938,95.0,18777300
2014-07-03,87.2853012084961,95.69999694824219,95.69999694824219,95.1500015258789,95.41000366210938,15291700
2014-07-07,87.02078247070312,95.41000366210938,95.70999908447266,95.2300033569336,95.58999633789062,23266400
2014-07-08,85.97193145751953,94.26000213623047,95.30000305175781,93.87000274658203,95.2300033569336,40612400
2014-07-09,86.61034393310547,94.95999908447266,95.06999969482422,94.23999786376953,94.51000213623047,29919000
2014-07-10,86.33672332763672,94.66000366210938,95.05000305175781,93.62999725341797,93.73999786376953,44245300
2014-07-11,86.8930892944336,95.2699966430664,95.2699966430664,94.61000061035156,94.9000015258789,19566300
2014-07-14,87.41297149658203,95.83999633789062,96.05999755859375,95.54000091552734,95.69999694824219,19579000
2014-07-15,87.11200714111328,95.51000213623047,96.12999725341797,94.83000183105469,95.98999786376953,39467500
2014-07-16,87.45860290527344,95.88999938964844,96.30000305175781,95.79000091552734,96.19999694824219,22052600
2014-07-17,86.30024719238281,94.62000274658203,95.97000122070312,94.31999969482422,95.62999725341797,43111500
2014-07-18,87.6683578491211,96.12000274658203,96.16999816894531,95.0,95.11000061035156,36682200
2014-07-21,87.55890655517578,96.0,96.16000366210938,95.55000305175781,95.91999816894531,29750700
2014-07-22,88.11526489257812,96.61000061035156,96.76000213623047,96.3499984741211,96.44999694824219,25770400
2014-07-23,88.68077087402344,97.2300033569336,97.33999633789062,96.7699966430664,96.94999694824219,28947500
2014-07-24,88.58041381835938,97.12000274658203,97.51000213623047,96.9800033569336,97.4000015258789,24707200
2014-07-25,88.23384857177734,96.73999786376953,96.87000274658203,96.2300033569336,96.62000274658203,29898900
2014-07-28,88.26119995117188,96.7699966430664,97.0199966430664,96.0199966430664,96.83999633789062,25603400
2014-07-29,88.1061782836914,96.5999984741211,97.19999694824219,96.5199966430664,96.9800033569336,27022200
2014-07-30,88.45275115966797,96.9800033569336,97.31999969482422,96.5999984741211,97.13999938964844,35348500
2014-07-31,86.66507720947266,95.0199966430664,96.33999633789062,94.87999725341797,96.18000030517578,50047900
2014-08-01,86.34585571289062,94.66999816894531,95.33999633789062,94.04000091552734,94.81999969482422,60708000
2014-08-04,86.93870544433594,95.31999969482422,95.69000244140625,94.5199966430664,94.87000274658203,33230500
2014-08-05,86.27289581298828,94.58999633789062,95.20999908447266,94.1500015258789,94.94000244140625,50331100
2014-08-06,86.20905303955078,94.5199966430664,95.11000061035156,93.91999816894531,94.0,34431900
2014-08-07,85.93541717529297,94.22000122070312,95.13999938964844,93.88999938964844,94.95999908447266,33274700
2014-08-08,86.55562591552734,94.9000015258789,95.01000213623047,93.97000122070312,94.37000274658203,40236900
2014-08-11,87.0663833618164,95.45999908447266,95.76000213623047,95.19999694824219,95.2699966430664,28277500
2014-08-12,87.02987670898438,95.41999816894531,95.66999816894531,94.93000030517578,95.36000061035156,28152300
2014-08-13,87.95111846923828,96.43000030517578,96.47000122070312,95.76000213623047,95.80999755859375,27996500
2014-08-14,88.40713500976562,96.93000030517578,96.94999694824219,96.43000030517578,96.55999755859375,25006600
2014-08-15,88.83580780029297,97.4000015258789,97.62999725341797,96.4800033569336,97.48999786376953,55205500
2014-08-18,89.51985931396484,98.1500015258789,98.23999786376953,97.7699966430664,97.91000366210938,38938300
2014-08-19,90.02149963378906,98.69999694824219,98.76000213623047,98.31999969482422,98.37999725341797,21363400
2014-08-20,90.02149963378906,98.69999694824219,98.9000015258789,98.52999877929688,98.62000274658203,23435600
2014-08-21,90.20389556884766,98.9000015258789,98.94999694824219,98.5999984741211,98.75,19339500
2014-08-22,90.34073638916016,99.05000305175781,99.25,98.72000122070312,98.94000244140625,24692000
2014-08-25,90.65996551513672,99.4000015258789,99.68000030517578,99.16000366210938,99.5199966430664,24124700
2014-08-26,90.75115966796875,99.5,99.61000061035156,99.2699966430664,99.55000305175781,20100400
2014-08-27,90.76937103271484,99.5199966430664,99.63999938964844,99.30999755859375,99.52999877929688,15589100
2014-08-28,90.66909790039062,99.41000366210938,99.52999877929688,99.08000183105469,99.18000030517578,23563900
2014-08-29,91.00655364990234,99.77999877929688,99.91000366210938,99.2699966430664,99.62999725341797,17906300
2014-09-02,91.27104949951172,100.06999969482422,100.0999984741211,99.66000366210938,100.0199966430664,18326800
2014-09-03,90.73294830322266,99.4800033569336,100.33999633789062,99.30000305175781,100.33999633789062,25950700
2014-09-04,90.65084838867188,99.38999938964844,100.22000122070312,99.13999938964844,99.70999908447266,24663500
2014-09-05,91.10688018798828,99.88999938964844,99.94999694824219,99.02999877929688,99.54000091552734,30798200
2014-09-08,91.28018188476562,100.08000183105469,100.33000183105469,99.62000274658203,99.91999816894531,25571300
2014-09-09,90.52315521240234,99.25,100.45999908447266,99.05999755859375,100.08999633789062,36449200
2014-09-10,91.27104949951172,100.06999969482422,100.11000061035156,99.0999984741211,99.37999725341797,31080100
2014-09-11,91.19807434082031,99.98999786376953,100.04000091552734,99.23999786376953,99.63999938964844,28691900
2014-09-12,90.73294830322266,99.4800033569336,99.93000030517578,99.16999816894531,99.9000015258789,30444400
2014-09-15,89.8573226928711,98.5199966430664,99.5999984741211,98.22000122070312,99.58999633789062,32972200
2014-09-16,90.64168548583984,99.37999725341797,99.56999969482422,98.05000305175781,98.1500015258789,38166900
2014-09-17,90.77852630615234,99.52999877929688,100.0,98.93000030517578,99.36000061035156,37196500
2014-09-18,91.46257019042969,100.27999877929688,100.29000091552734,99.7300033569336,99.83999633789062,30196700
2014-09-19,91.40587615966797,99.9800033569336,100.55999755859375,99.58000183105469,100.45999908447266,46918000
2014-09-22,90.55565643310547,99.05000305175781,99.75,98.62000274658203,99.73999786376953,48658000
2014-09-23,90.30877685546875,98.77999877929688,99.22000122070312,98.58000183105469,98.6500015258789,33989600
2014-09-24,91.27788543701172,99.83999633789062,99.88999938964844,98.54000091552734,98.87999725341797,35959000
2014-09-25,89.35799407958984,97.73999786376953,99.6500015258789,97.69999694824219,99.5199966430664,68642500
2014-09-26,90.30877685546875,98.77999877929688,98.95999908447266,97.88999938964844,98.05999755859375,56106200
2014-09-29,90.18995666503906,98.6500015258789,98.91999816894531,97.75,97.80000305175781,33342700
2014-09-30,90.31795501708984,98.79000091552734,99.30000305175781,98.31999969482422,98.91999816894531,41834300
2014-10-01,88.87342834472656,97.20999908447266,98.61000061035156,96.9000015258789,98.51000213623047,58164900
2014-10-02,88.87342834472656,97.20999908447266,97.51000213623047,95.97000122070312,97.16999816894531,54501300
2014-10-03,89.75110626220703,98.16999816894531,98.56999969482422,97.44000244140625,97.77999877929688,41627800
2014-10-06,89.55912017822266,97.95999908447266,98.72000122070312,97.66000366210938,98.4800033569336,36038700
2014-10-07,88.28832244873047,96.56999969482422,97.77999877929688,96.55999755859375,97.5,45154000
2014-10-08,90.00713348388672,98.44999694824219,98.76000213623047,96.05999755859375,96.62000274658203,64931600
2014-10-09,88.55347442626953,96.86000061035156,98.56999969482422,96.70999908447266,98.31999969482422,62497100
2014-10-10,86.34101104736328,94.44000244140625,96.83000183105469,94.41999816894531,96.29000091552734,77579400
2014-10-13,84.9879150390625,92.95999908447266,94.98999786376953,92.87999725341797,94.2699966430664,80835900
2014-10-14,84.99707794189453,92.97000122070312,94.16999816894531,92.70999908447266,93.54000091552734,71814500
2014-10-15,84.44851684570312,92.37000274658203,92.76000213623047,90.23999786376953,91.56999969482422,108847800
2014-10-16,83.91822814941406,91.79000091552734,92.58000183105469,90.38999938964844,90.41999816894531,93165800
2014-10-17,85.0245132446289,93.0,93.88999938964844,92.45999908447266,93.0,69546700
2014-10-20,86.29529571533203,94.38999938964844,94.47000122070312,92.80000305175781,92.98999786376953,41479300
2014-10-21,88.56259155273438,96.87000274658203,96.87000274658203,95.31999969482422,95.55999755859375,53609800
2014-10-22,88.10548400878906,96.37000274658203,97.30000305175781,96.30999755859375,97.16999816894531,39178000
2014-10-23,89.43111419677734,97.81999969482422,98.36000061035156,97.16999816894531,97.33999633789062,48123800
2014-10-24,90.16251373291016,98.62000274658203,98.69000244140625,97.63999938964844,98.02999877929688,43157600
2014-10-27,90.22653198242188,98.69000244140625,98.87000274658203,98.0199966430664,98.43000030517578,29545700
2014-10-28,91.5887222290039,100.18000030517578,100.19999694824219,99.08000183105469,99.1500015258789,34495100
2014-10-29,91.25045776367188,99.80999755859375,100.12000274658203,99.0999984741211,99.8499984741211,40552800
2014-10-30,91.44245147705078,100.0199966430664,100.26000213623047,99.13999938964844,99.36000061035156,35935800
2014-10-31,92.70413970947266,101.4000015258789,101.75,101.06999969482422,101.68000030517578,54254100
2014-11-03,92.9783706665039,101.69999694824219,101.97000122070312,101.43000030517578,101.58000183105469,33481000
2014-11-04,92.66754913330078,101.36000061035156,101.62000274658203,100.66999816894531,101.37999725341797,22773300
2014-11-05,92.67668914794922,101.37000274658203,102.02999877929688,101.0199966430664,102.02999877929688,25818600
2014-11-06,92.96925354003906,101.69000244140625,101.72000122070312,100.91999816894531,101.36000061035156,24671900
2014-11-07,92.8869400024414,101.5999984741211,101.91000366210938,101.06999969482422,101.87000274658203,20931700
2014-11-10,93.21607208251953,101.95999908447266,102.08999633789062,101.37999725341797,101.6500015258789,20360000
2014-11-11,93.5086441040039,102.27999877929688,102.27999877929688,101.69999694824219,101.9800033569336,15454000
2014-11-12,93.6732177734375,102.45999908447266,102.56999969482422,101.87000274658203,101.87000274658203,22050300
2014-11-13,94.07547760009766,102.9000015258789,103.27999877929688,102.41999816894531,102.6500015258789,28027800
2014-11-14,94.3680419921875,103.22000122070312,103.22000122070312,102.52999877929688,102.87000274658203,19251300
2014-11-17,94.08464050292969,102.91000366210938,103.20999908447266,102.41999816894531,102.9800033569336,23361600
2014-11-18,94.78858947753906,103.68000030517578,103.81999969482422,102.98999786376953,103.0,26336800
2014-11-19,94.35889434814453,103.20999908447266,103.56999969482422,102.7300033569336,103.56999969482422,23760200
2014-11-20,94.77945709228516,103.66999816894531,103.76000213623047,102.69000244140625,102.7699966430664,22874000
2014-11-21,94.96229553222656,103.87000274658203,104.69000244140625,103.54000091552734,104.58999633789062,34049100
2014-11-24,95.70285034179688,104.68000030517578,104.7300033569336,104.05999755859375,104.1500015258789,17928300
2014-11-25,95.8490982055664,104.83999633789062,105.1500015258789,104.56999969482422,104.83999633789062,17526000
2014-11-26,96.47076416015625,105.5199966430664,105.58000183105469,104.83000183105469,104.94000244140625,18973800
2014-11-28,96.91877746582031,106.01000213623047,106.25,105.7300033569336,105.80000305175781,17360400
2014-12-01,95.8216552734375,104.80999755859375,105.91999816894531,104.41999816894531,105.72000122070312,35969500
2014-12-02,96.2056655883789,105.2300033569336,105.41999816894531,104.69999694824219,104.91999816894531,26031300
2014-12-03,96.37935638427734,105.41999816894531,105.56999969482422,104.76000213623047,105.38999938964844,32974300
2014-12-04,96.33365631103516,105.37000274658203,105.77999877929688,104.93000030517578,105.31999969482422,31008800
2014-12-05,96.34281158447266,105.37999725341797,105.69999694824219,105.1500015258789,105.54000091552734,25622200
2014-12-08,95.65711975097656,104.62999725341797,105.56999969482422,104.08000183105469,105.11000061035156,32685800
2014-12-09,95.95882415771484,104.95999908447266,105.04000091552734,103.04000091552734,103.41000366210938,46035100
2014-12-10,94.45032501220703,103.30999755859375,105.02999877929688,103.12000274658203,104.7699966430664,39330100
2014-12-11,94.89828491210938,103.80000305175781,105.04000091552734,103.58999633789062,103.61000061035156,47576000
2014-12-12,93.86519622802734,102.66999816894531,103.98999786376953,102.66000366210938,102.80999755859375,46889400
2014-12-15,92.89612579345703,101.61000061035156,103.58000183105469,101.31999969482422,103.19999694824219,52968400
2014-12-16,91.40587615966797,99.9800033569336,102.47000122070312,99.95999908447266,100.97000122070312,65348600
2014-12-17,93.06981658935547,101.80000305175781,102.08999633789062,99.91999816894531,100.05000305175781,79715300
2014-12-18,95.30972290039062,104.25,104.26000213623047,102.9800033569336,103.26000213623047,49840900
2014-12-19,95.72906494140625,104.31999969482422,104.73999786376953,103.70999908447266,103.97000122070312,51419900
2014-12-22,95.96766662597656,104.58000183105469,104.61000061035156,104.0999984741211,104.1500015258789,33869200
2014-12-23,95.62813568115234,104.20999908447266,104.97000122070312,104.08999633789062,104.95999908447266,30156900
2014-12-24,95.71072387695312,104.30000305175781,104.69999694824219,104.2699966430664,104.33999633789062,14291300
2014-12-26,96.38976287841797,105.04000091552734,105.26000213623047,104.56999969482422,104.5999984741211,13924300
2014-12-29,96.37142944335938,105.0199966430664,105.25,104.87999725341797,104.94000244140625,17073800
2014-12-30,95.72906494140625,104.31999969482422,104.95999908447266,104.18000030517578,104.72000122070312,18604000
2014-12-31,94.7471923828125,103.25,104.91000366210938,103.0999984741211,104.5,24367100
2015-01-02,94.46271514892578,102.94000244140625,104.19999694824219,102.44000244140625,103.76000213623047,31314600
2015-01-05,93.07707977294922,101.43000030517578,102.61000061035156,101.13999938964844,102.48999786376953,36521300
2015-01-06,91.82906341552734,100.06999969482422,101.75,99.62000274658203,101.58000183105469,66205500
2015-01-07,93.01282501220703,101.36000061035156,101.5999984741211,100.48999786376953,100.7300033569336,37577400
2015-01-08,94.79308319091797,103.30000305175781,103.5,102.11000061035156,102.22000122070312,40212600
2015-01-09,94.16905212402344,102.62000274658203,103.6500015258789,102.0199966430664,103.62000274658203,41410100
2015-01-12,93.1872329711914,101.55000305175781,102.93000030517578,101.29000091552734,102.81999969482422,34129800
2015-01-13,93.15966796875,101.5199966430664,103.62000274658203,100.69999694824219,102.54000091552734,56162300
2015-01-14,92.645751953125,100.95999908447266,101.4800033569336,100.06999969482422,100.5,51354200
2015-01-15,91.44368743896484,99.6500015258789,101.58999633789062,99.52999877929688,101.43000030517578,51005400
2015-01-16,92.5173110961914,100.81999969482422,100.94999694824219,99.36000061035156,99.5199966430664,35362200
2015-01-20,93.25141143798828,101.62000274658203,101.87999725341797,100.29000091552734,101.43000030517578,30964100
2015-01-21,93.72859954833984,102.13999938964844,102.62000274658203,100.95999908447266,101.31999969482422,40128800
2015-01-22,95.46295166015625,104.02999877929688,104.13999938964844,101.63999938964844,102.54000091552734,40887200
2015-01-23,95.67398834228516,104.26000213623047,104.58000183105469,103.72000122070312,104.0199966430664,34783000
2015-01-26,95.5638656616211,104.13999938964844,104.33000183105469,103.61000061035156,104.13999938964844,19960900
2015-01-27,93.08622741699219,101.44000244140625,102.55999755859375,101.0999984741211,102.5,45253200
2015-01-28,92.60907745361328,100.91999816894531,103.18000030517578,100.9000015258789,103.06999969482422,43591700
2015-01-29,93.49918365478516,101.88999938964844,102.08000183105469,99.95999908447266,100.83999633789062,46539700
2015-01-30,92.77425384521484,101.0999984741211,102.58000183105469,100.95999908447266,101.80000305175781,42927600
2015-02-02,93.58174896240234,101.9800033569336,102.06999969482422,99.75,101.33000183105469,43624700
2015-02-03,94.48106384277344,102.95999908447266,103.02999877929688,101.68000030517578,102.3499984741211,30750400
2015-02-04,94.39848327636719,102.87000274658203,103.55000305175781,102.30999755859375,102.54000091552734,34073200
2015-02-05,95.21517944335938,103.76000213623047,103.83000183105469,102.87000274658203,103.12999725341797,23605500
2015-02-06,94.63707733154297,103.12999725341797,104.16999816894531,102.76000213623047,103.91999816894531,34169300
2015-02-09,94.334228515625,102.80000305175781,103.29000091552734,102.55000305175781,102.7300033569336,22604700
2015-02-10,95.80245971679688,104.4000015258789,104.54000091552734,103.20999908447266,103.37000274658203,23686500
2015-02-11,96.15116882324219,104.77999877929688,105.0199966430664,104.31999969482422,104.5199966430664,20303600
2015-02-12,97.27072143554688,106.0,106.04000091552734,105.30000305175781,105.45999908447266,22520300
2015-02-13,98.10578918457031,106.91000366210938,106.93000030517578,106.0999984741211,106.30000305175781,29030200
2015-02-17,98.19752502441406,107.01000213623047,107.08000183105469,106.63999938964844,106.91000366210938,17675300
2015-02-18,98.33519744873047,107.16000366210938,107.22000122070312,106.73999786376953,106.87999725341797,15149600
2015-02-19,98.82154083251953,107.69000244140625,107.76000213623047,107.05999755859375,107.08999633789062,19828100
2015-02-20,99.48226165771484,108.41000366210938,108.47000122070312,107.27999877929688,107.62000274658203,28336700
2015-02-23,99.58317565917969,108.5199966430664,108.55000305175781,108.11000061035156,108.3499984741211,17868000
2015-02-24,99.65662384033203,108.5999984741211,108.7300033569336,108.05000305175781,108.37999725341797,19745000
2015-02-25,99.40884399414062,108.33000183105469,108.86000061035156,108.08999633789062,108.44000244140625,19472300
2015-02-26,99.91354370117188,108.87999725341797,108.94000244140625,108.13999938964844,108.44000244140625,22255500
2015-02-27,99.47306823730469,108.4000015258789,108.91000366210938,108.2300033569336,108.83999633789062,27757600
2015-03-02,100.37238311767578,109.37999725341797,109.41999816894531,108.58999633789062,108.61000061035156,22988600
2015-03-03,99.90435791015625,108.87000274658203,109.16000366210938,108.18000030517578,109.05000305175781,20788900
2015-03-04,99.51892852783203,108.44999694824219,108.66999816894531,107.86000061035156,108.51000213623047,21007400
2015-03-05,99.69331359863281,108.63999938964844,108.97000122070312,108.19000244140625,108.7300033569336,15381000
2015-03-06,98.5645980834961,107.41000366210938,108.70999908447266,107.13999938964844,108.5,30990400
2015-03-09,98.84909057617188,107.72000122070312,107.98999786376953,107.19000244140625,107.62999725341797,26237100
2015-03-10,97.01378631591797,105.72000122070312,106.9800033569336,105.72000122070312,106.94999694824219,34234500
2015-03-11,96.45401763916016,105.11000061035156,106.01000213623047,105.06999969482422,105.87999725341797,25459700
2015-03-12,97.0871810913086,105.80000305175781,105.91999816894531,104.95999908447266,105.02999877929688,21473200
2015-03-13,96.66506958007812,105.33999633789062,106.12000274658203,104.68000030517578,105.69999694824219,42021100
2015-03-16,97.9130630493164,106.69999694824219,106.73999786376953,105.62000274658203,105.7300033569336,25674100
2015-03-17,98.0690689086914,106.87000274658203,107.04000091552734,106.16000366210938,106.41000366210938,19603800
2015-03-18,99.03260803222656,107.91999816894531,108.41000366210938,106.02999877929688,106.58000183105469,40622200
2015-03-19,99.17943572998047,108.08000183105469,108.37999725341797,107.87000274658203,108.02999877929688,31314000
2015-03-20,99.82140350341797,108.52999877929688,109.06999969482422,108.51000213623047,108.72000122070312,31761400
2015-03-23,99.62825012207031,108.31999969482422,108.7699966430664,108.27999877929688,108.47000122070312,17268500
2015-03-24,99.26957702636719,107.93000030517578,108.80999755859375,107.91000366210938,108.30999755859375,22445300
2015-03-25,96.99777221679688,105.45999908447266,108.19999694824219,105.41999816894531,108.0999984741211,41581400
2015-03-26,96.66664123535156,105.0999984741211,105.69999694824219,104.23999786376953,104.58999633789062,47846300
2015-03-27,97.05292510986328,105.5199966430664,105.7699966430664,104.91999816894531,105.08000183105469,33878400
2015-03-30,98.1658706665039,106.7300033569336,106.81999969482422,106.16000366210938,106.16000366210938,30570200
2015-03-31,97.12651824951172,105.5999984741211,106.6500015258789,105.56999969482422,106.43000030517578,30488100
2015-04-01,96.62066650390625,105.05000305175781,105.62000274658203,104.37000274658203,105.5999984741211,32970500
2015-04-02,96.68505859375,105.12000274658203,105.45999908447266,104.77999877929688,105.1500015258789,19164200
2015-04-06,97.47602081298828,105.9800033569336,106.2699966430664,104.33999633789062,104.5,24451100
2015-04-07,97.31047058105469,105.80000305175781,106.69999694824219,105.80000305175781,105.91999816894531,19379400
2015-04-08,98.08306884765625,106.63999938964844,106.79000091552734,105.83000183105469,105.83999633789062,25866900
2015-04-09,98.6993179321289,107.30999755859375,107.3499984741211,106.2300033569336,106.58999633789062,23114700
2015-04-10,99.10401153564453,107.75,107.76000213623047,107.02999877929688,107.2699966430664,17164300
2015-04-13,98.85566711425781,107.4800033569336,108.37999725341797,107.36000061035156,107.83000183105469,17783500
2015-04-14,98.5705795288086,107.16999816894531,107.68000030517578,106.55999755859375,107.37000274658203,23755700
2015-04-15,99.1867904663086,107.83999633789062,108.06999969482422,107.31999969482422,107.44999694824219,21128600
2015-04-16,99.048828125,107.69000244140625,107.87999725341797,107.4000015258789,107.55000305175781,16195300
2015-04-17,97.5036392211914,106.01000213623047,106.94999694824219,105.55000305175781,106.66000366210938,46514000
2015-04-20,98.96604919433594,107.5999984741211,107.79000091552734,106.5,106.54000091552734,28945900
2015-04-21,99.3891372680664,108.05999755859375,108.41000366210938,107.93000030517578,108.22000122070312,22759800
2015-04-22,99.9317855834961,108.6500015258789,108.83000183105469,107.63999938964844,108.33999633789062,21429200
2015-04-23,100.30888366699219,109.05999755859375,109.55000305175781,108.26000213623047,108.27999877929688,29473200
2015-04-24,101.67012786865234,110.54000091552734,110.69000244140625,110.02999877929688,110.20999908447266,32508100
2015-04-27,101.41261291503906,110.26000213623047,111.16000366210938,110.0199966430664,110.94999694824219,31121300
2015-04-28,101.21026611328125,110.04000091552734,110.55000305175781,109.11000061035156,110.33999633789062,36849200
2015-04-29,100.57559967041016,109.3499984741211,110.06999969482422,108.75,109.43000030517578,34043900
2015-04-30,98.99364471435547,107.62999725341797,109.16999816894531,107.05999755859375,108.7300033569336,44080500
2015-05-01,100.2997055053711,109.05000305175781,109.12000274658203,108.02999877929688,108.05000305175781,32874300
2015-05-04,100.46527862548828,109.2300033569336,109.91000366210938,109.16999816894531,109.4000015258789,23507300
2015-05-05,98.82806396484375,107.44999694824219,109.0,107.4000015258789,108.80000305175781,47843300
2015-05-06,98.1474838256836,106.70999908447266,107.94999694824219,106.0,107.63999938964844,42687200
2015-05-07,98.73612213134766,107.3499984741211,107.6500015258789,106.5999984741211,106.68000030517578,29335800
2015-05-08,99.96857452392578,108.69000244140625,108.91999816894531,108.30000305175781,108.45999908447266,33023300
2015-05-11,99.58228302001953,108.2699966430664,108.9800033569336,108.19000244140625,108.76000213623047,19679300
2015-05-12,99.1316146850586,107.77999877929688,108.33000183105469,106.80000305175781,107.62999725341797,33665000
2015-05-13,99.33394622802734,108.0,108.80999755859375,107.83999633789062,108.25,20738400
2015-05-14,100.78716278076172,109.58000183105469,109.66999816894531,108.4800033569336,108.87999725341797,23904200
2015-05-15,100.78716278076172,109.58000183105469,110.01000213623047,109.30999755859375,109.86000061035156,23937400
2015-05-18,101.22864532470703,110.05999755859375,110.27999877929688,109.31999969482422,109.4000015258789,17631100
2015-05-19,101.1182861328125,109.94000244140625,110.3499984741211,109.76000213623047,110.18000030517578,14212900
2015-05-20,101.18267059326172,110.01000213623047,110.66999816894531,109.43000030517578,110.0199966430664,21131900
2015-05-21,101.70692443847656,110.58000183105469,110.7300033569336,109.66000366210938,109.81999969482422,16771800
2015-05-22,101.60575866699219,110.47000122070312,110.87000274658203,110.37999725341797,110.44999694824219,13543800
2015-05-26,100.43765258789062,109.19999694824219,110.37999725341797,108.76000213623047,110.2300033569336,25488400
2015-05-27,102.05644989013672,110.95999908447266,111.08000183105469,109.29000091552734,109.52999877929688,30572700
2015-05-28,101.82648468017578,110.70999908447266,111.01000213623047,110.37000274658203,110.75,17302400
2015-05-29,101.2194595336914,110.05000305175781,110.79000091552734,109.79000091552734,110.63999938964844,30383000
2015-06-01,101.55974578857422,110.41999816894531,110.72000122070312,109.5199966430664,110.63999938964844,24570200
2015-06-02,101.23785400390625,110.06999969482422,110.61000061035156,109.47000122070312,110.01000213623047,19449600
2015-06-03,101.54133605957031,110.4000015258789,110.80999755859375,110.12999725341797,110.56999969482422,20507200
2015-06-04,100.76876068115234,109.55999755859375,110.4800033569336,109.20999908447266,109.77999877929688,31374600
2015-06-05,100.5296630859375,109.30000305175781,109.69000244140625,108.62999725341797,109.43000030517578,22641700
2015-06-08,99.50871276855469,108.19000244140625,109.33000183105469,107.97000122070312,109.25,24549200
2015-06-09,99.34314727783203,108.01000213623047,108.4000015258789,107.19999694824219,107.93000030517578,27554600
2015-06-10,100.70437622070312,109.48999786376953,109.80999755859375,108.26000213623047,108.37999725341797,30297900
2015-06-11,100.85153198242188,109.6500015258789,110.1500015258789,109.45999908447266,109.86000061035156,17593500
2015-06-12,100.0237808227539,108.75,109.30000305175781,108.5999984741211,109.06999969482422,27201800
2015-06-15,99.5270767211914,108.20999908447266,108.37999725341797,107.30999755859375,107.94000244140625,31238800
2015-06-16,100.06974029541016,108.80000305175781,108.9800033569336,108.05000305175781,108.0999984741211,16456900
2015-06-17,100.34567260742188,109.0999984741211,109.44999694824219,108.43000030517578,108.9800033569336,23296700
2015-06-18,101.80810546875,110.69000244140625,110.87999725341797,109.44000244140625,109.5,43032400
2015-06-19,101.30474853515625,109.88999938964844,110.58000183105469,109.80999755859375,110.48999786376953,27877600
2015-06-22,102.05146789550781,110.69999694824219,111.02999877929688,110.44999694824219,110.69999694824219,19120900
2015-06-23,102.13446044921875,110.79000091552734,110.88999938964844,110.33000183105469,110.81999969482422,18127900
2015-06-24,101.6089859008789,110.22000122070312,111.12999725341797,110.19000244140625,110.66000366210938,15815900
2015-06-25,101.40617370605469,110.0,110.76000213623047,109.81999969482422,110.6500015258789,18326700
2015-06-26,100.73316955566406,109.2699966430664,110.2300033569336,108.86000061035156,109.9800033569336,32311700
2015-06-29,98.35476684570312,106.69000244140625,108.66000366210938,106.63999938964844,108.05999755859375,50874900
2015-06-30,98.70507049560547,107.06999969482422,107.72000122070312,106.73999786376953,107.48999786376953,34809900
2015-07-01,99.4886474609375,107.91999816894531,108.3499984741211,107.41999816894531,108.12999725341797,21293000
2015-07-02,99.51629638671875,107.94999694824219,108.31999969482422,107.62000274658203,108.2300033569336,20499400
2015-07-06,99.28584289550781,107.69999694824219,108.31999969482422,107.04000091552734,107.2699966430664,24311000
2015-07-07,99.53474426269531,107.97000122070312,108.06999969482422,105.83000183105469,107.81999969482422,44230800
2015-07-08,97.80162048339844,106.08999633789062,107.33000183105469,105.88999938964844,107.19999694824219,39691500
2015-07-09,97.74632263183594,106.02999877929688,107.5999984741211,106.0199966430664,107.5,28381000
2015-07-10,99.23974609375,107.6500015258789,108.05000305175781,107.05000305175781,107.44000244140625,26415800
2015-07-13,100.98209381103516,109.54000091552734,109.62999725341797,108.56999969482422,108.58000183105469,25780700
2015-07-14,101.6458740234375,110.26000213623047,110.55999755859375,109.62999725341797,109.69000244140625,21977200
2015-07-15,101.7564926147461,110.37999725341797,110.80999755859375,110.06999969482422,110.47000122070312,28631500
2015-07-16,103.1946029663086,111.94000244140625,111.95999908447266,111.06999969482422,111.29000091552734,29838900
2015-07-17,104.71569061279297,113.58999633789062,113.58999633789062,112.6500015258789,112.83999633789062,35926800
2015-07-20,105.07524108886719,113.9800033569336,114.38999938964844,113.4800033569336,113.83000183105469,26539000
2015-07-21,105.01070404052734,113.91000366210938,114.19999694824219,113.58000183105469,114.0199966430664,35468900
2015-07-22,103.82147979736328,112.62000274658203,113.16999816894531,112.16999816894531,112.16999816894531,35575000
2015-07-23,103.43427276611328,112.19999694824219,113.0999984741211,111.91000366210938,112.7300033569336,25698300
2015-07-24,102.42022705078125,111.0999984741211,113.0,110.93000030517578,112.80000305175781,30844700
2015-07-27,101.57209777832031,110.18000030517578,110.94999694824219,109.94000244140625,110.47000122070312,35994800
2015-07-28,102.44786834716797,111.12999725341797,111.3499984741211,109.79000091552734,110.66999816894531,33553500
2015-07-29,102.83506774902344,111.55000305175781,111.79000091552734,110.94000244140625,111.37000274658203,26714100
2015-07-30,103.32368469238281,112.08000183105469,112.2699966430664,110.62000274658203,111.29000091552734,25438100
2015-07-31,103.20381927490234,111.94999694824219,112.48999786376953,111.72000122070312,112.43000030517578,22081700
2015-08-03,102.88118743896484,111.5999984741211,112.27999877929688,110.86000061035156,111.97000122070312,25001800
2015-08-04,102.68758392333984,111.38999938964844,111.75,110.93000030517578,111.55000305175781,22132300
2015-08-05,103.48037719726562,112.25,113.0,111.87999725341797,112.01000213623047,28989900
2015-08-06,101.82101440429688,110.44999694824219,112.5,109.94999694824219,112.3499984741211,42125400
2015-08-07,101.69194793701172,110.30999755859375,110.56999969482422,109.4000015258789,110.18000030517578,30006800
2015-08-10,102.853515625,111.56999969482422,111.80999755859375,111.0,111.01000213623047,21500800
2015-08-11,101.53524780273438,110.13999938964844,111.41000366210938,109.52999877929688,110.9800033569336,36123300
2015-08-12,101.88555145263672,110.5199966430664,110.73999786376953,108.22000122070312,109.37999725341797,41889000
2015-08-13,101.71959686279297,110.33999633789062,111.16000366210938,110.0999984741211,110.62999725341797,22510500
2015-08-14,101.87633514404297,110.51000213623047,110.66999816894531,109.86000061035156,110.08000183105469,17924900
2015-08-17,102.72444915771484,111.43000030517578,111.45999908447266,109.95999908447266,110.23999786376953,21224900
2015-08-18,102.19896697998047,110.86000061035156,111.37000274658203,110.70999908447266,111.27999877929688,13984400
2015-08-19,101.52600860595703,110.12999725341797,111.11000061035156,109.48999786376953,110.5199966430664,42511400
2015-08-20,98.71428680419922,107.08000183105469,109.45999908447266,107.06999969482422,109.11000061035156,57747300
2015-08-21,94.39990234375,102.4000015258789,106.47000122070312,102.4000015258789,105.56999969482422,97763400
2015-08-24,90.76774597167969,98.45999908447266,102.52999877929688,84.73999786376953,94.2300033569336,150829900
2015-08-25,90.42664337158203,98.08999633789062,102.73999786376953,98.01000213623047,102.06999969482422,75088300
2015-08-26,94.98070526123047,103.02999877929688,103.2300033569336,98.93000030517578,100.95999908447266,104103800
2015-08-27,97.38677215576172,105.63999938964844,105.70999908447266,103.27999877929688,104.5199966430664,69377700
2015-08-28,97.36835479736328,105.62000274658203,106.0,104.8499984741211,105.08000183105469,49919600
2015-08-31,96.16070556640625,104.30999755859375,105.61000061035156,104.05000305175781,105.02999877929688,39549400
2015-09-01,93.1553726196289,101.05000305175781,103.29000091552734,100.62999725341797,101.70999908447266,73155500
2015-09-02,95.78273010253906,103.9000015258789,103.91999816894531,101.69999694824219,102.87999725341797,43963600
2015-09-03,95.31259155273438,103.38999938964844,105.0199966430664,103.0999984741211,104.30999755859375,45131800
2015-09-04,94.17863464355469,102.16000366210938,102.8499984741211,101.58999633789062,101.97000122070312,49379600
2015-09-08,96.83368682861328,105.04000091552734,105.16999816894531,103.69000244140625,104.12000274658203,37343500
2015-09-09,95.74584197998047,103.86000061035156,106.30999755859375,103.58999633789062,106.27999877929688,47146700
2015-09-10,96.78758239746094,104.98999786376953,105.68000030517578,103.62000274658203,103.73999786376953,47686700
2015-09-11,97.322265625,105.56999969482422,105.56999969482422,104.20999908447266,104.51000213623047,29106100
2015-09-14,97.0272445678711,105.25,105.9800033569336,104.8499984741211,105.95999908447266,19718800
2015-09-15,98.17036437988281,106.48999786376953,106.81999969482422,105.11000061035156,105.5,30020200
2015-09-16,98.72350311279297,107.08999633789062,107.19000244140625,106.13999938964844,106.51000213623047,31329100
2015-09-17,98.76034545898438,107.12999725341797,108.7300033569336,106.63999938964844,106.9800033569336,56139800
2015-09-18,97.35574340820312,105.3499984741211,106.5999984741211,105.16999816894531,105.2300033569336,48384000
2015-09-21,97.66065216064453,105.68000030517578,106.55000305175781,104.7300033569336,105.93000030517578,35772600
2015-09-22,96.20057678222656,104.0999984741211,104.41999816894531,103.12999725341797,104.05999755859375,47359700
2015-09-23,96.2745132446289,104.18000030517578,104.66000366210938,103.63999938964844,104.37999725341797,21775100
2015-09-24,95.9233627319336,103.80000305175781,104.19000244140625,102.2699966430664,103.16999816894531,38284300
2015-09-25,95.110107421875,102.91999816894531,105.01000213623047,102.27999877929688,104.91000366210938,44700000
2015-09-28,92.40247344970703,99.98999786376953,102.55000305175781,99.69000244140625,102.4800033569336,44077500
2015-09-29,91.92194366455078,99.47000122070312,101.26000213623047,98.75,100.23999786376953,49315500
2015-09-30,94.03814697265625,101.76000213623047,101.87000274658203,100.5,100.88999938964844,41411400
2015-10-01,94.4632339477539,102.22000122070312,102.2300033569336,100.58999633789062,101.94000244140625,39339100
2015-10-02,96.11743927001953,104.01000213623047,104.01000213623047,100.4800033569336,100.80000305175781,59370900
2015-10-05,97.49435424804688,105.5,105.77999877929688,104.55000305175781,104.77999877929688,32853500
2015-10-06,97.03227233886719,105.0,105.5999984741211,104.18000030517578,105.25,33051500
2015-10-07,97.61445617675781,105.62999725341797,105.86000061035156,104.29000091552734,105.66000366210938,37389300
2015-10-08,98.00261688232422,106.05000305175781,106.2300033569336,104.20999908447266,105.2300033569336,50188900
2015-10-09,98.44617462158203,106.52999877929688,106.7300033569336,105.80999755859375,106.0999984741211,23916200
2015-10-12,98.68646240234375,106.79000091552734,106.98999786376953,106.3499984741211,106.7300033569336,16162000
2015-10-13,98.04884338378906,106.0999984741211,107.26000213623047,106.0,106.18000030517578,26999600
2015-10-14,97.89171600341797,105.93000030517578,106.62999725341797,105.48999786376953,106.0999984741211,30902600
2015-10-15,99.49967956542969,107.66999816894531,107.68000030517578,106.18000030517578,106.31999969482422,38393800
2015-10-16,99.91555786132812,108.12000274658203,108.18000030517578,107.37999725341797,107.9000015258789,27091100
2015-10-19,100.48847961425781,108.73999786376953,108.80999755859375,107.73999786376953,107.9800033569336,23776300
2015-10-20,99.97096252441406,108.18000030517578,108.77999877929688,107.80999755859375,108.55000305175781,23404700
2015-10-21,99.36105346679688,107.5199966430664,108.83999633789062,107.4800033569336,108.7300033569336,30195200
2015-10-22,101.38489532470703,109.70999908447266,109.80000305175781,108.16999816894531,108.4800033569336,42778700
2015-10-23,104.22189331054688,112.77999877929688,113.23999786376953,112.06999969482422,112.66000366210938,53170900
2015-10-26,104.28660583496094,112.8499984741211,113.06999969482422,112.2699966430664,112.69999694824219,25918000
2015-10-27,104.49913787841797,113.08000183105469,113.23999786376953,112.5199966430664,112.55000305175781,31390500
2015-10-28,105.36781311035156,114.0199966430664,114.0199966430664,112.33999633789062,113.25,42221900
2015-10-29,105.20146942138672,113.83999633789062,114.02999877929688,113.37999725341797,113.5,24913300
2015-10-30,104.73021697998047,113.33000183105469,114.08000183105469,113.30000305175781,113.88999938964844,27199200
2015-11-02,105.91302490234375,114.61000061035156,114.75,113.38999938964844,113.62999725341797,22176900
2015-11-03,106.28273010253906,115.01000213623047,115.41999816894531,114.20999908447266,114.37999725341797,20418400
2015-11-04,106.29193878173828,115.0199966430664,115.47000122070312,114.54000091552734,115.38999938964844,28633000
2015-11-05,106.0054702758789,114.70999908447266,115.4000015258789,114.11000061035156,115.12000274658203,25004100
2015-11-06,106.07941436767578,114.79000091552734,114.91999816894531,113.76000213623047,114.48999786376953,29924900
2015-11-09,104.95196533203125,113.56999969482422,114.51000213623047,112.87000274658203,114.36000061035156,33479800
2015-11-10,104.6839828491211,113.27999877929688,113.38999938964844,112.62999725341797,112.97000122070312,35452100
2015-11-11,104.55461120605469,113.13999938964844,114.13999938964844,112.94999694824219,113.58999633789062,22748800
2015-11-12,103.53810119628906,112.04000091552734,113.2300033569336,111.95999908447266,112.68000030517578,31196900
2015-11-13,101.50501251220703,109.83999633789062,111.69000244140625,109.77999877929688,111.56999969482422,52836000
2015-11-16,102.96509552001953,111.41999816894531,111.44000244140625,109.4800033569336,109.7300033569336,33980600
2015-11-17,103.02982330322266,111.48999786376953,112.29000091552734,111.20999908447266,111.61000061035156,30579500
2015-11-18,105.00741577148438,113.62999725341797,113.73999786376953,111.83000183105469,111.94000244140625,32966500
2015-11-19,105.08133697509766,113.70999908447266,114.2300033569336,113.48999786376953,113.69000244140625,26188100
2015-11-20,105.79293823242188,114.4800033569336,114.56999969482422,114.13999938964844,114.25,22727600
2015-11-23,105.48792266845703,114.1500015258789,114.94000244140625,113.66000366210938,114.5199966430664,20696200
2015-11-24,105.39554595947266,114.05000305175781,114.31999969482422,112.83999633789062,113.41000366210938,26374400
2015-11-25,105.48792266845703,114.1500015258789,114.36000061035156,113.91000366210938,114.22000122070312,14159900
2015-11-27,105.63583374023438,114.30999755859375,114.54000091552734,113.91999816894531,114.4000015258789,8828000
2015-11-30,105.36781311035156,114.0199966430664,114.6500015258789,113.6500015258789,114.6500015258789,25041600
2015-12-01,106.42131042480469,115.16000366210938,115.16000366210938,114.33999633789062,114.4800033569336,28639400
2015-12-02,105.76520538330078,114.44999694824219,115.75,114.27999877929688,115.25,22395500
2015-12-03,103.97239685058594,112.51000213623047,114.95999908447266,111.83999633789062,114.76000213623047,42754300
2015-12-04,106.40283203125,115.13999938964844,115.33000183105469,112.62000274658203,112.8499984741211,40037300
2015-12-07,105.92229461669922,114.62000274658203,115.29000091552734,114.06999969482422,115.22000122070312,25892100
2015-12-08,105.93155670166016,114.62999725341797,115.0,113.37999725341797,113.41999816894531,30792600
2015-12-09,104.3235855102539,112.88999938964844,114.76000213623047,112.19999694824219,114.12999725341797,48509200
2015-12-10,104.79485321044922,113.4000015258789,114.16000366210938,112.80999755859375,113.1500015258789,30154600
2015-12-11,102.38294219970703,110.79000091552734,112.38999938964844,110.72000122070312,112.08999633789062,56022200
2015-12-14,103.1592025756836,111.62999725341797,111.68000030517578,109.37999725341797,110.94000244140625,53098500
2015-12-15,103.78759002685547,112.30999755859375,113.27999877929688,112.16999816894531,112.66000366210938,48428000
2015-12-16,105.33086395263672,113.9800033569336,114.16999816894531,111.88999938964844,113.06999969482422,44944100
2015-12-17,103.79682922363281,112.31999969482422,114.4800033569336,112.30000305175781,114.4800033569336,45668800
2015-12-18,101.80575561523438,109.83000183105469,111.87999725341797,109.83000183105469,111.62999725341797,53746100
2015-12-21,102.93663024902344,111.05000305175781,111.06999969482422,110.05000305175781,110.87000274658203,26432800
2015-12-22,103.61329650878906,111.77999877929688,111.94000244140625,111.05000305175781,111.63999938964844,26540300
2015-12-23,104.38265991210938,112.61000061035156,112.69000244140625,112.16000366210938,112.36000061035156,25656900
2015-12-24,104.36412048339844,112.58999633789062,112.9000015258789,112.54000091552734,112.61000061035156,11468600
2015-12-28,104.3084945678711,112.52999877929688,112.55000305175781,111.51000213623047,112.31999969482422,19183600
2015-12-29,105.94918823242188,114.30000305175781,114.55000305175781,113.12999725341797,113.19999694824219,27725700
2015-12-30,104.99443817138672,113.2699966430664,114.23999786376953,113.25,114.19999694824219,19520100
2015-12-31,103.68746185302734,111.86000061035156,113.08000183105469,111.83999633789062,112.87000274658203,29886800
2016-01-04,101.49987030029297,109.5,109.5999984741211,108.12000274658203,109.44999694824219,50807600
2016-01-05,101.3237533569336,109.30999755859375,110.18000030517578,108.80000305175781,110.04000091552734,38795200
2016-01-06,100.3504409790039,108.26000213623047,108.88999938964844,107.41000366210938,107.41000366210938,41891100
2016-01-07,97.20812225341797,104.87000274658203,107.29000091552734,104.80999755859375,105.94999694824219,61386300
2016-01-08,96.41097259521484,104.01000213623047,106.29000091552734,103.9000015258789,105.62999725341797,69344000
2016-01-11,96.70758056640625,104.33000183105469,105.05999755859375,102.7300033569336,104.75,50024100
2016-01-12,97.82921600341797,105.54000091552734,106.08000183105469,104.08000183105469,105.33000183105469,46734200
2016-01-13,94.45513153076172,101.9000015258789,106.2300033569336,101.73999786376953,105.97000122070312,69870700
2016-01-14,96.46661376953125,104.06999969482422,104.9800033569336,100.66999816894531,102.30000305175781,78445700
2016-01-15,93.47259521484375,100.83999633789062,101.94000244140625,99.51000213623047,100.62000274658203,91443900
2016-01-19,93.67652130126953,101.05999755859375,102.37000274658203,99.87999725341797,102.20999908447266,56563800
2016-01-20,93.38914489746094,100.75,101.83000183105469,97.25,99.47000122070312,86675000
2016-01-21,93.48181915283203,100.8499984741211,102.3499984741211,99.81999969482422,101.18000030517578,61660100
2016-01-22,96.18846130371094,103.7699966430664,103.80999755859375,102.52999877929688,102.87999725341797,42229800
2016-01-25,94.76103210449219,102.2300033569336,103.98999786376953,102.13999938964844,103.4000015258789,38881500
2016-01-26,95.6137924194336,103.1500015258789,103.58999633789062,101.76000213623047,102.66000366210938,36143900
2016-01-27,93.23158264160156,100.58000183105469,102.98999786376953,100.1500015258789,102.55000305175781,54524700
2016-01-28,94.54781341552734,102.0,102.29000091552734,100.26000213623047,102.25,47641500
2016-01-29,96.52220916748047,104.12999725341797,104.16999816894531,101.94000244140625,101.97000122070312,54245100
2016-02-01,96.78176879882812,104.41000366210938,104.80000305175781,103.2300033569336,103.62999725341797,32750300
2016-02-02,94.68685913085938,102.1500015258789,103.97000122070312,101.83999633789062,103.93000030517578,44928100
2016-02-03,94.23265075683594,101.66000366210938,102.83000183105469,99.87999725341797,102.83000183105469,61572900
2016-02-04,94.22340393066406,101.6500015258789,102.45999908447266,100.44000244140625,101.38999938964844,49321600
2016-02-05,90.9513168334961,98.12000274658203,101.33000183105469,97.72000122070312,101.29000091552734,70749900
2016-02-08,89.56086730957031,96.62000274658203,97.05000305175781,94.83999633789062,96.29000091552734,91673100
2016-02-09,89.2828140258789,96.31999969482422,97.77999877929688,95.18000030517578,95.33000183105469,73778400
2016-02-10,89.62577819824219,96.69000244140625,98.69000244140625,96.62000274658203,97.43000030517578,59421700
2016-02-11,89.49597930908203,96.55000305175781,97.31999969482422,95.19000244140625,95.45999908447266,76839200
2016-02-12,90.85859680175781,98.0199966430664,98.12000274658203,96.7300033569336,97.63999938964844,49186500
2016-02-16,92.90715026855469,100.2300033569336,100.2300033569336,98.8499984741211,99.47000122070312,40565900
2016-02-17,95.01130676269531,102.5,102.63999938964844,100.69999694824219,100.95999908447266,41766500
2016-02-18,93.9267578125,101.33000183105469,102.83999633789062,101.19999694824219,102.81999969482422,38991500
2016-02-19,94.204833984375,101.62999725341797,101.94000244140625,100.62000274658203,100.83999633789062,28257900
2016-02-22,95.73428344726562,103.27999877929688,103.37999725341797,102.4800033569336,102.58000183105469,23979100
2016-02-23,94.15850830078125,101.58000183105469,102.95999908447266,101.51000213623047,102.68000030517578,29869700
2016-02-24,95.05763244628906,102.55000305175781,102.68000030517578,99.7699966430664,100.38999938964844,40739100
2016-02-25,95.99382781982422,103.55999755859375,103.55999755859375,101.83999633789062,102.76000213623047,29389300
2016-02-26,95.87332916259766,103.43000030517578,104.37000274658203,103.18000030517578,104.3499984741211,30925000
2016-02-29,95.01130676269531,102.5,104.0999984741211,102.5,103.33000183105469,27553900
2016-03-01,98.06092071533203,105.79000091552734,105.79000091552734,103.16000366210938,103.4800033569336,37699800
2016-03-02,98.0980224609375,105.83000183105469,105.8499984741211,105.01000213623047,105.66000366210938,29209800
2016-03-03,97.91261291503906,105.62999725341797,105.75,104.87000274658203,105.72000122070312,25474600
2016-03-04,97.94969177246094,105.66999816894531,106.3499984741211,104.97000122070312,105.75,31655400
2016-03-07,97.3471908569336,105.0199966430664,105.73999786376953,104.2699966430664,105.12999725341797,25861200
2016-03-08,96.54074096679688,104.1500015258789,105.20999908447266,103.97000122070312,104.30000305175781,28898500
2016-03-09,97.16179656982422,104.81999969482422,104.83999633789062,103.95999908447266,104.54000091552734,31047400
2016-03-10,97.01346588134766,104.66000366210938,105.86000061035156,103.30999755859375,105.26000213623047,44236100
2016-03-11,98.70977783203125,106.48999786376953,106.48999786376953,105.45999908447266,105.79000091552734,31454000
2016-03-14,98.87662506103516,106.66999816894531,106.91999816894531,106.05999755859375,106.08999633789062,25374900
2016-03-15,98.83951568603516,106.62999725341797,106.75,105.94999694824219,106.29000091552734,26524600
2016-03-16,99.72013092041016,107.58000183105469,107.86000061035156,106.33999633789062,106.37000274658203,31693100
2016-03-17,99.66453552246094,107.5199966430664,107.7699966430664,106.87000274658203,107.2699966430664,29623700
2016-03-18,99.8207015991211,107.37000274658203,107.63999938964844,106.80000305175781,107.45999908447266,37682300
2016-03-21,100.211181640625,107.79000091552734,107.88999938964844,107.12000274658203,107.18000030517578,17288600
2016-03-22,100.51801300048828,108.12000274658203,108.37000274658203,107.16000366210938,107.18000030517578,18840300
2016-03-23,99.6905517578125,107.2300033569336,107.98999786376953,106.98999786376953,107.91000366210938,20912900
2016-03-24,99.71846008300781,107.26000213623047,107.29000091552734,106.52999877929688,106.70999908447266,19017300
2016-03-28,99.57899475097656,107.11000061035156,107.58000183105469,106.91999816894531,107.55999755859375,13892300
2016-03-29,101.17809295654297,108.83000183105469,108.9000015258789,106.7300033569336,106.91000366210938,29963900
2016-03-30,101.67080688476562,109.36000061035156,110.04000091552734,109.12999725341797,109.4800033569336,23807200
2016-03-31,101.52203369140625,109.19999694824219,109.69000244140625,109.02999877929688,109.27999877929688,21447200
2016-04-01,102.60047149658203,110.36000061035156,110.4000015258789,108.38999938964844,108.54000091552734,26389000
2016-04-04,102.21002197265625,109.94000244140625,110.44000244140625,109.68000030517578,110.36000061035156,17163000
2016-04-05,101.22453308105469,108.87999725341797,109.5,108.73999786376953,109.08999633789062,20107900
2016-04-06,102.8886947631836,110.66999816894531,110.70999908447266,108.98999786376953,108.98999786376953,25056000
2016-04-07,101.41046142578125,109.08000183105469,110.2300033569336,108.61000061035156,110.02999877929688,28567200
2016-04-08,101.33609771728516,109.0,110.0199966430664,108.62000274658203,109.76000213623047,22898000
2016-04-11,100.96424102783203,108.5999984741211,110.0199966430664,108.58999633789062,109.47000122070312,25772100
2016-04-12,101.81022644042969,109.51000213623047,109.72000122070312,108.0199966430664,108.68000030517578,28564100
2016-04-13,103.11184692382812,110.91000366210938,111.08000183105469,110.20999908447266,110.3499984741211,25356700
2016-04-14,103.12110900878906,110.91999816894531,111.33000183105469,110.0,110.93000030517578,17199700
2016-04-15,102.8608169555664,110.63999938964844,111.05999755859375,110.36000061035156,110.83000183105469,21353300
2016-04-18,103.4093246459961,111.2300033569336,111.2699966430664,110.25,110.31999969482422,17126100
2016-04-19,102.77713012695312,110.55000305175781,111.44000244140625,109.87999725341797,111.44000244140625,42481400
2016-04-20,102.8608169555664,110.63999938964844,111.1500015258789,110.16999816894531,110.55000305175781,18078300
2016-04-21,102.87007904052734,110.6500015258789,111.05000305175781,110.1500015258789,110.58000183105469,20216000
2016-04-22,101.31751251220703,108.9800033569336,109.72000122070312,108.12000274658203,109.20999908447266,39074000
2016-04-25,101.31751251220703,108.9800033569336,108.98999786376953,108.44999694824219,108.6500015258789,14351900
2016-04-26,100.82479858398438,108.44999694824219,109.38999938964844,108.12000274658203,109.20999908447266,19118300
2016-04-27,100.01593780517578,107.58000183105469,107.83000183105469,106.69000244140625,107.33999633789062,33059800
2016-04-28,98.80735778808594,106.27999877929688,108.33000183105469,106.06999969482422,107.69999694824219,29818200
2016-04-29,98.28672790527344,105.72000122070312,106.5,104.87999725341797,106.27999877929688,67502800
2016-05-02,99.2164306640625,106.72000122070312,106.87000274658203,105.55000305175781,105.98999786376953,24813800
2016-05-03,98.29605102539062,105.7300033569336,106.44000244140625,105.44999694824219,105.95999908447266,38569400
2016-05-04,97.66383361816406,105.05000305175781,105.4800033569336,104.79000091552734,105.08999633789062,27474500
2016-05-05,97.63595581054688,105.0199966430664,105.66000366210938,104.80999755859375,105.43000030517578,20788100
2016-05-06,98.15656280517578,105.58000183105469,105.5999984741211,104.4000015258789,104.5,30758500
2016-05-09,98.43545532226562,105.87999725341797,106.37000274658203,105.54000091552734,105.58999633789062,19289600
2016-05-10,99.78353118896484,107.33000183105469,107.37999725341797,106.06999969482422,106.26000213623047,21178900
2016-05-11,98.8817367553711,106.36000061035156,107.48999786376953,106.33000183105469,107.16999816894531,20966300
2016-05-12,98.44476318359375,105.88999938964844,106.73999786376953,105.13999938964844,106.61000061035156,29196300
2016-05-13,98.08220672607422,105.5,106.44999694824219,105.29000091552734,105.80000305175781,21059300
2016-05-16,99.30937957763672,106.81999969482422,107.20999908447266,105.55999755859375,105.66000366210938,18311900
2016-05-17,98.06361389160156,105.4800033569336,107.04000091552734,105.19999694824219,106.7300033569336,29932700
2016-05-18,98.4168701171875,105.86000061035156,106.43000030517578,105.04000091552734,105.23999786376953,27524400
2016-05-19,97.90558624267578,105.30999755859375,105.70999908447266,104.54000091552734,105.44999694824219,27334600
2016-05-20,98.98397827148438,106.47000122070312,106.9000015258789,105.66999816894531,105.7300033569336,29549600
2016-05-23,98.85381317138672,106.33000183105469,106.97000122070312,106.2300033569336,106.58999633789062,15729800
2016-05-24,100.8340835571289,108.45999908447266,108.58999633789062,106.88999938964844,106.91999816894531,29931300
2016-05-25,101.5592269897461,109.23999786376953,109.56999969482422,108.68000030517578,108.87000274658203,37951700
2016-05-26,101.85671997070312,109.55999755859375,109.69999694824219,109.08999633789062,109.3499984741211,21885900
2016-05-27,102.38664245605469,110.12999725341797,110.13999938964844,109.61000061035156,109.62999725341797,19870000
2016-05-31,102.58189392089844,110.33999633789062,110.51000213623047,109.77999877929688,110.27999877929688,24366100
2016-06-01,102.5911865234375,110.3499984741211,110.5999984741211,109.91000366210938,110.0,19571500
2016-06-02,102.8050537109375,110.58000183105469,110.58999633789062,109.52999877929688,110.12999725341797,15696600
2016-06-03,102.32156372070312,110.05999755859375,110.41999816894531,109.33999633789062,110.37000274658203,20269900
2016-06-06,102.69345092773438,110.45999908447266,110.75,110.06999969482422,110.26000213623047,12502400
2016-06-07,102.43315124511719,110.18000030517578,110.62999725341797,110.12999725341797,110.5199966430664,12184300
2016-06-08,102.60978698730469,110.37000274658203,110.5999984741211,109.95999908447266,110.37000274658203,14568700
2016-06-09,102.44243621826172,110.19000244140625,110.30999755859375,109.70999908447266,109.91999816894531,17571600
2016-06-10,101.28033447265625,108.94000244140625,109.4000015258789,108.55999755859375,109.19000244140625,32965000
2016-06-13,100.43431091308594,108.02999877929688,108.93000030517578,107.88999938964844,108.31999969482422,25154700
2016-06-14,100.43431091308594,108.02999877929688,108.41999816894531,107.23999786376953,107.73999786376953,24588500
2016-06-15,100.14610290527344,107.72000122070312,108.44000244140625,107.54000091552734,108.29000091552734,24605700
2016-06-16,100.443603515625,108.04000091552734,108.13999938964844,106.5,107.19000244140625,32079900
2016-06-17,99.26627349853516,106.48999786376953,107.68000030517578,106.23999786376953,107.52999877929688,29208800
2016-06-20,99.89082336425781,107.16000366210938,108.23999786376953,107.08000183105469,107.7300033569336,20562800
2016-06-21,100.20777130126953,107.5,107.72000122070312,107.0999984741211,107.30000305175781,22804100
2016-06-22,99.96540069580078,107.23999786376953,108.19000244140625,107.1500015258789,107.55999755859375,22724200
2016-06-23,101.3916015625,108.7699966430664,108.79000091552734,107.62000274658203,108.06999969482422,18714200
2016-06-24,97.21550750732422,104.29000091552734,106.5,104.05999755859375,104.9000015258789,68012700
2016-06-27,95.28594207763672,102.22000122070312,103.5999984741211,101.75,103.5999984741211,48222600
2016-06-28,97.37397766113281,104.45999908447266,104.51000213623047,103.30000305175781,103.3499984741211,28260600
2016-06-29,99.09848022460938,106.30999755859375,106.52999877929688,105.2300033569336,105.27999877929688,31356700
2016-06-30,100.24504089355469,107.54000091552734,107.61000061035156,106.12999725341797,106.48999786376953,36300800
2016-07-01,100.74842834472656,108.08000183105469,108.4800033569336,107.44999694824219,107.48999786376953,19902800
2016-07-05,100.13319396972656,107.41999816894531,107.66000366210938,106.83999633789062,107.51000213623047,21167900
2016-07-06,100.95350646972656,108.30000305175781,108.3499984741211,106.56999969482422,106.91000366210938,24579300
2016-07-07,101.25180053710938,108.62000274658203,108.86000061035156,108.11000061035156,108.4000015258789,19161700
2016-07-08,102.81781768798828,110.30000305175781,110.36000061035156,109.0199966430664,109.19999694824219,29457900
2016-07-11,103.40510559082031,110.93000030517578,111.33999633789062,110.66000366210938,110.66999816894531,20218500
2016-07-12,103.9271011352539,111.48999786376953,111.79000091552734,111.33999633789062,111.61000061035156,21906100
2016-07-13,103.67542266845703,111.22000122070312,111.81999969482422,111.20999908447266,111.75,21107800
2016-07-14,104.38389587402344,111.9800033569336,112.19000244140625,111.69999694824219,111.95999908447266,20871000
2016-07-15,104.21607208251953,111.80000305175781,112.30000305175781,111.55000305175781,112.23999786376953,17999300
2016-07-18,104.90586853027344,112.54000091552734,112.73999786376953,111.8499984741211,111.87000274658203,20713900
2016-07-19,104.52368927001953,112.12999725341797,112.4800033569336,111.93000030517578,112.1500015258789,18936700
2016-07-20,105.74483489990234,113.44000244140625,113.6500015258789,112.5999984741211,112.73999786376953,24997900
2016-07-21,105.50247955322266,113.18000030517578,113.73999786376953,112.87000274658203,113.5199966430664,18885400
2016-07-22,105.94058990478516,113.6500015258789,113.77999877929688,112.91000366210938,113.26000213623047,20003400
2016-07-25,105.94992065429688,113.66000366210938,113.69000244140625,113.27999877929688,113.55999755859375,12968100
2016-07-26,106.07111358642578,113.79000091552734,114.19999694824219,113.22000122070312,113.62000274658203,21223800
2016-07-27,106.80750274658203,114.58000183105469,114.87999725341797,114.0999984741211,114.75,27646100
2016-07-28,107.18037414550781,114.9800033569336,115.11000061035156,114.4000015258789,114.76000213623047,16939700
2016-07-29,107.41339874267578,115.2300033569336,115.54000091552734,114.87000274658203,115.23999786376953,22385300
2016-08-01,107.98201751708984,115.83999633789062,116.12999725341797,115.16999816894531,115.30999755859375,13990100
2016-08-02,107.16169738769531,114.95999908447266,115.7699966430664,114.22000122070312,115.66999816894531,21278400
2016-08-03,107.51593780517578,115.33999633789062,115.3499984741211,114.80000305175781,114.87000274658203,15011300
2016-08-04,107.82353973388672,115.66999816894531,115.77999877929688,115.02999877929688,115.30000305175781,12835300
2016-08-05,108.85826110839844,116.77999877929688,117.04000091552734,116.12999725341797,116.26000213623047,23196600
2016-08-08,108.73707580566406,116.6500015258789,116.87000274658203,116.27999877929688,116.83999633789062,12358200
2016-08-09,108.98875427246094,116.91999816894531,117.29000091552734,116.66999816894531,116.73999786376953,13276500
2016-08-10,108.70909881591797,116.62000274658203,117.0199966430664,116.30999755859375,116.98999786376953,14688400
2016-08-11,109.17520904541016,117.12000274658203,117.37000274658203,116.77999877929688,117.0199966430664,12969800
2016-08-12,109.24977111816406,117.19999694824219,117.20999908447266,116.79000091552734,116.91999816894531,19379000
2016-08-15,109.71586608886719,117.69999694824219,117.97000122070312,117.30999755859375,117.3499984741211,11777800
2016-08-16,109.10994720458984,117.05000305175781,117.48999786376953,117.02999877929688,117.4800033569336,14161400
2016-08-17,109.30570983886719,117.26000213623047,117.30000305175781,116.43000030517578,117.08000183105469,15980300
2016-08-18,109.33366394042969,117.29000091552734,117.45999908447266,116.94999694824219,117.1500015258789,10036300
2016-08-19,109.30570983886719,117.26000213623047,117.5199966430664,116.76000213623047,117.08000183105469,18743000
2016-08-22,109.38957977294922,117.3499984741211,117.55000305175781,116.87000274658203,117.08999633789062,14500600
2016-08-23,109.5853271484375,117.55999755859375,118.01000213623047,117.51000213623047,117.80999755859375,11997900
2016-08-24,108.87690734863281,116.80000305175781,117.63999938964844,116.41000366210938,117.4800033569336,17728700
2016-08-25,108.69979858398438,116.61000061035156,116.97000122070312,116.36000061035156,116.5,24266300
2016-08-26,108.85826110839844,116.77999877929688,117.54000091552734,116.08000183105469,116.6500015258789,23896000
2016-08-29,109.0074234008789,116.94000244140625,117.25,116.79000091552734,116.80999755859375,11184900
2016-08-30,108.6531753540039,116.55999755859375,117.08999633789062,116.16000366210938,116.75,19843300
2016-08-31,108.54132843017578,116.44000244140625,116.55999755859375,115.94999694824219,116.37999725341797,16169800
2016-09-01,108.8209457397461,116.73999786376953,116.87999725341797,115.91000366210938,116.4800033569336,20944700
2016-09-02,109.17520904541016,117.12000274658203,117.55999755859375,116.68000030517578,117.31999969482422,18088200
2016-09-06,109.85568237304688,117.8499984741211,117.8499984741211,117.05999755859375,117.31999969482422,18525200
2016-09-07,109.92092895507812,117.91999816894531,118.12000274658203,117.47000122070312,117.95999908447266,17546900
2016-09-08,109.2777328491211,117.2300033569336,117.5999984741211,116.91999816894531,117.56999969482422,20125300
2016-09-09,106.52787017822266,114.27999877929688,116.51000213623047,114.26000213623047,116.25,50813300
2016-09-12,108.43878173828125,116.33000183105469,116.48999786376953,113.62999725341797,113.63999938964844,39646000
2016-09-13,107.4693374633789,115.29000091552734,116.08999633789062,114.7300033569336,115.75,45863900
2016-09-14,107.98201751708984,115.83999633789062,116.47000122070312,115.37999725341797,115.41000366210938,28221800
2016-09-15,109.65991973876953,117.63999938964844,117.81999969482422,115.86000061035156,115.87000274658203,38521400
2016-09-16,109.60759735107422,117.29000091552734,117.41000366210938,116.70999908447266,117.22000122070312,27596500
2016-09-19,109.13099670410156,116.77999877929688,117.94999694824219,116.55000305175781,117.58999633789062,16222900
2016-09-20,109.33658599853516,117.0,117.4800033569336,116.80000305175781,117.19999694824219,18078600
2016-09-21,110.4112319946289,118.1500015258789,118.31999969482422,116.80999755859375,117.5,31546800
2016-09-22,111.2896957397461,119.08999633789062,119.22000122070312,118.72000122070312,118.83999633789062,22614400
2016-09-23,110.57946014404297,118.33000183105469,119.0,118.16000366210938,119.0,22213400
2016-09-26,109.65430450439453,117.33999633789062,117.80000305175781,117.16999816894531,117.66000366210938,16403900
2016-09-27,110.73834991455078,118.5,118.55999755859375,117.1500015258789,117.26000213623047,20238400
2016-09-28,110.92523956298828,118.69999694824219,118.7699966430664,118.08999633789062,118.6500015258789,14794300
2016-09-29,110.12156677246094,117.83999633789062,118.72000122070312,117.33000183105469,118.5,27207500
2016-09-30,110.94391632080078,118.72000122070312,119.06999969482422,118.02999877929688,118.1500015258789,25543200
2016-10-03,110.78506469726562,118.55000305175781,118.69999694824219,118.08999633789062,118.56999969482422,19216400
2016-10-04,110.61685180664062,118.37000274658203,119.16000366210938,117.91999816894531,118.9000015258789,21239700
2016-10-05,111.00933837890625,118.79000091552734,119.16999816894531,118.66999816894531,118.72000122070312,14481300
2016-10-06,110.95326232910156,118.7300033569336,118.9800033569336,118.1500015258789,118.63999938964844,11987100
2016-10-07,110.71029663085938,118.47000122070312,119.01000213623047,117.88999938964844,118.83999633789062,19984200
2016-10-10,111.41120910644531,119.22000122070312,119.4800033569336,119.02999877929688,119.08000183105469,19687300
2016-10-11,109.8225326538086,117.5199966430664,119.13999938964844,117.0,119.12000274658203,27774400
2016-10-12,109.72904968261719,117.41999816894531,117.81999969482422,117.05999755859375,117.62999725341797,14267800
2016-10-13,109.33658599853516,117.0,117.31999969482422,115.94000244140625,116.62000274658203,22821000
2016-10-14,109.46741485595703,117.13999938964844,118.05000305175781,117.06999969482422,117.58000183105469,21313300
2016-10-17,109.16837310791016,116.81999969482422,117.30000305175781,116.66999816894531,117.04000091552734,14182700
2016-10-18,110.14027404785156,117.86000061035156,118.41000366210938,117.80000305175781,118.20999908447266,19276700
2016-10-19,110.13090515136719,117.8499984741211,118.0199966430664,117.63999938964844,117.7699966430664,13702900
2016-10-20,110.00007629394531,117.70999908447266,117.97000122070312,117.02999877929688,117.7300033569336,18132200
2016-10-21,110.4112319946289,118.1500015258789,118.22000122070312,117.41000366210938,117.80000305175781,15707800
2016-10-24,111.73824310302734,119.56999969482422,119.6500015258789,118.88999938964844,118.91000366210938,19143000
2016-10-25,111.38314056396484,119.19000244140625,119.66000366210938,119.01000213623047,119.63999938964844,20341800
2016-10-26,110.6261978149414,118.37999725341797,119.02999877929688,118.02999877929688,118.41999816894531,20463700
2016-10-27,110.12156677246094,117.83999633789062,118.98999786376953,117.66999816894531,118.88999938964844,19099800
2016-10-28,109.43004608154297,117.0999984741211,118.11000061035156,116.73999786376953,117.5,35369300
2016-10-31,109.32720947265625,116.98999786376953,117.52999877929688,116.93000030517578,117.52999877929688,18749400
2016-11-01,108.5048599243164,116.11000061035156,117.20999908447266,115.0999984741211,117.19000244140625,23498700
2016-11-02,107.63580322265625,115.18000030517578,116.30000305175781,114.88999938964844,116.02999877929688,26960100
2016-11-03,106.5798110961914,114.05000305175781,115.37000274658203,113.91999816894531,114.98999786376953,36205200
2016-11-04,106.20601654052734,113.6500015258789,114.54000091552734,113.44999694824219,113.7699966430664,26997500
2016-11-07,108.72916412353516,116.3499984741211,116.47000122070312,115.30000305175781,115.48999786376953,26591200
2016-11-08,109.43936157226562,117.11000061035156,117.63999938964844,115.95999908447266,116.2300033569336,20777900
2016-11-09,109.94401550292969,117.6500015258789,117.83999633789062,115.5999984741211,115.73999786376953,70234400
2016-11-10,108.16844940185547,115.75,118.37999725341797,114.19999694824219,118.22000122070312,72825400
2016-11-11,108.21519470214844,115.80000305175781,116.05000305175781,114.83999633789062,115.25,41115200
2016-11-14,107.1218032836914,114.62999725341797,115.94000244140625,114.02999877929688,115.83000183105469,35906000
2016-11-15,108.6076889038086,116.22000122070312,116.62000274658203,115.33000183105469,115.5,31796600
2016-11-16,109.25247192382812,116.91000366210938,116.98999786376953,115.66999816894531,115.66999816894531,16538100
2016-11-17,110.04679870605469,117.76000213623047,117.77999877929688,116.61000061035156,116.8499984741211,20598600
2016-11-18,109.63561248779297,117.31999969482422,118.0999984741211,117.20999908447266,117.9000015258789,16428700
2016-11-21,110.77571105957031,118.54000091552734,118.6500015258789,117.56999969482422,117.61000061035156,20268500
2016-11-22,111.11212921142578,118.9000015258789,119.19000244140625,118.61000061035156,119.01000213623047,18850600
2016-11-23,110.66358184814453,118.41999816894531,118.63999938964844,117.9000015258789,118.51000213623047,22926000
2016-11-25,111.01868438720703,118.80000305175781,118.8499984741211,118.41999816894531,118.55999755859375,7162800
2016-11-28,110.76637268066406,118.52999877929688,119.08000183105469,118.41000366210938,118.6500015258789,13479000
2016-11-29,111.14949798583984,118.94000244140625,119.51000213623047,118.30000305175781,118.63999938964844,18553000
2016-11-30,109.8038330078125,117.5,119.12999725341797,117.45999908447266,119.08999633789062,30405300
2016-12-01,107.90680694580078,115.47000122070312,117.47000122070312,115.29000091552734,117.45999908447266,39796600
2016-12-02,108.1217041015625,115.69999694824219,116.16000366210938,115.22000122070312,115.54000091552734,32876800
2016-12-05,108.96278381347656,116.5999984741211,117.05999755859375,115.7699966430664,116.30000305175781,21419700
2016-12-06,109.22445678710938,116.87999725341797,117.08000183105469,116.38999938964844,116.93000030517578,27293300
2016-12-07,110.60749053955078,118.36000061035156,118.51000213623047,116.29000091552734,116.63999938964844,26622400
2016-12-08,110.8037338256836,118.56999969482422,118.87000274658203,118.18000030517578,118.41000366210938,18578400
2016-12-09,111.6728515625,119.5,119.54000091552734,119.0,119.01000213623047,21863100
2016-12-12,111.16820526123047,118.95999908447266,119.20999908447266,118.47000122070312,118.97000122070312,23259300
2016-12-13,112.56995391845703,120.45999908447266,121.11000061035156,119.31999969482422,119.31999969482422,54477900
2016-12-14,112.33631896972656,120.20999908447266,121.0,119.86000061035156,120.61000061035156,28746000
2016-12-15,112.51387786865234,120.4000015258789,121.11000061035156,120.08000183105469,120.37000274658203,22762300
2016-12-16,112.09681701660156,119.5999984741211,120.58000183105469,119.36000061035156,120.33999633789062,26283900
2016-12-19,112.55606079101562,120.08999633789062,120.83000183105469,119.55000305175781,119.72000122070312,21138700
2016-12-20,112.98719787597656,120.55000305175781,120.7699966430664,120.33000183105469,120.47000122070312,11461800
2016-12-21,112.90284729003906,120.45999908447266,120.68000030517578,120.19000244140625,120.5999984741211,7079300
2016-12-22,112.58416748046875,120.12000274658203,120.5,119.6500015258789,120.47000122070312,16645000
2016-12-23,112.65916442871094,120.19999694824219,120.25,119.80999755859375,119.91999816894531,9007500
2016-12-27,113.24027252197266,120.81999969482422,121.5199966430664,120.41000366210938,120.45999908447266,16110600
2016-12-28,112.35924530029297,119.87999725341797,121.19000244140625,119.80000305175781,121.08000183105469,17975200
2016-12-29,112.19989776611328,119.70999908447266,120.12999725341797,119.33000183105469,119.8499984741211,13267500
2016-12-30,111.0470962524414,118.4800033569336,119.94999694824219,118.13999938964844,119.94000244140625,41749000
2017-01-03,112.04058074951172,119.54000091552734,119.98999786376953,118.88999938964844,119.2699966430664,22307600
2017-01-04,112.64978790283203,120.19000244140625,120.41000366210938,119.66000366210938,119.66999816894531,19749100
2017-01-05,113.28714752197266,120.87000274658203,120.94999694824219,120.0999984741211,120.0999984741211,20644300
2017-01-06,114.28063201904297,121.93000030517578,122.25,120.69000244140625,121.0,24074300
2017-01-09,114.65554809570312,122.33000183105469,122.55000305175781,121.94999694824219,122.02999877929688,18909200
2017-01-10,114.90859985351562,122.5999984741211,122.97000122070312,122.0999984741211,122.37999725341797,16176600
2017-01-11,115.2179183959961,122.93000030517578,122.93000030517578,122.0199966430664,122.6500015258789,20686000
2017-01-12,115.03981018066406,122.73999786376953,122.81999969482422,121.5999984741211,122.48999786376953,19622500
2017-01-13,115.43344116210938,123.16000366210938,123.37000274658203,122.80000305175781,122.80000305175781,16930800
2017-01-17,115.08667755126953,122.79000091552734,123.02999877929688,122.43000030517578,122.83999633789062,14538500
2017-01-18,115.32097625732422,123.04000091552734,123.16000366210938,122.66000366210938,122.97000122070312,12499700
2017-01-19,115.2647705078125,122.9800033569336,123.6500015258789,122.72000122070312,123.22000122070312,12710700
2017-01-20,115.51779174804688,123.25,123.83000183105469,122.91999816894531,123.5199966430664,22091000
2017-01-23,115.61153411865234,123.3499984741211,123.52999877929688,122.56999969482422,123.16999816894531,17434200
2017-01-24,116.38948059082031,124.18000030517578,124.37000274658203,123.37999725341797,123.58999633789062,17640900
2017-01-25,117.56108093261719,125.43000030517578,125.45999908447266,124.8499984741211,124.95999908447266,15036200
2017-01-26,117.68289184570312,125.55999755859375,125.81999969482422,125.33999633789062,125.5999984741211,16052200
2017-01-27,117.90784454345703,125.80000305175781,125.91999816894531,125.38999938964844,125.83000183105469,15053000
2017-01-30,116.98931121826172,124.81999969482422,125.37999725341797,124.12999725341797,125.37999725341797,25006700
2017-01-31,116.7550048828125,124.56999969482422,124.5999984741211,123.8499984741211,124.37999725341797,19091100
2017-02-01,117.56108093261719,125.43000030517578,125.68000030517578,124.86000061035156,125.44999694824219,22861900
2017-02-02,117.45796203613281,125.31999969482422,125.69999694824219,124.86000061035156,125.20999908447266,15101400
2017-02-03,117.7953872680664,125.68000030517578,125.80999755859375,125.33000183105469,125.44999694824219,16957200
2017-02-06,117.93595123291016,125.83000183105469,125.8499984741211,125.3499984741211,125.47000122070312,11630100
2017-02-07,118.36711883544922,126.29000091552734,126.55000305175781,125.97000122070312,126.08999633789062,17541100
2017-02-08,118.5639419555664,126.5,126.68000030517578,125.87999725341797,126.12000274658203,12569100
2017-02-09,118.99504852294922,126.95999908447266,127.23999786376953,126.55999755859375,126.62999725341797,17542700
2017-02-10,119.38871765136719,127.37999725341797,127.55999755859375,127.0199966430664,127.23999786376953,13915700
2017-02-13,120.06354522705078,128.10000610351562,128.25999450683594,127.72000122070312,127.7699966430664,19120200
2017-02-14,120.46658325195312,128.52999877929688,128.5399932861328,127.73999786376953,128.14999389648438,16333500
2017-02-15,121.17890167236328,129.2899932861328,129.35000610351562,128.3699951171875,128.44000244140625,17891400
2017-02-16,121.14140319824219,129.25,129.6300048828125,128.9199981689453,129.3699951171875,15098300
2017-02-17,121.66625213623047,129.80999755859375,129.82000732421875,129.0399932861328,129.05999755859375,15563700
2017-02-21,122.26608276367188,130.4499969482422,130.52999877929688,129.99000549316406,130.05999755859375,18479600
2017-02-22,122.31298065185547,130.5,130.58999633789062,130.11000061035156,130.3300018310547,12110900
2017-02-23,121.85372924804688,130.00999450683594,130.6999969482422,129.49000549316406,130.6999969482422,17489000
2017-02-24,122.08802032470703,130.25999450683594,130.25999450683594,129.3800048828125,129.4199981689453,18624500
2017-02-27,122.23802185058594,130.4199981689453,130.42999267578125,129.8000030517578,130.02000427246094,12008700
2017-02-28,121.86312866210938,130.02000427246094,130.4499969482422,129.66000366210938,130.38999938964844,16598600
2017-03-01,123.19400024414062,131.44000244140625,131.67999267578125,130.60000610351562,130.85000610351562,25813800
2017-03-02,122.57544708251953,130.77999877929688,131.42999267578125,130.6199951171875,131.41000366210938,19951400
2017-03-03,122.80037689208984,131.02000427246094,131.05999755859375,130.33999633789062,130.69000244140625,13722700
2017-03-06,122.5285415649414,130.72999572753906,130.9499969482422,130.2100067138672,130.58999633789062,12026200
2017-03-07,122.32234954833984,130.50999450683594,131.0800018310547,130.27999877929688,130.47000122070312,15500900
2017-03-08,122.53794860839844,130.74000549316406,131.14999389648438,130.4600067138672,130.58999633789062,15776000
2017-03-09,122.63168334960938,130.83999633789062,131.02000427246094,130.13999938964844,130.7100067138672,20855300
2017-03-10,123.14716339111328,131.38999938964844,131.60000610351562,130.82000732421875,131.44000244140625,21922600
2017-03-13,123.3533706665039,131.61000061035156,131.63999938964844,131.27000427246094,131.33999633789062,10731600
2017-03-14,123.05342102050781,131.2899932861328,131.36000061035156,130.75999450683594,131.30999755859375,14019700
2017-03-15,123.8126449584961,132.10000610351562,132.41000366210938,131.13999938964844,131.55999755859375,22709100
2017-03-16,123.7282943725586,132.00999450683594,132.35000610351562,131.7100067138672,132.35000610351562,18457300
2017-03-17,123.68506622314453,131.69000244140625,132.0399932861328,131.6199951171875,131.89999389648438,21234500
2017-03-20,123.79778289794922,131.80999755859375,132.11000061035156,131.4600067138672,131.64999389648438,10105200
2017-03-21,121.91931915283203,129.80999755859375,132.42999267578125,129.72999572753906,132.30999755859375,35841900
2017-03-22,122.74585723876953,130.69000244140625,130.82000732421875,129.67999267578125,129.85000610351562,29177900
2017-03-23,122.43588256835938,130.36000061035156,130.8800048828125,130.13999938964844,130.52000427246094,20311700
2017-03-24,122.68950653076172,130.6300048828125,131.2899932861328,130.1300048828125,130.77999877929688,22967600
2017-03-27,122.88671875,130.83999633789062,131.07000732421875,129.39999389648438,129.6999969482422,18472400
2017-03-28,123.63810729980469,131.63999938964844,132.02999877929688,130.5500030517578,130.83999633789062,23721900
2017-03-29,124.21102142333984,132.25,132.3000030517578,131.58999633789062,131.72999572753906,13710000
2017-03-30,124.41763305664062,132.47000122070312,132.61000061035156,132.0800018310547,132.1999969482422,16092400
2017-03-31,124.3331298828125,132.3800048828125,132.74000549316406,132.1300048828125,132.27999877929688,19841400
2017-04-03,124.25799560546875,132.3000030517578,132.80999755859375,131.55999755859375,132.49000549316406,23700300
2017-04-04,124.4551773071289,132.50999450683594,132.52999877929688,131.8699951171875,131.9199981689453,13400000
2017-04-05,123.94805908203125,131.97000122070312,133.47999572753906,131.72000122070312,132.6999969482422,32011200
2017-04-06,124.01374053955078,132.0399932861328,132.38999938964844,131.6999969482422,132.10000610351562,18832200
2017-04-07,123.94805908203125,131.97000122070312,132.3699951171875,131.5,132.0,16743100
2017-04-10,123.9949951171875,132.02000427246094,132.57000732421875,131.66000366210938,132.10000610351562,15619300
2017-04-11,123.45963287353516,131.4499969482422,132.10000610351562,130.5,131.89999389648438,33778400
2017-04-12,122.96183776855469,130.9199981689453,131.5399932861328,130.77999877929688,131.42999267578125,15955200
2017-04-13,122.47348022460938,130.39999389648438,131.50999450683594,130.3800048828125,130.74000549316406,23683000
2017-04-17,123.48780059814453,131.47999572753906,131.5,130.72000122070312,130.77000427246094,13325500
2017-04-18,123.29998016357422,131.27999877929688,131.66000366210938,130.9499969482422,131.0399932861328,12841100
2017-04-19,123.49722290039062,131.49000549316406,132.2899932861328,131.30999755859375,131.85000610351562,17764800
2017-04-20,124.53033447265625,132.58999633789062,132.8800048828125,131.82000732421875,132.02000427246094,21977900
2017-04-21,124.50213623046875,132.55999755859375,132.75999450683594,132.22000122070312,132.7100067138672,22454900
2017-04-24,126.00493621826172,134.16000366210938,134.2899932861328,133.8000030517578,134.02999877929688,22469900
2017-04-25,126.91598510742188,135.1300048828125,135.3699951171875,134.47999572753906,134.60000610351562,19384400
2017-04-26,126.73753356933594,134.94000244140625,135.50999450683594,134.86000061035156,135.17999267578125,25398500
2017-04-27,127.49827575683594,135.75,135.75,135.19000244140625,135.27000427246094,16136500
2017-04-28,127.72370147705078,135.99000549316406,136.33999633789062,135.77000427246094,136.2899932861328,22771900
2017-05-01,128.860107421875,137.1999969482422,137.3800048828125,136.3800048828125,136.44000244140625,24815500
2017-05-02,129.0761260986328,137.42999267578125,137.49000549316406,137.02000427246094,137.3699951171875,18345100
2017-05-03,128.6628875732422,136.99000549316406,137.1699981689453,136.6199951171875,137.1199951171875,23827600
2017-05-04,128.70980834960938,137.0399932861328,137.42999267578125,136.55999755859375,136.97000122070312,14630100
2017-05-05,129.17942810058594,137.5399932861328,137.5399932861328,136.8800048828125,137.38999938964844,19330700
2017-05-08,129.46119689941406,137.83999633789062,137.83999633789062,137.3300018310547,137.61000061035156,13279900
2017-05-09,129.91201782226562,138.32000732421875,138.6300048828125,137.92999267578125,138.0500030517578,28426100
2017-05-10,129.98719787597656,138.39999389648438,138.4499969482422,137.91000366210938,138.39999389648438,20499400
2017-05-11,129.8838348388672,138.2899932861328,138.3300018310547,137.3800048828125,138.02000427246094,27232100
2017-05-12,130.1750946044922,138.60000610351562,138.6300048828125,138.22999572753906,138.35000610351562,19738600
2017-05-15,130.58827209472656,139.0399932861328,139.1199951171875,138.52999877929688,138.66000366210938,20481300
2017-05-16,131.13304138183594,139.6199951171875,139.63999938964844,138.99000549316406,139.39999389648438,21786000
2017-05-17,127.79878997802734,136.07000732421875,138.77000427246094,136.0500030517578,138.50999450683594,55642200
2017-05-18,128.9164581298828,137.25999450683594,137.72000122070312,135.8699951171875,136.02000427246094,41319900
2017-05-19,129.46119689941406,137.83999633789062,138.4199981689453,137.66000366210938,137.75,36730100
2017-05-22,130.55068969726562,139.0,139.07000732421875,138.10000610351562,138.14999389648438,19509700
2017-05-23,130.68222045898438,139.13999938964844,139.4199981689453,138.77999877929688,139.41000366210938,19687500
2017-05-24,131.28330993652344,139.77999877929688,139.85000610351562,139.1699981689453,139.55999755859375,15891900
2017-05-25,132.40098571777344,140.97000122070312,141.3300018310547,140.00999450683594,140.30999755859375,23928600
2017-05-26,132.63577270507812,141.22000122070312,141.27999877929688,140.80999755859375,141.0,13851600
2017-05-30,132.74844360351562,141.33999633789062,141.50999450683594,141.05999755859375,141.14999389648438,20306400
2017-05-31,132.70152282714844,141.2899932861328,141.83999633789062,140.57000732421875,141.83999633789062,33229400
2017-06-01,133.21803283691406,141.83999633789062,141.89999389648438,140.97999572753906,141.5800018310547,20120700
2017-06-02,134.7396240234375,143.4600067138672,143.49000549316406,142.11000061035156,142.33999633789062,37222900
2017-06-05,134.7114715576172,143.42999267578125,143.67999267578125,143.22999572753906,143.4499969482422,15727500
2017-06-06,134.17611694335938,142.86000061035156,143.72999572753906,142.64999389648438,143.25999450683594,22393000
2017-06-07,134.70204162597656,143.4199981689453,143.5399932861328,142.60000610351562,143.25999450683594,18842400
2017-06-08,134.8428497314453,143.57000732421875,143.8000030517578,142.7899932861328,143.74000549316406,25417400
2017-06-09,131.47116088867188,139.97999572753906,143.89999389648438,138.11000061035156,143.74000549316406,109783700
2017-06-12,130.76669311523438,139.22999572753906,139.47999572753906,137.47000122070312,138.8000030517578,104454000
2017-06-13,131.82803344726562,140.36000061035156,140.55999755859375,139.27999877929688,140.00999450683594,51193000
2017-06-14,131.255126953125,139.75,140.92999267578125,138.6199951171875,140.92999267578125,60093800
2017-06-15,130.67283630371094,139.1300048828125,139.27999877929688,137.49000549316406,138.33999633789062,55145200
2017-06-16,130.10581970214844,138.14999389648438,138.77999877929688,137.63999938964844,138.67999267578125,48087400
2017-06-19,132.28131103515625,140.4600067138672,140.58999633789062,139.27999877929688,139.49000549316406,39626500
2017-06-20,131.2454376220703,139.36000061035156,140.5,139.30999755859375,140.32000732421875,40935100
2017-06-21,132.54505920410156,140.74000549316406,140.80999755859375,139.58999633789062,139.67999267578125,35743400
2017-06-22,132.50738525390625,140.6999969482422,141.22000122070312,140.33999633789062,140.9600067138672,24099100
2017-06-23,133.01596069335938,141.24000549316406,141.4199981689453,140.14999389648438,140.5399932861328,21654300
2017-06-26,132.39439392089844,140.5800018310547,142.2899932861328,140.27000427246094,142.0500030517578,34411100
2017-06-27,129.99282836914062,138.02999877929688,140.22000122070312,138.02000427246094,140.0500030517578,65957800
2017-06-28,131.86695861816406,140.02000427246094,140.13999938964844,137.74000549316406,138.5399932861328,57427200
2017-06-29,129.5784454345703,137.58999633789062,139.44000244140625,136.25,139.44000244140625,88769400
2017-06-30,129.6255645751953,137.63999938964844,138.6699981689453,137.19000244140625,137.97999572753906,68898300
2017-07-03,128.25997924804688,136.19000244140625,138.42999267578125,136.10000610351562,138.27000427246094,32797000
2017-07-05,129.52194213867188,137.52999877929688,137.89999389648438,136.16000366210938,136.6199951171875,42116600
2017-07-06,128.35414123535156,136.2899932861328,137.05999755859375,135.8000030517578,136.47999572753906,48430500
2017-07-07,129.73854064941406,137.75999450683594,138.1300048828125,136.74000549316406,136.75,36970400
2017-07-10,130.58616638183594,138.66000366210938,138.99000549316406,137.5,137.85000610351562,24853500
2017-07-11,130.95339965820312,139.0500030517578,139.22000122070312,137.94000244140625,138.4600067138672,31517700
2017-07-12,132.50738525390625,140.6999969482422,140.86000061035156,139.9600067138672,140.24000549316406,36045800
2017-07-13,132.79933166503906,141.00999450683594,141.35000610351562,140.60000610351562,140.8699951171875,31073600
2017-07-14,133.8446807861328,142.1199951171875,142.3000030517578,141.19000244140625,141.63999938964844,34544800
2017-07-17,133.91062927246094,142.19000244140625,142.69000244140625,141.9199981689453,142.27000427246094,25343200
2017-07-18,134.80532836914062,143.13999938964844,143.1699981689453,141.63999938964844,142.08999633789062,25748500
2017-07-19,135.5963592529297,143.97999572753906,144.19000244140625,143.5,143.55999755859375,33752300
2017-07-20,135.7753448486328,144.1699981689453,144.44000244140625,143.52000427246094,144.35000610351562,36139400
2017-07-21,135.7188262939453,144.11000061035156,144.11000061035156,143.35000610351562,143.63999938964844,39697100
2017-07-24,136.34039306640625,144.77000427246094,144.8699951171875,143.9199981689453,144.08999633789062,26712700
2017-07-25,135.991943359375,144.39999389648438,144.74000549316406,144.00999450683594,144.2899932861328,28120900
2017-07-26,136.43455505371094,144.8699951171875,144.9499969482422,144.52999877929688,144.75999450683594,18610600
2017-07-27,135.57760620117188,143.9600067138672,145.9600067138672,142.3000030517578,145.82000732421875,80665900
2017-07-28,135.46453857421875,143.83999633789062,144.0800018310547,142.8699951171875,143.10000610351562,38013200
2017-07-31,134.8900604248047,143.22999572753906,144.42999267578125,142.9199981689453,144.25,33848600
2017-08-01,135.20083618164062,143.55999755859375,143.75999450683594,143.1199951171875,143.72000122070312,20149400
2017-08-02,135.56814575195312,143.9499969482422,144.52000427246094,142.61000061035156,144.49000549316406,41769700
2017-08-03,135.04074096679688,143.38999938964844,144.1699981689453,143.1300048828125,144.08999633789062,27112800
2017-08-04,135.28558349609375,143.64999389648438,143.97000122070312,143.05999755859375,143.7100067138672,29472900
2017-08-07,136.14266967773438,144.55999755859375,144.55999755859375,143.7100067138672,143.91000366210938,17933900
2017-08-08,135.90716552734375,144.30999755859375,145.47000122070312,143.89999389648438,144.27999877929688,30810400
2017-08-09,135.728271484375,144.1199951171875,144.19000244140625,142.7899932861328,143.1199951171875,36169500
2017-08-10,132.818115234375,141.02999877929688,143.39999389648438,140.88999938964844,143.3000030517578,63331700
2017-08-11,133.82582092285156,142.10000610351562,142.41000366210938,140.89999389648438,141.22000122070312,45862500
2017-08-14,135.54930114746094,143.92999267578125,144.14999389648438,143.19000244140625,143.22999572753906,34161000
2017-08-15,135.6435089111328,144.02999877929688,144.3000030517578,143.63999938964844,144.2899932861328,25509200
2017-08-16,135.8789520263672,144.27999877929688,144.9600067138672,143.8000030517578,144.38999938964844,31913000
2017-08-17,133.10072326660156,141.3300018310547,143.94000244140625,141.3300018310547,143.72000122070312,70191000
2017-08-18,133.00653076171875,141.22999572753906,142.1999969482422,140.64999389648438,141.41000366210938,60751900
2017-08-21,132.83702087402344,141.0500030517578,141.52999877929688,140.17999267578125,141.22000122070312,37111500
2017-08-22,134.8617706298828,143.1999969482422,143.35000610351562,141.75999450683594,141.80999755859375,36294200
2017-08-23,134.3815460205078,142.69000244140625,143.00999450683594,142.3800048828125,142.47999572753906,25702300
2017-08-24,133.9859619140625,142.27000427246094,143.1699981689453,141.47000122070312,143.00999450683594,38160800
2017-08-25,133.7034454345703,141.97000122070312,143.17999267578125,141.77999877929688,142.82000732421875,26380400
2017-08-28,134.11781311035156,142.41000366210938,142.74000549316406,141.9499969482422,142.39999389648438,15362100
2017-08-29,134.6451873779297,142.97000122070312,143.2100067138672,141.05999755859375,141.19000244140625,24498300
2017-08-30,136.2273712158203,144.64999389648438,144.88999938964844,143.0,143.08999633789062,33642700
2017-08-31,137.68714904785156,146.1999969482422,146.2100067138672,144.97999572753906,145.05999755859375,38480700
2017-09-01,137.4987335205078,146.0,146.58999633789062,145.61000061035156,146.38999938964844,22293600
2017-09-05,136.26504516601562,144.69000244140625,145.8800048828125,143.60000610351562,145.57000732421875,44794300
2017-09-06,136.67945861816406,145.1300048828125,145.4600067138672,144.0800018310547,145.05999755859375,30722700
2017-09-07,136.99960327148438,145.47000122070312,145.83999633789062,144.94000244140625,145.39999389648438,22721100
2017-09-08,135.81297302246094,144.2100067138672,145.35000610351562,144.05999755859375,145.27999877929688,27890100
2017-09-11,137.37632751464844,145.8699951171875,146.1199951171875,145.3000030517578,145.33999633789062,27126300
2017-09-12,137.70591735839844,146.22000122070312,146.41000366210938,145.52999877929688,146.27999877929688,30256700
2017-09-13,137.8943328857422,146.4199981689453,146.44000244140625,145.72999572753906,145.97000122070312,28450900
2017-09-14,137.08438110351562,145.55999755859375,146.2899932861328,145.47000122070312,145.85000610351562,35296400
2017-09-15,137.5552215576172,146.05999755859375,146.58999633789062,145.2899932861328,145.52999877929688,46422400
2017-09-18,137.37496948242188,145.5500030517578,146.3699951171875,145.11000061035156,145.91000366210938,24858200
2017-09-19,137.6109161376953,145.8000030517578,146.00999450683594,145.30999755859375,145.80999755859375,20871200
2017-09-20,137.18624877929688,145.35000610351562,145.91000366210938,144.22999572753906,145.75,34236200
2017-09-21,136.3462677001953,144.4600067138672,145.25999450683594,143.9499969482422,145.25,28841800
2017-09-22,136.21409606933594,144.32000732421875,144.52999877929688,143.85000610351562,144.0,21702400
2017-09-25,134.77944946289062,142.8000030517578,143.8300018310547,142.10000610351562,143.75,54947700
2017-09-26,135.12869262695312,143.1699981689453,143.8000030517578,142.6699981689453,143.52999877929688,29628800
2017-09-27,136.3462677001953,144.4600067138672,145.0,143.57000732421875,143.92999267578125,33249400
2017-09-28,136.299072265625,144.41000366210938,144.55999755859375,143.77999877929688,144.11000061035156,24149400
2017-09-29,137.28060913085938,145.4499969482422,145.55999755859375,144.32000732421875,144.6999969482422,43102400
2017-10-02,137.40335083007812,145.5800018310547,146.1699981689453,144.92999267578125,145.6699981689453,27351300
2017-10-03,137.69593811035156,145.88999938964844,146.05999755859375,145.4499969482422,145.77000427246094,19715200
2017-10-04,137.8280029296875,146.02999877929688,146.33999633789062,145.47000122070312,145.61000061035156,26381100
2017-10-05,139.177734375,147.4600067138672,147.5399932861328,146.41000366210938,146.55999755859375,31562400
2017-10-06,139.36651611328125,147.66000366210938,147.66000366210938,146.9600067138672,146.9600067138672,23561100
2017-10-09,139.2060089111328,147.49000549316406,148.00999450683594,147.3000030517578,147.85000610351562,13704800
2017-10-10,139.30990600585938,147.60000610351562,148.13999938964844,146.9499969482422,147.99000549316406,19223100
2017-10-11,139.7251434326172,148.0399932861328,148.07000732421875,147.33999633789062,147.52999877929688,12439100
2017-10-12,139.47032165527344,147.77000427246094,148.35000610351562,147.6199951171875,147.82000732421875,14513500
2017-10-13,140.00827026367188,148.33999633789062,148.50999450683594,147.77999877929688,148.3699951171875,18409900
2017-10-16,140.4896697998047,148.85000610351562,148.88999938964844,148.38999938964844,148.7100067138672,21809400
2017-10-17,140.66896057128906,149.0399932861328,149.05999755859375,148.57000732421875,148.8000030517578,13138200
2017-10-18,140.49908447265625,148.86000061035156,149.2100067138672,148.63999938964844,149.19000244140625,17218200
2017-10-19,139.97996520996094,148.30999755859375,148.3300018310547,147.27000427246094,147.99000549316406,27680300
2017-10-20,140.3575439453125,148.7100067138672,149.0399932861328,148.52999877929688,148.91000366210938,30173300
2017-10-23,139.44200134277344,147.74000549316406,149.02999877929688,147.52999877929688,149.02000427246094,29297100
2017-10-24,139.67794799804688,147.99000549316406,148.3000030517578,147.44000244140625,148.02999877929688,20289500
2017-10-25,139.1493682861328,147.42999267578125,148.17999267578125,146.3300018310547,147.6999969482422,36179100
2017-10-26,138.705810546875,146.9600067138672,147.7100067138672,146.9199981689453,147.33999633789062,28230200
2017-10-27,142.7454376220703,151.24000549316406,151.52000427246094,149.1999969482422,149.42999267578125,60165100
2017-10-30,143.06634521484375,151.5800018310547,152.19000244140625,150.99000549316406,151.1300048828125,31733400
2017-10-31,143.6042938232422,152.14999389648438,152.3699951171875,151.6300048828125,152.07000732421875,26319300
2017-11-01,143.55712890625,152.10000610351562,152.8300018310547,151.5,152.75999450683594,29481600
2017-11-02,143.28335571289062,151.80999755859375,151.99000549316406,150.77000427246094,151.92999267578125,31017400
2017-11-03,144.66143798828125,153.27000427246094,153.2899932861328,151.83999633789062,152.36000061035156,26199200
2017-11-06,145.15220642089844,153.7899932861328,153.85000610351562,153.10000610351562,153.14999389648438,28693900
2017-11-07,145.2371368408203,153.8800048828125,154.0800018310547,153.33999633789062,153.6699981689453,21333100
2017-11-08,145.8223114013672,154.5,154.5399932861328,153.6199951171875,153.8000030517578,17373500
2017-11-09,145.0578155517578,153.69000244140625,153.77000427246094,152.11000061035156,153.22999572753906,40594500
2017-11-10,145.04833984375,153.67999267578125,153.8000030517578,153.05999755859375,153.3300018310547,20150800
2017-11-13,145.2277374267578,153.8699951171875,154.07000732421875,153.10000610351562,153.10000610351562,12522400
2017-11-14,144.6991729736328,153.30999755859375,153.5,152.57000732421875,153.3300018310547,25173800
2017-11-15,144.01959228515625,152.58999633789062,153.0,151.77999877929688,152.64999389648438,24808000
2017-11-16,145.8600616455078,154.5399932861328,154.88999938964844,153.3300018310547,153.36000061035156,34790600
2017-11-17,145.30322265625,153.9499969482422,154.69000244140625,153.8000030517578,154.5800018310547,28725800
2017-11-20,145.18997192382812,153.8300018310547,154.1999969482422,153.61000061035156,154.05999755859375,21143900
2017-11-21,146.7661590576172,155.5,155.57000732421875,154.49000549316406,154.55999755859375,20147800
2017-11-22,146.94549560546875,155.69000244140625,155.83999633789062,155.33999633789062,155.63999938964844,17299000
2017-11-24,147.48345947265625,156.25999450683594,156.30999755859375,155.75999450683594,155.85000610351562,8280600
2017-11-27,147.4174041748047,156.19000244140625,156.55999755859375,155.8300018310547,156.2100067138672,22653400
2017-11-28,147.794921875,156.58999633789062,156.69000244140625,155.6999969482422,156.5399932861328,25227300
2017-11-29,145.2183074951172,153.86000061035156,156.4499969482422,153.1199951171875,156.41000366210938,71986300
2017-11-30,146.43582153320312,155.14999389648438,155.4499969482422,154.14999389648438,154.50999450683594,56595500
2017-12-01,145.8128662109375,154.49000549316406,155.24000549316406,152.25999450683594,154.1999969482422,59015800
2017-12-04,144.13287353515625,152.7100067138672,155.6300048828125,152.55999755859375,155.4600067138672,51319100
2017-12-05,144.22727966308594,152.80999755859375,154.5500030517578,152.10000610351562,152.67999267578125,40604200
2017-12-06,144.87844848632812,153.5,153.74000549316406,152.05999755859375,152.24000549316406,28647800
2017-12-07,145.36932373046875,154.02000427246094,154.4600067138672,153.3300018310547,153.49000549316406,32666200
2017-12-08,146.0111083984375,154.6999969482422,155.52999877929688,154.4600067138672,155.14999389648438,28081700
2017-12-11,147.14369201660156,155.89999389648438,155.9499969482422,154.75999450683594,154.77000427246094,20821500
2017-12-12,146.94549560546875,155.69000244140625,156.14999389648438,155.36000061035156,155.8300018310547,20310300
2017-12-13,147.22865295410156,155.99000549316406,156.49000549316406,155.75999450683594,156.32000732421875,24418500
2017-12-14,147.12478637695312,155.8800048828125,156.66000366210938,155.7100067138672,156.25999450683594,24594700
2017-12-15,148.7953338623047,157.64999389648438,157.82000732421875,156.22999572753906,156.49000549316406,49816200
2017-12-18,150.0429229736328,158.63999938964844,158.77000427246094,158.07000732421875,158.36000061035156,26844500
2017-12-19,149.15379333496094,157.6999969482422,158.5,157.25999450683594,158.33999633789062,31415000
2017-12-20,148.9930419921875,157.52999877929688,158.27999877929688,156.91000366210938,158.25,38972600
2017-12-21,149.011962890625,157.5500030517578,158.25,157.3699951171875,157.75,18638700
2017-12-22,148.8417205810547,157.3699951171875,157.42999267578125,156.9499969482422,157.30999755859375,23330400
2017-12-26,148.03778076171875,156.52000427246094,156.72000122070312,155.9499969482422,156.49000549316406,21918700
2017-12-27,148.05667114257812,156.5399932861328,156.9600067138672,156.38999938964844,156.52999877929688,22388200
2017-12-28,148.23641967773438,156.72999572753906,157.07000732421875,156.5399932861328,157.0399932861328,25393800
2017-12-29,147.31895446777344,155.75999450683594,156.89999389648438,155.6999969482422,156.8699951171875,33186000
2018-01-02,149.90103149414062,158.49000549316406,158.52999877929688,156.1699981689453,156.55999755859375,32573300
2018-01-03,151.35760498046875,160.02999877929688,160.1699981689453,158.61000061035156,158.63999938964844,29383600
2018-01-04,151.62242126464844,160.30999755859375,160.7899932861328,160.0800018310547,160.5800018310547,24776100
2018-01-05,153.1451873779297,161.9199981689453,162.02999877929688,160.77000427246094,161.07000732421875,26992300
2018-01-08,153.74099731445312,162.5500030517578,162.6300048828125,161.86000061035156,161.9199981689453,23159100
2018-01-09,153.75050354003906,162.55999755859375,163.0399932861328,162.07000732421875,162.8699951171875,24782400
2018-01-10,153.39105224609375,162.17999267578125,162.2100067138672,161.1199951171875,161.83999633789062,34004000
2018-01-11,154.44091796875,163.2899932861328,163.3000030517578,162.2100067138672,162.4600067138672,20473500
2018-01-12,155.57589721679688,164.49000549316406,164.66000366210938,162.94000244140625,163.14999389648438,37762700
2018-01-16,155.13133239746094,164.02000427246094,166.4199981689453,163.52999877929688,165.5800018310547,41231800
2018-01-17,156.80545043945312,165.7899932861328,166.0399932861328,164.0,164.8000030517578,33849900
2018-01-18,156.83377075195312,165.82000732421875,166.1999969482422,165.13999938964844,165.52999877929688,26432200
2018-01-19,157.32566833496094,166.33999633789062,166.61000061035156,165.5399932861328,166.30999755859375,38937600
2018-01-22,159.00918579101562,168.1199951171875,168.1199951171875,166.08999633789062,166.27999877929688,26081400
2018-01-23,160.3238525390625,169.50999450683594,169.66000366210938,168.55999755859375,168.63999938964844,37989700
2018-01-24,159.28346252441406,168.41000366210938,170.24000549316406,167.44000244140625,169.8699951171875,54287400
2018-01-25,159.2267303466797,168.35000610351562,169.6300048828125,167.80999755859375,169.57000732421875,28925000
2018-01-26,161.66688537597656,170.92999267578125,170.9499969482422,168.9600067138672,169.2899932861328,32038200
2018-01-29,160.88186645507812,170.10000610351562,170.91000366210938,169.74000549316406,170.57000732421875,37277800
2018-01-30,159.5577392578125,168.6999969482422,169.4199981689453,167.82000732421875,168.5500030517578,44987700
2018-01-31,160.2198028564453,169.39999389648438,169.99000549316406,168.33999633789062,169.64999389648438,42449200
2018-02-01,158.85784912109375,167.9600067138672,169.72999572753906,167.4199981689453,168.10000610351562,38037900
2018-02-02,155.68939208984375,164.61000061035156,167.6999969482422,164.47000122070312,167.3000030517578,68478100
2018-02-05,149.5511474609375,158.1199951171875,165.75,158.0,163.07000732421875,105372200
2018-02-06,153.5140380859375,162.30999755859375,162.50999450683594,155.10000610351562,155.80999755859375,118537900
2018-02-07,151.5278778076172,160.2100067138672,163.5500030517578,160.1999969482422,161.7899932861328,91028300
2018-02-08,145.1341552734375,153.4499969482422,160.8000030517578,153.4499969482422,160.6199951171875,94184800
2018-02-09,147.6405792236328,156.10000610351562,157.24000549316406,150.1300048828125,155.6199951171875,113836600
2018-02-12,150.2604522705078,158.8699951171875,159.9499969482422,156.4600067138672,157.6999969482422,63050600
2018-02-13,151.0360565185547,159.69000244140625,160.00999450683594,157.72000122070312,157.9600067138672,31785600
2018-02-14,153.8639373779297,162.67999267578125,162.92999267578125,158.0,158.75,52107400
2018-02-15,156.72035217285156,165.6999969482422,165.6999969482422,162.44000244140625,164.13999938964844,51633900
2018-02-16,156.02040100097656,164.9600067138672,166.75999450683594,164.67999267578125,165.16000366210938,62256300
2018-02-20,156.33251953125,165.2899932861328,166.67999267578125,164.30999755859375,164.3800048828125,36785600
2018-02-21,155.8879852294922,164.82000732421875,167.72000122070312,164.72000122070312,166.10000610351562,41161800
2018-02-22,155.86907958984375,164.8000030517578,166.4199981689453,164.3800048828125,165.5399932861328,37074400
2018-02-23,159.05650329589844,168.1699981689453,168.1699981689453,165.4499969482422,166.1300048828125,50096900
2018-02-26,161.16561889648438,170.39999389648438,170.39999389648438,168.82000732421875,168.9600067138672,39266700
2018-02-27,159.1699676513672,168.2899932861328,170.72999572753906,168.2100067138672,170.4499969482422,42209900
2018-02-28,158.14849853515625,167.2100067138672,169.8000030517578,167.10000610351562,169.25,42936300
2018-03-01,155.5664520263672,164.47999572753906,168.07000732421875,163.0,167.3000030517578,76809900
2018-03-02,156.99459838867188,165.99000549316406,166.27999877929688,161.9600067138672,162.5,57445100
2018-03-05,158.73483276367188,167.8300018310547,168.25999450683594,164.58999633789062,165.2100067138672,38540200
2018-03-06,159.4063720703125,168.5399932861328,169.11000061035156,167.47999572753906,168.64999389648438,29480900
2018-03-07,159.7752227783203,168.92999267578125,169.07000732421875,166.9600067138672,167.25,34609400
2018-03-08,160.6548309326172,169.86000061035156,169.97999572753906,168.9499969482422,169.6300048828125,25828400
2018-03-09,163.7760467529297,173.16000366210938,173.16000366210938,170.82000732421875,171.07000732421875,38310500
2018-03-12,164.6461639404297,174.0800018310547,174.47999572753906,173.27999877929688,173.6699981689453,37635000
2018-03-13,162.40460205078125,171.7100067138672,175.2100067138672,171.27000427246094,174.47999572753906,55638900
2018-03-14,162.37623596191406,171.67999267578125,172.74000549316406,170.92999267578125,172.61000061035156,40536400
2018-03-15,162.23434448242188,171.52999877929688,172.52999877929688,170.89999389648438,171.8000030517578,28810400
2018-03-16,161.75201416015625,171.02000427246094,172.1999969482422,170.94000244140625,171.82000732421875,31176700
2018-03-19,158.3009033203125,167.10000610351562,169.22000122070312,165.63999938964844,169.10000610351562,71395100
2018-03-20,158.8218994140625,167.64999389648438,168.0399932861328,166.61000061035156,167.1699981689453,34075700
2018-03-21,158.13035583496094,166.9199981689453,168.75999450683594,166.19000244140625,167.2100067138672,43863500
2018-03-22,154.22727966308594,162.8000030517578,165.77000427246094,162.58999633789062,164.61000061035156,66607300
2018-03-23,150.16317749023438,158.50999450683594,163.3000030517578,158.42999267578125,162.61000061035156,80110400
2018-03-26,155.74301147460938,164.39999389648438,164.60000610351562,159.16000366210938,161.72000122070312,57481500
2018-03-27,150.7031707763672,159.0800018310547,165.6199951171875,157.67999267578125,165.6199951171875,78889100
2018-03-28,148.96949768066406,157.25,159.77999877929688,156.0399932861328,158.1699981689453,89369700
2018-03-29,151.69790649414062,160.1300048828125,161.7100067138672,156.6300048828125,158.10000610351562,68692600
2018-04-02,147.32110595703125,155.50999450683594,159.74000549316406,153.8800048828125,158.99000549316406,85549400
2018-04-03,148.97900390625,157.25999450683594,157.9199981689453,154.44000244140625,156.8699951171875,64090000
2018-04-04,151.328369140625,159.74000549316406,160.22999572753906,154.0399932861328,154.22000122070312,65768700
2018-04-05,152.1905059814453,160.64999389648438,161.5800018310547,159.47999572753906,161.3300018310547,43054900
2018-04-06,148.38221740722656,156.6300048828125,160.4600067138672,155.8800048828125,158.8800048828125,59870900
2018-04-09,149.4242706298828,157.72999572753906,160.8800048828125,157.4600067138672,157.97999572753906,41810400
2018-04-10,152.7209930419922,161.2100067138672,161.72999572753906,159.07000732421875,160.2100067138672,48296800
2018-04-11,151.83998107910156,160.27999877929688,162.0,160.10000610351562,160.1999969482422,41622100
2018-04-12,153.66836547851562,162.2100067138672,162.77000427246094,161.16000366210938,161.25,30467900
2018-04-13,152.87255859375,161.3699951171875,163.25999450683594,160.6699981689453,163.02000427246094,44604900
2018-04-16,154.0377960205078,162.60000610351562,163.19000244140625,161.47999572753906,162.5,28180800
2018-04-17,157.35353088378906,166.10000610351562,166.4600067138672,163.91000366210938,164.24000549316406,35536100
2018-04-18,157.67556762695312,166.44000244140625,167.0,165.30999755859375,166.10000610351562,29573900
2018-04-19,156.2261505126953,164.91000366210938,165.99000549316406,164.33999633789062,165.60000610351562,34705700
2018-04-20,153.7535858154297,162.3000030517578,164.61000061035156,161.72999572753906,164.49000549316406,49197100
2018-04-23,153.36521911621094,161.88999938964844,163.72999572753906,161.02000427246094,163.08999633789062,33040600
2018-04-24,150.1157989501953,158.4600067138672,162.91000366210938,157.38999938964844,162.66000366210938,70256800
2018-04-25,150.29580688476562,158.64999389648438,159.30999755859375,156.47000122070312,158.74000549316406,52089300
2018-04-26,153.4599151611328,161.99000549316406,162.52999877929688,160.17999267578125,160.6999969482422,43005500
2018-04-27,153.55465698242188,162.08999633789062,164.41000366210938,161.1699981689453,164.3699951171875,51043400
2018-04-30,152.46517944335938,160.94000244140625,163.47999572753906,160.5399932861328,162.47000122070312,35615300
2018-05-01,154.2083282470703,162.77999877929688,162.8000030517578,160.13999938964844,160.52000427246094,36513500
2018-05-02,153.29888916015625,161.82000732421875,163.57000732421875,161.6300048828125,163.05999755859375,38646800
2018-05-03,153.27992248535156,161.8000030517578,162.39999389648438,159.22000122070312,161.0,60337100
2018-05-04,156.18826293945312,164.8699951171875,165.25,160.97999572753906,161.10000610351562,41543200
2018-05-07,157.48619079589844,166.24000549316406,166.77999877929688,165.50999450683594,165.63999938964844,32500200
2018-05-08,157.3251190185547,166.07000732421875,166.42999267578125,164.86000061035156,165.88999938964844,26040200
2018-05-09,159.03976440429688,167.8800048828125,168.0,165.77999877929688,166.3699951171875,29122700
2018-05-10,160.6881103515625,169.6199951171875,169.74000549316406,168.2899932861328,168.4199981689453,27067600
2018-05-11,160.53662109375,169.4600067138672,169.86000061035156,168.72000122070312,169.4199981689453,24688800
2018-05-14,160.81129455566406,169.75,170.82000732421875,169.47000122070312,169.85000610351562,21821700
2018-05-15,159.03028869628906,167.8699951171875,168.5,166.97999572753906,168.41000366210938,49361600
2018-05-16,160.08184814453125,168.97999572753906,169.3699951171875,168.00999450683594,168.08999633789062,22941200
2018-05-17,159.46604919433594,168.3300018310547,169.61000061035156,167.50999450683594,168.38999938964844,27480200
2018-05-18,158.64190673828125,167.4600067138672,168.25999450683594,167.2100067138672,167.67999267578125,26217900
2018-05-21,159.53240966796875,168.39999389648438,169.5,167.67999267578125,168.75999450683594,22954600
2018-05-22,159.32394409179688,168.17999267578125,169.4499969482422,167.8800048828125,169.1699981689453,19477700
2018-05-23,160.669189453125,169.60000610351562,169.6199951171875,166.8800048828125,166.89999389648438,26557800
2018-05-24,160.62185668945312,169.5500030517578,169.85000610351562,167.83999633789062,169.5500030517578,27696500
2018-05-25,160.78286743164062,169.72000122070312,170.3300018310547,169.2100067138672,169.52999877929688,27460500
2018-05-29,160.0723419189453,168.97000122070312,169.9199981689453,167.9600067138672,168.9499969482422,41220500
2018-05-30,161.21865844726562,170.17999267578125,170.47999572753906,169.22000122070312,169.5800018310547,22665800
2018-05-31,161.11441040039062,170.07000732421875,171.1999969482422,169.6300048828125,170.17999267578125,35670900
2018-06-01,163.64385986328125,172.74000549316406,172.83999633789062,170.8699951171875,170.9199981689453,45543300
2018-06-04,165.1217498779297,174.3000030517578,174.33999633789062,173.07000732421875,173.17999267578125,20459600
2018-06-05,165.63327026367188,174.83999633789062,175.1300048828125,174.07000732421875,174.7100067138672,24779300
2018-06-06,166.59957885742188,175.86000061035156,175.88999938964844,174.13999938964844,175.02000427246094,25036600
2018-06-07,165.24484252929688,174.42999267578125,175.92999267578125,173.5500030517578,175.88999938964844,39600300
2018-06-08,165.2543487548828,174.44000244140625,174.8800048828125,173.17999267578125,173.61000061035156,31780300
2018-06-11,165.69956970214844,174.91000366210938,175.33999633789062,174.27999877929688,174.30999755859375,22319700
2018-06-12,166.5711669921875,175.8300018310547,176.0,174.9600067138672,175.14999389648438,22511800
2018-06-13,166.5616455078125,175.82000732421875,177.13999938964844,175.42999267578125,176.10000610351562,37858600
2018-06-14,168.24795532226562,177.60000610351562,177.88999938964844,176.5,176.6300048828125,35916000
2018-06-15,167.66058349609375,176.97999572753906,177.3300018310547,176.11000061035156,176.92999267578125,49615700
2018-06-18,167.56375122070312,176.5,176.64999389648438,174.94000244140625,175.49000549316406,31633200
2018-06-19,167.08908081054688,176.0,176.0399932861328,173.7100067138672,174.27000427246094,38236000
2018-06-20,168.27578735351562,177.25,177.97999572753906,176.64999389648438,176.80999755859375,33038000
2018-06-21,166.8137664794922,175.7100067138672,177.8800048828125,175.3699951171875,177.6999969482422,43469400
2018-06-22,166.44351196289062,175.32000732421875,176.3699951171875,174.69000244140625,176.3000030517578,30073200
2018-06-25,162.69346618652344,171.3699951171875,173.99000549316406,169.80999755859375,173.72999572753906,77799700
2018-06-26,163.35801696777344,172.07000732421875,173.05999755859375,171.3699951171875,172.0,39008100
2018-06-27,161.13650512695312,169.72999572753906,173.5800018310547,169.61000061035156,172.8000030517578,52843500
2018-06-28,162.52261352539062,171.19000244140625,171.77000427246094,169.1699981689453,169.52000427246094,46407700
2018-06-29,162.9593048095703,171.64999389648438,172.9199981689453,171.39999389648438,172.00999450683594,36408500
2018-07-02,164.05105590820312,172.8000030517578,172.85000610351562,169.6699981689453,170.0399932861328,31770000
2018-07-03,162.1523895263672,170.8000030517578,173.4499969482422,170.6300048828125,173.4499969482422,25512700
2018-07-05,164.16497802734375,172.9199981689453,173.05999755859375,171.02999877929688,171.91000366210938,31626200
2018-07-06,166.71876525878906,175.61000061035156,175.74000549316406,173.0,173.32000732421875,37005600
2018-07-09,168.21884155273438,177.19000244140625,177.22999572753906,175.82000732421875,176.52000427246094,27362100
2018-07-10,168.34219360351562,177.32000732421875,177.72000122070312,176.7100067138672,177.52000427246094,23902500
2018-07-11,167.48779296875,176.4199981689453,177.07000732421875,175.8000030517578,175.92999267578125,30280600
2018-07-12,170.37387084960938,179.4600067138672,179.4600067138672,177.0800018310547,177.1999969482422,27930100
2018-07-13,170.5163116455078,179.61000061035156,179.89999389648438,178.9499969482422,179.4499969482422,28049800
2018-07-16,170.10801696777344,179.17999267578125,179.9499969482422,178.8800048828125,179.64999389648438,21405300
2018-07-17,171.1428680419922,180.27000427246094,180.64999389648438,177.27999877929688,177.27999877929688,31034100
2018-07-18,170.82005310058594,179.92999267578125,180.44000244140625,179.3800048828125,180.2899932861328,23220800
2018-07-19,169.9656524658203,179.02999877929688,179.8800048828125,178.82000732421875,179.27999877929688,31094100
2018-07-20,169.92767333984375,178.99000549316406,180.1699981689453,178.7899932861328,179.57000732421875,35897300
2018-07-23,170.46881103515625,179.55999755859375,179.63999938964844,177.74000549316406,178.4600067138672,22184700
2018-07-24,171.17132568359375,180.3000030517578,182.0500030517578,179.55999755859375,181.41000366210938,36900300
2018-07-25,173.56381225585938,182.82000732421875,182.92999267578125,180.2899932861328,180.3800048828125,35026600
2018-07-26,170.93402099609375,180.0500030517578,180.9199981689453,179.80999755859375,180.33999633789062,40873500
2018-07-27,168.6270294189453,177.6199951171875,181.30999755859375,176.60000610351562,181.19000244140625,59456100
2018-07-30,166.244140625,175.11000061035156,177.72999572753906,174.27000427246094,177.6300048828125,60193000
2018-07-31,167.51629638671875,176.4499969482422,177.1300048828125,174.82000732421875,175.8000030517578,47285100
2018-08-01,168.15234375,177.1199951171875,177.64999389648438,176.10000610351562,176.86000061035156,37101900
2018-08-02,170.44032287597656,179.52999877929688,179.74000549316406,175.7899932861328,175.8699951171875,47178200
2018-08-03,170.96250915527344,180.0800018310547,180.08999633789062,179.0800018310547,179.8699951171875,28934400
2018-08-06,171.96881103515625,181.13999938964844,181.19000244140625,179.74000549316406,179.9600067138672,24808800
2018-08-07,172.59542846679688,181.8000030517578,182.13999938964844,181.25999450683594,181.64999389648438,29895700
2018-08-08,172.80430603027344,182.02000427246094,182.35000610351562,181.05999755859375,181.5500030517578,22680700
2018-08-09,172.69981384277344,181.91000366210938,182.6300048828125,181.63999938964844,181.91000366210938,18852900
2018-08-10,171.3801727294922,180.52000427246094,181.22000122070312,179.83999633789062,180.67999267578125,33818500
2018-08-13,171.19036865234375,180.32000732421875,182.00999450683594,180.24000549316406,180.85000610351562,26089200
2018-08-14,172.26309204101562,181.4499969482422,181.66000366210938,180.0399932861328,181.00999450683594,20913000
2018-08-15,170.15553283691406,179.22999572753906,180.5800018310547,178.1199951171875,180.00999450683594,58528000
2018-08-16,170.7156219482422,179.82000732421875,180.99000549316406,179.47000122070312,180.61000061035156,27711800
2018-08-17,170.75360107421875,179.86000061035156,180.30999755859375,178.27000427246094,179.35000610351562,36092600
2018-08-20,170.60174560546875,179.6999969482422,180.3300018310547,179.0,180.25999450683594,24939000
2018-08-21,171.22830200195312,180.36000061035156,181.44000244140625,180.1300048828125,180.24000549316406,26258700
2018-08-22,171.8928985595703,181.05999755859375,181.27000427246094,179.75,179.97999572753906,18042400
2018-08-23,171.64602661132812,180.8000030517578,182.0500030517578,180.5,180.74000549316406,25776200
2018-08-24,173.24098205566406,182.47999572753906,182.6300048828125,181.36000061035156,181.39999389648438,23136100
2018-08-27,175.00677490234375,184.33999633789062,184.33999633789062,183.11000061035156,183.39999389648438,29343600
2018-08-28,175.26315307617188,184.61000061035156,185.02000427246094,184.22000122070312,184.8300018310547,20277000
2018-08-29,177.28530883789062,186.74000549316406,186.83999633789062,184.86000061035156,184.92999267578125,29175600
2018-08-30,176.9719696044922,186.41000366210938,187.52000427246094,185.7899932861328,186.3800048828125,29315500
2018-08-31,177.19984436035156,186.64999389648438,187.17999267578125,185.97999572753906,186.17999267578125,28653200
2018-09-04,176.4403076171875,185.85000610351562,186.39999389648438,184.85000610351562,186.0800018310547,29063500
2018-09-05,174.16192626953125,183.4499969482422,185.5500030517578,182.82000732421875,185.52000427246094,42623300
2018-09-06,172.60488891601562,181.80999755859375,183.75,180.5800018310547,183.52999877929688,46091400
2018-09-07,171.94029235839844,181.11000061035156,182.6699981689453,180.44000244140625,180.5,46629500
2018-09-10,172.5194549560547,181.72000122070312,182.25,180.72999572753906,182.14999389648438,26132000
2018-09-11,173.84852600097656,183.1199951171875,183.4199981689453,180.52000427246094,180.99000549316406,30116500
2018-09-12,173.3358917236328,182.5800018310547,182.97999572753906,181.00999450683594,182.85000610351562,36204000
2018-09-13,175.1872100830078,184.52999877929688,184.8800048828125,183.63999938964844,183.72000122070312,31133200
2018-09-14,174.67453002929688,183.99000549316406,184.9499969482422,183.25999450683594,184.66000366210938,31224100
2018-09-17,172.15870666503906,181.33999633789062,183.80999755859375,181.1699981689453,183.67999267578125,33071200
2018-09-18,173.58270263671875,182.83999633789062,183.72999572753906,181.39999389648438,181.49000549316406,31877300
2018-09-19,173.44979858398438,182.6999969482422,183.3000030517578,181.50999450683594,182.8699951171875,31843400
2018-09-20,175.36758422851562,184.72000122070312,184.97000122070312,183.52000427246094,183.9600067138672,33295800
2018-09-21,174.40869140625,183.7100067138672,185.47999572753906,183.47999572753906,185.22000122070312,38605400
2018-09-24,174.89373779296875,183.88999938964844,183.9600067138672,181.3000030517578,182.0500030517578,34945600
2018-09-25,175.1315155029297,184.13999938964844,184.27999877929688,183.17999267578125,183.80999755859375,25277500
2018-09-26,175.25514221191406,184.27000427246094,185.99000549316406,183.91000366210938,184.3000030517578,36210600
2018-09-27,176.73886108398438,185.8300018310547,186.49000549316406,184.9199981689453,185.02000427246094,33113300
2018-09-28,176.70077514648438,185.7899932861328,186.27999877929688,184.97000122070312,185.30999755859375,28076800
2018-10-01,177.0621795654297,186.1699981689453,187.52999877929688,185.6999969482422,186.8699951171875,27371300
2018-10-02,176.66275024414062,185.75,187.17999267578125,185.32000732421875,186.00999450683594,25618600
2018-10-03,176.8529510498047,185.9499969482422,186.97000122070312,185.66000366210938,186.52999877929688,29128700
2018-10-04,173.4576416015625,182.3800048828125,185.32000732421875,181.05999755859375,185.1999969482422,80557300
2018-10-05,171.33670043945312,180.14999389648438,182.97000122070312,178.42999267578125,182.36000061035156,83325600
2018-10-08,170.29054260253906,179.0500030517578,180.63999938964844,176.92999267578125,179.52000427246094,66864500
2018-10-09,170.84214782714844,179.6300048828125,181.02000427246094,178.75,179.17999267578125,49097900
2018-10-10,163.32862854003906,171.72999572753906,178.6199951171875,171.5,178.50999450683594,114471100
2018-10-11,161.3028106689453,169.60000610351562,173.39999389648438,167.80999755859375,171.02000427246094,143084500
2018-10-12,165.79196166992188,174.32000732421875,174.86000061035156,170.92999267578125,174.1699981689453,102078400
2018-10-15,163.78515625,172.2100067138672,174.0399932861328,171.55999755859375,173.7100067138672,64885300
2018-10-16,168.550048828125,177.22000122070312,177.64999389648438,173.6999969482422,174.02000427246094,71979700
2018-10-17,168.61660766601562,177.2899932861328,178.25999450683594,175.47000122070312,178.0800018310547,66987600
2018-10-18,164.7077178955078,173.17999267578125,176.67999267578125,172.44000244140625,176.6199951171875,82486200
2018-10-19,164.55557250976562,173.02000427246094,176.07000732421875,172.38999938964844,174.5800018310547,82923700
2018-10-22,165.4019775390625,173.91000366210938,175.25,172.58999633789062,174.05999755859375,52909300
2018-10-23,164.7932891845703,173.27000427246094,174.1300048828125,168.82000732421875,170.63999938964844,77567000
2018-10-24,157.25125122070312,165.33999633789062,173.36000061035156,165.0399932861328,173.07000732421875,102997400
2018-10-25,162.69137573242188,171.05999755859375,172.0800018310547,167.16000366210938,167.91000366210938,83481100
2018-10-26,158.50665283203125,166.66000366210938,169.9600067138672,164.22999572753906,165.1999969482422,130970900
2018-10-29,155.2444610595703,163.22999572753906,169.86000061035156,160.08999633789062,169.2100067138672,111871900
2018-10-30,157.80287170410156,165.9199981689453,166.0399932861328,162.00999450683594,162.75,92584000
2018-10-31,161.5120849609375,169.82000732421875,171.25,168.5399932861328,168.6199951171875,73828600
2018-11-01,163.64247131347656,172.05999755859375,172.24000549316406,168.77999877929688,170.07000732421875,52706800
2018-11-02,161.09364318847656,169.3800048828125,172.5500030517578,168.22000122070312,171.52999877929688,75966800
2018-11-05,160.6941375732422,168.9600067138672,169.66000366210938,167.0800018310547,169.60000610351562,39573500
2018-11-06,161.91151428222656,170.24000549316406,171.19000244140625,168.72000122070312,168.97000122070312,34410400
2018-11-07,166.99032592773438,175.5800018310547,175.5800018310547,171.8699951171875,172.27999877929688,51169600
2018-11-08,165.9250946044922,174.4600067138672,175.3000030517578,173.6300048828125,174.75999450683594,40296500
2018-11-09,163.12892150878906,171.52000427246094,173.25,170.16000366210938,172.8300018310547,50602700
2018-11-12,158.19285583496094,166.3300018310547,170.63999938964844,166.17999267578125,170.32000732421875,62578400
2018-11-13,158.32595825195312,166.47000122070312,169.47999572753906,166.0,167.11000061035156,64128100
2018-11-14,157.1180877685547,165.1999969482422,168.6999969482422,164.25,168.1199951171875,75270700
2018-11-15,159.8667449951172,168.08999633789062,168.5399932861328,163.4600067138672,164.89999389648438,73254300
2018-11-16,159.3056182861328,167.5,168.30999755859375,165.77999877929688,166.4499969482422,65390700
2018-11-19,154.13174438476562,162.05999755859375,166.89999389648438,161.5399932861328,166.6999969482422,67280500
2018-11-20,151.3735809326172,159.16000366210938,161.3800048828125,157.1300048828125,158.3699951171875,102652800
2018-11-21,152.52439880371094,160.3699951171875,161.97000122070312,159.22999572753906,161.35000610351562,42965800
2018-11-23,151.4211883544922,159.2100067138672,160.83999633789062,159.08999633789062,159.08999633789062,23503700
2018-11-26,154.9210968017578,162.88999938964844,162.97000122070312,160.75999450683594,161.44000244140625,42012600
2018-11-27,155.44422912597656,163.44000244140625,163.85000610351562,161.17999267578125,162.0,36608100
2018-11-28,160.4468536376953,168.6999969482422,168.6999969482422,163.47000122070312,164.6199951171875,70141000
2018-11-29,159.9237518310547,168.14999389648438,169.25999450683594,166.82000732421875,167.99000549316406,44885700
2018-11-30,161.0840606689453,169.3699951171875,169.47000122070312,167.5399932861328,168.3800048828125,36722800
2018-12-03,163.89930725097656,172.3300018310547,173.30999755859375,169.50999450683594,173.11000061035156,50771700
2018-12-04,157.6126708984375,165.72000122070312,171.91000366210938,165.52000427246094,171.42999267578125,70594700
2018-12-06,158.72543334960938,166.88999938964844,166.91000366210938,161.77000427246094,162.3800048828125,71715500
2018-12-07,153.48497009277344,161.3800048828125,167.1199951171875,160.86000061035156,166.16000366210938,80432200
2018-12-10,155.09231567382812,163.07000732421875,163.77999877929688,159.41000366210938,161.0800018310547,73960800
2018-12-11,155.6058807373047,163.61000061035156,165.77000427246094,162.22999572753906,165.72999572753906,59058300
2018-12-12,156.97544860839844,165.0500030517578,167.60000610351562,164.9600067138672,166.0,53780000
2018-12-13,157.02297973632812,165.10000610351562,166.82000732421875,164.02999877929688,166.1300048828125,46378500
2018-12-14,153.1996307373047,161.0800018310547,163.80999755859375,160.6999969482422,163.2100067138672,56547400
2018-12-17,149.7282257080078,157.42999267578125,161.6699981689453,156.1699981689453,160.38999938964844,74834100
2018-12-18,150.66983032226562,158.4199981689453,159.9499969482422,157.0399932861328,158.64999389648438,63642100
2018-12-19,146.97010803222656,154.52999877929688,160.72000122070312,153.33999633789062,158.17999267578125,81856500
2018-12-20,144.8396759033203,152.2899932861328,155.8699951171875,150.38999938964844,154.14999389648438,99002100
2018-12-21,140.35060119628906,147.57000732421875,154.08999633789062,146.72000122070312,153.0500030517578,141129400
2018-12-24,136.8701629638672,143.5,147.97999572753906,143.4600067138672,146.0800018310547,56163300
2018-12-26,145.41622924804688,152.4600067138672,152.5399932861328,144.08999633789062,145.0800018310547,98982100
2018-12-27,145.97894287109375,153.0500030517578,153.17999267578125,147.0800018310547,150.3699951171875,85824300
2018-12-28,145.90269470214844,152.97000122070312,155.58999633789062,151.72000122070312,154.14999389648438,77856600
2018-12-31,147.133056640625,154.25999450683594,154.97999572753906,152.7100067138672,154.47000122070312,53015300
2019-01-02,147.72439575195312,154.8800048828125,155.75,150.8800048828125,150.99000549316406,58576700
2019-01-03,142.8981475830078,149.82000732421875,153.25999450683594,149.49000549316406,152.60000610351562,74820200
2019-01-04,149.01199340820312,156.22999572753906,157.0,151.74000549316406,152.33999633789062,74709300
2019-01-07,150.78611755371094,158.08999633789062,158.86000061035156,156.11000061035156,156.6199951171875,52059300
2019-01-08,152.15000915527344,159.52000427246094,160.11000061035156,157.1999969482422,159.5399932861328,49388700
2019-01-09,153.38998413085938,160.82000732421875,161.52000427246094,159.47000122070312,160.13999938964844,46491700
2019-01-10,153.82872009277344,161.27999877929688,161.3699951171875,158.6999969482422,159.60000610351562,38943400
2019-01-11,153.2659912109375,160.69000244140625,160.86000061035156,159.7899932861328,160.3300018310547,30176600
2019-01-14,151.91156005859375,159.27000427246094,159.9600067138672,158.58999633789062,159.3300018310547,30710200
2019-01-15,154.8778839111328,162.3800048828125,162.60000610351562,159.91000366210938,160.0,40874200
2019-01-16,154.84927368164062,162.35000610351562,163.77999877929688,162.2899932861328,162.64999389648438,33812200
2019-01-17,156.0701446533203,163.6300048828125,164.36000061035156,161.57000732421875,161.8300018310547,39329000
2019-01-18,157.6153106689453,165.25,166.02000427246094,163.82000732421875,164.77999877929688,57183200
2019-01-22,154.45823669433594,161.94000244140625,164.13999938964844,160.75999450683594,164.05999755859375,56711700
2019-01-23,154.6584930419922,162.14999389648438,163.50999450683594,160.32000732421875,162.77000427246094,38106100
2019-01-24,155.66001892089844,163.1999969482422,163.44000244140625,162.05999755859375,162.67999267578125,32417800
2019-01-25,157.51995849609375,165.14999389648438,165.64999389648438,163.9499969482422,164.50999450683594,36515900
2019-01-28,155.5741424560547,163.11000061035156,163.1199951171875,161.75,163.02000427246094,33491200
2019-01-29,154.10533142089844,161.57000732421875,163.24000549316406,160.99000549316406,163.1999969482422,30784200
2019-01-30,158.02540588378906,165.67999267578125,166.27999877929688,162.88999938964844,163.39999389648438,41346500
2019-01-31,160.39088439941406,168.16000366210938,168.99000549316406,166.47000122070312,166.6999969482422,37258400
2019-02-01,159.71365356445312,167.4499969482422,168.60000610351562,166.99000549316406,167.3300018310547,32143700
2019-02-04,161.6975860595703,169.52999877929688,169.52999877929688,167.3300018310547,167.47999572753906,26718800
2019-02-05,163.12823486328125,171.02999877929688,171.22999572753906,169.69000244140625,169.75999450683594,28156400
2019-02-06,162.64181518554688,170.52000427246094,171.3699951171875,169.75,171.07000732421875,27970000
2019-02-07,160.45761108398438,168.22999572753906,169.4499969482422,166.9499969482422,169.02999877929688,42036200
2019-02-08,160.77239990234375,168.55999755859375,168.58999633789062,166.57000732421875,166.75999450683594,29020700
2019-02-11,160.6197967529297,168.39999389648438,169.5800018310547,167.97999572753906,169.1699981689453,21434100
2019-02-12,162.9947509765625,170.88999938964844,171.13999938964844,169.3300018310547,169.6300048828125,29722100
2019-02-13,163.10916137695312,171.00999450683594,172.16000366210938,170.82000732421875,171.64999389648438,26094100
2019-02-14,163.30950927734375,171.22000122070312,171.8300018310547,169.8300018310547,170.39999389648438,30326800
2019-02-15,163.99623107910156,171.94000244140625,172.55999755859375,171.13999938964844,172.52000427246094,32521700
2019-02-19,164.3204803466797,172.27999877929688,172.8000030517578,171.3800048828125,171.41000366210938,19487700
2019-02-20,164.2919158935547,172.25,173.0800018310547,171.32000732421875,172.39999389648438,32593000
2019-02-21,163.6909942626953,171.6199951171875,172.25999450683594,170.7100067138672,171.7899932861328,25207400
2019-02-22,164.90235900878906,172.88999938964844,173.00999450683594,171.89999389648438,171.99000549316406,27735400
2019-02-25,165.5032196044922,173.52000427246094,174.66000366210938,173.39999389648438,174.2100067138672,32608800
2019-02-26,165.67486572265625,173.6999969482422,174.25,172.80999755859375,173.10000610351562,21939700
2019-02-27,165.5699920654297,173.58999633789062,173.8000030517578,171.75999450683594,172.89999389648438,25162000
2019-02-28,165.18850708007812,173.19000244140625,173.80999755859375,172.6999969482422,173.0500030517578,25085500
2019-03-01,166.3330078125,174.38999938964844,174.64999389648438,173.17999267578125,174.44000244140625,31431200
2019-03-04,166.3616180419922,174.4199981689453,175.7899932861328,172.47000122070312,175.5399932861328,38063500
2019-03-05,166.4856719970703,174.5500030517578,175.08999633789062,173.69000244140625,174.5500030517578,22319900
2019-03-06,165.54136657714844,173.55999755859375,174.75,173.27999877929688,174.72000122070312,27194600
2019-03-07,163.5098419189453,171.42999267578125,173.17999267578125,170.7899932861328,173.1199951171875,39407400
2019-03-08,163.2617950439453,171.1699981689453,171.25999450683594,169.33999633789062,169.50999450683594,39303200
2019-03-11,166.6572723388672,174.72999572753906,174.85000610351562,171.85000610351562,171.8800048828125,30518400
2019-03-12,167.57296752929688,175.69000244140625,176.13999938964844,174.77000427246094,175.19000244140625,33953500
2019-03-13,168.83192443847656,177.00999450683594,177.92999267578125,176.35000610351562,176.60000610351562,42426100
2019-03-14,168.54580688476562,176.7100067138672,177.33999633789062,176.66000366210938,177.1300048828125,23751500
2019-03-15,170.1100616455078,178.35000610351562,178.8800048828125,177.27999877929688,177.39999389648438,38192000
2019-03-18,170.5152130126953,178.4499969482422,178.99000549316406,177.58999633789062,177.9499969482422,32935100
2019-03-19,171.08856201171875,179.0500030517578,180.0,178.2899932861328,179.17999267578125,36893300
2019-03-20,171.7669677734375,179.75999450683594,180.86000061035156,178.24000549316406,179.05999755859375,50105000
2019-03-21,174.45201110839844,182.57000732421875,182.8300018310547,179.1999969482422,179.22000122070312,42428500
2019-03-22,170.62033081054688,178.55999755859375,182.27000427246094,178.3699951171875,181.77999877929688,70794500
2019-03-25,170.2954559326172,178.22000122070312,178.83999633789062,176.92999267578125,177.91000366210938,46336500
2019-03-26,171.08856201171875,179.0500030517578,180.69000244140625,178.13999938964844,179.60000610351562,33248100
2019-03-27,169.98965454101562,177.89999389648438,179.72000122070312,176.60000610351562,179.32000732421875,37096700
2019-03-28,170.38143920898438,178.30999755859375,178.97999572753906,177.24000549316406,178.36000061035156,30368200
2019-03-29,171.6714324951172,179.66000366210938,179.8300018310547,178.58999633789062,179.69000244140625,35205500
2019-04-01,173.94558715820312,182.0399932861328,182.25999450683594,180.77000427246094,181.50999450683594,30969500
2019-04-02,174.6049041748047,182.72999572753906,182.91000366210938,181.77999877929688,182.24000549316406,22645200
2019-04-03,175.6082000732422,183.77999877929688,184.9199981689453,183.2100067138672,183.75999450683594,31633500
2019-04-04,175.5413818359375,183.7100067138672,184.5,182.64999389648438,183.8300018310547,28530800
2019-04-05,176.44908142089844,184.66000366210938,184.77000427246094,184.02000427246094,184.24000549316406,25674700
2019-04-08,176.898193359375,185.1300048828125,185.27999877929688,183.6300048828125,184.36000061035156,22697500
2019-04-09,176.27706909179688,184.47999572753906,185.11000061035156,184.08999633789062,184.5,25631900
2019-04-10,177.22308349609375,185.47000122070312,185.52999877929688,184.52000427246094,184.72000122070312,24563000
2019-04-11,176.8026580810547,185.02999877929688,185.77999877929688,184.69000244140625,185.77999877929688,20654100
2019-04-12,177.5670928955078,185.8300018310547,185.9499969482422,185.05999755859375,185.85000610351562,24989100
2019-04-15,177.5957489013672,185.86000061035156,186.07000732421875,184.6199951171875,185.83999633789062,21073000
2019-04-16,178.20729064941406,186.5,186.91000366210938,185.92999267578125,186.5399932861328,27195700
2019-04-17,178.82839965820312,187.14999389648438,187.92999267578125,186.60000610351562,187.75,29651600
2019-04-18,179.05770874023438,187.38999938964844,187.7899932861328,186.2899932861328,187.4600067138672,28580900
2019-04-22,179.56417846679688,187.9199981689453,187.99000549316406,186.42999267578125,186.57000732421875,17936000
2019-04-23,181.8478546142578,190.30999755859375,190.5399932861328,188.1300048828125,188.39999389648438,33665600
2019-04-24,181.27455139160156,189.7100067138672,190.7100067138672,189.64999389648438,190.47000122070312,24977100
2019-04-25,182.01034545898438,190.47999572753906,191.22000122070312,189.4499969482422,191.1300048828125,29517500
2019-04-26,182.17274475097656,190.64999389648438,190.69000244140625,188.58999633789062,190.17999267578125,26359500
2019-04-29,182.52635192871094,191.02000427246094,191.32000732421875,190.33999633789062,190.64999389648438,21716200
2019-04-30,181.11207580566406,189.5399932861328,189.85000610351562,188.2100067138672,189.47999572753906,31495300
2019-05-01,180.52926635742188,188.92999267578125,191.32000732421875,188.8000030517578,190.77999877929688,34797100
2019-05-02,179.74566650390625,188.11000061035156,189.85000610351562,186.8699951171875,188.8699951171875,44110100
2019-05-03,182.61227416992188,191.11000061035156,191.25,189.3300018310547,189.6699981689453,30386200
2019-05-06,181.4943389892578,189.94000244140625,190.1999969482422,186.75999450683594,187.0500030517578,38371800
2019-05-07,177.95884704589844,186.24000549316406,188.6699981689453,184.50999450683594,187.8699951171875,58818100
2019-05-08,177.50973510742188,185.77000427246094,187.1699981689453,184.9600067138672,185.6300048828125,37165300
2019-05-09,176.55422973632812,184.77000427246094,185.41000366210938,182.08999633789062,183.6999969482422,55351700
2019-05-10,176.7739715576172,185.0,185.88999938964844,181.02999877929688,184.11000061035156,58526400
2019-05-13,170.63943481445312,178.5800018310547,181.25999450683594,178.05999755859375,180.2899932861328,67185800
2019-05-14,172.51223754882812,180.5399932861328,181.6300048828125,178.86000061035156,179.52000427246094,43360600
2019-05-15,174.94886779785156,183.08999633789062,183.5500030517578,179.30999755859375,179.35000610351562,40944500
2019-05-16,176.70709228515625,184.92999267578125,186.07000732421875,182.9499969482422,183.1699981689453,39281200
2019-05-17,174.901123046875,183.0399932861328,185.5800018310547,182.8800048828125,183.10000610351562,44702300
2019-05-20,171.94851684570312,179.9499969482422,181.17999267578125,179.33999633789062,180.49000549316406,38608300
2019-05-21,173.7449188232422,181.8300018310547,182.3300018310547,180.9199981689453,181.5,31613800
2019-05-22,172.97096252441406,181.02000427246094,182.07000732421875,180.75,180.82000732421875,24332600
2019-05-23,170.3241424560547,178.25,179.02000427246094,177.13999938964844,178.94000244140625,45351300
2019-05-24,170.23809814453125,178.16000366210938,179.85000610351562,177.94000244140625,179.2100067138672,25903300
2019-05-28,169.597900390625,177.49000549316406,179.66000366210938,177.47000122070312,178.66000366210938,24763800
2019-05-29,168.20281982421875,176.02999877929688,177.0,175.08999633789062,176.38999938964844,42178800
2019-05-30,168.90992736816406,176.77000427246094,177.27000427246094,175.77000427246094,176.5,30354800
2019-05-31,166.21531677246094,173.9499969482422,175.2899932861328,173.8699951171875,174.69000244140625,45446200
2019-06-03,162.5555877685547,170.1199951171875,173.9499969482422,169.27000427246094,173.47999572753906,75842300
2019-06-04,167.13259887695312,174.91000366210938,174.97000122070312,171.3699951171875,172.02999877929688,47797800
2019-06-05,168.37486267089844,176.2100067138672,176.61000061035156,174.3800048828125,176.5800018310547,34412700
2019-06-06,169.71255493164062,177.61000061035156,178.0399932861328,175.72999572753906,176.50999450683594,29913200
2019-06-07,172.99002075195312,181.0399932861328,181.77000427246094,178.3300018310547,178.55999755859375,45888300
2019-06-10,175.0061798095703,183.14999389648438,184.85000610351562,182.2100067138672,182.25,41385300
2019-06-11,175.2450714111328,183.39999389648438,185.39999389648438,182.77999877929688,185.05999755859375,41260300
2019-06-12,174.23223876953125,182.33999633789062,183.27999877929688,182.0,182.89999389648438,27758100
2019-06-13,175.2642059326172,183.4199981689453,183.8699951171875,182.74000549316406,183.10000610351562,23715800
2019-06-14,174.5188751220703,182.63999938964844,183.11000061035156,181.94000244140625,182.47999572753906,22844100
2019-06-17,175.5700225830078,183.74000549316406,184.25,182.83999633789062,183.0399932861328,20379500
2019-06-18,178.12124633789062,186.41000366210938,187.72000122070312,185.42999267578125,185.91000366210938,48177300
2019-06-19,178.79013061523438,187.11000061035156,187.52999877929688,185.57000732421875,186.66000366210938,31672900
2019-06-20,180.45278930664062,188.85000610351562,189.75999450683594,187.16000366210938,189.72000122070312,40922000
2019-06-21,180.1852569580078,188.57000732421875,189.77000427246094,188.1699981689453,188.6300048828125,39980400
2019-06-24,180.1909637451172,188.16000366210938,188.72000122070312,188.05999755859375,188.52999877929688,19375200
2019-06-25,177.0977783203125,184.92999267578125,188.13999938964844,184.64999389648438,188.02999877929688,33921100
2019-06-26,177.9213104248047,185.7899932861328,187.3300018310547,185.49000549316406,186.16000366210938,22595700
2019-06-27,178.60128784179688,186.5,186.94000244140625,185.99000549316406,186.4600067138672,19709200
2019-06-28,178.8311309814453,186.74000549316406,187.14999389648438,186.07000732421875,186.9499969482422,21179200
2019-07-01,181.244384765625,189.25999450683594,190.57000732421875,188.3800048828125,190.32000732421875,31025600
2019-07-02,181.9625701904297,190.00999450683594,190.02999877929688,188.66000366210938,189.1999969482422,18035800
2019-07-03,183.33206176757812,191.44000244140625,191.44000244140625,190.2899932861328,190.49000549316406,15792100
2019-07-05,182.9585723876953,191.0500030517578,191.39999389648438,189.38999938964844,190.1300048828125,21415600
2019-07-08,181.67530822753906,189.7100067138672,189.8699951171875,188.92999267578125,189.80999755859375,17598800
2019-07-09,182.58509826660156,190.66000366210938,190.89999389648438,188.64999389648438,188.80999755859375,19193500
2019-07-10,184.40460205078125,192.55999755859375,193.08999633789062,191.47000122070312,191.82000732421875,28374500
2019-07-11,184.27053833007812,192.4199981689453,193.33999633789062,191.80999755859375,192.85000610351562,23736100
2019-07-12,185.33355712890625,193.52999877929688,193.5399932861328,192.4499969482422,192.6300048828125,20211900
2019-07-15,185.92727661132812,194.14999389648438,194.19000244140625,193.44000244140625,193.97999572753906,15606100
2019-07-16,184.96963500976562,193.14999389648438,194.08999633789062,192.55999755859375,193.91000366210938,20190900
2019-07-17,184.0598602294922,192.1999969482422,193.49000549316406,192.17999267578125,193.14999389648438,16765100
2019-07-18,184.27053833007812,192.4199981689453,192.7899932861328,190.69000244140625,191.2899932861328,28877000
2019-07-19,182.9202423095703,191.00999450683594,193.8300018310547,190.80999755859375,193.74000549316406,29387900
2019-07-22,184.3759307861328,192.52999877929688,192.94000244140625,191.44000244140625,191.44000244140625,18954900
2019-07-23,185.58251953125,193.7899932861328,193.80999755859375,192.2899932861328,193.5800018310547,23786700
2019-07-24,186.8849334716797,195.14999389648438,195.16000366210938,193.02999877929688,193.0500030517578,20422900
2019-07-25,185.11328125,193.3000030517578,194.52000427246094,192.92999267578125,194.49000549316406,23434700
2019-07-26,187.01902770996094,195.2899932861328,195.5500030517578,194.42999267578125,194.52999877929688,20431200
2019-07-29,186.37742614746094,194.6199951171875,195.17999267578125,193.38999938964844,195.11000061035156,20451700
2019-07-30,185.57293701171875,193.77999877929688,194.5399932861328,192.99000549316406,193.1300048828125,18705000
2019-07-31,183.0065155029297,191.10000610351562,194.42999267578125,189.32000732421875,194.3000030517578,41627500
2019-08-01,182.09671020507812,190.14999389648438,194.97999572753906,189.22999572753906,191.42999267578125,63251600
2019-08-02,179.41529846191406,187.35000610351562,188.99000549316406,186.2100067138672,188.72000122070312,55214000
2019-08-05,173.07565307617188,180.72999572753906,183.50999450683594,179.1999969482422,183.42999267578125,75040000
2019-08-06,175.49850463867188,183.25999450683594,183.8000030517578,181.07000732421875,182.39999389648438,41897200
2019-08-07,176.44659423828125,184.25,184.50999450683594,179.88999938964844,181.27000427246094,49990600
2019-08-08,180.2866973876953,188.25999450683594,188.32000732421875,184.57000732421875,185.0800018310547,38418100
2019-08-09,178.59173583984375,186.49000549316406,188.0,185.02999877929688,187.36000061035156,33608900
2019-08-12,176.54234313964844,184.35000610351562,185.89999389648438,183.5,185.33999633789062,24642900
2019-08-13,180.41127014160156,188.38999938964844,189.67999267578125,184.02000427246094,184.19000244140625,40241900
2019-08-14,175.01963806152344,182.75999450683594,185.9499969482422,182.4199981689453,185.36000061035156,51000500
2019-08-15,174.81857299804688,182.5500030517578,183.58999633789062,181.16000366210938,183.0,36685000
2019-08-16,177.62448120117188,185.47999572753906,185.9499969482422,184.10000610351562,184.2100067138672,32781400
2019-08-19,180.44952392578125,188.42999267578125,188.8300018310547,187.5,188.16000366210938,22494100
2019-08-20,179.0513153076172,186.97000122070312,188.63999938964844,186.9199981689453,187.9600067138672,19902900
2019-08-21,180.64105224609375,188.6300048828125,189.22999572753906,187.9600067138672,188.61000061035156,20418500
2019-08-22,180.05690002441406,188.02000427246094,189.4600067138672,186.5399932861328,188.97999572753906,24243700
2019-08-23,174.35888671875,182.07000732421875,188.4499969482422,181.55999755859375,186.74000549316406,55372400
2019-08-26,176.9924774169922,184.82000732421875,184.8699951171875,183.0800018310547,184.13999938964844,27598900
2019-08-27,176.61892700195312,184.42999267578125,186.4199981689453,183.7100067138672,186.11000061035156,28012800
2019-08-28,177.2510223388672,185.08999633789062,185.39999389648438,182.91000366210938,183.8300018310547,21792400
2019-08-29,179.96115112304688,187.9199981689453,188.4600067138672,186.67999267578125,187.38999938964844,25358900
2019-08-30,179.5301971435547,187.47000122070312,188.97000122070312,186.41000366210938,188.92999267578125,26319800
2019-09-03,177.78726196289062,185.64999389648438,187.17999267578125,185.02999877929688,186.22000122070312,27964200
2019-09-04,180.35377502441406,188.3300018310547,188.49000549316406,186.89999389648438,187.44000244140625,21592100
2019-09-05,183.6576385498047,191.77999877929688,192.3300018310547,190.33999633789062,190.41000366210938,33932600
2019-09-06,183.47573852539062,191.58999633789062,192.1699981689453,191.1699981689453,192.10000610351562,19487800
2019-09-09,183.09262084960938,191.19000244140625,192.27000427246094,190.22000122070312,192.19000244140625,24407600
2019-09-10,182.56591796875,190.63999938964844,190.74000549316406,188.91000366210938,190.16000366210938,23744700
2019-09-11,184.28012084960938,192.42999267578125,192.52999877929688,190.55999755859375,191.0,25063600
2019-09-12,185.04623413085938,193.22999572753906,194.7100067138672,192.97000122070312,193.61000061035156,28689900
2019-09-13,184.38548278808594,192.5399932861328,193.39999389648438,192.2899932861328,192.9499969482422,27669800
2019-09-16,183.56187438964844,191.67999267578125,192.0800018310547,191.11000061035156,191.3000030517578,20319000
2019-09-17,184.44287109375,192.60000610351562,192.60000610351562,191.2899932861328,191.6999969482422,20953400
2019-09-18,184.3663330078125,192.52000427246094,192.60000610351562,190.11000061035156,192.1999969482422,29781300
2019-09-19,184.67276000976562,192.83999633789062,194.0399932861328,192.47000122070312,192.86000061035156,26039400
2019-09-20,182.71914672851562,190.8000030517578,193.30999755859375,190.16000366210938,193.11000061035156,29086100
2019-09-23,182.79977416992188,190.5,191.07000732421875,189.72000122070312,190.36000061035156,22485900
2019-09-24,180.37203979492188,187.97000122070312,191.7899932861328,187.14999389648438,191.3699951171875,40820700
2019-09-25,182.39671325683594,190.0800018310547,190.5800018310547,186.2100067138672,187.77999877929688,34704900
2019-09-26,181.7250518798828,189.3800048828125,190.0,187.97999572753906,189.8300018310547,26826000
2019-09-27,179.47003173828125,187.02999877929688,189.8300018310547,185.75,189.72999572753906,40773500
2019-09-30,181.17807006835938,188.80999755859375,189.11000061035156,187.39999389648438,187.7899932861328,26307700
2019-10-01,179.7003173828125,187.27000427246094,190.58999633789062,186.9600067138672,189.5,32367600
2019-10-02,176.61045837402344,184.0500030517578,186.02999877929688,183.02000427246094,186.0,48544300
2019-10-03,178.54881286621094,186.07000732421875,186.2100067138672,181.82000732421875,184.02999877929688,39392500
2019-10-04,181.17807006835938,188.80999755859375,189.0800018310547,186.8800048828125,187.0800018310547,31887600
2019-10-07,180.63113403320312,188.24000549316406,189.74000549316406,187.91000366210938,188.27000427246094,21216000
2019-10-08,177.92507934570312,185.4199981689453,187.86000061035156,185.27000427246094,187.05999755859375,32379300
2019-10-09,179.6619110107422,187.22999572753906,188.0800018310547,186.42999267578125,186.99000549316406,20147400
2019-10-10,181.05335998535156,188.67999267578125,189.42999267578125,187.1199951171875,187.27999877929688,25177700
2019-10-11,183.3850555419922,191.11000061035156,192.6300048828125,190.72000122070312,190.8300018310547,40976700
2019-10-14,183.3659210205078,191.08999633789062,191.6999969482422,190.64999389648438,190.83999633789062,14975000
2019-10-15,185.6977081298828,193.52000427246094,193.97000122070312,191.55999755859375,191.67999267578125,23234200
2019-10-16,185.23712158203125,193.0399932861328,193.52999877929688,192.42999267578125,192.86000061035156,20457100
2019-10-17,185.72650146484375,193.5500030517578,194.5,192.80999755859375,194.1999969482422,19045200
2019-10-18,183.94166564941406,191.69000244140625,193.6699981689453,190.7100067138672,193.1999969482422,27700800
2019-10-21,185.5729217529297,193.38999938964844,193.52000427246094,192.13999938964844,192.7100067138672,15801200
2019-10-22,184.09519958496094,191.85000610351562,194.4199981689453,191.7899932861328,194.14999389648438,22392300
2019-10-23,184.45025634765625,192.22000122070312,192.25999450683594,191.14999389648438,191.4600067138672,14828400
2019-10-24,186.24465942382812,194.08999633789062,194.2100067138672,192.74000549316406,193.58999633789062,18998500
2019-10-25,187.73202514648438,195.63999938964844,195.74000549316406,193.0500030517578,193.08999633789062,21507100
2019-10-28,189.58399963378906,197.57000732421875,197.8300018310547,196.5500030517578,196.5500030517578,18818700
2019-10-29,188.11582946777344,196.0399932861328,197.5399932861328,196.00999450683594,197.24000549316406,18569700
2019-10-30,189.02745056152344,196.99000549316406,197.32000732421875,195.2899932861328,196.4199981689453,21764300
2019-10-31,189.1138153076172,197.0800018310547,197.64999389648438,195.94000244140625,197.55999755859375,26801800
2019-11-01,190.8314208984375,198.8699951171875,198.8800048828125,197.6300048828125,197.92999267578125,22131900
2019-11-04,192.01173400878906,200.10000610351562,200.52999877929688,198.8699951171875,200.19000244140625,19015900
2019-11-05,192.11729431152344,200.2100067138672,200.5500030517578,199.5500030517578,200.35000610351562,15048900
2019-11-06,191.6855010986328,199.75999450683594,200.0,198.7899932861328,199.97999572753906,19725500
2019-11-07,192.32838439941406,200.42999267578125,201.72000122070312,199.85000610351562,200.75999450683594,17832400
2019-11-08,193.09605407714844,201.22999572753906,201.25,199.5399932861328,200.07000732421875,15258800
2019-11-11,192.8369598388672,200.9600067138672,201.0399932861328,199.94000244140625,200.2100067138672,10147600
2019-11-12,193.39353942871094,201.5399932861328,202.2100067138672,200.82000732421875,201.1300048828125,14778300
2019-11-13,193.44143676757812,201.58999633789062,201.77999877929688,200.7100067138672,200.83999633789062,15774600
2019-11-14,193.28794860839844,201.42999267578125,201.55999755859375,200.22000122070312,200.8300018310547,16945400
2019-11-15,194.70816040039062,202.91000366210938,202.91000366210938,202.0,202.64999389648438,18427900
2019-11-18,194.86172485351562,203.07000732421875,203.38999938964844,201.77000427246094,202.58999633789062,18365900
2019-11-19,195.1495361328125,203.3699951171875,203.83999633789062,202.58999633789062,203.83999633789062,16923300
2019-11-20,193.97885131835938,202.14999389648438,203.4499969482422,200.6199951171875,202.83999633789062,36629000
2019-11-21,193.54698181152344,201.6999969482422,202.07000732421875,201.07000732421875,201.92999267578125,17883600
2019-11-22,193.67181396484375,201.8300018310547,202.32000732421875,200.74000549316406,202.1999969482422,17189600
2019-11-25,195.9652099609375,204.22000122070312,204.25999450683594,202.6699981689453,202.6999969482422,17752800
2019-11-26,196.33941650390625,204.61000061035156,204.8699951171875,204.0500030517578,204.35000610351562,14780600
2019-11-27,197.7116241455078,206.0399932861328,206.0500030517578,204.88999938964844,205.13999938964844,16963100
2019-11-29,196.8096160888672,205.10000610351562,205.8300018310547,205.0,205.52000427246094,9854600
2019-12-02,194.79444885253906,203.0,205.17999267578125,201.77999877929688,205.11000061035156,28007000
2019-12-03,193.2687530517578,201.41000366210938,201.49000549316406,199.22999572753906,200.2100067138672,31104100
2019-12-04,194.24754333496094,202.42999267578125,202.91000366210938,202.13999938964844,202.44000244140625,15300100
2019-12-05,194.6313934326172,202.8300018310547,203.14999389648438,201.83999633789062,203.14999389648438,14962300
2019-12-06,196.71363830566406,205.0,205.14999389648438,204.14999389648438,204.30999755859375,16555300
2019-12-09,195.8212432861328,204.07000732421875,205.58999633789062,203.97999572753906,204.6300048828125,13984100
2019-12-10,195.6580810546875,203.89999389648438,204.8800048828125,203.44000244140625,204.1699981689453,21799800
2019-12-11,196.69444274902344,204.97999572753906,205.19000244140625,204.0399932861328,204.36000061035156,18780800
2019-12-12,198.16262817382812,206.50999450683594,207.32000732421875,204.49000549316406,204.77000427246094,32612000
2019-12-13,198.81512451171875,207.19000244140625,207.91000366210938,205.9600067138672,206.39999389648438,32519400
2019-12-16,200.8110809326172,209.27000427246094,209.52999877929688,208.47999572753906,208.5500030517578,21296600
2019-12-17,200.92620849609375,209.38999938964844,209.7100067138672,209.0399932861328,209.5399932861328,15996100
2019-12-18,201.07977294921875,209.5500030517578,210.1300048828125,209.3300018310547,209.57000732421875,15443300
2019-12-19,202.3367919921875,210.86000061035156,210.92999267578125,209.6199951171875,209.63999938964844,17865900
2019-12-20,203.15243530273438,211.7100067138672,212.52000427246094,211.27000427246094,211.86000061035156,27672600
2019-12-23,203.68905639648438,211.80999755859375,212.14999389648438,211.6300048828125,212.0,23774700
2019-12-24,203.79483032226562,211.9199981689453,212.08999633789062,211.44000244140625,212.0,7089000
2019-12-26,205.59310913085938,213.7899932861328,213.80999755859375,212.22999572753906,212.25999450683594,17067500
2019-12-27,205.42002868652344,213.61000061035156,214.55999755859375,213.0399932861328,214.5399932861328,18134100
2019-12-30,204.07369995117188,212.2100067138672,213.6300048828125,211.16000366210938,213.5,21815500
2019-12-31,204.45838928222656,212.61000061035156,212.75999450683594,211.1999969482422,211.52999877929688,18170900
2020-01-02,207.87228393554688,216.16000366210938,216.16000366210938,213.97999572753906,214.39999389648438,30969400
2020-01-03,205.96817016601562,214.17999267578125,215.47000122070312,213.27999877929688,213.3000030517578,27518900
2020-01-06,207.29527282714844,215.55999755859375,215.58999633789062,212.24000549316406,212.5,21655300
2020-01-07,207.266357421875,215.52999877929688,216.13999938964844,214.85000610351562,215.63999938964844,22139300
2020-01-08,208.8243408203125,217.14999389648438,218.13999938964844,215.16000366210938,215.5,26397300
2020-01-09,210.59376525878906,218.99000549316406,219.41000366210938,217.7100067138672,218.94000244140625,23547000
2020-01-10,210.05520629882812,218.42999267578125,219.8699951171875,218.0399932861328,219.85000610351562,21898500
2020-01-13,212.47860717773438,220.9499969482422,220.97999572753906,218.97999572753906,219.3300018310547,22756900
2020-01-14,211.6419677734375,220.0800018310547,221.2100067138672,219.74000549316406,220.83999633789062,24418100
2020-01-15,211.728515625,220.1699981689453,221.1999969482422,219.4499969482422,220.1999969482422,25742100
2020-01-16,213.7576141357422,222.27999877929688,222.32000732421875,220.8000030517578,221.27000427246094,18805000
2020-01-17,214.81544494628906,223.3800048828125,223.55999755859375,222.1199951171875,223.27999877929688,24325200
2020-01-21,214.7192840576172,223.27999877929688,223.83999633789062,222.66000366210938,222.75999450683594,21146300
2020-01-22,215.28662109375,223.8699951171875,225.14999389648438,223.58999633789062,224.41000366210938,20736400
2020-01-23,215.9790802001953,224.58999633789062,224.69000244140625,222.6999969482422,223.74000549316406,26496100
2020-01-24,214.16148376464844,222.6999969482422,225.8800048828125,221.6699981689453,225.63999938964844,37436500
2020-01-27,209.73785400390625,218.10000610351562,219.27999877929688,217.17999267578125,217.6699981689453,42264400
2020-01-28,212.95945739746094,221.4499969482422,221.9600067138672,219.05999755859375,219.63999938964844,26731900
2020-01-29,213.30564880371094,221.80999755859375,222.92999267578125,220.8300018310547,222.67999267578125,28924500
2020-01-30,214.06533813476562,222.60000610351562,222.6999969482422,219.69000244140625,220.3800048828125,39568100
2020-01-31,210.6707305908203,219.07000732421875,223.55999755859375,218.2899932861328,223.52999877929688,52015800
2020-02-03,213.8538055419922,222.3800048828125,222.88999938964844,219.99000549316406,220.13999938964844,25408600
2020-02-04,218.74862670898438,227.47000122070312,227.86000061035156,224.64999389648438,225.4199981689453,30691200
2020-02-05,219.46987915039062,228.22000122070312,230.25,226.85000610351562,230.2100067138672,38534800
2020-02-06,221.36431884765625,230.19000244140625,230.25,227.97999572753906,228.7899932861328,22467100
2020-02-07,220.4123077392578,229.1999969482422,230.44000244140625,228.5399932861328,229.16000366210938,25884900
2020-02-10,223.0760955810547,231.97000122070312,231.97999572753906,228.3800048828125,228.44000244140625,21478900
2020-02-11,223.1145782470703,232.00999450683594,234.02000427246094,231.39999389648438,233.25,30198000
2020-02-12,225.2879180908203,234.27000427246094,234.3800048828125,232.8000030517578,233.3800048828125,24471300
2020-02-13,224.9993896484375,233.97000122070312,234.92999267578125,232.36000061035156,232.63999938964844,22773200
2020-02-14,225.6437530517578,234.63999938964844,234.86000061035156,233.5500030517578,234.33999633789062,23438500
2020-02-18,225.7302703857422,234.72999572753906,235.1699981689453,233.25,233.5,24394500
2020-02-19,227.89402770996094,236.97999572753906,237.47000122070312,235.85000610351562,236.1300048828125,22230500
2020-02-20,225.77838134765625,234.77999877929688,236.9499969482422,231.8800048828125,236.4600067138672,42604000
2020-02-21,221.4412841796875,230.27000427246094,234.00999450683594,229.32000732421875,233.61000061035156,66017200
2020-02-24,212.9017333984375,221.38999938964844,224.25,220.25999450683594,221.67999267578125,84522600
2020-02-25,207.11256408691406,215.3699951171875,223.99000549316406,214.74000549316406,223.25,97743000
2020-02-26,208.1799774169922,216.47999572753906,220.27999877929688,214.89999389648438,216.7100067138672,79537700
2020-02-27,197.755615234375,205.63999938964844,216.4199981689453,205.5,210.89999389648438,121822600
2020-02-28,197.90948486328125,205.8000030517578,207.1699981689453,198.1699981689453,198.63999938964844,148173700
2020-03-02,208.12229919433594,216.4199981689453,216.57000732421875,205.94000244140625,208.8800048828125,112933900
2020-03-03,201.4483642578125,209.47999572753906,219.61000061035156,207.6199951171875,217.11000061035156,131953500
2020-03-04,209.853271484375,218.22000122070312,218.3300018310547,211.3699951171875,213.32000732421875,73086200
2020-03-05,203.4774627685547,211.58999633789062,216.36000061035156,210.10000610351562,212.69000244140625,78705500
2020-03-06,200.04434204101562,208.02000427246094,209.14999389648438,202.91000366210938,204.6699981689453,89828400
2020-03-09,186.1483612060547,193.57000732421875,201.16000366210938,192.11000061035156,193.47999572753906,116424000
2020-03-10,196.28427124023438,204.11000061035156,204.3000030517578,193.67999267578125,201.11000061035156,100599200
2020-03-11,187.73509216308594,195.22000122070312,200.75,192.72999572753906,199.35000610351562,89168800
2020-03-12,170.5214385986328,177.32000732421875,190.77999877929688,176.94000244140625,182.08999633789062,137820700
2020-03-13,184.9655303955078,192.33999633789062,194.47999572753906,178.1300048828125,187.07000732421875,134882000
2020-03-16,162.80894470214844,169.3000030517578,184.67999267578125,169.16000366210938,174.14999389648438,92054400
2020-03-17,175.15660095214844,182.13999938964844,184.38999938964844,169.77999877929688,175.47000122070312,121257100
2020-03-18,169.82904052734375,176.60000610351562,179.22000122070312,166.8000030517578,171.61000061035156,114156300
2020-03-19,170.8483428955078,177.66000366210938,183.49000549316406,171.6300048828125,175.69000244140625,120896500
2020-03-20,164.15521240234375,170.6999969482422,182.8699951171875,170.10000610351562,181.74000549316406,118983900
2020-03-23,164.2737579345703,170.4600067138672,174.2100067138672,164.92999267578125,170.9199981689453,124639800
2020-03-24,176.9947509765625,183.66000366210938,183.8300018310547,177.9499969482422,179.91000366210938,94881800
2020-03-25,175.68406677246094,182.3000030517578,189.50999450683594,179.97999572753906,184.4199981689453,88754900
2020-03-26,184.93563842773438,191.89999389648438,192.72000122070312,183.61000061035156,183.8699951171875,79887600
2020-03-27,178.5752410888672,185.3000030517578,190.50999450683594,184.66000366210938,186.92999267578125,58845000
2020-03-30,185.07061767578125,192.0399932861328,192.49000549316406,186.33999633789062,187.05999755859375,49356900
2020-03-31,183.49012756347656,190.39999389648438,195.25,189.1999969482422,191.72000122070312,62659300
2020-04-01,175.69371032714844,182.30999755859375,187.66000366210938,180.86000061035156,184.77000427246094,53715400
2020-04-02,179.2594451904297,186.00999450683594,190.10000610351562,180.97000122070312,181.24000549316406,56465300
2020-04-03,176.7152099609375,183.3699951171875,187.07000732421875,181.2899932861328,185.5500030517578,47487600
2020-04-06,189.3494110107422,196.47999572753906,197.64999389648438,189.19000244140625,190.47999572753906,64763500
2020-04-07,189.27235412597656,196.39999389648438,202.66000366210938,196.0,202.3699951171875,69904500
2020-04-08,193.29103088378906,200.57000732421875,201.1699981689453,196.1699981689453,198.14999389648438,45940400
2020-04-09,193.5704803466797,200.86000061035156,203.22000122070312,199.02999877929688,202.35000610351562,68252600
2020-04-13,195.66175842285156,203.02999877929688,203.4199981689453,198.75,200.0,42853900
2020-04-14,204.17127990722656,211.86000061035156,212.5,206.4199981689453,207.22999572753906,63959600
2020-04-15,201.82948303222656,209.42999267578125,211.8300018310547,207.1199951171875,208.47999572753906,47036000
2020-04-16,205.51087951660156,213.25,214.3699951171875,209.69000244140625,211.69000244140625,64657400
2020-04-17,207.476806640625,215.2899932861328,216.50999450683594,212.0800018310547,216.1699981689453,62863200
2020-04-20,205.0193634033203,212.74000549316406,215.8800048828125,212.57000732421875,213.36000061035156,38249100
2020-04-21,197.45425415039062,204.88999938964844,211.16000366210938,203.6300048828125,210.60000610351562,72932800
2020-04-22,203.31358337402344,210.97000122070312,212.35000610351562,208.3300018310547,209.10000610351562,40089100
2020-04-23,202.8798828125,210.52000427246094,214.44000244140625,210.10000610351562,211.7899932861328,43278500
2020-04-24,206.07943725585938,213.83999633789062,214.3000030517578,209.5,210.97000122070312,34231900
2020-04-27,207.73703002929688,215.55999755859375,216.6300048828125,214.5,216.19000244140625,36451700
2020-04-28,203.82435607910156,211.5,217.32000732421875,211.2100067138672,217.32000732421875,46862800
2020-04-29,211.0521697998047,219.0,219.97000122070312,215.13999938964844,216.19000244140625,48716400
2020-04-30,210.96542358398438,218.91000366210938,220.0399932861328,217.35000610351562,219.9499969482422,43359500
2020-05-01,205.0193634033203,212.74000549316406,216.6699981689453,211.67999267578125,214.5,48795000
2020-05-04,207.40936279296875,215.22000122070312,215.4499969482422,211.1199951171875,211.4600067138672,32841000
2020-05-05,209.7608184814453,217.66000366210938,220.13999938964844,216.85000610351562,217.44000244140625,37783100
2020-05-06,211.0521697998047,219.0,221.0399932861328,218.11000061035156,219.39999389648438,36455200
2020-05-07,213.76983642578125,221.82000732421875,222.72999572753906,220.4199981689453,221.82000732421875,38624800
2020-05-08,216.69949340820312,224.86000061035156,225.0,222.47999572753906,223.5500030517578,31852300
2020-05-11,218.6365509033203,226.8699951171875,227.92999267578125,223.25,223.49000549316406,35714100
2020-05-12,214.0589599609375,222.1199951171875,228.10000610351562,222.08999633789062,227.49000549316406,41054100
2020-05-13,211.37982177734375,219.33999633789062,224.61000061035156,216.7100067138672,222.66000366210938,65521200
2020-05-14,213.77943420410156,221.8300018310547,221.8699951171875,215.99000549316406,217.97000122070312,51549300
2020-05-15,215.16722106933594,223.27000427246094,223.3300018310547,218.3300018310547,218.77999877929688,55747200
2020-05-18,219.17623901367188,227.42999267578125,228.67999267578125,225.47000122070312,226.27999877929688,42398100
2020-05-19,218.62692260742188,226.86000061035156,229.85000610351562,226.7100067138672,227.6999969482422,36237300
2020-05-20,222.99252319335938,231.38999938964844,231.75999450683594,229.47999572753906,229.5,37417000
2020-05-21,220.56399536132812,228.8699951171875,232.13999938964844,228.33999633789062,231.44000244140625,43642900
2020-05-22,221.32525634765625,229.66000366210938,229.8699951171875,227.5,228.4499969482422,28762400
2020-05-26,220.727783203125,229.0399932861328,233.57000732421875,228.7899932861328,233.36000061035156,33055300
2020-05-27,221.9324188232422,230.2899932861328,230.41000366210938,223.94000244140625,228.69000244140625,55665600
2020-05-28,221.64332580566406,229.99000549316406,233.47000122070312,229.0500030517578,229.11000061035156,42784300
2020-05-29,224.89100646972656,233.36000061035156,233.60000610351562,228.75999450683594,230.3800048828125,50691800
2020-06-01,225.56564331054688,234.05999755859375,234.4499969482422,232.0,232.4600067138672,25776000
2020-06-02,227.0786895751953,235.6300048828125,235.69000244140625,232.00999450683594,234.5,33383400
2020-06-03,228.1001739501953,236.69000244140625,237.47000122070312,235.35000610351562,236.25999450683594,37228700
2020-06-04,226.50042724609375,235.02999877929688,237.7899932861328,233.67999267578125,236.3300018310547,38716100
2020-06-05,230.99131774902344,239.69000244140625,240.3000030517578,235.6300048828125,236.22000122070312,47365600
2020-06-08,232.7838134765625,241.5500030517578,241.67999267578125,237.91000366210938,239.5399932861328,32937300
2020-06-09,234.4703369140625,243.3000030517578,244.17999267578125,240.47000122070312,240.66000366210938,35046300
2020-06-10,237.28436279296875,246.22000122070312,247.82000732421875,244.50999450683594,245.0500030517578,58084400
2020-06-11,225.52711486816406,234.02000427246094,243.58999633789062,233.9600067138672,242.16000366210938,72919400
2020-06-12,227.31959533691406,235.8800048828125,240.39999389648438,231.74000549316406,239.08999633789062,72034800
2020-06-15,230.08541870117188,238.75,239.4499969482422,231.47000122070312,232.44000244140625,45307400
2020-06-16,234.03660583496094,242.85000610351562,244.38999938964844,239.10000610351562,243.77999877929688,48890100
2020-06-17,234.7786865234375,243.6199951171875,245.5,242.72999572753906,244.39999389648438,34749300
2020-06-18,235.4147491455078,244.27999877929688,244.52999877929688,242.49000549316406,243.2899932861328,30578600
2020-06-19,235.3761749267578,244.24000549316406,247.0,242.4499969482422,246.72999572753906,49422100
2020-06-22,238.1990203857422,246.74000549316406,246.8699951171875,243.3800048828125,243.67999267578125,24068700
2020-06-23,240.2262420654297,248.83999633789062,251.14999389648438,247.82000732421875,248.38999938964844,32767400
2020-06-24,235.27389526367188,243.7100067138672,249.3300018310547,242.16000366210938,248.05999755859375,46032400
2020-06-25,237.51353454589844,246.02999877929688,246.33999633789062,241.13999938964844,243.8000030517578,36940800
2020-06-26,231.90469360351562,240.22000122070312,245.9600067138672,239.67999267578125,245.77999877929688,52824600
2020-06-29,234.4339599609375,242.83999633789062,242.85000610351562,237.35000610351562,239.97000122070312,34377800
2020-06-30,239.02926635742188,247.60000610351562,248.16000366210938,242.5800018310547,242.77000427246094,38909200
2020-07-01,241.81918334960938,250.49000549316406,251.52000427246094,247.0800018310547,247.63999938964844,34689200
2020-07-02,243.46034240722656,252.19000244140625,254.27000427246094,251.7100067138672,253.02000427246094,31956500
2020-07-06,249.44566345214844,258.3900146484375,258.92999267578125,255.42999267578125,255.4499969482422,34589000
2020-07-07,247.727294921875,256.6099853515625,260.8800048828125,256.29998779296875,258.1300048828125,36578200
2020-07-08,250.9904022216797,259.989990234375,260.0199890136719,256.5,257.9800109863281,30426300
2020-07-09,253.1044464111328,262.17999267578125,262.8699951171875,257.6300048828125,261.9700012207031,40312900
2020-07-10,254.83262634277344,263.9700012207031,264.2300109863281,259.260009765625,262.0299987792969,32885300
2020-07-13,249.59056091308594,258.5400085449219,269.7900085449219,257.69000244140625,266.9100036621094,64108100
2020-07-14,251.35720825195312,260.3699951171875,260.7900085449219,252.75999450683594,255.92999267578125,72230500
2020-07-15,251.8687744140625,260.8999938964844,262.69000244140625,257.489990234375,261.8299865722656,54523900
2020-07-16,250.15042114257812,259.1199951171875,259.7799987792969,255.6199951171875,258.0199890136719,47594100
2020-07-17,250.44007873535156,259.4200134277344,260.30999755859375,257.1700134277344,259.5899963378906,35137900
2020-07-20,257.5451965332031,266.7799987792969,267.42999267578125,258.7900085449219,260.0799865722656,40610100
2020-07-21,254.86151123046875,264.0,268.4100036621094,263.1300048828125,268.3999938964844,43243800
2020-07-22,255.75930786132812,264.92999267578125,265.8900146484375,262.54998779296875,264.510009765625,29865500
2020-07-23,249.078857421875,258.010009765625,265.239990234375,256.54998779296875,264.510009765625,51363500
2020-07-24,246.7136688232422,255.55999755859375,256.92999267578125,251.32000732421875,254.0399932861328,54054500
2020-07-27,251.11572265625,260.1199951171875,260.5199890136719,256.45001220703125,257.260009765625,36445700
2020-07-28,247.92041015625,256.80999755859375,259.8500061035156,256.510009765625,259.30999755859375,31302400
2020-07-29,250.77792358398438,259.7699890136719,260.6600036621094,257.9100036621094,258.3999938964844,27556900
2020-07-30,252.0908203125,261.1300048828125,261.7099914550781,256.54998779296875,257.739990234375,41774500
2020-07-31,256.5894775390625,265.7900085449219,265.95001220703125,260.8500061035156,265.9100036621094,53686300
2020-08-03,260.0552978515625,269.3800048828125,270.1499938964844,267.8699951171875,268.0,32081600
2020-08-04,261.02069091796875,270.3800048828125,270.4800109863281,268.0899963378906,268.8599853515625,24911300
2020-08-05,261.6674499511719,271.04998779296875,271.5199890136719,269.9599914550781,270.8800048828125,21612100
2020-08-06,265.1331481933594,274.6400146484375,274.9800109863281,270.19000244140625,270.8500061035156,28048200
2020-08-07,262.072998046875,271.4700012207031,274.8800048828125,269.25,274.0799865722656,44969400
2020-08-10,260.953125,270.30999755859375,271.9800109863281,266.6700134277344,271.7699890136719,35088400
2020-08-11,256.01031494140625,265.19000244140625,270.44000244140625,264.6300048828125,269.1099853515625,43104300
2020-08-12,262.4493408203125,271.8599853515625,272.8399963378906,267.3699951171875,267.4200134277344,38773400
2020-08-13,263.04803466796875,272.4800109863281,274.8299865722656,271.510009765625,272.6600036621094,31895700
2020-08-14,262.739013671875,272.1600036621094,273.3999938964844,270.7200012207031,273.1199951171875,30799500
2020-08-17,265.7897033691406,275.32000732421875,275.8399963378906,272.20001220703125,273.92999267578125,24803000
2020-08-18,268.3478698730469,277.9700012207031,278.4599914550781,274.9100036621094,276.4200134277344,23529500
2020-08-19,266.542724609375,276.1000061035156,279.0199890136719,275.57000732421875,277.92999267578125,31999400
2020-08-20,270.239990234375,279.92999267578125,280.42999267578125,274.8599853515625,275.2799987792969,27723400
2020-08-21,272.11285400390625,281.8699951171875,282.3399963378906,279.4599914550781,280.1300048828125,34748900
2020-08-24,273.81201171875,283.6300048828125,286.0,281.2699890136719,285.25,36418500
2020-08-25,275.9647216796875,285.8599853515625,286.05999755859375,282.3699951171875,282.8299865722656,34866600
2020-08-26,281.8536376953125,291.9599914550781,292.2200012207031,285.8299865722656,287.1499938964844,42216700
2020-08-27,280.9751892089844,291.04998779296875,293.8500061035156,288.7099914550781,292.9700012207031,49482700
2020-08-28,282.4039306640625,292.5299987792969,293.17999267578125,290.92999267578125,292.3299865722656,28021000
2020-08-31,284.6726989746094,294.8800048828125,296.75,292.6199951171875,293.07000732421875,36321000
2020-09-01,289.5381164550781,299.9200134277344,300.0400085449219,295.7900085449219,297.6199951171875,36216200
2020-09-02,292.27972412109375,302.760009765625,303.5,296.8900146484375,303.2799987792969,50836800
2020-09-03,277.46112060546875,287.4100036621094,298.6199951171875,284.4100036621094,298.1000061035156,110083300
2020-09-04,273.7637023925781,283.5799865722656,288.92999267578125,271.79998779296875,285.55999755859375,123959000
2020-09-08,260.6055603027344,269.95001220703125,278.2200012207031,269.6600036621094,272.2200012207031,99568600
2020-09-09,268.26104736328125,277.8800048828125,280.04998779296875,273.0,275.6400146484375,64837900
2020-09-10,262.9128112792969,272.3399963378906,282.20001220703125,270.55999755859375,280.94000244140625,69667500
2020-09-11,261.0882263183594,270.45001220703125,275.2200012207031,266.8999938964844,274.1499938964844,71809000
2020-09-14,265.63519287109375,275.1600036621094,277.2200012207031,272.9599914550781,274.3599853515625,38525200
2020-09-15,269.4002685546875,279.05999755859375,280.45001220703125,275.1300048828125,279.0299987792969,41849900
2020-09-16,265.1042785644531,274.6099853515625,280.3599853515625,274.25,279.8800048828125,42321000
2020-09-17,260.9627380371094,270.32000732421875,274.3999938964844,266.67999267578125,267.54998779296875,81570800
2020-09-18,257.63214111328125,266.8699951171875,272.0899963378906,262.6300048828125,271.7900085449219,86251100
2020-09-21,258.25006103515625,267.510009765625,267.6499938964844,260.1099853515625,262.4700012207031,57168600
2020-09-22,263.04803466796875,272.4800109863281,273.0799865722656,266.5400085449219,269.989990234375,41128900
2020-09-23,255.01597595214844,264.1600036621094,272.3399963378906,263.25,272.1499938964844,48837300
2020-09-24,256.20343017578125,265.3900146484375,268.70001220703125,261.2200012207031,261.3900146484375,70631700
2020-09-25,262.1597595214844,271.55999755859375,272.3999938964844,264.29998779296875,265.9100036621094,55242400
2020-09-28,267.60455322265625,277.20001220703125,277.20001220703125,271.6700134277344,276.5799865722656,58438300
2020-09-29,266.3978576660156,275.95001220703125,277.7099914550781,275.3699951171875,276.6199951171875,27050000
2020-09-30,268.22247314453125,277.8399963378906,281.0899963378906,275.8699951171875,276.1499938964844,49380800
2020-10-01,272.479736328125,282.25,282.8800048828125,279.8399963378906,281.7900085449219,50020200
2020-10-02,264.8145751953125,274.30999755859375,282.239990234375,273.44000244140625,276.0199890136719,75497400
2020-10-05,270.46209716796875,280.1600036621094,280.489990234375,276.2300109863281,276.3399963378906,28184600
2020-10-06,265.63519287109375,275.1600036621094,281.19000244140625,274.25,279.45001220703125,49704200
2020-10-07,270.23052978515625,279.9200134277344,280.739990234375,277.2799987792969,277.8900146484375,27539700
2020-10-08,271.66888427734375,281.4100036621094,282.4700012207031,280.30999755859375,282.3999938964844,25443300
2020-10-09,275.8199768066406,285.7099914550781,285.7900085449219,282.7099914550781,283.1099853515625,30201100
2020-10-12,284.3346862792969,294.5299987792969,297.4599914550781,289.4700012207031,290.54998779296875,79370700
2020-10-13,284.3250427246094,294.5199890136719,297.04998779296875,293.1099853515625,296.3900146484375,64240000
2020-10-14,281.9501647949219,292.05999755859375,296.3500061035156,290.260009765625,295.3500061035156,36949100
2020-10-15,280.0580749511719,290.1000061035156,290.7099914550781,286.5400085449219,287.20001220703125,42514200
2020-10-16,278.5230712890625,288.510009765625,293.2699890136719,288.1499938964844,291.79998779296875,40570700
2020-10-19,273.97601318359375,283.79998779296875,291.4800109863281,282.7900085449219,290.489990234375,36756800
2020-10-20,274.56500244140625,284.4100036621094,287.6199951171875,282.95001220703125,284.55999755859375,32195400
2020-10-21,274.3526611328125,284.19000244140625,287.32000732421875,283.69000244140625,284.6700134277344,29306100
2020-10-22,274.34295654296875,284.17999267578125,285.9800109863281,280.82000732421875,285.04998779296875,32196200
2020-10-23,274.883544921875,284.739990234375,284.9100036621094,281.7799987792969,284.7699890136719,24658500
2020-10-26,270.7613525390625,280.4700012207031,285.29998779296875,276.760009765625,282.3800048828125,38421100
2020-10-27,272.8756103515625,282.6600036621094,283.510009765625,280.20001220703125,281.5,30559100
2020-10-28,262.237060546875,271.6400146484375,278.6400146484375,271.3800048828125,278.010009765625,53413500
2020-10-29,266.82257080078125,276.3900146484375,279.489990234375,272.5199890136719,273.0,43246300
2020-10-30,260.0552978515625,269.3800048828125,275.239990234375,267.07000732421875,274.3399963378906,65838300
2020-11-02,260.6345520019531,269.9800109863281,273.5199890136719,266.9700012207031,271.8500061035156,39987400
2020-11-03,265.1428527832031,274.6499938964844,276.82000732421875,270.8399963378906,271.9599914550781,43604100
2020-11-04,276.97845458984375,286.9100036621094,288.7699890136719,281.8699951171875,283.5899963378906,75728200
2020-11-05,284.1995544433594,294.3900146484375,295.3900146484375,292.0,293.5299987792969,52054200
2020-11-06,284.41192626953125,294.6099853515625,295.3599853515625,289.8299865722656,293.7099914550781,40959800
2020-11-09,278.6002502441406,288.5899963378906,299.1400146484375,288.1199951171875,297.6499938964844,86537100
2020-11-10,273.6092529296875,283.4200134277344,286.6600036621094,280.6199951171875,285.1700134277344,69024900
2020-11-11,279.729736328125,289.760009765625,290.25,283.3800048828125,286.0299987792969,36102900
2020-11-12,278.4169006347656,288.3999938964844,292.07000732421875,287.25,290.760009765625,34414600
2020-11-13,280.85931396484375,290.92999267578125,291.57000732421875,287.8699951171875,290.1700134277344,24806900
2020-11-16,283.05072021484375,293.20001220703125,293.510009765625,289.989990234375,290.6199951171875,30168400
2020-11-17,282.1529235839844,292.2699890136719,293.739990234375,291.6099853515625,293.3999938964844,21843500
2020-11-18,280.06768798828125,290.1099853515625,293.3699951171875,290.0199890136719,291.70001220703125,28069600
2020-11-19,282.25909423828125,292.3800048828125,292.70001220703125,288.8500061035156,289.5400085449219,22718400
2020-11-20,280.3283386230469,290.3800048828125,293.07000732421875,290.2900085449219,292.29998779296875,25907300
2020-11-23,280.33807373046875,290.3900146484375,292.75,288.07000732421875,291.4100036621094,26875600
2020-11-24,284.27685546875,294.4700012207031,294.9800109863281,289.6300048828125,291.489990234375,24516800
2020-11-25,286.024169921875,296.2799987792969,296.94000244140625,294.5899963378906,295.57000732421875,23326800
2020-11-27,288.65960693359375,299.010009765625,300.1700134277344,297.8999938964844,298.30999755859375,17163100
2020-11-30,289.24853515625,299.6199951171875,299.9700012207031,294.7799987792969,299.3399963378906,27836200
2020-12-01,292.9555969238281,303.4599914550781,305.1400146484375,300.8299865722656,301.9700012207031,27521300
2020-12-02,293.3320617675781,303.8500061035156,304.20001220703125,300.3500061035156,302.25,23620000
2020-12-03,293.7471618652344,304.2799987792969,305.8800048828125,303.5299987792969,304.1700134277344,22828700
2020-12-04,294.9442443847656,305.5199890136719,305.6700134277344,303.6300048828125,304.3299865722656,19332100
2020-12-07,296.6144104003906,307.25,307.6300048828125,305.5199890136719,305.7099914550781,20851000
2020-12-08,297.61834716796875,308.2900085449219,308.6000061035156,304.95001220703125,306.760009765625,18341500
2020-12-09,290.8800354003906,301.30999755859375,308.3599853515625,300.2099914550781,308.07000732421875,48839300
2020-12-10,292.0481262207031,302.5199890136719,303.67999267578125,298.0899963378906,299.2099914550781,27519500
2020-12-11,291.4013671875,301.8500061035156,301.9800109863281,298.4700012207031,300.80999755859375,26760400
2020-12-14,293.5155029296875,304.0400085449219,306.04998779296875,303.010009765625,303.0799865722656,28804800
2020-12-15,296.6529541015625,307.2900085449219,307.2900085449219,304.1099853515625,306.3699951171875,25709000
2020-12-16,298.2844543457031,308.9800109863281,309.7900085449219,306.6199951171875,307.70001220703125,25461900
2020-12-17,300.23455810546875,311.0,311.239990234375,309.3900146484375,310.6300048828125,23730500
2020-12-18,299.32708740234375,310.05999755859375,311.9800109863281,307.6099853515625,311.6600036621094,41173400
2020-12-21,298.76715087890625,308.9200134277344,309.4700012207031,303.6000061035156,306.4599914550781,37095500
2020-12-22,299.57952880859375,309.760009765625,310.7099914550781,306.8500061035156,309.8500061035156,26176300
2020-12-23,298.07080078125,308.20001220703125,310.17999267578125,308.0400085449219,309.80999755859375,21201300
2020-12-24,299.3860778808594,309.55999755859375,310.0199890136719,308.3900146484375,308.4700012207031,16785000
2020-12-28,302.4035339355469,312.67999267578125,313.1700134277344,310.3599853515625,312.25,22497700
2020-12-29,302.6743469238281,312.9599914550781,314.69000244140625,312.0299987792969,314.04998779296875,25871900
2020-12-30,302.6839599609375,312.9700012207031,314.489990234375,312.3299865722656,314.1600036621094,18138100
2020-12-31,303.4286193847656,313.739990234375,314.239990234375,311.760009765625,312.8699951171875,21611400
2021-01-04,299.1443176269531,309.30999755859375,315.2900085449219,305.17999267578125,315.1099853515625,45305900
2021-01-05,301.6104736328125,311.8599853515625,312.1400146484375,308.2900085449219,308.2900085449219,29323400
2021-01-06,297.4324645996094,307.5400085449219,311.8800048828125,305.9800109863281,307.0,52809600
2021-01-07,304.6278991699219,314.9800109863281,315.8399963378906,310.25,310.2799987792969,30394800
2021-01-08,308.5448303222656,319.0299987792969,319.3900146484375,315.0799865722656,317.3399963378906,33955800
2021-01-11,304.08636474609375,314.4200134277344,317.19000244140625,313.75,315.9800109863281,32746400
2021-01-12,303.60284423828125,313.9200134277344,315.5799865722656,311.20001220703125,314.4599914550781,29266800
2021-01-13,305.6531982421875,316.0400085449219,316.8599853515625,313.57000732421875,314.19000244140625,22898400
2021-01-14,304.01873779296875,314.3500061035156,317.5299987792969,313.8599853515625,316.5,23500100
2021-01-15,301.6104736328125,311.8599853515625,315.1199951171875,310.5799865722656,314.1300048828125,35118700
2021-01-19,306.0110168457031,316.4100036621094,316.92999267578125,313.1199951171875,314.25,24537000
2021-01-20,313.1290283203125,323.7699890136719,324.739990234375,316.510009765625,320.1400146484375,30728100
2021-01-21,315.6339111328125,326.3599853515625,327.1300048828125,323.7300109863281,325.1499938964844,25130600
2021-01-22,314.724853515625,325.4200134277344,326.4599914550781,324.7099914550781,325.2900085449219,21609400
2021-01-25,317.3264465332031,328.1099853515625,330.32000732421875,321.4100036621094,328.9100036621094,39080600
2021-01-26,317.7906188964844,328.5899963378906,329.760009765625,327.2200012207031,328.8500061035156,25498100
2021-01-27,308.9316711425781,319.42999267578125,326.2699890136719,317.3599853515625,326.260009765625,55264000
2021-01-28,310.7596130371094,321.32000732421875,326.4200134277344,320.0299987792969,320.6700134277344,42836300
2021-01-29,304.22174072265625,314.55999755859375,320.7200012207031,312.760009765625,319.5799865722656,55259000
2021-02-01,311.8234558105469,322.4200134277344,323.5400085449219,316.0199890136719,318.1099853515625,35646000
2021-02-02,316.9105224609375,327.67999267578125,328.8699951171875,325.30999755859375,325.4800109863281,33930800
2021-02-03,315.6532897949219,326.3800048828125,330.20001220703125,326.32000732421875,329.82000732421875,24824500
2021-02-04,319.38641357421875,330.239990234375,330.3299865722656,326.4599914550781,327.82000732421875,22350900
2021-02-05,320.46954345703125,331.3599853515625,332.3999938964844,329.5299987792969,331.2200012207031,22732000
2021-02-08,322.61663818359375,333.5799865722656,333.739990234375,331.4100036621094,333.1000061035156,20462800
2021-02-09,322.5490417480469,333.510009765625,334.80999755859375,332.6099853515625,332.6199951171875,17597500
2021-02-10,321.8139343261719,332.75,335.4599914550781,329.5,334.989990234375,28068700
2021-02-11,323.58380126953125,334.5799865722656,335.0,332.1199951171875,334.3299865722656,22046100
2021-02-12,325.39239501953125,336.45001220703125,336.6199951171875,332.6300048828125,333.7099914550781,20346800
2021-02-16,324.51226806640625,335.5400085449219,338.19000244140625,334.3399963378906,337.2699890136719,27080800
2021-02-17,322.9551086425781,333.92999267578125,335.6600036621094,330.1700134277344,332.4700012207031,31360300
2021-02-18,321.5430603027344,332.4700012207031,333.8699951171875,328.3599853515625,330.2300109863281,32236200
2021-02-19,320.14080810546875,331.0199890136719,333.989990234375,329.9700012207031,333.8599853515625,39157700
2021-02-22,311.8427734375,322.44000244140625,327.79998779296875,322.2300109863281,326.5,47256900
2021-02-23,310.9143371582031,321.4800109863281,323.20001220703125,311.0,317.0,97241900
2021-02-24,313.47723388671875,324.1300048828125,324.45001220703125,315.9599914550781,318.739990234375,58206300
2021-02-25,302.54864501953125,312.8299865722656,324.0299987792969,311.239990234375,321.3900146484375,110182600
2021-02-26,303.8155517578125,314.1400146484375,319.1099853515625,310.8800048828125,315.8500061035156,104739800
2021-03-01,312.9549255371094,323.5899963378906,323.94000244140625,317.94000244140625,319.2699890136719,49164500
2021-03-02,307.9356384277344,318.3999938964844,324.3299865722656,318.1400146484375,324.25,48370000
2021-03-03,298.9991760253906,309.1600036621094,318.239990234375,309.1000061035156,317.2699890136719,86301100
2021-03-04,294.1055603027344,304.1000061035156,312.0400085449219,300.1099853515625,308.7799987792969,139131600
2021-03-05,298.5350646972656,308.67999267578125,309.6099853515625,297.45001220703125,306.79998779296875,121523700
2021-03-08,290.0822448730469,299.94000244140625,310.05999755859375,299.510009765625,308.1199951171875,88409800
2021-03-09,301.5234680175781,311.7699890136719,313.7300109863281,306.9200134277344,307.4700012207031,80391100
2021-03-10,300.6627502441406,310.8800048828125,316.4700012207031,310.1700134277344,316.1600036621094,76798100
2021-03-11,307.58734130859375,318.0400085449219,319.8599853515625,314.8500061035156,315.7699890136719,53484800
2021-03-12,305.0921936035156,315.4599914550781,318.2300109863281,311.3900146484375,313.8599853515625,69315600
2021-03-15,308.3514404296875,318.8299865722656,319.0,314.1000061035156,315.7900085449219,42955700
2021-03-16,310.0438537597656,320.5799865722656,324.20001220703125,319.1000061035156,321.0899963378906,54925900
2021-03-17,311.3205871582031,321.8999938964844,323.8500061035156,315.67999267578125,317.45001220703125,78258700
2021-03-18,301.78460693359375,312.0400085449219,317.8800048828125,311.57000732421875,316.8699951171875,82718100
2021-03-19,302.8485107421875,313.1400146484375,314.7300109863281,309.6600036621094,311.8699951171875,78446200
2021-03-22,308.52783203125,318.6099853515625,320.739990234375,315.2099914550781,315.2099914550781,56194800
2021-03-23,307.18182373046875,317.2200012207031,321.0899963378906,316.3800048828125,319.7300109863281,53455400
2021-03-24,302.00103759765625,311.8699951171875,318.6700134277344,311.7200012207031,318.6300048828125,64803700
2021-03-25,301.4781799316406,311.3299865722656,312.8900146484375,307.3900146484375,309.9700012207031,78729000
2021-03-26,306.0004577636719,316.0,316.3299865722656,309.6700134277344,311.1099853515625,63519600
2021-03-29,305.9132385253906,315.9100036621094,316.989990234375,312.4700012207031,315.45001220703125,54608000
2021-03-30,304.37359619140625,314.32000732421875,314.9100036621094,311.5400085449219,313.8900146484375,44635700
2021-03-31,309.0314025878906,319.1300048828125,320.739990234375,315.80999755859375,316.1600036621094,55032500
2021-04-01,314.2992248535156,324.57000732421875,324.7099914550781,322.80999755859375,323.07000732421875,55685600
2021-04-05,320.57421875,331.04998779296875,331.8399963378906,326.8800048828125,327.1300048828125,42172500
2021-04-06,320.35150146484375,330.82000732421875,332.8299865722656,330.0199890136719,330.7300109863281,33537200
2021-04-07,321.1261901855469,331.6199951171875,332.4800109863281,329.3699951171875,330.3299865722656,32046400
2021-04-08,324.4766845703125,335.0799865722656,335.2699890136719,333.739990234375,334.55999755859375,29940800
2021-04-09,326.4423522949219,337.1099853515625,337.32000732421875,332.9200134277344,333.67999267578125,36664900
2021-04-12,326.0163269042969,336.6700134277344,337.1000061035156,334.7300109863281,336.0400085449219,25833000
2021-04-13,329.8220520019531,340.6000061035156,341.0799865722656,338.0199890136719,338.239990234375,30374000
2021-04-14,325.8614807128906,336.510009765625,340.9800109863281,335.6700134277344,340.8500061035156,42564300
2021-04-15,330.800048828125,341.6099853515625,342.010009765625,336.2200012207031,339.4700012207031,36342800
2021-04-16,331.1873474121094,342.010009765625,342.2300109863281,340.0799865722656,342.1499938964844,40860100
2021-04-19,328.1563720703125,338.8800048828125,341.5799865722656,336.8999938964844,340.3900146484375,34533100
2021-04-20,325.7645263671875,336.4100036621094,339.5199890136719,334.3800048828125,338.20001220703125,38081800
2021-04-21,328.55340576171875,339.2900085449219,339.4800109863281,333.9700012207031,335.0899963378906,36598100
2021-04-22,324.5928955078125,335.20001220703125,339.8999938964844,334.010009765625,338.8900146484375,45936100
2021-04-23,328.6793518066406,339.4200134277344,340.7699890136719,335.8500061035156,335.8500061035156,36381900
2021-04-26,330.8194885253906,341.6300048828125,341.9200134277344,338.8999938964844,339.6700134277344,30812000
2021-04-27,329.38623046875,340.1499938964844,342.1499938964844,339.1700134277344,341.92999267578125,33187200
2021-04-28,328.2726135253906,339.0,340.8500061035156,338.3299865722656,339.80999755859375,33615700
2021-04-29,329.45404052734375,340.2200012207031,342.79998779296875,336.8999938964844,342.3699951171875,37708900
2021-04-30,327.29449462890625,337.989990234375,340.260009765625,337.04998779296875,337.70001220703125,38263400
2021-05-03,325.55157470703125,336.19000244140625,340.0,335.7300109863281,339.2300109863281,29729700
2021-05-04,319.69305419921875,330.1400146484375,333.8900146484375,326.2099914550781,333.55999755859375,65147000
2021-05-05,318.6181640625,329.0299987792969,333.1400146484375,328.2300109863281,332.25,46219300
2021-05-06,321.0196533203125,331.510009765625,331.6700134277344,326.45001220703125,328.760009765625,46814300
2021-05-07,323.6245422363281,334.20001220703125,336.6499938964844,331.69000244140625,334.3699951171875,53324500
2021-05-10,315.4515686035156,325.760009765625,332.9599914550781,325.54998779296875,332.7799987792969,60700500
2021-05-11,315.0157775878906,325.30999755859375,326.1300048828125,319.0199890136719,319.70001220703125,71963600
2021-05-12,306.8622741699219,316.8900146484375,322.6199951171875,316.0,320.2300109863281,91164900
2021-05-13,309.2347106933594,319.3399963378906,322.3999938964844,316.8999938964844,319.9200134277344,69877800
2021-05-14,316.06158447265625,326.3900146484375,327.3299865722656,322.0799865722656,322.6000061035156,44370000
2021-05-17,314.1443176269531,324.4100036621094,326.3699951171875,321.45001220703125,324.6300048828125,39395000
2021-05-18,312.0236511230469,322.2200012207031,326.6499938964844,321.94000244140625,325.3900146484375,36528500
2021-05-19,312.3818359375,322.5899963378906,322.8999938964844,316.29998779296875,316.6600036621094,66319100
2021-05-20,318.42449951171875,328.8299865722656,329.7099914550781,323.8900146484375,324.1199951171875,46466100
2021-05-21,316.66204833984375,327.010009765625,330.8599853515625,326.6400146484375,330.42999267578125,50330400
2021-05-24,321.98797607421875,332.510009765625,333.6700134277344,326.8999938964844,329.3699951171875,32475800
2021-05-25,322.4334411621094,332.9700012207031,334.80999755859375,331.760009765625,334.07000732421875,31280300
2021-05-26,323.5567626953125,334.1300048828125,334.6099853515625,332.95001220703125,333.6600036621094,25444900
2021-05-27,322.3462829589844,332.8800048828125,334.5400085449219,332.6700134277344,333.6700134277344,27931700
2021-05-28,323.3630065917969,333.92999267578125,335.57000732421875,333.6000061035156,334.1199951171875,29927400
2021-06-01,322.2881774902344,332.82000732421875,335.7900085449219,331.42999267578125,335.29998779296875,31145400
2021-06-02,322.9176330566406,333.4700012207031,334.3399963378906,331.70001220703125,333.25,22047900
2021-06-03,319.5574645996094,330.0,331.8599853515625,328.2799987792969,330.54998779296875,37057800
2021-06-04,324.9803466796875,335.6000061035156,336.05999755859375,331.7799987792969,331.8500061035156,38736500
2021-06-07,325.94854736328125,336.6000061035156,336.6600036621094,334.3399963378906,335.04998779296875,32611900
2021-06-08,326.103515625,336.760009765625,339.2900085449219,335.0299987792969,338.3999938964844,27282800
2021-06-09,326.1809997558594,336.8399963378906,338.9700012207031,336.6499938964844,338.1700134277344,21485300
2021-06-10,329.57989501953125,340.3500061035156,340.4599914550781,336.7300109863281,337.19000244140625,33702100
2021-06-11,330.4417419433594,341.239990234375,341.25,339.69000244140625,340.3599853515625,21222800
2021-06-14,333.6082763671875,344.510009765625,344.5199890136719,340.4599914550781,341.67999267578125,27827700
2021-06-15,331.429443359375,342.260009765625,344.4700012207031,341.5199890136719,344.1499938964844,35963800
2021-06-16,330.2190246582031,341.010009765625,343.8399963378906,337.45001220703125,342.739990234375,55399500
2021-06-17,334.41204833984375,345.3399963378906,346.3800048828125,339.9200134277344,339.9700012207031,59722700
2021-06-18,331.7876892089844,342.6300048828125,344.80999755859375,341.8599853515625,343.6300048828125,55414900
2021-06-21,333.8498229980469,344.3599853515625,344.69000244140625,340.1499938964844,342.42999267578125,32992600
2021-06-22,336.9619140625,347.57000732421875,348.0299987792969,343.8399963378906,344.1499938964844,28941600
2021-06-23,337.126708984375,347.739990234375,348.9200134277344,346.8800048828125,347.510009765625,27188500
2021-06-24,339.2110900878906,349.8900146484375,351.4599914550781,349.1700134277344,349.7300109863281,32581600
2021-06-25,338.7940979003906,349.4599914550781,350.7200012207031,348.8399963378906,350.4700012207031,28682800
2021-06-28,342.9144287109375,353.7099914550781,353.8500061035156,350.7200012207031,350.7799987792969,39130300
2021-06-29,344.1553649902344,354.989990234375,355.0199890136719,352.6700134277344,353.5299987792969,29426000
2021-06-30,343.61248779296875,354.42999267578125,355.2300109863281,353.8299865722656,354.8299865722656,32724000
2021-07-01,343.7481994628906,354.57000732421875,355.0899963378906,352.67999267578125,354.07000732421875,29290000
2021-07-02,347.6940612792969,358.6400146484375,358.9700012207031,356.2799987792969,356.5199890136719,32727200
2021-07-06,349.19659423828125,360.19000244140625,360.4800109863281,356.489990234375,359.260009765625,38842400
2021-07-07,349.9335021972656,360.95001220703125,362.760009765625,358.94000244140625,362.45001220703125,35265200
2021-07-08,347.82000732421875,358.7699890136719,359.6499938964844,354.4200134277344,355.739990234375,50890000
2021-07-09,349.9915771484375,361.010009765625,361.5,357.57000732421875,358.1700134277344,35184500
2021-07-12,351.358642578125,362.4200134277344,362.8900146484375,360.8299865722656,362.45001220703125,25717700
2021-07-13,351.358642578125,362.4200134277344,365.4700012207031,361.5400085449219,362.0299987792969,39723000
2021-07-14,351.98883056640625,363.07000732421875,365.489990234375,362.2200012207031,364.8299865722656,35336400
2021-07-15,349.51666259765625,360.5199890136719,363.19000244140625,358.4599914550781,362.9800109863281,53391600
2021-07-16,346.6857604980469,357.6000061035156,362.4100036621094,357.239990234375,361.3999938964844,47262000
2021-07-19,343.8451232910156,354.6700134277344,355.17999267578125,352.0400085449219,354.04998779296875,64404600
2021-07-20,347.83935546875,358.7900085449219,360.2799987792969,353.79998779296875,355.6300048828125,42183700
2021-07-21,350.5248718261719,361.55999755859375,361.55999755859375,358.1199951171875,358.3500061035156,30259900
2021-07-22,352.8418884277344,363.95001220703125,363.9599914550781,361.7699890136719,361.7699890136719,30252200
2021-07-23,356.9621887207031,368.20001220703125,368.489990234375,363.9200134277344,365.30999755859375,31960800
2021-07-26,357.24334716796875,368.489990234375,368.8900146484375,366.6000061035156,367.489990234375,28438100
2021-07-27,353.3072204589844,364.42999267578125,368.2200012207031,360.1600036621094,368.2200012207031,57933100
2021-07-28,354.66455078125,365.8299865722656,367.45001220703125,363.239990234375,365.6000061035156,42066200
2021-07-29,355.294677734375,366.4800109863281,367.67999267578125,365.25,365.25,25672500
2021-07-30,353.4429931640625,364.57000732421875,365.1700134277344,362.4100036621094,362.44000244140625,36484600
2021-08-02,353.47210693359375,364.6000061035156,366.8800048828125,363.8699951171875,366.2799987792969,27334100
2021-08-03,355.61456298828125,366.80999755859375,366.92999267578125,362.0,365.2799987792969,35558500
2021-08-04,356.1283874511719,367.3399963378906,368.32000732421875,365.6300048828125,366.7699890136719,29602200
2021-08-05,358.3872985839844,369.6700134277344,369.9100036621094,367.45001220703125,368.17999267578125,21443900
2021-08-06,356.8167724609375,368.04998779296875,369.3699951171875,366.9100036621094,368.3699951171875,33332100
2021-08-09,357.47601318359375,368.7300109863281,369.2699890136719,367.3900146484375,368.5199890136719,25960200
2021-08-10,355.64373779296875,366.8399963378906,369.55999755859375,365.6199951171875,369.260009765625,35130800
2021-08-11,355.03289794921875,366.2099914550781,368.6499938964844,364.8399963378906,368.1400146484375,34249800
2021-08-12,356.3126525878906,367.5299987792969,367.8999938964844,364.29998779296875,365.69000244140625,25969200
2021-08-13,357.56329345703125,368.82000732421875,369.1600036621094,367.3800048828125,367.8900146484375,19336200
2021-08-16,357.71844482421875,368.9800109863281,369.0199890136719,363.70001220703125,367.6700134277344,34856900
2021-08-17,354.5675964355469,365.7300109863281,367.1499938964844,363.2300109863281,366.1499938964844,44793900
2021-08-18,351.15509033203125,362.2099914550781,366.6199951171875,361.8699951171875,365.17999267578125,38541900
2021-08-19,352.85162353515625,363.9599914550781,365.67999267578125,359.9599914550781,360.2200012207031,48499400
2021-08-20,356.5065612792969,367.7300109863281,368.1400146484375,364.739990234375,365.05999755859375,39486000
2021-08-23,361.83868408203125,373.2300109863281,373.94000244140625,368.7900085449219,368.79998779296875,34034700
2021-08-24,362.9438171386719,374.3699951171875,374.989990234375,373.3599853515625,373.8399963378906,21732900
2021-08-25,363.3607177734375,374.79998779296875,375.3900146484375,373.8599853515625,374.6300048828125,20441900
2021-08-26,361.053466796875,372.4200134277344,374.6199951171875,371.9700012207031,373.9200134277344,29133300
2021-08-27,364.5629577636719,376.0400085449219,376.55999755859375,372.57000732421875,373.07000732421875,27104700
2021-08-30,368.65411376953125,380.260009765625,380.760009765625,376.8299865722656,376.8500061035156,27295700
2021-08-31,368.3536682128906,379.95001220703125,380.5799865722656,378.3599853515625,380.510009765625,29628200
2021-09-01,368.9643859863281,380.5799865722656,382.7099914550781,380.3699951171875,381.0400085449219,28138300
2021-09-02,368.78985595703125,380.3999938964844,382.30999755859375,379.1499938964844,381.9700012207031,25453400
2021-09-03,369.92413330078125,381.57000732421875,381.9800109863281,379.20001220703125,379.2200012207031,24605400
2021-09-07,370.4476623535156,382.1099853515625,382.7799987792969,380.489990234375,381.67999267578125,23970200
2021-09-08,369.158203125,380.7799987792969,381.92999267578125,378.45001220703125,381.92999267578125,32949200
2021-09-09,367.8882751464844,379.4700012207031,382.1499938964844,379.2200012207031,381.010009765625,29399000
2021-09-10,365.09613037109375,376.5899963378906,381.9700012207031,376.25,381.2300109863281,40249400
2021-09-13,364.84393310546875,376.3299865722656,379.42999267578125,374.2200012207031,378.989990234375,48741800
2021-09-14,363.8067626953125,375.260009765625,378.6099853515625,374.2799987792969,377.8599853515625,41826600
2021-09-15,366.5115966796875,378.04998779296875,378.4100036621094,373.3699951171875,375.7300109863281,34097900
2021-09-16,366.76361083984375,378.30999755859375,378.8999938964844,374.70001220703125,376.67999267578125,35193100
2021-09-17,362.42034912109375,373.8299865722656,377.8699951171875,372.760009765625,377.82000732421875,60912300
2021-09-20,354.9316711425781,365.70001220703125,369.25,360.92999267578125,367.4599914550781,76203200
2021-09-21,355.3683776855469,366.1499938964844,368.80999755859375,364.989990234375,367.5799865722656,41927500
2021-09-22,358.6876220703125,369.57000732421875,371.07000732421875,365.9599914550781,367.0899963378906,46972900
2021-09-23,361.997314453125,372.9800109863281,374.0400085449219,370.1000061035156,370.760009765625,44652000
2021-09-24,362.33685302734375,373.3299865722656,373.760009765625,370.2699890136719,370.6499938964844,36056800
2021-09-27,359.44464111328125,370.3500061035156,371.25,367.7300109863281,370.20001220703125,43338100
2021-09-28,349.27325439453125,359.8699951171875,370.29998779296875,359.3500061035156,365.6700134277344,97701600
2021-09-29,348.70062255859375,359.2799987792969,363.3699951171875,358.6400146484375,361.1700134277344,58076600
2021-09-30,347.4194641113281,357.9599914550781,362.67999267578125,357.1000061035156,360.9700012207031,61384600
2021-10-01,349.5741271972656,360.17999267578125,361.25,354.3800048828125,358.6000061035156,56375500
2021-10-04,342.2367248535156,352.6199951171875,358.8599853515625,350.32000732421875,358.5199890136719,76766000
2021-10-05,346.8564758300781,357.3800048828125,359.69000244140625,353.4800109863281,353.7099914550781,47232900
2021-10-06,349.0791015625,359.6700134277344,359.95001220703125,353.1499938964844,354.0799865722656,56806500
2021-10-07,352.281982421875,362.9700012207031,365.69000244140625,362.25,362.79998779296875,39411200
2021-10-08,350.5252685546875,361.1600036621094,364.32000732421875,360.6099853515625,364.0799865722656,41822300
2021-10-11,347.8368835449219,358.3900146484375,363.20001220703125,358.29998779296875,359.5799865722656,34847200
2021-10-12,346.6237487792969,357.1400146484375,360.3299865722656,356.4800109863281,359.8800048828125,43905100
2021-10-13,349.3994140625,360.0,360.69000244140625,357.42999267578125,359.510009765625,40120800
2021-10-14,355.83416748046875,366.6300048828125,366.8500061035156,363.010009765625,363.69000244140625,43433900
2021-10-15,358.0761413574219,368.94000244140625,369.05999755859375,366.82000732421875,367.8800048828125,40419900
2021-10-18,361.677001953125,372.6499938964844,372.8699951171875,366.989990234375,367.6099853515625,34513500
2021-10-19,364.4138488769531,375.4700012207031,375.5199890136719,372.70001220703125,373.75,29091000
2021-10-20,363.9383239746094,374.9800109863281,376.57000732421875,373.4599914550781,375.94000244140625,31390300
2021-10-21,366.160888671875,377.2699890136719,377.4700012207031,373.8500061035156,374.1600036621094,25469300
2021-10-22,363.0841369628906,374.1000061035156,376.9700012207031,372.3900146484375,375.9800109863281,36275800
2021-10-25,366.8014221191406,377.92999267578125,378.8699951171875,373.55999755859375,375.55999755859375,32597800
2021-10-26,367.9563903808594,379.1199951171875,382.7099914550781,377.9100036621094,380.2300109863281,47191300
2021-10-27,368.8105163574219,380.0,383.1499938964844,379.30999755859375,379.5799865722656,45760500
2021-10-28,372.9062194824219,384.2200012207031,384.4800109863281,381.1600036621094,381.95001220703125,38007000
2021-10-29,374.7405700683594,386.1099853515625,386.2799987792969,380.70001220703125,381.05999755859375,37310100
2021-11-01,376.0216369628906,387.42999267578125,387.55999755859375,384.4200134277344,386.55999755859375,30765300
2021-11-02,377.59393310546875,389.04998779296875,389.5400085449219,386.75,386.79998779296875,25135300
2021-11-03,381.6024169921875,393.17999267578125,393.6099853515625,388.4800109863281,389.54998779296875,33748900
2021-11-04,386.49395751953125,398.2200012207031,399.20001220703125,393.9200134277344,394.4800109863281,40265300
2021-11-05,386.86279296875,398.6000061035156,400.989990234375,397.1600036621094,400.0400085449219,43383800
2021-11-08,386.3387145996094,398.05999755859375,399.6199951171875,397.3999938964844,398.57000732421875,29256300
2021-11-09,383.6794128417969,395.32000732421875,399.57000732421875,393.9200134277344,399.1600036621094,50490700
2021-11-10,378.0405578613281,389.510009765625,395.3599853515625,387.5299987792969,392.4700012207031,54937400
2021-11-11,379.0887756347656,390.5899963378906,392.75,390.239990234375,392.57000732421875,32243000
2021-11-12,383.07763671875,394.70001220703125,395.25,390.1300048828125,391.7699890136719,34730600
2021-11-15,382.9902648925781,394.6099853515625,396.239990234375,392.1000061035156,395.9100036621094,33716900
2021-11-16,385.71759033203125,397.4200134277344,397.92999267578125,393.6600036621094,393.8599853515625,27872900
2021-11-17,385.92138671875,397.6300048828125,399.7200012207031,396.6400146484375,397.75,28703300
2021-11-18,389.92010498046875,401.75,402.2699890136719,397.45001220703125,399.7300109863281,45721500
2021-11-19,392.0941162109375,403.989990234375,405.29998779296875,402.5799865722656,403.42999267578125,45191700
2021-11-22,387.5422058105469,399.29998779296875,408.7099914550781,399.19000244140625,405.57000732421875,61715400
2021-11-23,385.7758483886719,397.4800109863281,400.2300109863281,392.9200134277344,398.1099853515625,70098700
2021-11-24,387.0181884765625,398.760009765625,399.04998779296875,392.5400085449219,394.92999267578125,46954400
2021-11-26,379.6806640625,391.20001220703125,397.5400085449219,389.7699890136719,396.1099853515625,51533300
2021-11-29,387.9207763671875,399.69000244140625,400.7300109863281,395.1400146484375,395.8900146484375,54447100
2021-11-30,382.22357177734375,393.82000732421875,401.19000244140625,391.75,398.7799987792969,81332700
2021-12-01,375.7208251953125,387.1199951171875,400.4800109863281,386.6400146484375,398.2799987792969,77766500
2021-12-02,378.4286804199219,389.9100036621094,391.739990234375,384.3399963378906,385.79998779296875,84416600
2021-12-03,371.84832763671875,383.1300048828125,392.3399963378906,378.8999938964844,391.30999755859375,105349100
2021-12-06,374.827880859375,386.20001220703125,387.6000061035156,379.29998779296875,383.6300048828125,67588800
2021-12-07,386.1154479980469,397.8299865722656,398.4599914550781,392.989990234375,393.0299987792969,56005300
2021-12-08,387.8430480957031,399.6099853515625,399.82000732421875,396.2200012207031,398.1700134277344,39204000
2021-12-09,382.1361999511719,393.7300109863281,400.20001220703125,393.5299987792969,398.3500061035156,49973700
2021-12-10,386.29022216796875,398.010009765625,398.2799987792969,393.3599853515625,396.6199951171875,52545800
2021-12-13,380.70947265625,392.260009765625,398.3299865722656,391.8800048828125,398.0,50166400
2021-12-14,376.7690734863281,388.20001220703125,390.0899963378906,383.6300048828125,387.29998779296875,75199200
2021-12-15,385.3584289550781,397.04998779296875,397.4200134277344,383.8800048828125,387.94000244140625,73858000
2021-12-16,375.44903564453125,386.8399963378906,398.4800109863281,385.2099914550781,398.0400085449219,82591400
2021-12-17,373.575927734375,384.9100036621094,389.19000244140625,381.7699890136719,383.3299865722656,80492500
2021-12-20,369.9521789550781,380.69000244140625,381.5,377.4700012207031,379.57000732421875,65336800
2021-12-21,378.2318420410156,389.2099914550781,389.5299987792969,380.20001220703125,384.04998779296875,48899500
2021-12-22,382.83807373046875,393.95001220703125,394.1600036621094,388.2300109863281,388.9100036621094,37042200
2021-12-23,385.724365234375,396.9200134277344,398.42999267578125,394.1400146484375,394.30999755859375,29595500
2021-12-27,392.09930419921875,403.4800109863281,403.4800109863281,398.2200012207031,398.25,32820700
2021-12-28,390.2819519042969,401.6099853515625,404.5799865722656,400.7099914550781,404.3999938964844,33113700
2021-12-29,390.2236633300781,401.54998779296875,403.04998779296875,399.1099853515625,401.75,32248500
2021-12-30,389.0575256347656,400.3500061035156,403.57000732421875,399.75,401.3299865722656,23850100
2021-12-31,386.62811279296875,397.8500061035156,401.05999755859375,397.3399963378906,399.6600036621094,34752900
2022-01-03,390.35003662109375,401.67999267578125,401.94000244140625,396.8800048828125,399.04998779296875,40575900
2022-01-04,385.2869873046875,396.4700012207031,402.2799987792969,393.2900085449219,402.239990234375,58027200
2022-01-05,373.4505310058594,384.2900085449219,395.8900146484375,384.0299987792969,394.739990234375,75739800
2022-01-06,373.1882019042969,384.0199890136719,387.3500061035156,380.1300048828125,382.4200134277344,70814300
2022-01-07,369.1455383300781,379.8599853515625,385.760009765625,378.0400085449219,384.0299987792969,72652300
2022-01-10,369.388427734375,380.1099853515625,380.6400146484375,369.30999755859375,374.82000732421875,91770500
2022-01-11,374.93743896484375,385.82000732421875,385.989990234375,377.2200012207031,379.3599853515625,68295700
2022-01-12,376.42425537109375,387.3500061035156,390.20001220703125,385.010009765625,388.4599914550781,54576400
2022-01-13,367.0075988769531,377.6600036621094,389.4700012207031,376.70001220703125,388.7699890136719,77994000
2022-01-14,369.2912902832031,380.010009765625,380.3500061035156,374.8599853515625,375.07000732421875,80121200
2022-01-18,360.0980529785156,370.54998779296875,376.2200012207031,369.7699890136719,374.0400085449219,75450900
2022-01-19,356.14288330078125,366.4800109863281,374.69000244140625,366.2099914550781,372.1499938964844,81791500
2022-01-20,351.5172119140625,361.7200012207031,373.8699951171875,361.1700134277344,369.7900085449219,88610700
2022-01-21,341.7700500488281,351.69000244140625,362.17999267578125,351.3999938964844,359.4700012207031,143388900
2022-01-24,343.3346862792969,353.29998779296875,353.9800109863281,334.1499938964844,345.9100036621094,198685800
2022-01-25,335.3756408691406,345.1099853515625,351.0299987792969,341.67999267578125,346.6700134277344,124398400
2022-01-26,334.8509521484375,344.57000732421875,356.8800048828125,340.7799987792969,352.9100036621094,146559500
2022-01-27,331.47882080078125,341.1000061035156,351.2699890136719,340.04998779296875,349.3999938964844,95255700
2022-01-28,341.8769836425781,351.79998779296875,352.0199890136719,337.95001220703125,343.0299987792969,108167900
2022-01-31,352.8096008300781,363.04998779296875,363.6499938964844,351.5199890136719,353.20001220703125,94326400
2022-02-01,355.2099304199219,365.5199890136719,366.19000244140625,359.1400146484375,364.42999267578125,74433000
2022-02-02,358.09619140625,368.489990234375,370.1000061035156,364.2900085449219,369.760009765625,78777100
2022-02-03,343.57763671875,353.54998779296875,361.92999267578125,352.4599914550781,358.5299987792969,95384800
2022-02-04,347.9118347167969,358.010009765625,361.3999938964844,351.9700012207031,354.0799865722656,86318300
2022-02-07,345.1130676269531,355.1300048828125,361.04998779296875,353.8399963378906,358.6199951171875,58198100
2022-02-08,348.99053955078125,359.1199951171875,360.239990234375,352.79998779296875,353.9599914550781,64720900
2022-02-09,356.3858947753906,366.7300109863281,366.80999755859375,362.1199951171875,363.760009765625,55766400
2022-02-10,348.3199462890625,358.42999267578125,366.489990234375,356.5400085449219,359.5199890136719,112468500
2022-02-11,337.2706298828125,347.05999755859375,360.07000732421875,345.79998779296875,358.42999267578125,101569100
2022-02-14,337.6884765625,347.489990234375,350.9800109863281,343.8900146484375,346.489990234375,80254400
2022-02-15,346.08489990234375,356.1300048828125,356.3699951171875,351.82000732421875,352.9100036621094,55128800
2022-02-16,345.9974060058594,356.0400085449219,357.0899963378906,350.7099914550781,353.82000732421875,58947100
2022-02-17,335.70611572265625,345.45001220703125,353.4599914550781,345.0199890136719,352.739990234375,61801400
2022-02-18,331.8772888183594,341.510009765625,346.80999755859375,339.1400146484375,346.4100036621094,80001500
2022-02-22,328.5439147949219,338.0799865722656,344.0400085449219,334.3500061035156,338.489990234375,85967100
2022-02-23,320.1282958984375,329.4200134277344,342.17999267578125,329.1000061035156,341.32000732421875,86215400
2022-02-24,330.8859558105469,340.489990234375,341.0400085449219,318.260009765625,318.8399963378906,130614100
2022-02-25,336.0170593261719,345.7699890136719,345.9800109863281,337.3900146484375,341.30999755859375,78842100
2022-02-28,337.01800537109375,346.79998779296875,348.5400085449219,341.32000732421875,342.510009765625,77515500
2022-03-01,331.8577880859375,341.489990234375,348.0799865722656,338.8999938964844,345.75,67407000
2022-03-02,337.4261474609375,347.2200012207031,348.5899963378906,340.239990234375,343.0799865722656,70609000
2022-03-03,332.6061096191406,342.260009765625,350.0400085449219,340.3500061035156,349.92999267578125,71089400
2022-03-04,327.7859802246094,337.29998779296875,341.30999755859375,334.9200134277344,339.8399963378906,76936300
2022-03-07,315.69683837890625,324.8599853515625,338.4800109863281,324.6499938964844,337.2900085449219,89933800
2022-03-08,314.2294616699219,323.3500061035156,333.2099914550781,319.94000244140625,324.04998779296875,116153900
2022-03-09,325.54107666015625,334.989990234375,336.3800048828125,329.0899963378906,331.75,64723400
2022-03-10,321.92608642578125,331.2699890136719,332.510009765625,326.7099914550781,330.82000732421875,69362700
2022-03-11,315.2499084472656,324.3999938964844,334.6400146484375,323.8999938964844,334.32000732421875,66228400
2022-03-14,309.1955871582031,318.1700134277344,326.5899963378906,317.45001220703125,323.1300048828125,79802600
2022-03-15,318.8940124511719,328.1499938964844,328.95001220703125,319.2300109863281,320.8800048828125,76471000
2022-03-16,330.72076416015625,340.32000732421875,340.44000244140625,328.3999938964844,332.1700134277344,105243000
2022-03-17,334.7245788574219,344.44000244140625,344.5,337.0400085449219,338.3699951171875,67810000
2022-03-18,341.5757141113281,351.489990234375,351.7900085449219,341.54998779296875,342.739990234375,85446300
2022-03-21,340.6260681152344,350.0799865722656,352.4800109863281,345.5799865722656,350.20001220703125,73799100
2022-03-22,347.32025146484375,356.9599914550781,357.8500061035156,350.20001220703125,350.5899963378906,63345900
2022-03-23,342.3288269042969,351.8299865722656,357.6600036621094,351.7699890136719,354.010009765625,70615500
2022-03-24,349.9376525878906,359.6499938964844,359.70001220703125,351.5899963378906,353.79998779296875,53555300
2022-03-25,349.6457214355469,359.3500061035156,360.6700134277344,354.94000244140625,359.5899963378906,57584200
2022-03-28,355.0556640625,364.9100036621094,365.010009765625,358.07000732421875,359.3399963378906,56833900
2022-03-29,361.16595458984375,371.19000244140625,371.8299865722656,366.05999755859375,368.8999938964844,68073000
2022-03-30,357.1766662597656,367.0899963378906,370.9800109863281,365.57000732421875,369.2799987792969,68757700
2022-03-31,352.7496643066406,362.5400085449219,367.6000061035156,361.67999267578125,367.239990234375,67011400
2022-04-01,352.07818603515625,361.8500061035156,363.6099853515625,358.5899963378906,362.80999755859375,54527800
2022-04-04,359.3270568847656,369.29998779296875,369.30999755859375,362.44000244140625,362.7099914550781,45950200
2022-04-05,351.3484802246094,361.1000061035156,368.5400085449219,359.92999267578125,367.80999755859375,62738700
2022-04-06,343.72021484375,353.260009765625,356.7799987792969,350.55999755859375,355.6499938964844,90077100
2022-04-07,344.5375671386719,354.1000061035156,356.3500061035156,348.69000244140625,352.239990234375,63777400
2022-04-08,339.7211608886719,349.1499938964844,353.0899963378906,348.5,352.32000732421875,61956100
2022-04-11,331.6842956542969,340.8900146484375,345.75,340.5400085449219,344.80999755859375,66107400
2022-04-12,330.2831726074219,339.45001220703125,347.69000244140625,338.0400085449219,345.760009765625,72790200
2022-04-13,336.99676513671875,346.3500061035156,347.42999267578125,339.05999755859375,339.79998779296875,61367800
2022-04-14,329.2906799316406,338.42999267578125,346.9700012207031,338.2099914550781,346.44000244140625,73519400
2022-04-18,329.54364013671875,338.69000244140625,341.0400085449219,335.7900085449219,337.3500061035156,58560600
2022-04-19,336.9092102050781,346.260009765625,346.8500061035156,336.9800109863281,338.0299987792969,56515700
2022-04-20,331.9956359863281,341.2099914550781,347.55999755859375,339.9599914550781,347.0899963378906,65500000
2022-04-21,325.1262512207031,334.1499938964844,347.8699951171875,333.20001220703125,345.19000244140625,75801000
2022-04-22,316.6125793457031,325.3999938964844,335.55999755859375,324.9599914550781,334.30999755859375,82562100
2022-04-25,320.6796569824219,329.5799865722656,329.8999938964844,322.42999267578125,323.7300109863281,101755900
2022-04-26,308.57568359375,317.1400146484375,327.6600036621094,316.8599853515625,327.4700012207031,105819600
2022-04-27,308.20587158203125,316.760009765625,322.8800048828125,315.0,317.239990234375,111204200
2022-04-28,319.152099609375,328.010009765625,329.8900146484375,317.5199890136719,321.8500061035156,99450000
2022-04-29,304.7907409667969,313.25,327.2300109863281,312.6000061035156,323.70001220703125,91977900
2022-05-02,309.87945556640625,318.4800109863281,318.7200012207031,309.6499938964844,312.8299865722656,115511800
2022-05-03,310.2102966308594,318.82000732421875,321.1700134277344,315.9800109863281,318.5,78185500
2022-05-04,320.6990661621094,329.6000061035156,330.2900085449219,313.8900146484375,319.30999755859375,116083400
2022-05-05,304.54742431640625,313.0,325.25,309.6199951171875,325.1700134277344,154607400
2022-05-06,300.89874267578125,309.25,315.0899963378906,305.1099853515625,310.95001220703125,139572800
2022-05-09,289.12548828125,297.1499938964844,309.3500061035156,295.7200012207031,303.4800109863281,113387300
2022-05-10,292.63800048828125,300.760009765625,305.760009765625,296.57000732421875,304.510009765625,124124600
2022-05-11,283.9588928222656,291.8399963378906,304.0899963378906,290.95001220703125,298.44000244140625,140326100
2022-05-12,283.2874755859375,291.1499938964844,295.75,284.94000244140625,287.45001220703125,120910900
2022-05-13,293.7861328125,301.94000244140625,303.0,294.0799865722656,295.7200012207031,83684900
2022-05-16,290.38067626953125,298.44000244140625,302.260009765625,297.1300048828125,300.1499938964844,59190400
2022-05-17,297.9018859863281,306.1700134277344,306.55999755859375,300.54998779296875,304.45001220703125,62715300
2022-05-18,283.27777099609375,291.1400146484375,302.25,289.8500061035156,301.5400085449219,79477100
2022-05-19,281.7598571777344,289.5799865722656,294.3900146484375,287.5799865722656,289.2900085449219,79920700
2022-05-20,280.88421630859375,288.67999267578125,293.79998779296875,280.2099914550781,293.1300048828125,91764200
2022-05-23,285.55462646484375,293.4800109863281,293.8699951171875,287.2900085449219,289.75,63648400
2022-05-24,279.48309326171875,287.239990234375,288.8599853515625,282.25,288.1300048828125,73491100
2022-05-25,283.39459228515625,291.260009765625,293.3900146484375,285.5,285.7099914550781,67144500
2022-05-26,291.24658203125,299.3299865722656,300.9200134277344,290.1499938964844,290.44000244140625,59462200
2022-05-27,300.75274658203125,309.1000061035156,309.25,302.4200134277344,302.5400085449219,66985600
2022-05-31,299.9549255371094,308.2799987792969,311.3299865722656,304.3299865722656,309.07000732421875,60968300
2022-06-01,297.7364501953125,306.0,312.6499938964844,303.7300109863281,310.4700012207031,65341700
2022-06-02,305.8901062011719,314.3800048828125,314.55999755859375,303.3999938964844,304.8500061035156,59291300
2022-06-03,297.9309997558594,306.20001220703125,310.4700012207031,304.9200134277344,309.0299987792969,60914700
2022-06-06,298.9235534667969,307.2200012207031,312.3500061035156,305.6199951171875,310.75,51785000
2022-06-07,301.5019226074219,309.8699951171875,310.6700134277344,302.69000244140625,303.80999755859375,44900300
2022-06-08,299.3322448730469,307.6400146484375,311.7200012207031,306.7699890136719,309.04998779296875,38342100
2022-06-09,291.31463623046875,299.3999938964844,309.04998779296875,299.2300109863281,305.9100036621094,55900500
2022-06-10,281.03985595703125,288.8399963378906,294.8699951171875,288.3800048828125,293.6499938964844,85963500
2022-06-13,267.97259521484375,275.4100036621094,282.3399963378906,274.5299987792969,279.75,94442000
2022-06-14,268.4590148925781,275.9100036621094,278.6600036621094,273.3399963378906,277.6600036621094,64697500
2022-06-15,275.1629638671875,282.79998779296875,286.8299865722656,276.6099853515625,279.4200134277344,86051400
2022-06-16,264.06109619140625,271.3900146484375,276.05999755859375,269.2799987792969,275.5899963378906,81910300
2022-06-17,267.2720031738281,274.69000244140625,277.19000244140625,270.510009765625,272.17999267578125,82703400
2022-06-21,274.0151062011719,281.0799865722656,283.45001220703125,278.6400146484375,278.75,51633700
2022-06-22,273.6155090332031,280.6700134277344,285.17999267578125,277.9100036621094,278.5199890136719,67472900
2022-06-23,277.6903991699219,284.8500061035156,285.7200012207031,280.30999755859375,283.2099914550781,57457800
2022-06-24,287.2050476074219,294.6099853515625,295.0400085449219,287.5,287.739990234375,58422300
2022-06-27,285.0993347167969,292.45001220703125,296.5799865722656,291.2900085449219,296.0,54151500
2022-06-28,276.4132385253906,283.5400085449219,295.6499938964844,283.3500061035156,293.0,61609800
2022-06-29,276.66680908203125,283.79998779296875,285.3399963378906,280.8399963378906,283.3999938964844,57302700
2022-06-30,273.2351989746094,280.2799987792969,283.94000244140625,275.7799987792969,280.75,79313600
2022-07-01,275.0387268066406,282.1300048828125,282.5299987792969,277.0299987792969,278.95001220703125,56675100
2022-07-05,279.7473449707031,286.9599914550781,287.0799865722656,276.75,278.30999755859375,61829300
2022-07-06,281.5411071777344,288.79998779296875,290.95001220703125,285.5899963378906,287.3500061035156,63194700
2022-07-07,287.56585693359375,294.9800109863281,295.70001220703125,289.6300048828125,289.6300048828125,56620100
2022-07-08,287.926513671875,295.3500061035156,296.75,291.1199951171875,292.0799865722656,59895500
2022-07-11,281.7750549316406,289.0400085449219,293.1099853515625,288.1400146484375,292.8800048828125,55273900
2022-07-12,279.04541015625,286.239990234375,292.2799987792969,284.6099853515625,290.32000732421875,55797100
2022-07-13,278.47027587890625,285.6499938964844,288.04998779296875,280.0199890136719,280.6000061035156,73939400
2022-07-14,279.4646301269531,286.6700134277344,287.55999755859375,279.79998779296875,282.989990234375,63741800
2022-07-15,284.533935546875,291.8699951171875,291.9800109863281,288.0799865722656,289.7300109863281,63818100
2022-07-18,282.1259765625,289.3999938964844,296.1600036621094,288.20001220703125,294.7200012207031,59519600
2022-07-19,290.80230712890625,298.29998779296875,298.6000061035156,291.4700012207031,293.1099853515625,55172600
2022-07-20,295.4134216308594,303.0299987792969,304.239990234375,297.92999267578125,298.7300109863281,67769400
2022-07-21,299.65411376953125,307.3800048828125,307.44000244140625,300.7799987792969,303.5,55049400
2022-07-22,294.3995666503906,301.989990234375,308.54998779296875,300.1199951171875,306.42999267578125,57127700
2022-07-25,292.7227783203125,300.2699890136719,302.5,298.2200012207031,302.0199890136719,40582400
2022-07-26,286.9710693359375,294.3699951171875,298.7900085449219,293.5400085449219,298.5299987792969,50074100
2022-07-27,299.09844970703125,306.80999755859375,308.5400085449219,298.4599914550781,299.0400085449219,69304400
2022-07-28,302.02301025390625,309.80999755859375,310.3999938964844,302.75,306.5899963378906,55139900
2022-07-29,307.531005859375,315.4599914550781,316.3900146484375,309.92999267578125,311.3900146484375,57501000
2022-08-01,307.34576416015625,315.2699890136719,318.80999755859375,312.5299987792969,313.6499938964844,46358800
2022-08-02,306.42938232421875,314.3299865722656,318.54998779296875,311.8399963378906,312.9200134277344,48676500
2022-08-03,314.7742919921875,322.8900146484375,323.7300109863281,315.989990234375,316.04998779296875,53735700
2022-08-04,316.24639892578125,324.3999938964844,324.7200012207031,320.7699890136719,322.9700012207031,38973700
2022-08-05,313.6629333496094,321.75,323.8299865722656,318.3900146484375,319.19000244140625,53894000
2022-08-08,312.6490173339844,320.7099914550781,326.4700012207031,319.2099914550781,322.69000244140625,43878500
2022-08-09,309.11029052734375,317.0799865722656,319.0299987792969,315.4200134277344,318.7699890136719,39764200
2022-08-10,317.73779296875,325.92999267578125,326.2300109863281,322.05999755859375,324.5899963378906,51459600
2022-08-11,315.934326171875,324.0799865722656,330.3599853515625,323.3599853515625,328.30999755859375,45897700
2022-08-12,322.0857849121094,330.3900146484375,330.5899963378906,325.1000061035156,326.17999267578125,40928400
2022-08-15,324.6886291503906,333.05999755859375,333.57000732421875,329.3999938964844,329.4200134277344,38266600
2022-08-16,323.92828369140625,332.2799987792969,334.4200134277344,329.1600036621094,332.05999755859375,41186900
2022-08-17,320.2334899902344,328.489990234375,331.42999267578125,326.3599853515625,329.07000732421875,47842200
2022-08-18,321.0036315917969,329.2799987792969,330.489990234375,326.7900085449219,328.44000244140625,41937200
2022-08-19,314.7449951171875,322.8599853515625,326.8399963378906,322.0799865722656,326.1700134277344,51770600
2022-08-22,306.4586486816406,314.3599853515625,318.739990234375,313.5299987792969,318.5,51098900
2022-08-23,306.2052001953125,314.1000061035156,317.0,313.3299865722656,314.1199951171875,39497100
2022-08-24,307.0923767089844,315.010009765625,316.8699951171875,312.989990234375,313.6099853515625,38057100
2022-08-25,312.5223388671875,320.5799865722656,320.6000061035156,315.760009765625,316.8299865722656,38098300
2022-08-26,299.7125549316406,307.44000244140625,321.510009765625,307.3500061035156,320.2799987792969,69047700
2022-08-29,296.7587585449219,304.4100036621094,307.2200012207031,303.2799987792969,304.6199951171875,48321900
2022-08-30,293.4540100097656,301.0199890136719,306.7300109863281,298.44000244140625,306.1000061035156,51184500
2022-08-31,291.7480163574219,299.2699890136719,304.9100036621094,299.1600036621094,303.989990234375,50044000
2022-09-01,291.8746032714844,299.3999938964844,299.7799987792969,292.95001220703125,296.7200012207031,57990700
2022-09-02,287.7509460449219,295.1700134277344,303.75,293.5199890136719,302.3399963378906,64666800
2022-09-06,285.6842041015625,293.04998779296875,296.6000061035156,290.8699951171875,295.6600036621094,57005400
2022-09-07,291.45550537109375,298.9700012207031,299.989990234375,293.2699890136719,293.5400085449219,49260400
2022-09-08,292.96649169921875,300.5199890136719,301.8699951171875,295.45001220703125,296.8500061035156,55649800
2022-09-09,299.37139892578125,307.0899963378906,307.6000061035156,300.5199890136719,302.8299865722656,56125200
2022-09-12,302.9296569824219,310.739990234375,311.0799865722656,308.17999267578125,308.5,45905700
2022-09-13,286.3179931640625,293.70001220703125,303.0199890136719,292.7900085449219,301.79998779296875,79562200
2022-09-14,288.5894470214844,296.0299987792969,296.92999267578125,293.05999755859375,294.8699951171875,54907200
2022-09-15,283.7832946777344,291.1000061035156,296.5299987792969,289.4599914550781,294.07000732421875,65299400
2022-09-16,282.04803466796875,289.32000732421875,289.7200012207031,285.6199951171875,287.7200012207031,79920400
2022-09-19,284.2444152832031,291.04998779296875,291.2099914550781,286.0400085449219,286.1000061035156,52613800
2022-09-20,281.9787902832031,288.7300109863281,291.07000732421875,286.3800048828125,288.489990234375,51271100
2022-09-21,276.9295654296875,283.55999755859375,293.95001220703125,283.4200134277344,289.5899963378906,82931000
2022-09-22,273.5211486816406,280.07000732421875,283.0299987792969,278.82000732421875,282.0,62757100
2022-09-23,269.0678405761719,275.510009765625,277.8500061035156,272.0199890136719,277.54998779296875,74815200
2022-09-26,267.9544372558594,274.3699951171875,279.489990234375,273.55999755859375,275.0299987792969,71176700
2022-09-27,268.0619201660156,274.4800109863281,280.2099914550781,272.1099853515625,277.80999755859375,69780100
2022-09-28,273.3942565917969,279.94000244140625,281.25,272.95001220703125,274.4599914550781,79652100
2022-09-29,265.5129699707031,271.8699951171875,276.25,268.8399963378906,275.8599853515625,81216000
2022-09-30,261.0107421875,267.260009765625,275.19000244140625,267.1000061035156,271.0299987792969,78482400
2022-10-03,267.1341552734375,273.5299987792969,275.1600036621094,267.5299987792969,269.07000732421875,61267400
2022-10-04,275.5329895019531,282.1300048828125,282.8500061035156,278.989990234375,278.989990234375,66696900
2022-10-05,275.38653564453125,281.9800109863281,283.80999755859375,275.4200134277344,278.2799987792969,55766300
2022-10-06,273.2184143066406,279.760009765625,284.17999267578125,279.42999267578125,280.9599914550781,53489400
2022-10-07,262.80767822265625,269.1000061035156,275.1499938964844,267.739990234375,275.0199890136719,71354700
2022-10-10,260.1806640625,266.4100036621094,269.70001220703125,263.6400146484375,269.29998779296875,60393000
2022-10-11,256.6061706542969,262.75,267.6300048828125,261.0299987792969,264.70001220703125,66522500
2022-10-12,256.5183410644531,262.6600036621094,265.3599853515625,261.95001220703125,263.3999938964844,50580200
2022-10-13,262.53424072265625,268.82000732421875,270.1700134277344,254.25999450683594,255.16000366210938,112894100
2022-10-14,254.6432342529297,260.739990234375,271.80999755859375,260.1400146484375,271.20001220703125,77244300
2022-10-17,263.0518493652344,269.3500061035156,270.239990234375,266.739990234375,266.8399963378906,64576500
2022-10-18,265.1320495605469,271.4800109863281,277.2099914550781,268.739990234375,276.5299987792969,69781000
2022-10-19,264.1651611328125,270.489990234375,273.67999267578125,268.07000732421875,269.92999267578125,53115400
2022-10-20,262.81744384765625,269.1099853515625,274.8399963378906,267.9200134277344,269.5799865722656,60605500
2022-10-21,268.9798889160156,275.4200134277344,275.9700012207031,266.82000732421875,267.9800109863281,77897700
2022-10-24,271.9390869140625,278.45001220703125,279.3999938964844,271.9700012207031,275.69000244140625,63963600
2022-10-25,277.56439208984375,284.2099914550781,284.6000061035156,277.8999938964844,279.4100036621094,59014500
2022-10-26,271.43121337890625,277.92999267578125,283.9800109863281,277.42999267578125,278.4599914550781,63492400
2022-10-27,266.48956298828125,272.8699951171875,278.2799987792969,272.3399963378906,276.7900085449219,57760300
2022-10-28,274.64434814453125,281.2200012207031,281.70001220703125,272.05999755859375,272.2300109863281,62651300
2022-10-31,271.45068359375,277.95001220703125,279.760009765625,275.989990234375,278.9200134277344,47742000
2022-11-01,268.67724609375,275.1099853515625,282.07000732421875,274.739990234375,281.5,45895900
2022-11-02,259.4676513671875,265.67999267578125,278.2099914550781,265.6099853515625,275.0799865722656,79803100
2022-11-03,254.3990478515625,260.489990234375,264.5,260.1000061035156,263.010009765625,70038900
2022-11-04,258.4911193847656,264.67999267578125,266.6099853515625,259.0799865722656,265.5299987792969,78313200
2022-11-07,261.3330078125,267.5899963378906,268.1400146484375,263.57000732421875,265.75,47333800
2022-11-08,263.2374267578125,269.5400085449219,272.8500061035156,265.5199890136719,269.1400146484375,63213800
2022-11-09,257.1628112792969,263.32000732421875,268.55999755859375,263.0299987792969,267.760009765625,64862100
2022-11-10,276.1385192871094,282.75,283.04998779296875,273.8500061035156,276.010009765625,99256700
2022-11-11,281.2266845703125,287.9599914550781,288.6400146484375,281.19000244140625,282.55999755859375,66961800
2022-11-14,278.7656555175781,285.44000244140625,289.2099914550781,284.44000244140625,285.8599853515625,55290700
2022-11-15,282.623291015625,289.3900146484375,293.260009765625,285.9700012207031,292.2099914550781,73985400
2022-11-16,278.7656555175781,285.44000244140625,289.4800109863281,284.6000061035156,287.3900146484375,48859800
2022-11-17,278.1503601074219,284.80999755859375,286.32000732421875,280.7200012207031,280.8800048828125,55462100
2022-11-18,278.1601257324219,284.82000732421875,287.989990234375,282.32000732421875,287.8900146484375,53588600
2022-11-21,275.298583984375,281.8900146484375,284.5799865722656,281.0400085449219,283.3999938964844,40083500
2022-11-22,279.2636413574219,285.95001220703125,286.1099853515625,280.4599914550781,282.6400146484375,41873400
2022-11-23,282.06658935546875,288.82000732421875,289.4599914550781,285.7900085449219,285.9700012207031,46390000
2022-11-25,280.21099853515625,286.9200134277344,287.9100036621094,286.4200134277344,287.19000244140625,15498800
2022-11-28,276.0994567871094,282.7099914550781,286.9599914550781,281.760009765625,284.8999938964844,38714200
2022-11-29,274.0094909667969,280.57000732421875,283.3500061035156,279.1700134277344,282.94000244140625,35618900
2022-11-30,286.5004577636719,293.3599853515625,293.4700012207031,279.9700012207031,280.8399963378906,74718100
2022-12-01,286.8520202636719,293.7200012207031,295.75,290.8800048828125,293.69000244140625,51547300
2022-12-02,285.7093505859375,292.54998779296875,293.45001220703125,288.3599853515625,288.5400085449219,53583200
2022-12-05,280.9141845703125,287.6400146484375,291.67999267578125,286.1499938964844,290.3800048828125,41482100
2022-12-06,275.093505859375,281.67999267578125,287.6199951171875,280.260009765625,287.4800109863281,53937600
2022-12-07,273.9704284667969,280.5299987792969,282.57000732421875,278.7799987792969,280.4700012207031,45614300
2022-12-08,277.2127990722656,283.8500061035156,284.8399963378906,279.7900085449219,281.9100036621094,42594900
2022-12-09,275.44512939453125,282.0400085449219,285.6400146484375,281.5899963378906,282.80999755859375,47860500
2022-12-12,278.9023132324219,285.5799865722656,285.6400146484375,281.1600036621094,282.2200012207031,35732500
2022-12-13,281.9006042480469,288.6499938964844,296.8800048828125,285.9100036621094,296.6499938964844,80667700
2022-12-14,279.8106994628906,286.510009765625,291.4100036621094,283.19000244140625,288.04998779296875,64984400
2022-12-15,270.4155578613281,276.8900146484375,283.010009765625,275.6700134277344,282.3299865722656,60554100
2022-12-16,267.8372802734375,274.25,277.7699890136719,272.6099853515625,276.20001220703125,68300400
2022-12-19,264.0732116699219,269.75,273.9599914550781,268.489990234375,273.8699951171875,44167900
2022-12-20,263.8676452636719,269.5400085449219,271.32000732421875,266.95001220703125,268.55999755859375,51064200
2022-12-21,267.6953430175781,273.45001220703125,274.7799987792969,269.739990234375,270.6000061035156,46394700
2022-12-22,261.1461181640625,266.760009765625,270.510009765625,262.4599914550781,270.3800048828125,60278400
2022-12-23,261.7334899902344,267.3599853515625,268.0400085449219,263.5299987792969,265.4700012207031,39373600
2022-12-27,258.03302001953125,263.5799865722656,266.8500061035156,263.0299987792969,266.739990234375,38009000
2022-12-28,254.6262664794922,260.1000061035156,265.4700012207031,259.7300109863281,263.1700134277344,47139000
2022-12-29,260.8327941894531,266.44000244140625,267.3999938964844,262.25,262.9599914550781,45893600
2022-12-30,260.67620849609375,266.2799987792969,266.4100036621094,262.2900085449219,263.6199951171875,37858300
2023-01-03,258.91412353515625,264.4800109863281,270.1499938964844,262.1300048828125,268.6499938964844,42335300
2023-01-04,260.1475830078125,265.739990234375,267.45001220703125,262.5299987792969,266.6400146484375,47754900
2023-01-05,256.07513427734375,261.5799865722656,264.2099914550781,261.260009765625,264.0400085449219,45396700
2023-01-06,263.1432189941406,268.79998779296875,269.94000244140625,260.3399963378906,263.3500061035156,54659700
2023-01-09,264.84661865234375,270.5400085449219,275.2900085449219,269.9200134277344,270.8299865722656,45568700
2023-01-10,267.08831787109375,272.8299865722656,272.94000244140625,268.9700012207031,269.489990234375,35247800
2023-01-11,271.70904541015625,277.54998779296875,277.6600036621094,273.1199951171875,273.9200134277344,44077000
2023-01-12,273.1774597167969,279.04998779296875,280.1000061035156,273.739990234375,278.1199951171875,60600000
2023-01-13,275.05706787109375,280.9700012207031,281.2200012207031,276.1600036621094,276.5,44802900
2023-01-17,275.6150817871094,281.5400085449219,282.8500061035156,279.5799865722656,280.7699890136719,36269700
2023-01-18,272.0321350097656,277.8800048828125,284.69000244140625,277.6700134277344,283.1099853515625,47754500
2023-01-19,269.3595275878906,275.1499938964844,277.3800048828125,273.8900146484375,276.2200012207031,44150400
2023-01-20,276.73101806640625,282.67999267578125,283.0199890136719,275.7099914550781,276.7900085449219,60613600
2023-01-23,282.87890625,288.9599914550781,290.2099914550781,282.7300109863281,283.5400085449219,52799900
2023-01-24,282.30133056640625,288.3699951171875,289.54998779296875,286.7799987792969,287.30999755859375,44875100
2023-01-25,281.6748046875,287.7300109863281,288.3599853515625,281.17999267578125,283.7699890136719,50872000
2023-01-26,287.1667785644531,293.3399963378906,293.5199890136719,288.5199890136719,291.2200012207031,51596300
2023-01-27,290.0252990722656,296.260009765625,298.260009765625,291.8800048828125,292.0,56441900
2023-01-30,284.1614074707031,290.2699890136719,294.3800048828125,289.8900146484375,292.92999267578125,49405800
2023-01-31,288.41986083984375,294.6199951171875,294.7200012207031,290.20001220703125,290.30999755859375,46705100
2023-02-01,294.5872497558594,300.9200134277344,303.42999267578125,292.29998779296875,294.4100036621094,67562200
2023-02-02,305.1600036621094,311.7200012207031,313.67999267578125,306.7300109863281,307.57000732421875,83070600
2023-02-03,299.7364807128906,306.17999267578125,312.3900146484375,304.5400085449219,304.94000244140625,76170800
2023-02-06,297.2010498046875,303.5899963378906,305.9100036621094,302.2200012207031,303.510009765625,40802300
2023-02-07,303.3586730957031,309.8800048828125,311.0299987792969,302.32000732421875,303.4599914550781,67584000
2023-02-08,297.9646301269531,304.3699951171875,309.5,303.6700134277344,308.5400085449219,56720900
2023-02-09,295.33123779296875,301.67999267578125,308.989990234375,300.20001220703125,308.8399963378906,49137800
2023-02-10,293.3929138183594,299.70001220703125,301.57000732421875,297.25,299.4800109863281,50050100
2023-02-13,298.0918884277344,304.5,305.1000061035156,299.92999267578125,301.1300048828125,39636700
2023-02-14,300.2945861816406,306.75,307.7200012207031,300.9100036621094,302.8900146484375,64079100
2023-02-15,302.5950927734375,309.1000061035156,309.2699890136719,304.20001220703125,304.8999938964844,43100600
2023-02-16,296.91717529296875,303.29998779296875,308.42999267578125,303.1499938964844,304.3800048828125,59498600
2023-02-17,294.82220458984375,301.1600036621094,301.92999267578125,298.1000061035156,301.07000732421875,58230700
2023-02-21,287.8422546386719,294.0299987792969,298.7300109863281,293.8900146484375,297.260009765625,46526700
2023-02-22,288.0576171875,294.25,296.3599853515625,292.55999755859375,294.6199951171875,51389200
2023-02-23,290.573486328125,296.82000732421875,298.1300048828125,292.54998779296875,297.9700012207031,69294400
2023-02-24,285.7080993652344,291.8500061035156,292.9700012207031,290.04998779296875,291.760009765625,74332000
2023-02-27,287.7541198730469,293.94000244140625,296.489990234375,293.3399963378906,295.07000732421875,48995000
2023-02-28,287.3821105957031,293.55999755859375,296.1199951171875,292.9599914550781,293.29998779296875,48243100
2023-03-01,285.0718078613281,291.20001220703125,293.92999267578125,290.20001220703125,293.260009765625,58287000
2023-03-02,287.4310607910156,293.6099853515625,294.42999267578125,288.3699951171875,288.6600036621094,53565900
2023-03-03,293.37335205078125,299.67999267578125,299.9200134277344,294.8699951171875,295.3900146484375,60511500
2023-03-06,293.7061462402344,300.0199890136719,304.0,299.82000732421875,300.94000244140625,56736300
2023-03-07,290.1036682128906,296.3399963378906,301.010009765625,295.7200012207031,300.07000732421875,65955800
2023-03-08,291.552490234375,297.82000732421875,298.42999267578125,294.8800048828125,296.7699890136719,50876300
2023-03-09,286.5010681152344,292.6600036621094,300.9800109863281,291.8299865722656,298.3299865722656,71456700
2023-03-10,282.4775390625,288.54998779296875,294.3500061035156,287.3800048828125,292.8299865722656,98593600
2023-03-13,284.5725402832031,290.69000244140625,294.4700012207031,285.19000244140625,286.7300109863281,97123600
2023-03-14,291.1119384765625,297.3699951171875,297.92999267578125,293.45001220703125,294.30999755859375,73602500
2023-03-15,292.6391296386719,298.92999267578125,299.2699890136719,293.239990234375,294.7099914550781,83631500
2023-03-16,300.3533020019531,306.80999755859375,307.17999267578125,297.19000244140625,298.0,98198100
2023-03-17,298.9337463378906,305.3599853515625,309.1499938964844,303.3699951171875,306.7200012207031,89923700
2023-03-20,299.9946594238281,305.9700012207031,306.29998779296875,302.010009765625,304.260009765625,56359500
2023-03-21,304.27935791015625,310.3399963378906,310.79998779296875,306.3999938964844,307.94000244140625,49757000
2023-03-22,300.14166259765625,306.1199951171875,315.25,305.95001220703125,310.2699890136719,75791900
2023-03-23,303.7008361816406,309.75,314.1499938964844,307.010009765625,309.9200134277344,74576000
2023-03-24,304.8186340332031,310.8900146484375,310.989990234375,306.95001220703125,309.32000732421875,57195200
2023-03-27,302.73016357421875,308.760009765625,312.70001220703125,307.8900146484375,311.6000061035156,50287400
2023-03-28,301.1222839355469,307.1199951171875,308.20001220703125,304.7699890136719,308.1700134277344,48585900
2023-03-29,306.6128234863281,312.7200012207031,313.3500061035156,310.04998779296875,310.8800048828125,53274300
2023-03-30,309.51507568359375,315.67999267578125,316.32000732421875,312.80999755859375,315.239990234375,58354800
2023-03-31,314.6624755859375,320.92999267578125,321.1700134277344,315.6000061035156,315.9100036621094,62138100
2023-04-03,313.89776611328125,320.1499938964844,320.4200134277344,317.4200134277344,318.7699890136719,47126800
2023-04-04,312.8388671875,319.07000732421875,321.6300048828125,317.8299865722656,320.6000061035156,45875400
2023-04-05,309.7503967285156,315.9200134277344,319.05999755859375,314.07000732421875,318.1000061035156,62795700
2023-04-06,311.8387451171875,318.04998779296875,318.54998779296875,312.82000732421875,314.239990234375,46916500
2023-04-10,311.66229248046875,317.8699951171875,317.9200134277344,313.25,315.07000732421875,45134700
2023-04-11,309.662109375,315.8299865722656,317.8900146484375,315.30999755859375,317.8299865722656,40113600
2023-04-12,306.9266052246094,313.0400085449219,318.4200134277344,312.57000732421875,317.82000732421875,62813300
2023-04-13,312.9368591308594,319.1700134277344,319.6499938964844,313.6300048828125,314.8299865722656,54613800
2023-04-14,312.3486633300781,318.57000732421875,320.3599853515625,315.6099853515625,317.5899963378906,56278300
2023-04-17,312.61334228515625,318.8399963378906,319.20001220703125,316.0400085449219,318.1499938964844,43007000
2023-04-18,312.6329345703125,318.8599853515625,321.4200134277344,317.6400146484375,320.989990234375,46746900
2023-04-19,312.4858703613281,318.7099914550781,319.7900085449219,316.2799987792969,316.4100036621094,38960100
2023-04-20,310.1033630371094,316.2799987792969,319.2699890136719,314.9700012207031,315.69000244140625,62462100
2023-04-21,310.4268493652344,316.6099853515625,317.3999938964844,314.1000061035156,315.9100036621094,59002300
2023-04-24,309.7798156738281,315.95001220703125,317.739990234375,313.739990234375,316.3800048828125,44043100
2023-04-25,303.93621826171875,309.989990234375,314.9700012207031,309.8900146484375,314.2900085449219,57121600
2023-04-26,305.7794494628906,311.8699951171875,314.94000244140625,311.3399963378906,313.44000244140625,55400500
2023-04-27,314.0938415527344,320.3500061035156,320.8599853515625,315.04998779296875,315.70001220703125,65430400
2023-04-28,316.2607116699219,322.55999755859375,322.6499938964844,318.9599914550781,320.1099853515625,59712600
2023-05-01,315.8978576660156,322.19000244140625,323.6300048828125,321.0899963378906,322.0899963378906,41013400
2023-05-02,313.142822265625,319.3800048828125,322.45001220703125,317.6099853515625,322.1199951171875,56519400
2023-05-03,311.0935974121094,317.2900085449219,322.4700012207031,317.17999267578125,319.75,59882100
2023-05-04,309.9955139160156,316.1700134277344,318.2300109863281,315.1199951171875,317.05999755859375,50224500
2023-05-05,316.5842590332031,322.8900146484375,323.760009765625,316.2099914550781,318.4700012207031,51806100
2023-05-08,317.3686218261719,323.69000244140625,324.0400085449219,321.32000732421875,322.4200134277344,36465800
2023-05-09,315.358642578125,321.6400146484375,322.8800048828125,321.32000732421875,322.0,31768800
2023-05-10,318.79034423828125,325.1400146484375,326.010009765625,321.6000061035156,324.1199951171875,60446600
2023-05-11,319.8296203613281,326.20001220703125,326.75,324.1199951171875,325.70001220703125,44278500
2023-05-12,318.68243408203125,325.0299987792969,327.1700134277344,322.94000244140625,326.739990234375,48432800
2023-05-15,320.4080505371094,326.7900085449219,327.0299987792969,323.9599914550781,325.510009765625,33375600
2023-05-16,320.77081298828125,327.1600036621094,328.8999938964844,326.0199890136719,326.05999755859375,40019200
2023-05-17,324.65350341796875,331.1199951171875,331.7099914550781,327.0400085449219,328.239990234375,47486100
2023-05-18,330.68341064453125,337.2699890136719,337.489990234375,331.5,331.5199890136719,64213500
2023-05-19,329.9383239746094,336.510009765625,338.2099914550781,335.42999267578125,337.489990234375,61554900
2023-05-22,331.0461730957031,337.6400146484375,338.6700134277344,336.239990234375,336.25,43015900
2023-05-23,326.8497619628906,333.3599853515625,337.05999755859375,333.0,335.8900146484375,48216700
2023-05-24,325.1731872558594,331.6499938964844,332.9100036621094,329.55999755859375,331.3699951171875,62891200
2023-05-25,333.0855407714844,339.7200012207031,341.010009765625,336.6700134277344,339.1400146484375,66862800
2023-05-26,341.59600830078125,348.3999938964844,349.25,340.6600036621094,340.760009765625,63007000
2023-05-30,343.1451721191406,349.9800109863281,353.92999267578125,348.5299987792969,352.7099914550781,72652200
2023-05-31,341.1940612792969,347.989990234375,350.6000061035156,346.510009765625,348.3699951171875,65105400
2023-06-01,345.1355285644531,352.010009765625,353.3599853515625,346.6600036621094,347.7300109863281,50488600
2023-06-02,347.7239990234375,354.6499938964844,355.8299865722656,352.010009765625,353.79998779296875,53372100
2023-06-05,347.9691467285156,354.8999938964844,357.5,353.8500061035156,354.42999267578125,47266200
2023-06-06,347.9103088378906,354.8399963378906,355.82000732421875,352.92999267578125,354.2799987792969,41390400
2023-06-07,342.0078430175781,348.82000732421875,357.1199951171875,348.17999267578125,355.1300048828125,69225900
2023-06-08,346.2532653808594,353.1499938964844,353.6199951171875,348.8900146484375,349.1199951171875,47153900
2023-06-09,347.57696533203125,354.5,357.6600036621094,353.0299987792969,354.6300048828125,53196900
2023-06-12,353.4499206542969,360.489990234375,360.5899963378906,355.20001220703125,356.19000244140625,44606500
2023-06-13,356.1658630371094,363.260009765625,364.1099853515625,360.0299987792969,363.2900085449219,57097800
2023-06-14,358.7542724609375,365.8999938964844,366.19000244140625,360.4200134277344,363.2699890136719,69525600
2023-06-15,363.02911376953125,370.260009765625,371.7699890136719,363.9800109863281,364.6099853515625,71138800
2023-06-16,360.7445983886719,367.92999267578125,372.8500061035156,367.4800109863281,372.7200012207031,80932000
2023-06-20,360.2282409667969,366.8999938964844,368.32000732421875,363.8900146484375,365.95001220703125,49204700
2023-06-21,355.3191833496094,361.8999938964844,366.17999267578125,360.9599914550781,365.739990234375,53378300
2023-06-22,359.5115051269531,366.1700134277344,366.3299865722656,360.2200012207031,360.6300048828125,47603000
2023-06-23,355.9475402832031,362.5400085449219,364.8800048828125,360.82000732421875,362.2099914550781,48922900
2023-06-26,351.1759033203125,357.67999267578125,364.8399963378906,357.5899963378906,362.0,52685500
2023-06-27,357.2139892578125,363.8299865722656,364.57000732421875,358.510009765625,359.25,49428100
2023-06-28,357.9111633300781,364.5400085449219,366.5199890136719,361.8999938964844,361.9800109863281,46498000
2023-06-29,357.19439697265625,363.80999755859375,364.8900146484375,362.1400146484375,364.239990234375,46151000
2023-06-30,362.702392578125,369.4200134277344,370.489990234375,367.2300109863281,367.54998779296875,58712500
2023-07-03,363.55657958984375,370.2900085449219,370.92999267578125,368.9700012207031,370.07000732421875,19432900
2023-07-05,363.5467529296875,370.2799987792969,372.010009765625,368.6600036621094,368.70001220703125,34460900
2023-07-06,360.77801513671875,367.4599914550781,367.9100036621094,364.5199890136719,366.510009765625,49374700
2023-07-07,359.5802307128906,366.239990234375,370.4800109863281,366.010009765625,367.2300109863281,47133700
2023-07-10,359.697998046875,366.3599853515625,367.04998779296875,363.4100036621094,365.9599914550781,48498800
2023-07-11,361.4751281738281,368.1700134277344,368.6300048828125,364.6199951171875,366.7900085449219,38214100
2023-07-12,366.04058837890625,372.82000732421875,374.19000244140625,370.29998779296875,372.3399963378906,61975400
2023-07-13,372.2554626464844,379.1499938964844,379.989990234375,375.4599914550781,376.04998779296875,46960000
2023-07-14,372.1768798828125,379.07000732421875,382.8599853515625,378.17999267578125,379.5899963378906,55148500
2023-07-17,375.6524963378906,382.6099853515625,383.5,379.30999755859375,379.79998779296875,40868900
2023-07-18,378.7256774902344,385.739990234375,387.1300048828125,380.0,381.9599914550781,55262000
2023-07-19,378.63726806640625,385.6499938964844,387.9800109863281,384.29998779296875,386.82000732421875,54093000
2023-07-20,369.9089050292969,376.760009765625,384.1000061035156,375.7200012207031,382.6099853515625,71941700
2023-07-21,368.7994384765625,375.6300048828125,379.9200134277344,375.19000244140625,379.17999267578125,60499600
2023-07-24,369.38861083984375,376.2300109863281,377.5799865722656,374.3399963378906,376.6199951171875,40380100
2023-07-25,371.8921813964844,378.7799987792969,380.4700012207031,376.92999267578125,376.95001220703125,38894400
2023-07-26,370.6551208496094,377.5199890136719,379.239990234375,375.17999267578125,377.7200012207031,47075700
2023-07-27,369.7714538574219,376.6199951171875,384.7099914550781,375.30999755859375,383.07000732421875,63940200
2023-07-28,376.5067443847656,383.4800109863281,384.5199890136719,380.2200012207031,380.739990234375,56902900
2023-07-31,376.7030944824219,383.67999267578125,384.8800048828125,382.3399963378906,383.7900085449219,44019900
2023-08-01,375.82928466796875,382.7900085449219,383.55999755859375,380.69000244140625,382.30999755859375,41060600
2023-08-02,367.5820007324219,374.3900146484375,379.260009765625,373.1300048828125,379.260009765625,72687100
2023-08-03,366.9928894042969,373.7900085449219,375.95001220703125,371.7699890136719,371.94000244140625,47666400
2023-08-04,365.27471923828125,372.0400085449219,378.1000061035156,371.5299987792969,375.75,61702800
2023-08-07,368.367431640625,375.19000244140625,375.2900085449219,371.510009765625,373.8800048828125,37230400
2023-08-08,365.2355041503906,372.0,372.6600036621094,368.82000732421875,372.6400146484375,44726500
2023-08-09,361.2198486328125,367.9100036621094,372.45001220703125,367.1400146484375,372.2900085449219,51150900
2023-08-10,361.8874816894531,368.5899963378906,374.3599853515625,367.0400085449219,370.9700012207031,72035300
2023-08-11,359.5802307128906,366.239990234375,368.0,364.69000244140625,365.989990234375,48707200
2023-08-14,363.6155090332031,370.3500061035156,370.4700012207031,364.70001220703125,365.42999267578125,42130800
2023-08-15,359.7569274902344,366.4200134277344,370.1700134277344,365.739990234375,369.3599853515625,45539900
2023-08-16,355.9475402832031,362.5400085449219,367.42999267578125,362.44000244140625,365.8699951171875,53190500
2023-08-17,352.0595397949219,358.5799865722656,364.30999755859375,358.1600036621094,363.9599914550781,62604300
2023-08-18,351.6177673339844,358.1300048828125,359.4100036621094,354.7099914550781,355.260009765625,61191400
2023-08-21,357.2827453613281,363.8999938964844,364.5899963378906,359.1499938964844,359.6199951171875,50696500
2023-08-22,356.772216796875,363.3800048828125,366.55999755859375,362.67999267578125,366.54998779296875,44530200
2023-08-23,362.3980407714844,369.1099853515625,370.2200012207031,364.3599853515625,364.5799865722656,51770600
2023-08-24,354.6515197753906,361.2200012207031,372.739990234375,361.010009765625,372.6400146484375,66842500
2023-08-25,357.40057373046875,364.0199890136719,365.739990234375,358.5799865722656,362.07000732421875,69960500
2023-08-28,360.0908203125,366.760009765625,367.7099914550781,364.25,366.989990234375,40910000
2023-08-29,367.9551086425781,374.7699890136719,375.1300048828125,366.2300109863281,366.55999755859375,58492400
2023-08-30,370.0070495605469,376.8599853515625,377.45001220703125,373.8599853515625,374.8800048828125,41731500
2023-08-31,371.1164855957031,377.989990234375,379.7200012207031,376.8699951171875,376.94000244140625,35730700
2023-09-01,370.7238464355469,377.5899963378906,380.8299865722656,376.0799865722656,380.3999938964844,39801200
2023-09-05,371.1950988769531,378.07000732421875,379.30999755859375,375.8299865722656,376.7699890136719,32344200
2023-09-06,367.9256591796875,374.739990234375,377.6300048828125,372.70001220703125,377.2799987792969,42998700
2023-09-07,365.29437255859375,372.05999755859375,372.8500061035156,369.1499938964844,370.2099914550781,52060700
2023-09-08,365.804931640625,372.5799865722656,374.8500061035156,371.6000061035156,372.010009765625,35800100
2023-09-11,370.1151123046875,376.9700012207031,377.489990234375,373.6600036621094,375.6600036621094,39936600
2023-09-12,366.0111389160156,372.7900085449219,376.95001220703125,372.5,375.2699890136719,41391000
2023-09-13,367.4052429199219,374.2099914550781,375.8399963378906,371.8800048828125,373.0299987792969,46300700
2023-09-14,370.40966796875,377.2699890136719,378.2699890136719,373.8900146484375,375.989990234375,48039400
2023-09-15,364.0671081542969,370.80999755859375,376.32000732421875,369.8599853515625,375.9100036621094,69811200
2023-09-18,364.4466247558594,370.6600036621094,371.7900085449219,369.0299987792969,369.32000732421875,36903500
2023-09-19,363.6698913574219,369.8699951171875,370.67999267578125,366.79998779296875,369.32000732421875,37621700
2023-09-20,358.4292297363281,364.5400085449219,371.30999755859375,364.4599914550781,370.95001220703125,45514200
2023-09-21,351.8612060546875,357.8599853515625,361.6000061035156,357.69000244140625,360.79998779296875,69734800
2023-09-22,351.9104309082031,357.9100036621094,361.79998779296875,357.5899963378906,359.6300048828125,51589700
2023-09-25,353.5819091796875,359.6099853515625,359.70001220703125,355.92999267578125,356.92999267578125,39168000
2023-09-26,348.2724304199219,354.2099914550781,357.5400085449219,353.2099914550781,356.989990234375,53657700
2023-09-27,349.0885314941406,355.0400085449219,356.9800109863281,351.3599853515625,355.3800048828125,56066000
2023-09-28,352.0086364746094,358.010009765625,360.1700134277344,353.239990234375,354.1099853515625,56453300
2023-09-29,352.26434326171875,358.2699890136719,362.95001220703125,357.0199890136719,361.5400085449219,64829600
2023-10-02,355.2042236328125,361.260009765625,362.67999267578125,357.9200134277344,358.5400085449219,51625100
2023-10-03,348.9704895019531,354.9200134277344,361.010009765625,353.2799987792969,358.7799987792969,60478500
2023-10-04,353.7195129394531,359.75,360.6099853515625,355.29998779296875,355.7699890136719,54786700
2023-10-05,352.67724609375,358.69000244140625,360.1499938964844,355.1400146484375,359.739990234375,45897400
2023-10-06,358.58660888671875,364.70001220703125,365.9100036621094,354.8500061035156,355.6499938964844,75049100
2023-10-09,360.4153747558594,366.55999755859375,367.1099853515625,360.7799987792969,362.29998779296875,45304800
2023-10-10,362.41131591796875,368.5899963378906,371.2799987792969,366.3900146484375,366.8999938964844,46968800
2023-10-11,364.997314453125,371.2200012207031,371.4100036621094,368.19000244140625,369.94000244140625,38215100
2023-10-12,363.7289123535156,369.92999267578125,373.739990234375,367.5,371.7300109863281,49587900
2023-10-13,359.1568298339844,365.2799987792969,371.1600036621094,363.8599853515625,370.57000732421875,52469900
2023-10-16,363.2175598144531,369.4100036621094,370.4800109863281,366.4700012207031,366.6199951171875,44201100
2023-10-17,362.0278625488281,368.20001220703125,369.9200134277344,363.6600036621094,365.80999755859375,50999100
2023-10-18,357.27880859375,363.3699951171875,367.9100036621094,362.0199890136719,365.6700134277344,54280500
2023-10-19,353.9358215332031,359.9700012207031,366.0199890136719,359.1600036621094,364.80999755859375,72274200
2023-10-20,348.6558837890625,354.6000061035156,360.0400085449219,354.3699951171875,359.4599914550781,72559700
2023-10-23,349.70794677734375,355.6700134277344,359.260009765625,351.1199951171875,353.260009765625,60665200
2023-10-24,353.10992431640625,359.1300048828125,359.9100036621094,355.7900085449219,357.510009765625,47082100
2023-10-25,344.46722412109375,350.3399963378906,356.8800048828125,349.75,356.70001220703125,71190500
2023-10-26,337.89923095703125,343.6600036621094,350.07000732421875,342.3500061035156,349.1199951171875,78621400
2023-10-27,339.5215759277344,345.30999755859375,348.8399963378906,344.0799865722656,346.42999267578125,63476700
2023-10-30,343.346435546875,349.20001220703125,350.5400085449219,346.45001220703125,347.8299865722656,55298500
2023-10-31,344.9884033203125,350.8699951171875,351.25,346.6199951171875,349.2300109863281,47671900
2023-11-01,350.97625732421875,356.9599914550781,357.5299987792969,351.6199951171875,351.7200012207031,58992700
2023-11-02,357.3476257324219,363.44000244140625,363.67999267578125,360.29998779296875,361.5400085449219,58162400
2023-11-03,361.54608154296875,367.7099914550781,369.0199890136719,364.5199890136719,364.75,53280500
2023-11-06,363.02093505859375,369.2099914550781,369.7799987792969,366.9100036621094,368.489990234375,38848700
2023-11-07,366.4524230957031,372.70001220703125,373.5799865722656,369.04998779296875,370.2699890136719,50777400
2023-11-08,366.6884460449219,372.94000244140625,373.7900085449219,370.6199951171875,373.0799865722656,35663400
2023-11-09,363.86651611328125,370.07000732421875,374.79998779296875,369.57000732421875,373.6400146484375,53859400
2023-11-10,372.0471496582031,378.3900146484375,378.5400085449219,371.2799987792969,371.82000732421875,58309800
2023-11-13,370.8868408203125,377.2099914550781,378.2799987792969,375.239990234375,376.7900085449219,40733500
2023-11-14,378.8706970214844,385.3299865722656,386.260009765625,383.17999267578125,383.7099914550781,67792600
2023-11-15,379.1559143066406,385.6199951171875,387.75,384.239990234375,387.25,54141400
2023-11-16,379.4803466796875,385.95001220703125,386.19000244140625,383.55999755859375,384.8399963378906,45343500
2023-11-17,379.56884765625,386.0400085449219,387.07000732421875,384.2900085449219,385.2099914550781,46571900
2023-11-20,384.1900329589844,390.739990234375,391.4100036621094,386.04998779296875,386.04998779296875,44429600
2023-11-21,381.9580993652344,388.4700012207031,389.2300109863281,386.70001220703125,389.010009765625,43337000
2023-11-22,383.52142333984375,390.05999755859375,393.07000732421875,389.0400085449219,390.57000732421875,44121000
2023-11-24,382.9807434082031,389.510009765625,390.25,388.5,389.6499938964844,15718800
2023-11-27,382.6463623046875,389.1700134277344,391.1499938964844,388.2799987792969,389.010009765625,34139700
2023-11-28,383.6492919921875,390.19000244140625,390.7799987792969,388.04998779296875,388.4100036621094,35491100
2023-11-29,383.27557373046875,389.80999755859375,394.1400146484375,389.4599914550781,392.69000244140625,38811700
2023-11-30,382.31207275390625,388.8299865722656,390.54998779296875,385.82000732421875,390.0799865722656,52834400
2023-12-01,383.4034423828125,389.94000244140625,390.5400085449219,386.07000732421875,387.75,40490100
2023-12-04,379.8440856933594,386.32000732421875,386.6000061035156,382.6600036621094,386.0899963378906,51186900
2023-12-05,380.79791259765625,387.2900085449219,388.5,384.2099914550781,384.3900146484375,42933000
2023-12-06,378.5954284667969,385.04998779296875,390.3699951171875,384.70001220703125,390.2699890136719,41994100
2023-12-07,383.8852233886719,390.42999267578125,391.2699890136719,386.9599914550781,388.07000732421875,49593500
2023-12-08,385.5960693359375,392.1700134277344,392.6199951171875,388.4800109863281,388.6700134277344,46687500
2023-12-11,388.889892578125,395.5199890136719,395.7900085449219,391.5299987792969,391.739990234375,41198000
2023-12-12,391.9870910644531,398.6700134277344,398.7900085449219,394.4100036621094,395.55999755859375,39221200
2023-12-13,396.9721374511719,403.739990234375,404.3599853515625,398.8399963378906,399.6199951171875,55408100
2023-12-14,396.62799072265625,403.3900146484375,406.29998779296875,400.3399963378906,404.9800109863281,55447800
2023-12-15,398.5453186035156,405.3399963378906,406.5400085449219,403.57000732421875,404.17999267578125,62896600
2023-12-18,401.0556640625,407.0799865722656,407.989990234375,404.6000061035156,404.92999267578125,46610000
2023-12-19,403.10479736328125,409.1600036621094,409.2799987792969,407.3500061035156,407.5400085449219,35711900
2023-12-20,397.11480712890625,403.0799865722656,410.4700012207031,402.8999938964844,408.3500061035156,54042400
2023-12-21,401.7353820800781,407.7699890136719,408.1400146484375,404.4700012207031,407.05999755859375,45568900
2023-12-22,402.3363342285156,408.3800048828125,409.9700012207031,406.4800109863281,409.0,34314000
2023-12-26,404.7993469238281,410.8800048828125,411.55999755859375,409.1499938964844,409.25,22722500
2023-12-27,405.6234436035156,411.5,411.7900085449219,410.0799865722656,410.95001220703125,31980500
2023-12-28,405.4262390136719,411.29998779296875,412.9200134277344,410.94000244140625,412.6700134277344,27029200
2023-12-29,403.6717224121094,409.5199890136719,411.6400146484375,407.5799865722656,411.2799987792969,42662100
2024-01-02,396.8406066894531,402.5899963378906,406.0899963378906,400.239990234375,405.8399963378906,58026900
2024-01-03,392.6415100097656,398.3299865722656,401.0,397.8900146484375,399.92999267578125,47002800
2024-01-04,390.62078857421875,396.2799987792969,399.5899963378906,396.05999755859375,396.44000244140625,39432800
2024-01-05,391.0840759277344,396.75,399.55999755859375,395.3399963378906,396.45001220703125,44922800
2024-01-08,399.1669921875,404.95001220703125,405.239990234375,397.8399963378906,397.989990234375,42473800
2024-01-09,399.95550537109375,405.75,406.69000244140625,401.7099914550781,401.9100036621094,39132900
2024-01-10,402.6662292480469,408.5,409.5199890136719,405.1700134277344,406.07000732421875,33962800
2024-01-11,403.50408935546875,409.3500061035156,411.20001220703125,404.239990234375,409.7900085449219,54536200
2024-01-12,403.7111511230469,409.55999755859375,411.25,408.1499938964844,410.3999938964844,39595000
2024-01-16,403.6717224121094,409.5199890136719,411.1199951171875,406.8299865722656,408.30999755859375,43903000
2024-01-17,401.3946533203125,407.2099914550781,407.5899963378906,402.9200134277344,406.1700134277344,54386000
2024-01-18,407.0921630859375,412.989990234375,413.5799865722656,409.1600036621094,410.5199890136719,59562500
2024-01-19,415.1651611328125,421.17999267578125,421.3399963378906,414.6300048828125,415.2200012207031,70325100
2024-01-22,415.7073669433594,421.7300109863281,424.7300109863281,421.1199951171875,423.4100036621094,44880600
2024-01-23,417.43231201171875,423.4800109863281,423.70001220703125,420.57000732421875,422.42999267578125,33003800
2024-01-24,419.74871826171875,425.8299865722656,429.8500061035156,425.3299865722656,427.44000244140625,46948000
2024-01-25,420.2613830566406,426.3500061035156,429.0400085449219,423.9800109863281,428.3599853515625,44367200
2024-01-26,417.7575988769531,423.80999755859375,426.2099914550781,423.1499938964844,424.44000244140625,37137000
2024-01-29,422.0356750488281,428.1499938964844,428.3500061035156,423.6099853515625,424.2699890136719,38694700
2024-01-30,419.22637939453125,425.29998779296875,427.67999267578125,424.3800048828125,427.1000061035156,36739000
2024-01-31,411.01531982421875,416.9700012207031,422.8699951171875,416.7900085449219,420.8500061035156,64010600
2024-02-01,415.855224609375,421.8800048828125,422.3800048828125,417.80999755859375,418.7900085449219,51008600
2024-02-02,422.8833312988281,429.010009765625,430.239990234375,422.7900085449219,423.79998779296875,59602400
2024-02-05,422.3314208984375,428.45001220703125,429.6099853515625,425.0,429.07000732421875,39889200
2024-02-06,421.4836730957031,427.5899963378906,430.2200012207031,425.2200012207031,429.6099853515625,35846100
2024-02-07,425.82080078125,431.989990234375,432.8299865722656,429.0899963378906,430.4100036621094,37712700
2024-02-08,426.609375,432.7900085449219,433.55999755859375,431.4200134277344,432.1099853515625,29889900
2024-02-09,430.8085021972656,437.04998779296875,437.8500061035156,433.1400146484375,433.94000244140625,36943900
2024-02-12,429.1229248046875,435.3399963378906,439.1400146484375,434.6499938964844,436.94000244140625,33203300
2024-02-13,422.429931640625,428.54998779296875,431.2699890136719,425.3299865722656,427.2799987792969,64491700
2024-02-14,427.0332946777344,433.2200012207031,433.6499938964844,428.8800048828125,431.260009765625,45092700
2024-02-15,428.3048400878906,434.510009765625,434.9800109863281,431.3299865722656,433.9200134277344,38796100
2024-02-16,424.42108154296875,430.57000732421875,434.989990234375,429.8500061035156,434.8900146484375,53716500
2024-02-20,421.2174987792969,427.32000732421875,430.0799865722656,423.5,428.54998779296875,53999500
2024-02-21,419.53192138671875,425.6099853515625,425.70001220703125,421.6300048828125,424.54998779296875,49779000
2024-02-22,431.81402587890625,438.07000732421875,439.1199951171875,433.7099914550781,434.489990234375,53887800
2024-02-23,430.54241943359375,436.7799987792969,440.5899963378906,435.7900085449219,439.6499938964844,39853900
2024-02-26,430.3157043457031,436.54998779296875,438.6000061035156,436.3599853515625,437.6000061035156,33043200
2024-02-27,431.3507385253906,437.6000061035156,437.989990234375,435.0299987792969,437.6700134277344,33713200
2024-02-28,429.0539855957031,435.2699890136719,436.6700134277344,434.29998779296875,435.42999267578125,32938800
2024-02-29,432.7306823730469,439.0,440.0899963378906,435.0199890136719,438.2300109863281,42495200
2024-03-01,439.246337890625,445.6099853515625,446.5799865722656,439.8399963378906,439.8999938964844,43853000
2024-03-04,437.6789855957031,444.0199890136719,446.0400085449219,443.7699890136719,445.6099853515625,34325700
2024-03-05,429.8228454589844,436.04998779296875,440.95001220703125,433.6499938964844,440.94000244140625,57917100
2024-03-06,432.52374267578125,438.7900085449219,441.989990234375,436.8900146484375,440.32000732421875,46234500
2024-03-07,439.0885925292969,445.45001220703125,446.7200012207031,440.8599853515625,442.4200134277344,44526700
2024-03-08,432.7503967285156,439.0199890136719,448.6400146484375,438.3399963378906,445.80999755859375,72096000
2024-03-11,431.14373779296875,437.3900146484375,438.6600036621094,435.44000244140625,437.510009765625,45860000
2024-03-12,437.32415771484375,443.6600036621094,444.0199890136719,436.4599914550781,439.7300109863281,55300900
2024-03-13,433.96282958984375,440.25,442.6700134277344,439.1199951171875,442.6499938964844,37928700
2024-03-14,432.8687438964844,439.1400146484375,442.0299987792969,436.3900146484375,441.5,52195200
2024-03-15,427.7232666015625,433.9200134277344,438.8699951171875,432.739990234375,436.07000732421875,73069800
2024-03-18,431.8026428222656,437.4800109863281,441.0400085449219,437.239990234375,438.7300109863281,47323800
2024-03-19,432.87847900390625,438.57000732421875,438.9800109863281,433.3299865722656,435.45001220703125,43004100
2024-03-20,438.0110168457031,443.7699890136719,444.1099853515625,438.05999755859375,439.7799987792969,43653500
2024-03-21,440.0837097167969,445.8699951171875,449.3399963378906,445.6700134277344,448.8800048828125,39345700
2024-03-22,440.587158203125,446.3800048828125,447.489990234375,444.489990234375,445.3500061035156,28253900
2024-03-25,438.9881591796875,444.760009765625,446.260009765625,442.5400085449219,443.54998779296875,27789200
2024-03-26,437.5668640136719,443.32000732421875,447.2300109863281,443.0899963378906,446.29998779296875,34142000
2024-03-27,439.0572204589844,444.8299865722656,446.5400085449219,441.92999267578125,446.44000244140625,41359200
2024-03-28,438.2478942871094,444.010009765625,445.6400146484375,443.6499938964844,444.7799987792969,36839600
2024-04-01,439.1756896972656,444.95001220703125,447.5299987792969,443.0199890136719,444.9700012207031,38729000
2024-04-02,435.385498046875,441.1099853515625,441.42999267578125,438.0299987792969,440.0799865722656,44259700
2024-04-03,436.3626708984375,442.1000061035156,444.0,438.95001220703125,438.9599914550781,39949800
2024-04-04,429.6903991699219,435.3399963378906,446.95001220703125,435.1099853515625,446.3299865722656,57267700
2024-04-05,434.7538757324219,440.4700012207031,443.1700134277344,435.9599914550781,436.7799987792969,54744600
2024-04-08,434.8821716308594,440.6000061035156,442.5,439.20001220703125,441.4100036621094,28144900
2024-04-09,436.490966796875,442.2300109863281,443.239990234375,437.44000244140625,442.9599914550781,39443600
2024-04-10,432.68109130859375,438.3699951171875,439.239990234375,436.2799987792969,437.0,61502200
2024-04-11,439.5902404785156,445.3699951171875,446.3299865722656,437.9599914550781,440.260009765625,45474600
2024-04-12,432.58233642578125,438.2699890136719,442.239990234375,436.8800048828125,441.1000061035156,53665000
2024-04-15,425.4659729003906,431.05999755859375,442.1499938964844,430.2099914550781,442.05999755859375,63453600
2024-04-16,425.5054626464844,431.1000061035156,433.760009765625,429.70001220703125,430.8999938964844,47619000
2024-04-17,420.31365966796875,425.8399963378906,433.1199951171875,424.8999938964844,433.1000061035156,56880500
2024-04-18,417.9151916503906,423.4100036621094,428.239990234375,422.8299865722656,426.489990234375,46549400
2024-04-19,409.2688903808594,414.6499938964844,422.75,413.07000732421875,422.2200012207031,75231000
2024-04-22,413.3847961425781,418.82000732421875,421.17999267578125,413.94000244140625,417.30999755859375,47807700
2024-04-23,419.5536804199219,425.07000732421875,426.2799987792969,418.8699951171875,420.7699890136719,44384700
2024-04-24,420.97509765625,426.510009765625,429.7300109863281,424.20001220703125,428.20001220703125,48440300
2024-04-25,418.9417724609375,424.45001220703125,425.32000732421875,418.1400146484375,419.239990234375,57392200
2024-04-26,425.4067077636719,431.0,432.54998779296875,426.9200134277344,427.6199951171875,41874900
2024-04-29,427.134033203125,432.75,433.760009765625,429.9800109863281,433.1300048828125,30022200
2024-04-30,419.07989501953125,424.5899963378906,432.55999755859375,424.510009765625,431.1499938964844,43665900
2024-05-01,416.0497131347656,421.5199890136719,430.1400146484375,420.6600036621094,423.1499938964844,52251700
2024-05-02,421.3598937988281,426.8999938964844,427.80999755859375,420.6300048828125,425.29998779296875,36559000
2024-05-03,429.8285827636719,435.4800109863281,436.4800109863281,432.6199951171875,434.44000244140625,48515300
2024-05-06,434.53668212890625,440.25,440.3399963378906,436.5199890136719,437.29998779296875,30227200
2024-05-07,434.6058044433594,440.32000732421875,441.9700012207031,439.5799865722656,440.70001220703125,30996100
2024-05-08,434.34912109375,440.05999755859375,441.4800109863281,437.54998779296875,437.6700134277344,24896700
2024-05-09,435.2967224121094,441.0199890136719,441.6000061035156,438.4599914550781,440.3299865722656,24580100
2024-05-10,436.3231506347656,442.05999755859375,444.30999755859375,440.5,442.5400085449219,27116600
2024-05-13,437.3299865722656,443.0799865722656,444.0899963378906,441.6499938964844,443.989990234375,22994200
2024-05-14,440.1429748535156,445.92999267578125,446.4700012207031,442.4599914550781,442.6499938964844,34478300
2024-05-15,447.0225830078125,452.8999938964844,453.1499938964844,446.8999938964844,448.42999267578125,41464700
2024-05-16,446.11444091796875,451.9800109863281,454.69000244140625,451.80999755859375,452.7099914550781,34780400
2024-05-17,445.89727783203125,451.760009765625,452.7200012207031,449.5400085449219,452.1099853515625,35803700
2024-05-20,449.0064392089844,454.9100036621094,455.5799865722656,451.7900085449219,451.9800109863281,24474200
2024-05-21,449.8848876953125,455.79998779296875,455.989990234375,452.8399963378906,453.0400085449219,23167700
2024-05-22,449.7960205078125,455.7099914550781,456.82000732421875,453.0799865722656,456.05999755859375,25120000
2024-05-23,447.772705078125,453.6600036621094,460.5799865722656,451.8500061035156,460.54998779296875,40899200
2024-05-24,452.0069580078125,457.95001220703125,459.2300109863281,453.57000732421875,455.2900085449219,29669500
2024-05-28,453.7145080566406,459.67999267578125,459.739990234375,456.69000244140625,459.17999267578125,26216800
2024-05-29,450.5166015625,456.44000244140625,458.239990234375,455.3399963378906,455.4800109863281,29739200
2024-05-30,445.6900329589844,451.54998779296875,455.6400146484375,450.2099914550781,455.5,30536800
2024-05-31,444.86090087890625,450.7099914550781,452.4800109863281,443.05999755859375,451.7799987792969,55941300
2024-06-03,447.24951171875,453.1300048828125,455.5799865722656,447.8999938964844,454.57000732421875,32997500
2024-06-04,448.4734191894531,454.3699951171875,455.5799865722656,451.1300048828125,452.8699951171875,23767400
2024-06-05,457.51458740234375,463.5299987792969,463.6099853515625,454.4100036621094,457.9800109863281,33817400
2024-06-06,457.3566589355469,463.3699951171875,464.5400085449219,462.19000244140625,464.2200012207031,21966800
2024-06-07,456.9519348144531,462.9599914550781,465.739990234375,461.8399963378906,463.0,25829700
2024-06-10,458.79766845703125,464.8299865722656,465.19000244140625,461.5299987792969,461.82000732421875,20660800
2024-06-11,461.9463195800781,468.0199890136719,468.1400146484375,462.0299987792969,463.5400085449219,22053300
2024-06-12,467.9967346191406,474.1499938964844,476.5,471.2900085449219,471.989990234375,34532600
2024-06-13,470.5334167480469,476.7200012207031,478.3900146484375,474.4200134277344,477.7200012207031,25859000
2024-06-14,472.9713134765625,479.19000244140625,479.260009765625,476.04998779296875,476.5199890136719,23372600
2024-06-17,478.76513671875,485.05999755859375,486.8599853515625,478.1400146484375,479.4599914550781,37054500
2024-06-18,478.9132080078125,485.2099914550781,485.8999938964844,483.42999267578125,485.010009765625,24438600
2024-06-20,475.22174072265625,481.4700012207031,486.8399963378906,479.6199951171875,486.4200134277344,33918700
2024-06-21,473.948486328125,480.17999267578125,482.5400085449219,478.6700134277344,481.19000244140625,37456800
2024-06-24,468.55279541015625,473.9599914550781,479.92999267578125,473.82000732421875,478.17999267578125,37751000
2024-06-25,473.9109191894531,479.3800048828125,479.67999267578125,475.1199951171875,476.07000732421875,29014700
2024-06-26,474.8896789550781,480.3699951171875,480.9200134277344,478.1300048828125,478.54998779296875,22737100
2024-06-27,476.115478515625,481.6099853515625,483.1000061035156,479.29998779296875,480.1199951171875,26222100
2024-06-28,473.6440124511719,479.1099853515625,487.20001220703125,478.4599914550781,482.4100036621094,34881600
2024-07-01,476.42193603515625,481.9200134277344,482.489990234375,476.260009765625,480.0400085449219,24898300
2024-07-02,481.4242248535156,486.9800109863281,487.0400085449219,480.2799987792969,480.4100036621094,26723600
2024-07-03,485.4378967285156,491.0400085449219,491.1700134277344,486.2200012207031,486.2200012207031,18064900
2024-07-05,490.4995422363281,496.1600036621094,496.6000061035156,491.5899963378906,491.8900146484375,28495900
2024-07-08,491.66607666015625,497.3399963378906,497.8999938964844,495.5,496.5299987792969,22109400
2024-07-09,492.0910949707031,497.7699890136719,500.0,496.239990234375,498.8699951171875,25614500
2024-07-10,497.221923828125,502.9599914550781,503.5199890136719,498.3900146484375,499.7099914550781,28046900
2024-07-11,486.31781005859375,491.92999267578125,503.2799987792969,490.7300109863281,503.07000732421875,49966600
2024-07-12,489.17474365234375,494.82000732421875,499.6199951171875,492.0400085449219,492.510009765625,37109400
2024-07-15,490.4895935058594,496.1499938964844,501.010009765625,494.0899963378906,496.6099853515625,31151400
2024-07-16,490.6773681640625,496.3399963378906,498.44000244140625,493.1499938964844,497.6199951171875,25950600
2024-07-17,476.273681640625,481.7699890136719,488.79998779296875,481.70001220703125,488.2799987792969,56268800
2024-07-18,474.01971435546875,479.489990234375,485.7099914550781,476.2699890136719,485.5299987792969,49347400
2024-07-19,469.818115234375,475.239990234375,481.69000244140625,473.94000244140625,479.1499938964844,42042900
2024-07-22,476.8173828125,482.32000732421875,483.3500061035156,477.7099914550781,481.1600036621094,40300000
2024-07-23,475.13677978515625,480.6199951171875,484.42999267578125,480.1400146484375,481.4100036621094,23282500
2024-07-24,458.09344482421875,463.3800048828125,474.19000244140625,462.510009765625,473.82000732421875,58818600
2024-07-25,453.041748046875,458.2699890136719,467.94000244140625,455.6300048828125,463.7200012207031,59256800
2024-07-26,457.6881408691406,462.9700012207031,465.92999267578125,459.7699890136719,462.6499938964844,39992100
2024-07-29,458.6075439453125,463.8999938964844,467.9100036621094,461.6199951171875,465.7099914550781,28218500
2024-07-30,452.3102111816406,457.5299987792969,466.55999755859375,454.1499938964844,465.8500061035156,41317200
2024-07-31,465.69573974609375,471.07000732421875,472.7900085449219,466.4100036621094,467.8699951171875,44552100
2024-08-01,454.41595458984375,459.6600036621094,475.54998779296875,455.9800109863281,471.760009765625,56653900
2024-08-02,443.63037109375,448.75,453.57000732421875,444.4700012207031,450.8900146484375,66323200
2024-08-05,430.4030456542969,435.3699951171875,442.2900085449219,423.45001220703125,424.7099914550781,87483500
2024-08-06,434.5155944824219,439.5299987792969,447.07000732421875,434.55999755859375,437.2300109863281,63164400
2024-08-07,429.8098449707031,434.7699890136719,449.0,434.3699951171875,446.489990234375,54929200
2024-08-08,442.9581604003906,448.07000732421875,448.989990234375,437.1499938964844,441.05999755859375,47890100
2024-08-09,445.27142333984375,450.4100036621094,452.05999755859375,445.6099853515625,446.739990234375,33574000
2024-08-12,446.2303771972656,451.3800048828125,454.3699951171875,448.54998779296875,451.3900146484375,27795000
2024-08-13,457.3025817871094,462.5799865722656,462.8500061035156,455.67999267578125,455.82000732421875,40084500
2024-08-14,457.45086669921875,462.7300109863281,465.1099853515625,458.3999938964844,463.510009765625,34733700
2024-08-15,469.007568359375,474.4200134277344,474.82000732421875,468.3800048828125,468.760009765625,38280600
2024-08-16,469.6106262207031,475.0299987792969,476.4100036621094,471.6499938964844,472.6199951171875,38383600
2024-08-19,475.7793273925781,481.2699890136719,481.30999755859375,473.3699951171875,475.1700134277344,23737700
2024-08-20,474.7808837890625,480.260009765625,482.94000244140625,478.54998779296875,480.3500061035156,29209300
2024-08-21,476.995361328125,482.5,484.3699951171875,479.32000732421875,481.04998779296875,25658800
2024-08-22,469.4325866699219,474.8500061035156,485.5400085449219,473.80999755859375,484.8399963378906,37739600
2024-08-23,474.5238952636719,480.0,482.739990234375,475.2799987792969,479.239990234375,36061500
2024-08-26,469.9169921875,475.3399963378906,480.3800048828125,473.239990234375,479.45001220703125,27452600
2024-08-27,471.3208312988281,476.760009765625,477.8399963378906,471.7099914550781,473.69000244140625,27510000
2024-08-28,465.9725646972656,471.3500061035156,477.0199890136719,467.8900146484375,476.2900085449219,37372400
2024-08-29,465.2904052734375,470.6600036621094,477.92999267578125,469.3699951171875,473.2799987792969,41081500
2024-08-30,470.8363952636719,476.2699890136719,476.8999938964844,470.510009765625,475.0400085449219,33466500
2024-09-03,456.5413513183594,461.80999755859375,473.3299865722656,459.4100036621094,473.20001220703125,44985200
2024-09-04,455.3550720214844,460.6099853515625,464.45001220703125,457.7300109863281,458.6700134277344,32505100
2024-09-05,455.78021240234375,461.0400085449219,465.3599853515625,457.94000244140625,458.9700012207031,34452400
2024-09-06,443.5710754394531,448.69000244140625,461.2200012207031,448.19000244140625,460.3299865722656,50624400
2024-09-09,449.2752380371094,454.4599914550781,455.4599914550781,449.82000732421875,453.05999755859375,32981200
2024-09-10,453.42730712890625,458.6600036621094,459.1700134277344,452.2300109863281,456.239990234375,29680300
2024-09-11,463.273681640625,468.6199951171875,469.3699951171875,451.2799987792969,459.9100036621094,57843000
2024-09-12,467.82122802734375,473.2200012207031,474.0400085449219,466.8500061035156,468.6499938964844,40067800
2024-09-13,469.9169921875,475.3399963378906,476.5299987792969,472.25,472.4800109863281,29111800
2024-09-16,467.84100341796875,473.239990234375,473.8599853515625,469.8900146484375,473.19000244140625,22585600
2024-09-17,468.088134765625,473.489990234375,477.6000061035156,470.9700012207031,476.2900085449219,30084400
2024-09-18,466.0615234375,471.44000244140625,478.8299865722656,470.8299865722656,474.70001220703125,39909200
2024-09-19,477.84552001953125,483.3599853515625,486.2300109863281,480.489990234375,482.6099853515625,52782500
2024-09-20,476.9360046386719,482.44000244140625,483.69000244140625,478.29998779296875,482.489990234375,34577700
2024-09-23,478.2001953125,483.0400085449219,484.1400146484375,481.6000061035156,482.95001220703125,24843000
2024-09-24,480.50689697265625,485.3699951171875,486.3299865722656,480.1700134277344,484.4599914550781,25952600
2024-09-25,480.9523620605469,485.82000732421875,487.7900085449219,484.55999755859375,484.739990234375,26549900
2024-09-26,484.5657958984375,489.4700012207031,493.70001220703125,485.79998779296875,493.3699951171875,32020200
2024-09-27,481.87310791015625,486.75,490.6400146484375,485.55999755859375,490.5,22851100
2024-09-30,483.1798400878906,488.07000732421875,488.4100036621094,482.9200134277344,485.7799987792969,30281100
2024-10-01,476.4479064941406,481.2699890136719,488.0,477.3999938964844,487.70001220703125,42735400
2024-10-02,477.1211242675781,481.95001220703125,483.8800048828125,477.7200012207031,480.3599853515625,23744000
2024-10-03,476.76470947265625,481.5899963378906,484.54998779296875,478.989990234375,479.739990234375,25337200
2024-10-04,482.4373474121094,487.32000732421875,487.8800048828125,482.3900146484375,487.45001220703125,30686600
2024-10-07,477.2696838378906,482.1000061035156,486.57000732421875,480.8699951171875,485.3900146484375,24975100
2024-10-08,484.39752197265625,489.29998779296875,489.989990234375,483.8500061035156,484.6600036621094,28272000
2024-10-09,488.20892333984375,493.1499938964844,493.7300109863281,487.95001220703125,489.0,24995000
2024-10-10,487.6545104980469,492.5899963378906,494.4700012207031,489.5299987792969,490.8500061035156,25750400
2024-10-11,488.41680908203125,493.3599853515625,494.3900146484375,490.1700134277344,490.739990234375,20644500
2024-10-14,492.5152893066406,497.5,498.8299865722656,495.260009765625,495.7699890136719,26060100
2024-10-15,485.9319152832031,490.8500061035156,498.5,488.67999267578125,497.8299865722656,34784500
2024-10-16,485.9913330078125,490.9100036621094,491.69000244140625,487.57000732421875,491.17999267578125,22996800
2024-10-17,486.32794189453125,491.25,496.489990234375,491.19000244140625,496.44000244140625,27210700
2024-10-18,489.5156555175781,494.4700012207031,495.57000732421875,493.29998779296875,494.05999755859375,25335000
2024-10-21,490.4561767578125,495.4200134277344,496.2300109863281,491.30999755859375,493.25,30336500
2024-10-22,490.99072265625,495.9599914550781,497.45001220703125,491.9700012207031,492.7300109863281,26685800
2024-10-23,483.4668884277344,488.3599853515625,494.25,485.04998779296875,493.5899963378906,39346600
2024-10-24,487.3872375488281,492.32000732421875,493.0,489.44000244140625,492.1099853515625,22024900
2024-10-25,490.3572082519531,495.32000732421875,500.2799987792969,494.42999267578125,495.1400146484375,38762100
2024-10-28,490.4363708496094,495.3999938964844,498.5199890136719,495.1000061035156,498.4599914550781,20477800
2024-10-29,495.14874267578125,500.1600036621094,501.3500061035156,493.8500061035156,495.7200012207031,28014100
2024-10-30,491.40655517578125,496.3800048828125,500.3500061035156,495.8900146484375,499.3900146484375,29756000
2024-10-31,479.0021667480469,483.8500061035156,492.42999267578125,483.75,492.3800048828125,41245200
2024-11-01,482.5462341308594,487.42999267578125,490.75,485.20001220703125,485.5,33655800
2024-11-04,481.1404724121094,486.010009765625,489.3800048828125,484.25,486.82000732421875,23291600
2024-11-05,487.2783203125,492.2099914550781,492.8800048828125,487.5199890136719,487.6099853515625,24353600
2024-11-06,500.5143737792969,505.5799865722656,506.4100036621094,499.6000061035156,500.55999755859375,43082200
2024-11-07,508.3946228027344,513.5399780273438,514.3300170898438,508.3399963378906,508.3999938964844,32853100
2024-11-08,508.9886169433594,514.1400146484375,514.9199829101562,512.4099731445312,513.0399780273438,22924500
2024-11-11,508.691650390625,513.8400268554688,515.5800170898438,510.9200134277344,515.3699951171875,24167500
2024-11-12,507.77093505859375,512.9099731445312,514.6599731445312,509.8299865722656,513.77001953125,25835300
2024-11-13,507.1175537109375,512.25,514.97998046875,509.95001220703125,512.4000244140625,24567400
2024-11-14,503.5932312011719,508.69000244140625,512.7899780273438,507.7699890136719,511.9100036621094,28679500
2024-11-15,491.59466552734375,496.57000732421875,503.3299865722656,494.489990234375,502.94000244140625,51461100
2024-11-18,495.0100402832031,500.0199890136719,502.1400146484375,496.7300109863281,498.1300048828125,27080800
2024-11-19,498.41558837890625,503.4599914550781,503.95001220703125,497.0799865722656,497.4200134277344,24523000
2024-11-20,498.1285400390625,503.1700134277344,503.4800109863281,496.55999755859375,503.1600036621094,29565500
2024-11-21,499.92041015625,504.9800109863281,506.9599914550781,497.55999755859375,506.239990234375,34526700
2024-11-22,500.7222595214844,505.7900085449219,506.5299987792969,502.7799987792969,504.4200134277344,23826600
2024-11-25,501.5142822265625,506.5899963378906,511.45001220703125,504.260009765625,509.8999938964844,26375200
2024-11-26,504.20697021484375,509.30999755859375,510.1400146484375,507.2300109863281,508.0799865722656,26557100
2024-11-27,500.2371826171875,505.29998779296875,508.239990234375,501.92999267578125,508.1700134277344,24957400
2024-11-29,504.6327209472656,509.739990234375,510.3399963378906,505.30999755859375,505.92999267578125,15334000
2024-12-02,510.1271057128906,515.2899780273438,516.260009765625,510.6199951171875,511.010009765625,25147200
2024-12-03,511.691162109375,516.8699951171875,517.1500244140625,513.3699951171875,513.9500122070312,18597900
2024-12-04,518.017333984375,523.260009765625,523.52001953125,519.5999755859375,520.3200073242188,26086200
2024-12-05,516.5817260742188,521.8099975585938,524.0399780273438,521.4199829101562,523.3099975585938,18169600
2024-12-06,521.2050170898438,526.47998046875,526.719970703125,522.3499755859375,522.47998046875,23762600
2024-12-09,517.1460571289062,522.3800048828125,526.3499755859375,521.219970703125,525.5499877929688,20674400
2024-12-10,515.3838500976562,520.5999755859375,525.3800048828125,519.1599731445312,523.6199951171875,24350000
2024-12-11,524.6104125976562,529.9199829101562,530.6099853515625,524.5900268554688,525.0,32168600
2024-12-12,521.2247314453125,526.5,528.9600219726562,526.02001953125,527.6799926757812,23577500
2024-12-13,525.2144775390625,530.530029296875,533.1699829101562,527.2999877929688,530.4600219726562,28780400
2024-12-16,532.7777099609375,538.1699829101562,539.1500244140625,533.0,533.0800170898438,31979900
2024-12-17,530.4315185546875,535.7999877929688,537.47998046875,534.1300048828125,536.3599853515625,28579100
2024-12-18,511.2952575683594,516.469970703125,536.8800048828125,515.010009765625,535.1500244140625,54703200
2024-12-19,509.01824951171875,514.1699829101562,521.760009765625,513.8300170898438,521.1900024414062,46441800
2024-12-20,513.4633178710938,518.6599731445312,524.8200073242188,509.2900085449219,510.44000244140625,60530000
2024-12-23,518.4657592773438,522.8699951171875,523.25,516.1300048828125,519.5499877929688,29672800
2024-12-24,525.4961547851562,529.9600219726562,530.0499877929688,524.1900024414062,524.8300170898438,17558200
2024-12-26,525.13916015625,529.5999755859375,531.239990234375,526.3099975585938,528.3200073242188,19090500
2024-12-27,518.158447265625,522.5599975585938,526.4500122070312,517.8599853515625,526.010009765625,33839600
2024-12-30,511.26702880859375,515.6099853515625,519.3599853515625,511.8299865722656,515.510009765625,34584000
2024-12-31,506.92388916015625,511.2300109863281,517.6599731445312,510.260009765625,516.9000244140625,29117000
2025-01-02,505.93231201171875,510.2300109863281,516.6400146484375,505.7099914550781,514.2999877929688,36389800
2025-01-03,514.2119750976562,518.5800170898438,519.6500244140625,512.530029296875,513.3499755859375,29059500
2025-01-06,520.1217651367188,524.5399780273438,527.9199829101562,522.030029296875,524.02001953125,36109700
2025-01-07,510.840576171875,515.1799926757812,525.989990234375,513.280029296875,525.5900268554688,36690300
2025-01-08,510.92987060546875,515.27001953125,516.9199829101562,510.57000732421875,515.0800170898438,30777800
2025-01-10,502.91790771484375,507.19000244140625,511.5799865722656,503.9200134277344,511.4800109863281,40532500
2025-01-13,501.3016357421875,505.55999755859375,506.0199890136719,499.70001220703125,501.20001220703125,31694200
2025-01-14,500.8256530761719,505.0799865722656,510.1600036621094,501.5899963378906,508.739990234375,33737200
2025-01-15,512.3477172851562,516.7000122070312,517.8499755859375,511.4599914550781,513.030029296875,34957600
2025-01-16,508.7582702636719,513.0800170898438,519.0599975585938,512.9500122070312,518.97998046875,28229000
2025-01-17,517.3453369140625,521.739990234375,524.0700073242188,513.1099853515625,522.8499755859375,51837900
2025-01-21,520.3795776367188,524.7999877929688,525.969970703125,520.0599975585938,524.47998046875,23628000
2025-01-22,527.0330200195312,531.510009765625,533.8200073242188,529.260009765625,529.5700073242188,33593000
2025-01-23,528.1536254882812,532.6400146484375,532.760009765625,528.4500122070312,529.0399780273438,23096600
2025-01-24,525.1688842773438,529.6300048828125,533.7899780273438,528.1500244140625,533.02001953125,19878300
2025-01-27,509.8788146972656,514.2100219726562,517.989990234375,510.1499938964844,511.0,60771700
2025-01-28,517.4147338867188,521.8099975585938,523.0,511.7799987792969,515.219970703125,33194200
2025-01-29,516.443115234375,520.8300170898438,522.5900268554688,516.9000244140625,522.4600219726562,26649000
2025-01-30,518.644287109375,523.0499877929688,526.0999755859375,518.2100219726562,523.7100219726562,27431300
2025-01-31,517.8906860351562,522.2899780273438,531.52001953125,521.1900024414062,526.9199829101562,38755200
2025-02-03,513.745849609375,518.1099853515625,520.8499755859375,511.04998779296875,513.469970703125,40580800
2025-02-04,520.0523071289062,524.469970703125,525.1099853515625,518.22998046875,518.6300048828125,26046800
2025-02-05,522.412353515625,526.8499755859375,527.010009765625,520.6199951171875,521.8200073242188,21134100
2025-02-06,525.13916015625,529.5999755859375,529.8099975585938,525.739990234375,527.3599853515625,19434500
2025-02-07,518.5154418945312,522.9199829101562,532.0999755859375,522.1900024414062,530.1400146484375,29605500
2025-02-10,524.7920532226562,529.25,530.3599853515625,526.75,527.219970703125,20852800
2025-02-11,523.542724609375,527.989990234375,529.9199829101562,525.8300170898438,525.9600219726562,19325500
2025-02-12,523.8500366210938,528.2999877929688,529.1900024414062,521.9500122070312,522.2999877929688,25009400
2025-02-13,531.3860473632812,535.9000244140625,536.219970703125,529.1900024414062,529.97998046875,28714800
2025-02-14,533.6171875,538.1500244140625,538.8400268554688,535.6699829101562,536.010009765625,17862600
2025-02-18,534.8268432617188,539.3699951171875,540.0,536.0399780273438,539.72998046875,20565000
2025-02-19,534.9756469726562,539.52001953125,540.8099975585938,536.4600219726562,538.5700073242188,19666900
2025-02-20,532.704833984375,537.22998046875,539.0999755859375,532.4600219726562,538.72998046875,26550800
2025-02-21,521.6488037109375,526.0800170898438,538.4000244140625,525.7100219726562,538.3800048828125,47093800
2025-02-24,515.4910888671875,519.8699951171875,529.0700073242188,519.530029296875,527.8800048828125,39268400
2025-02-25,508.99627685546875,513.3200073242188,519.3200073242188,509.44000244140625,519.239990234375,48940000
2025-02-26,510.2257995605469,514.5599975585938,519.6599731445312,511.3699951171875,515.530029296875,34457600
2025-02-27,496.05621337890625,500.2699890136719,519.0700073242188,500.04998779296875,518.1300048828125,52448000
2025-02-28,503.8896484375,508.1700134277344,508.7799987792969,496.92999267578125,500.1300048828125,47654000
2025-03-03,492.86328125,497.04998779296875,513.0399780273438,493.5799865722656,511.5199890136719,44587200
2025-03-04,491.37591552734375,495.54998779296875,503.739990234375,487.739990234375,494.17999267578125,67875400
2025-03-05,497.7815856933594,502.010009765625,503.6300048828125,491.260009765625,496.20001220703125,46323700
2025-03-06,484.087890625,488.20001220703125,498.5799865722656,486.20001220703125,493.69000244140625,57574300
2025-03-07,487.6476745605469,491.7900085449219,493.2799987792969,480.5299987792969,487.1600036621094,54714700
2025-03-10,468.7481689453125,472.7300109863281,483.9700012207031,468.6600036621094,483.45001220703125,76668000
2025-03-11,467.6276550292969,471.6000061035156,478.80999755859375,467.010009765625,472.3500061035156,68760800
2025-03-12,472.90289306640625,476.9200134277344,481.05999755859375,471.7900085449219,479.1600036621094,46971100
2025-03-13,464.3951110839844,468.3399963378906,476.2799987792969,466.42999267578125,476.25,46563300
2025-03-14,475.61981201171875,479.6600036621094,480.55999755859375,473.1199951171875,473.7300109863281,43563000
2025-03-17,478.7035827636719,482.7699890136719,485.8399963378906,477.79998779296875,479.6099853515625,41744400
2025-03-18,470.54290771484375,474.5400085449219,479.6099853515625,472.4100036621094,479.4100036621094,39072300
2025-03-19,476.8394470214844,480.8900146484375,485.3299865722656,474.8699951171875,476.80999755859375,40430300
2025-03-20,475.22320556640625,479.260009765625,484.54998779296875,476.17999267578125,476.8800048828125,36780500
2025-03-21,476.78985595703125,480.8399963378906,481.6099853515625,472.9100036621094,474.0799865722656,42234900
2025-03-24,487.2527160644531,490.6600036621094,491.510009765625,484.3999938964844,487.739990234375,34567200
2025-03-25,490.0332946777344,493.4599914550781,493.6199951171875,490.4200134277344,491.3900146484375,26035200
2025-03-26,481.0163269042969,484.3800048828125,493.1600036621094,482.82000732421875,492.29998779296875,34627100
2025-03-27,478.2754211425781,481.6199951171875,486.5799865722656,480.25,482.4100036621094,33469800
2025-03-28,465.68353271484375,468.94000244140625,480.5199890136719,468.04998779296875,479.80999755859375,46363800
2025-03-31,465.6636657714844,468.9200134277344,469.8599853515625,457.3299865722656,461.9200134277344,53000300
2025-04-01,469.41741943359375,472.70001220703125,473.6300048828125,464.4200134277344,467.29998779296875,41156200
2025-04-02,472.8434753417969,476.1499938964844,479.55999755859375,465.8599853515625,466.1199951171875,49894500
2025-04-03,447.53045654296875,450.6600036621094,460.07000732421875,450.1400146484375,456.44000244140625,70456300
2025-04-04,419.73486328125,422.6700134277344,440.3699951171875,422.6700134277344,438.1400146484375,117088400
2025-04-07,420.7477722167969,423.69000244140625,443.1400146484375,402.3900146484375,408.6600036621094,161557000
2025-04-08,413.1707458496094,416.05999755859375,443.1400146484375,409.7900085449219,438.1600036621094,101248100
2025-04-09,462.76397705078125,466.0,467.8299865722656,415.42999267578125,415.57000732421875,142876900
2025-04-10,443.08154296875,446.17999267578125,455.5899963378906,432.6300048828125,453.55999755859375,108384100
2025-04-11,451.2445373535156,454.3999938964844,455.7900085449219,441.3299865722656,444.6499938964844,52483800
2025-04-14,454.3031311035156,457.4800109863281,465.04998779296875,452.6300048828125,464.4599914550781,43941200
2025-04-15,454.8095397949219,457.989990234375,462.3800048828125,456.1499938964844,458.5400085449219,35404200
2025-04-16,441.095458984375,444.17999267578125,452.6199951171875,437.760009765625,449.0299987792969,48980600
2025-04-17,441.0160217285156,444.1000061035156,447.75,441.3599853515625,447.1700134277344,44837000
2025-04-21,430.1022644042969,433.1099853515625,439.0799865722656,427.92999267578125,438.2300109863281,44149300
2025-04-22,441.3934020996094,444.4800109863281,447.5799865722656,437.6199951171875,438.82000732421875,52304400
2025-04-23,451.40338134765625,454.55999755859375,463.3800048828125,452.8800048828125,458.1700134277344,55801100
2025-04-24,464.10455322265625,467.3500061035156,467.6600036621094,455.8299865722656,456.4800109863281,45956100
2025-04-25,469.2784118652344,472.55999755859375,473.0899963378906,465.3900146484375,466.9700012207031,38697100
2025-04-28,469.1294250488281,472.4100036621094,474.80999755859375,466.0299987792969,473.0299987792969,33550800
2025-04-29,472.227783203125,475.5299987792969,476.4200134277344,469.5899963378906,470.1700134277344,30613100
2025-04-30,472.1681823730469,475.4700012207031,477.20001220703125,462.42999267578125,467.1300048828125,46810600
2025-05-01,478.3349914550781,481.67999267578125,487.17999267578125,480.739990234375,483.4100036621094,43316500
2025-05-02,485.43536376953125,488.8299865722656,490.9100036621094,484.8299865722656,486.5400085449219,39218100
2025-05-05,482.5555419921875,485.92999267578125,489.0299987792969,484.1000061035156,484.6000061035156,28309500
2025-05-06,478.0669250488281,481.4100036621094,485.04998779296875,478.19000244140625,479.55999755859375,32786300
2025-05-07,479.94378662109375,483.29998779296875,485.79998779296875,476.7799987792969,482.0799865722656,38006300
2025-05-08,484.8991394042969,488.2900085449219,492.70001220703125,484.1700134277344,488.5299987792969,39577600
2025-05-09,484.58135986328125,487.9700012207031,491.5400085449219,486.20001220703125,490.2099914550781,27767400
2025-05-12,504.3233337402344,507.8500061035156,507.8900146484375,501.4800109863281,506.989990234375,45090600
2025-05-13,512.0095825195312,515.5900268554688,517.3900146484375,508.4200134277344,509.1600036621094,53269600
2025-05-14,515.0780639648438,518.6799926757812,519.22998046875,515.75,516.77001953125,47014500
2025-05-15,515.6441040039062,519.25,521.9299926757812,515.1699829101562,516.52001953125,50153300
2025-05-16,517.8885498046875,521.510009765625,521.7000122070312,517.0999755859375,520.6599731445312,48394600
2025-05-19,518.385009765625,522.010009765625,522.530029296875,514.239990234375,514.239990234375,52536200
2025-05-20,516.6571044921875,520.27001953125,520.9299926757812,516.6599731445312,519.469970703125,42517600
2025-05-21,509.47723388671875,513.0399780273438,523.0,511.239990234375,516.27001953125,71292800
2025-05-22,510.4305725097656,514.0,517.7100219726562,512.2999877929688,513.6599731445312,55607200
2025-05-23,505.7037048339844,509.239990234375,511.8399963378906,505.5799865722656,506.17999267578125,58368100
2025-05-27,517.6004028320312,521.219970703125,521.7100219726562,514.5900268554688,516.1500244140625,47226300
2025-05-28,515.3064575195312,518.9099731445312,523.6799926757812,518.3900146484375,522.1799926757812,46637200
2025-05-29,516.3193969726562,519.9299926757812,526.47998046875,517.3200073242188,526.3300170898438,58513300
2025-05-30,515.5050659179688,519.1099853515625,520.6799926757812,511.92999267578125,519.4400024414062,67662800
2025-06-02,519.5767211914062,523.2100219726562,523.4500122070312,515.969970703125,517.239990234375,44762800
2025-06-03,523.63818359375,527.2999877929688,528.739990234375,522.6900024414062,523.5599975585938,44070300
2025-06-04,525.0980224609375,528.77001953125,529.8400268554688,525.969970703125,528.010009765625,41359300
2025-06-05,521.1456909179688,524.7899780273438,533.0499877929688,522.6599731445312,530.1799926757812,61031200
2025-06-06,526.2399291992188,529.9199829101562,531.7999877929688,528.2100219726562,530.0,42467000
2025-06-09,527.0146484375,530.7000122070312,532.3499755859375,529.010009765625,530.1400146484375,33688700
2025-06-10,530.5001831054688,534.2100219726562,534.9000244140625,528.8900146484375,531.1699829101562,40664800
2025-06-11,528.712646484375,532.4099731445312,536.780029296875,530.1099853515625,535.6199951171875,53701000
2025-06-12,529.9541015625,533.6599731445312,534.6400146484375,530.8400268554688,531.0900268554688,34104900
2025-06-13,523.3006591796875,526.9600219726562,531.8699951171875,525.72998046875,527.6799926757812,55814400
2025-06-16,530.5797119140625,534.2899780273438,535.3699951171875,530.4500122070312,530.5,37622100
2025-06-17,525.4058837890625,529.0800170898438,533.3300170898438,527.9099731445312,531.7100219726562,42180900
2025-06-18,525.3165283203125,528.989990234375,532.5499877929688,527.4000244140625,530.0999755859375,43983500
2025-06-20,523.1715087890625,526.8300170898438,533.5599975585938,524.8800048828125,532.260009765625,61643500
2025-06-23,528.551025390625,531.6500244140625,532.1699829101562,523.6500244140625,526.8099975585938,50666100
2025-06-24,536.6336669921875,539.780029296875,540.7000122070312,536.27001953125,536.8900146484375,45442000
2025-06-25,538.0054321289062,541.1599731445312,543.3099975585938,539.3800048828125,542.0599975585938,44804200
2025-06-26,543.0360717773438,546.219970703125,546.6699829101562,541.52001953125,543.3499755859375,43811400
2025-06-27,544.8951416015625,548.0900268554688,549.989990234375,544.5399780273438,547.260009765625,57577100
2025-06-30,548.4244384765625,551.6400146484375,552.7999877929688,549.010009765625,551.260009765625,45548700
2025-07-01,543.801513671875,546.989990234375,550.7100219726562,544.6599731445312,549.72998046875,56166700
2025-07-02,547.5892944335938,550.7999877929688,551.0,546.1199951171875,546.1599731445312,36538300
2025-07-03,552.9777221679688,556.219970703125,557.2000122070312,553.1799926757812,553.1799926757812,26443500
2025-07-07,548.8121948242188,552.030029296875,554.3400268554688,549.5800170898438,553.52001953125,45349300
2025-07-08,549.1204833984375,552.3400268554688,554.010009765625,551.0999755859375,553.3800048828125,36153300
2025-07-09,553.0076293945312,556.25,557.6300048828125,553.0999755859375,554.47998046875,43045500
2025-07-10,552.2122802734375,555.4500122070312,557.2999877929688,552.75,556.8900146484375,34710900
2025-07-11,550.969482421875,554.2000122070312,555.7899780273438,552.0499877929688,553.2999877929688,39618600
2025-07-14,552.9677734375,556.2100219726562,556.9500122070312,551.6300048828125,553.989990234375,36453300
2025-07-15,553.474853515625,556.719970703125,560.7999877929688,556.6599731445312,560.25,43277700
2025-07-16,554.04150390625,557.2899780273438,560.2100219726562,551.5599975585938,557.280029296875,52314700
2025-07-17,558.5252075195312,561.7999877929688,562.3099975585938,557.2100219726562,558.02001953125,40423800
2025-07-18,557.9884033203125,561.260009765625,564.72998046875,559.97998046875,563.1199951171875,50484700
2025-07-21,560.8814697265625,564.1699829101562,566.0599975585938,562.0599975585938,562.0900268554688,39595200
2025-07-22,557.9784545898438,561.25,564.3499755859375,558.6099853515625,564.2999877929688,43270600
2025-07-23,560.5234985351562,563.8099975585938,563.8499755859375,559.5800170898438,562.3400268554688,40215300
2025-07-24,561.7164916992188,565.010009765625,566.239990234375,563.2899780273438,565.1300048828125,42275500
2025-07-25,563.068603515625,566.3699951171875,567.7000122070312,564.27001953125,564.9299926757812,30630800
2025-07-28,564.8281860351562,568.1400146484375,569.0399780273438,566.8699951171875,567.739990234375,31498700
2025-07-29,563.953369140625,567.260009765625,572.1099853515625,566.530029296875,570.760009765625,45463300
2025-07-30,564.7090454101562,568.02001953125,570.6199951171875,565.0499877929688,568.1799926757812,43433800
2025-07-31,561.7164916992188,565.010009765625,574.6300048828125,563.8699951171875,574.5399780273438,64613600
2025-08-01,550.6513671875,553.8800048828125,559.02001953125,551.6799926757812,558.8300170898438,69400800
2025-08-04,560.8118286132812,564.0999755859375,564.3200073242188,558.9500122070312,559.0499877929688,47669800
2025-08-05,557.0040893554688,560.27001953125,566.5599975585938,559.72998046875,565.3900146484375,48666600
2025-08-06,564.0130615234375,567.3200073242188,567.760009765625,560.6300048828125,561.1099853515625,41823700
2025-08-07,565.921875,569.239990234375,573.3200073242188,565.1099853515625,571.6699829101562,44463000
2025-08-08,571.2008666992188,574.5499877929688,574.77001953125,570.1500244140625,570.4500122070312,35255500
2025-08-11,569.5108032226562,572.8499755859375,576.7999877929688,571.5700073242188,574.6900024414062,33112900
2025-08-12,576.6688842773438,580.0499877929688,580.3499755859375,572.489990234375,575.1599731445312,42143300
2025-08-13,576.9572143554688,580.3400268554688,583.3200073242188,578.9400024414062,582.760009765625,41209300
2025-08-14,576.5098266601562,579.8900146484375,581.8800048828125,577.9099731445312,578.280029296875,45425000
2025-08-15,573.974609375,577.3400268554688,579.8400268554688,575.5700073242188,579.7999877929688,49480200
2025-08-18,573.7459716796875,577.1099853515625,577.77001953125,575.239990234375,576.4400024414062,29831000
2025-08-19,565.961669921875,569.280029296875,576.5599975585938,568.25,576.3900146484375,53752600
2025-08-20,562.6013793945312,565.9000244140625,568.4500122070312,558.8400268554688,568.3300170898438,76781100
2025-08-21,559.99658203125,563.280029296875,566.489990234375,560.97998046875,564.3499755859375,46436900
2025-08-22,568.635986328125,571.969970703125,573.989990234375,563.27001953125,564.6699829101562,51502100
2025-08-25,566.9955444335938,570.3200073242188,573.2899780273438,569.1599731445312,570.4000244140625,34044700
2025-08-26,569.272216796875,572.6099853515625,572.9199829101562,568.7999877929688,569.8300170898438,34103000
2025-08-27,570.1470336914062,573.489990234375,574.4099731445312,570.3699951171875,571.5900268554688,36927100
2025-08-28,573.7161865234375,577.0800170898438,578.0,572.4600219726562,574.1099853515625,46787900
2025-08-29,567.0751342773438,570.4000244140625,575.030029296875,568.5399780273438,574.6599731445312,56030400
2025-09-02,562.322998046875,565.6199951171875,565.969970703125,559.5399780273438,561.3099975585938,65876800
2025-09-03,566.7470703125,570.0700073242188,571.7000122070312,566.72998046875,569.22998046875,54230200
2025-09-04,571.876953125,575.22998046875,575.5999755859375,569.030029296875,570.739990234375,47526300
2025-09-05,572.7020263671875,576.0599975585938,581.1199951171875,571.530029296875,580.489990234375,68342500
2025-09-08,575.4957275390625,578.8699951171875,580.8400268554688,577.77001953125,578.3699951171875,46371400
2025-09-09,577.126220703125,580.510009765625,580.9400024414062,577.0399780273438,579.6699829101562,44007600
2025-09-10,577.3150634765625,580.7000122070312,583.77001953125,578.5499877929688,583.739990234375,49308000
2025-09-11,580.6753540039062,584.0800170898438,584.8800048828125,581.6199951171875,583.239990234375,44745800
2025-09-12,583.240234375,586.6599731445312,587.8599853515625,584.0999755859375,585.0399780273438,50745900
2025-09-15,588.2310180664062,591.6799926757812,591.7899780273438,588.2899780273438,588.4400024414062,44360300
2025-09-16,587.7339477539062,591.1799926757812,592.8599853515625,590.489990234375,592.6099853515625,36942100
2025-09-17,586.5608520507812,590.0,591.75,584.3699951171875,591.0999755859375,69384800
2025-09-18,591.8497924804688,595.3200073242188,598.1400146484375,592.9600219726562,594.9099731445312,61069300
2025-09-19,595.8562622070312,599.3499755859375,600.0499877929688,595.8499755859375,597.3300170898438,58196100
2025-09-22,599.3837280273438,602.2000122070312,602.8699951171875,597.719970703125,597.739990234375,57154800
2025-09-23,595.4025268554688,598.2000122070312,602.5700073242188,596.97998046875,602.3699951171875,64635500
2025-09-24,593.3123168945312,596.0999755859375,599.9000244140625,593.3599853515625,599.5800170898438,49850300
2025-09-25,590.75439453125,593.530029296875,595.1199951171875,588.5,592.2000122070312,70920200
2025-09-26,593.1829223632812,595.969970703125,596.2999877929688,591.0599975585938,594.3499755859375,54337400
2025-09-29,595.9300537109375,598.72998046875,602.0499877929688,597.4099731445312,599.1099853515625,48332900
2025-09-30,597.5623168945312,600.3699951171875,600.7100219726562,596.0999755859375,598.4299926757812,46533800
2025-10-01,600.4288940429688,603.25,603.7899780273438,596.3400268554688,597.1699829101562,46899600
2025-10-02,602.8972778320312,605.72998046875,607.1599731445312,602.9299926757812,607.0599975585938,43765400
2025-10-03,600.3591918945312,603.1799926757812,607.3300170898438,601.3900146484375,606.510009765625,46482100
2025-10-06,604.8680419921875,607.7100219726562,609.3599853515625,605.969970703125,608.4500122070312,41962100
2025-10-07,601.6830444335938,604.510009765625,609.7100219726562,603.030029296875,609.02001953125,58209500
2025-10-08,608.58056640625,611.4400024414062,611.75,605.260009765625,605.4099731445312,50629800
2025-10-09,607.8440551757812,610.7000122070312,611.6099853515625,607.47998046875,611.47998046875,45551000
2025-10-10,586.7431640625,589.5,613.1799926757812,589.0499877929688,611.4000244140625,97614800
2025-10-13,599.1946411132812,602.010009765625,602.9500122070312,597.22998046875,599.6799926757812,65872600
2025-10-14,595.2034301757812,598.0,602.6900024414062,590.1300048828125,595.3099975585938,69203200
2025-10-15,599.4036865234375,602.219970703125,606.7000122070312,595.9299926757812,604.010009765625,62805500
2025-10-16,597.1841430664062,599.989990234375,608.3099975585938,595.5,605.1099853515625,70982000
2025-10-17,601.1056518554688,603.9299926757812,605.510009765625,596.3699951171875,597.9500122070312,72024900
2025-10-20,608.6800537109375,611.5399780273438,612.7999877929688,607.0700073242188,607.1400146484375,45761700
2025-10-21,608.5209350585938,611.3800048828125,612.719970703125,609.3200073242188,611.6400146484375,44538200
2025-10-22,602.6583862304688,605.489990234375,611.4099731445312,599.739990234375,610.8200073242188,61478800
2025-10-23,607.724609375,610.5800170898438,611.3699951171875,604.52001953125,604.9099731445312,42844300
2025-10-24,614.2140502929688,617.0999755859375,618.4199829101562,615.1300048828125,615.989990234375,47632500
2025-10-27,625.1527709960938,628.0900268554688,628.5499877929688,624.030029296875,624.52001953125,54098600
2025-10-28,629.9601440429688,632.9199829101562,634.6799926757812,629.25,630.3599853515625,61195700
2025-10-29,632.7968139648438,635.77001953125,637.010009765625,630.25,635.5900268554688,67422800
2025-10-30,623.1222534179688,626.0499877929688,633.5,625.9400024414062,632.1699829101562,61628600
2025-10-31,626.1281127929688,629.0700073242188,634.2000122070312,626.6900024414062,634.1699829101562,66305100
2025-11-03,629.1240234375,632.0800170898438,635.8200073242188,629.8499755859375,635.1099853515625,37154300
2025-11-04,616.35400390625,619.25,626.9500122070312,618.4600219726562,623.280029296875,63830800
2025-11-05,620.365234375,623.280029296875,626.5999755859375,617.2100219726562,618.489990234375,48688500
2025-11-06,608.8095092773438,611.6699829101562,622.0399780273438,610.2999877929688,621.7899780273438,72115100
2025-11-07,606.888427734375,609.739990234375,609.9500122070312,598.6699829101562,608.3099975585938,81835400
2025-11-10,620.3154296875,623.22998046875,624.3099975585938,616.8900146484375,618.9199829101562,55919900
2025-11-11,618.6632080078125,621.5700073242188,622.719970703125,617.52001953125,620.5700073242188,44868800
2025-11-12,618.1754760742188,621.0800170898438,624.8599853515625,617.8099975585938,624.8400268554688,47444400
2025-11-13,605.5548095703125,608.4000244140625,618.1199951171875,606.0800170898438,617.5399780273438,71333600
2025-11-14,606.0125732421875,608.8599853515625,613.3499755859375,597.1699829101562,599.5499877929688,80087300
2025-11-17,600.8369140625,603.6599731445312,612.47998046875,599.8699951171875,606.2999877929688,63850400
2025-11-18,593.5213623046875,596.3099975585938,602.3099975585938,591.3400268554688,599.6199951171875,83327300
2025-11-19,597.064697265625,599.8699951171875,606.1599731445312,594.5900268554688,597.0700073242188,73111500
2025-11-20,582.9310302734375,585.6699829101562,614.030029296875,584.75,611.6199951171875,117743200
2025-11-21,587.3104858398438,590.0700073242188,596.97998046875,580.739990234375,587.469970703125,103344200
2025-11-24,602.3298950195312,605.1599731445312,606.6799926757812,595.1599731445312,595.280029296875,60168100
2025-11-25,606.04248046875,608.8900146484375,610.260009765625,597.3200073242188,603.510009765625,57560900
2025-11-26,611.3973388671875,614.27001953125,616.1900024414062,610.3900146484375,612.510009765625,42393600
2025-11-28,616.35400390625,619.25,619.3200073242188,615.4199829101562,616.1099853515625,23034400
2025-12-01,614.2838134765625,617.1699829101562,619.4400024414062,612.52001953125,613.6300048828125,40957600
2025-12-02,619.0911865234375,622.0,623.75,617.5900268554688,619.4600219726562,54541800
2025-12-03,620.6041259765625,623.52001953125,624.219970703125,618.030029296875,619.6199951171875,47841600
2025-12-04,620.0267944335938,622.9400024414062,624.9400024414062,619.5399780273438,624.9299926757812,47067800
2025-12-05,622.554931640625,625.47998046875,628.9199829101562,623.7100219726562,624.3800048828125,53614200
2025-12-08,621.3605346679688,624.280029296875,628.8400268554688,621.6900024414062,627.2100219726562,43462400
2025-12-09,622.126953125,625.0499877929688,625.8699951171875,621.0,623.010009765625,37156000
2025-12-10,624.6749267578125,627.6099853515625,629.2100219726562,620.989990234375,623.8499755859375,55031400
2025-12-11,622.654541015625,625.5800170898438,625.780029296875,617.719970703125,623.8200073242188,58272800
2025-12-12,610.7504272460938,613.6199951171875,623.5399780273438,611.3599853515625,622.0800170898438,75158700
2025-12-15,607.684814453125,610.5399780273438,618.4199829101562,609.3200073242188,618.3699951171875,49538200
2025-12-16,608.8890991210938,611.75,613.510009765625,606.9099731445312,608.260009765625,55152800
2025-12-17,597.6021118164062,600.4099731445312,613.6500244140625,600.280029296875,613.0599975585938,70654300
2025-12-18,606.2614135742188,609.1099853515625,612.9299926757812,606.9199829101562,609.7999877929688,78875800
2025-12-19,614.164306640625,617.0499877929688,617.6199951171875,611.8699951171875,611.9500122070312,60369800
2025-12-22,617.1083374023438,619.2100219726562,621.6500244140625,617.77001953125,621.3499755859375,43703100
2025-12-23,619.9984741210938,622.1099853515625,622.4099731445312,617.780029296875,618.2000122070312,41120400
2025-12-24,621.812255859375,623.9299926757812,624.280029296875,621.719970703125,621.989990234375,18468700
2025-12-26,621.7724609375,623.8900146484375,625.52001953125,623.1400146484375,624.6599731445312,28959800
2025-12-29,618.7626342773438,620.8699951171875,622.780029296875,618.72998046875,620.0999755859375,32458300
2025-12-30,617.3275756835938,619.4299926757812,622.1799926757812,619.219970703125,619.8400268554688,31226800
2025-12-31,612.2249145507812,614.3099975585938,619.9600219726562,614.0499877929688,619.6500244140625,40746500
2026-01-02,611.0389404296875,613.1199951171875,622.8499755859375,610.1500244140625,620.0599975585938,61859200
2026-01-05,615.8923950195312,617.989990234375,620.8099975585938,616.719970703125,619.3200073242188,46828400
2026-01-06,621.3040161132812,623.4199829101562,624.02001953125,618.5399780273438,619.22998046875,43137500
2026-01-07,621.9019775390625,624.02001953125,627.9400024414062,622.5599975585938,623.0399780273438,44880300
2026-01-08,618.3639526367188,620.469970703125,623.4199829101562,617.7999877929688,623.030029296875,50435900
2026-01-09,624.5230712890625,626.6500244140625,627.8900146484375,619.0599975585938,621.4099731445312,49688700
2026-01-12,625.041259765625,627.1699829101562,628.8499755859375,622.260009765625,622.3099975585938,37388700
2026-01-13,624.114501953125,626.239990234375,629.469970703125,623.7000122070312,627.27001953125,44481400
2026-01-14,617.4471435546875,619.5499877929688,623.4500122070312,614.5599975585938,622.239990234375,72598700
2026-01-15,619.6696166992188,621.780029296875,630.0,620.75,626.5999755859375,53934900
2026-01-16,619.1513671875,621.260009765625,626.0800170898438,618.8800048828125,625.5,61058100
2026-01-20,605.9961547851562,608.0599975585938,615.0599975585938,607.0499877929688,610.530029296875,81988900
2026-01-21,614.1883544921875,616.280029296875,620.4199829101562,607.8599853515625,609.469970703125,79837900
2026-01-22,618.6530151367188,620.760009765625,622.4600219726562,617.780029296875,622.3499755859375,42254800
2026-01-23,620.6063842773438,622.719970703125,625.4000244140625,618.6500244140625,619.72998046875,43645800
2026-01-26,623.337158203125,625.4600219726562,627.6099853515625,622.1199951171875,623.2100219726562,35983000
2026-01-27,628.9878540039062,631.1300048828125,632.0399780273438,627.3400268554688,628.9099731445312,38997200
2026-01-28,631.0707397460938,633.219970703125,636.5999755859375,631.8099975585938,635.4600219726562,50691700
2026-01-29,627.2935791015625,629.4299926757812,633.6699829101562,618.27001953125,632.6500244140625,79944000
2026-01-30,619.7592163085938,621.8699951171875,628.260009765625,619.2999877929688,625.7100219726562,65650700
2026-02-02,624.0147705078125,626.1400146484375,628.489990234375,618.6599731445312,618.7000122070312,49020300
2026-02-03,614.4274291992188,616.52001953125,629.97998046875,610.9600219726562,628.2999877929688,81234000
2026-02-04,603.6939697265625,605.75,615.0999755859375,600.469970703125,615.02001953125,81850700
2026-02-05,595.0036010742188,597.030029296875,604.8099975585938,594.760009765625,600.2100219726562,89354500
2026-02-06,607.580810546875,609.6500244140625,611.4099731445312,598.77001953125,600.1900024414062,78019300
2026-02-09,612.2349243164062,614.3200073242188,616.4600219726562,605.0700073242188,607.5399780273438,56797600
2026-02-10,609.3945922851562,611.469970703125,617.02001953125,611.010009765625,615.3099975585938,53938900
2026-02-11,611.0289916992188,613.1099853515625,617.52001953125,607.6900024414062,616.3800048828125,58575100
2026-02-12,598.6013793945312,600.6400146484375,615.8099975585938,599.5700073242188,614.7100219726562,81378900
2026-02-13,599.876953125,601.9199829101562,606.47998046875,596.4199829101562,600.4299926757812,69237500
2026-02-17,599.2590942382812,601.2999877929688,603.9500122070312,593.3400268554688,598.3800048828125,69013800
2026-02-18,603.7338256835938,605.7899780273438,609.77001953125,600.719970703125,602.1099853515625,64250700
2026-02-19,601.4216918945312,603.469970703125,605.8200073242188,600.75,602.8099975585938,60960800
2026-02-20,606.7435913085938,608.8099975585938,610.3499755859375,599.22998046875,600.1199951171875,74127300
2026-02-23,599.3687133789062,601.4099731445312,608.010009765625,599.0499877929688,606.6099853515625,63859100
2026-02-24,605.8068237304688,607.8699951171875,608.989990234375,599.72998046875,602.4000244140625,55023700
2026-02-25,614.5868530273438,616.6799926757812,616.8300170898438,611.0,611.0700073242188,55710700
2026-02-26,607.1721801757812,609.239990234375,615.5900268554688,603.97998046875,615.5900268554688,96178900
2026-02-27,605.228759765625,607.2899780273438,608.3200073242188,602.1900024414062,602.97998046875,68125200
2026-03-02,606.0260620117188,608.0900268554688,609.9199829101562,597.989990234375,598.8599853515625,75264600
2026-03-03,599.5381469726562,601.5800170898438,603.9600219726562,591.8699951171875,596.3300170898438,97015500
2026-03-04,608.677001953125,610.75,612.8800048828125,603.4299926757812,604.1599731445312,70943900
2026-03-05,606.8432006835938,608.9099731445312,612.760009765625,602.260009765625,607.4000244140625,89602400
2026-03-06,597.71435546875,599.75,606.0,598.3300170898438,600.3099975585938,86302300
2026-03-09,605.6972045898438,607.760009765625,609.27001953125,591.3300170898438,594.22998046875,93068200
2026-03-10,605.7071533203125,607.77001953125,613.2899780273438,605.4199829101562,607.780029296875,64078900
2026-03-11,605.6273803710938,607.6900024414062,612.4299926757812,605.030029296875,608.9500122070312,60114800
2026-03-12,595.2327880859375,597.260009765625,604.1400146484375,597.0499877929688,602.760009765625,71836600
2026-03-13,591.7047729492188,593.719970703125,603.5999755859375,592.5700073242188,599.72998046875,63145500
2026-03-16,598.3422241210938,600.3800048828125,603.8599853515625,599.1099853515625,600.0399780273438,49077200
2026-03-17,601.2623291015625,603.3099975585938,605.9000244140625,601.8699951171875,603.1400146484375,47106600
2026-03-18,592.880859375,594.9000244140625,603.1599731445312,594.5599975585938,601.489990234375,56128000
2026-03-19,591.0071411132812,593.02001953125,595.7999877929688,587.0800170898438,589.510009765625,75597600
2026-03-20,580.0843505859375,582.0599975585938,591.1699829101562,578.5399780273438,591.0599975585938,91964700
2026-03-23,586.7431640625,588.0,595.0800170898438,585.9600219726562,590.52001953125,89936100
2026-03-24,582.731689453125,583.97998046875,587.9299926757812,581.9299926757812,584.8099975585938,57750900
2026-03-25,586.5635375976562,587.8200073242188,591.3699951171875,585.6900024414062,589.1400146484375,60475500
2026-03-26,572.5634765625,573.7899780273438,584.6300048828125,573.4299926757812,582.5999755859375,81492100
2026-03-27,561.37744140625,562.5800170898438,571.02001953125,561.5700073242188,570.8099975585938,82702200
2026-03-30,557.0867309570312,558.280029296875,568.0499877929688,555.5999755859375,567.3800048828125,70602600
2026-03-31,575.9462280273438,577.1799926757812,578.6400146484375,564.2100219726562,564.2899780273438,95878000
2026-04-01,583.06103515625,584.3099975585938,587.739990234375,580.4199829101562,581.47998046875,79435100
2026-04-02,583.7295532226562,584.97998046875,586.0499877929688,571.9199829101562,573.969970703125,50941700
2026-04-06,587.2420654296875,588.5,590.6099853515625,584.6900024414062,586.22998046875,35108500
2026-04-07,587.3319091796875,588.5900268554688,588.97998046875,578.4000244140625,585.6400146484375,49948200
2026-04-08,604.7944946289062,606.0900268554688,609.9000244140625,602.1199951171875,608.7100219726562,63086000
2026-04-09,608.8856811523438,610.1900024414062,610.5,603.030029296875,605.9299926757812,37837500
2026-04-10,609.7637939453125,611.0700073242188,613.6699829101562,609.5800170898438,611.8400268554688,34038500
2026-04-13,616.0703735351562,617.3900146484375,626.739990234375,608.1099853515625,609.47998046875,32972100
2026-04-14,627.2562866210938,628.5999755859375,628.5999755859375,620.0999755859375,620.219970703125,49921100
2026-04-15,636.0375366210938,637.4000244140625,637.8300170898438,628.2000122070312,629.0800170898438,50102400
2026-04-16,639.1009521484375,640.469970703125,642.1799926757812,635.260009765625,639.2100219726562,42320600
2026-04-17,647.4630126953125,648.8499755859375,650.0,644.0700073242188,645.5900268554688,53488900
2026-04-20,645.4074096679688,646.7899780273438,648.760009765625,642.52001953125,648.0399780273438,37138500
2026-04-21,642.9527587890625,644.3300170898438,650.2000122070312,642.2100219726562,648.4099731445312,39580500
2026-04-22,653.7096557617188,655.1099853515625,655.3300170898438,648.52001953125,650.1500244140625,37368400
2026-04-23,650.0275268554688,651.4199829101562,656.9199829101562,645.52001953125,653.5499877929688,40099800
2026-04-24,662.4609375,663.8800048828125,664.510009765625,656.530029296875,658.510009765625,45563100
2026-04-27,662.8101806640625,664.22998046875,664.4299926757812,660.6900024414062,663.4000244140625,32717000
2026-04-28,656.1444702148438,657.5499877929688,659.6400146484375,653.8099975585938,657.4099731445312,34147900
2026-04-29,660.1558837890625,661.5700073242188,661.719970703125,656.5900268554688,658.6300048828125,31724900
2026-04-30,666.3126831054688,667.739990234375,668.9000244140625,657.5599975585938,665.3499755859375,40622200
2026-05-01,672.7090454101562,674.1500244140625,675.969970703125,668.7999877929688,669.1599731445312,39172600
2026-05-04,671.4417114257812,672.8800048828125,676.72998046875,668.9000244140625,674.6599731445312,34542000
2026-05-05,680.1530151367188,681.6099853515625,682.77001953125,677.510009765625,677.9600219726562,37101100
2026-05-06,694.2827758789062,695.77001953125,695.9299926757812,686.47998046875,687.780029296875,38778500
2026-05-07,693.4545288085938,694.9400024414062,701.239990234375,691.77001953125,696.5800170898438,43779100
2026-05-08,709.709716796875,711.22998046875,711.22998046875,699.5,699.9199829101562,44320400
2026-05-11,711.7653198242188,713.2899780273438,714.5900268554688,708.9099731445312,710.3599853515625,36019100
2026-05-12,705.7282104492188,707.239990234375,710.1799926757812,696.6400146484375,708.219970703125,45873000
2026-05-13,713.1823120117188,714.7100219726562,716.6500244140625,704.8300170898438,709.9600219726562,40012500
2026-05-14,718.2514038085938,719.7899780273438,722.030029296875,714.219970703125,714.6199951171875,33327500
2026-05-15,707.4146118164062,708.9299926757812,715.1300048828125,705.5499877929688,710.1400146484375,51792700
2026-05-18,704.3711547851562,705.8800048828125,712.0700073242188,698.8499755859375,711.5399780273438,49834500
2026-05-19,700.030517578125,701.530029296875,706.489990234375,695.25,699.8099975585938,46827500
2026-05-20,711.6256103515625,713.1500244140625,713.1500244140625,703.7899780273438,705.2899780273438,36779200
2026-05-21,712.9827270507812,714.510009765625,717.1199951171875,706.77001953125,708.989990234375,36415400
2026-05-22,716.0062255859375,717.5399780273438,722.1199951171875,715.9500122070312,718.0700073242188,33118600
2026-05-26,728.718994140625,730.280029296875,731.1699829101562,724.1599731445312,725.9600219726562,34254700
2026-05-27,727.8907470703125,729.4500122070312,733.3200073242188,725.4400024414062,732.9600219726562,35148700
2026-05-28,734.0276489257812,735.5999755859375,736.5999755859375,726.4099731445312,729.72998046875,32840000
2026-05-29,736.7318115234375,738.3099975585938,741.6300048828125,735.25,737.8400268554688,37541700
2026-06-01,741.15234375,742.739990234375,745.6500244140625,735.989990234375,737.0399780273438,33890600
2026-06-02,744.5650024414062,746.1599731445312,746.4400024414062,739.22998046875,742.4000244140625,30085200
2026-06-03,742.6192626953125,744.2100219726562,748.6500244140625,741.010009765625,747.3099975585938,40270200
2026-06-04,739.0269165039062,740.6099853515625,743.5,732.6199951171875,735.47998046875,40782600
2026-06-05,703.5528564453125,705.0599975585938,731.6900024414062,704.3200073242188,730.0599975585938,99606600
2026-06-08,714.5394287109375,716.0700073242188,723.030029296875,713.0700073242188,717.8099975585938,47401500
2026-06-09,706.3170166015625,707.8300170898438,725.6599731445312,686.3699951171875,722.97998046875,91932200
2026-06-10,692.2072143554688,693.6900024414062,711.280029296875,692.9299926757812,701.6599731445312,65334300
2026-06-11,715.587158203125,717.1199951171875,718.3699951171875,695.0,699.2899780273438,71798900
2026-06-12,719.7981567382812,721.3400268554688,724.010009765625,711.280029296875,717.6099853515625,51168400
2026-06-15,742.40966796875,744.0,744.760009765625,737.3800048828125,738.0999755859375,46710200
2026-06-16,728.2998657226562,729.8599853515625,744.219970703125,729.6400146484375,742.25,45348700
2026-06-17,720.9656372070312,722.510009765625,735.6799926757812,720.8499755859375,735.1900024414062,51669300
2026-06-18,739.0369262695312,740.6199951171875,741.8200073242188,732.510009765625,737.2000122070312,50154600
2026-06-22,737.1818237304688,737.9500122070312,745.4500122070312,734.3900146484375,742.02001953125,43518600
2026-06-23,712.9071655273438,713.6500244140625,723.6099853515625,712.1099853515625,715.739990234375,53354200
2026-06-24,709.8803100585938,710.6199951171875,719.9299926757812,704.4500122070312,715.3699951171875,52480400
2026-06-25,715.63427734375,716.3800048828125,726.8300170898438,705.2999877929688,725.9000244140625,49668000
2026-06-26,705.7846069335938,706.52001953125,715.5599975585938,702.8099975585938,707.1300048828125,47081800
2026-06-29,723.3262939453125,724.0800170898438,724.5800170898438,705.1699829101562,713.989990234375,44939100
2026-06-30,735.6334838867188,736.4000244140625,737.6199951171875,723.9099731445312,724.1799926757812,42121800
2026-07-01,724.4151000976562,725.1699829101562,731.9199829101562,724.5999755859375,729.1900024414062,40803800
2026-07-02,711.8582153320312,712.5999755859375,730.8300170898438,707.5599975585938,725.5800170898438,50959800
2026-07-06,722.067626953125,722.8200073242188,726.0800170898438,718.4500122070312,719.9299926757812,30220400
2026-07-07,708.6915283203125,709.4299926757812,716.3499755859375,704.9000244140625,714.1699829101562,42483100
2026-07-08,710.699462890625,711.4400024414062,712.260009765625,700.9099731445312,704.9500122070312,35603200
2026-07-09,722.5271606445312,723.280029296875,724.22998046875,715.1300048828125,718.3300170898438,33654700
2026-07-10,724.7548217773438,725.510009765625,726.3900146484375,717.0,720.7000122070312,26415900
2026-07-13,710.9990844726562,711.739990234375,718.739990234375,710.0800170898438,717.719970703125,36552400
2026-07-14,718.9408569335938,719.6900024414062,722.2899780273438,714.3400268554688,720.219970703125,29448100
2026-07-15,716.9928588867188,717.739990234375,724.3599853515625,710.22998046875,723.8499755859375,32627600
2026-07-16,705.2051391601562,705.9400024414062,713.5999755859375,702.6099853515625,712.010009765625,39402000
2026-07-17,694.606201171875,695.3300170898438,702.2999877929688,686.760009765625,691.6500244140625,54109300
2026-07-20,695.33544921875,696.0599975585938,705.7999877929688,695.510009765625,702.1599731445312,29687600
2026-07-21,708.2319946289062,708.969970703125,710.0499877929688,702.7999877929688,706.5700073242188,33728300
2026-07-22,704.61572265625,705.3499755859375,709.6500244140625,703.6199951171875,703.6199951171875,23692200
2026-07-23,691.23974609375,691.9600219726562,698.6599731445312,687.7899780273438,694.6699829101562,44028600
2026-07-24,683.5177612304688,684.22998046875,692.6300048828125,682.47998046875,690.4099731445312,42876700
2026-07-27,681.4099731445312,682.1199951171875,692.2999877929688,675.9500122070312,691.6799926757812,42681500
2026-07-28,674.786865234375,675.489990234375,679.4000244140625,667.8800048828125,676.22998046875,51398700
2026-07-29,661.0411376953125,661.72998046875,680.0499877929688,661.1400146484375,675.510009765625,57233300
2026-07-30,682.8384399414062,683.5499877929688,685.1199951171875,673.2999877929688,674.760009765625,66753700
2026-07-31,687.2738647460938,687.989990234375,695.77001953125,680.0499877929688,692.1099853515625,50540500
2026-08-03,699.34130859375,700.0700073242188,701.5900268554688,685.8200073242188,688.2999877929688,44965100
2026-08-04,723.0964965820312,723.8499755859375,725.6599731445312,707.530029296875,708.1599731445312,59778600
2026-08-05,716.5533447265625,717.2999877929688,728.5399780273438,716.9199829101562,726.25,33540200
2026-08-06,713.9061279296875,714.6500244140625,719.3200073242188,708.5,710.8200073242188,33035900
2026-08-07,722.2774047851562,723.030029296875,723.6300048828125,716.510009765625,720.1500244140625,31070400
2026-08-10,720.11962890625,720.8699951171875,724.6699829101562,720.3300170898438,722.3900146484375,26243200
2026-08-11,717.7021484375,718.4500122070312,723.3499755859375,715.5,723.2899780273438,29286100
2026-08-12,722.9467163085938,723.7000122070312,727.25,722.9199829101562,727.0800170898438,29066000
2026-08-13,731.3079833984375,732.0700073242188,733.9600219726562,724.030029296875,725.1500244140625,31599700
2026-08-14,730.3090209960938,731.0700073242188,734.3900146484375,728.3200073242188,733.4099731445312,23790600
2026-08-17,729.1102294921875,729.8699951171875,734.5800170898438,729.27001953125,732.9500122070312,26452600
2026-08-18,716.7631225585938,717.510009765625,722.1300048828125,715.9199829101562,720.2100219726562,48997200
2026-08-19,715.3345947265625,716.0800170898438,721.5,712.6099853515625,720.3900146484375,35801700
2026-08-20,710.18994140625,710.9299926757812,714.9400024414062,708.52001953125,712.0900268554688,33396400
2026-08-21,712.6973876953125,713.4400024414062,715.6699829101562,709.2000122070312,715.22998046875,33399400
2026-08-24,705.5847778320312,706.3200073242188,709.7899780273438,702.7000122070312,709.6599731445312,37443100
2026-08-25,709.9801635742188,710.719970703125,714.0399780273438,707.4500122070312,711.219970703125,23869600
2026-08-26,710.6295166015625,711.3699951171875,713.02001953125,707.969970703125,708.4099731445312,20392400
2026-08-27,720.359375,721.1099853515625,721.3499755859375,714.530029296875,716.9299926757812,28723500
2026-08-28,715.6842651367188,716.4299926757812,724.1300048828125,715.0900268554688,719.739990234375,34105400
2026-08-31,716.013916015625,716.760009765625,717.5800170898438,713.1599731445312,715.1699829101562,32237200
2026-09-01,706.9033813476562,707.6400146484375,712.2999877929688,704.6599731445312,707.3900146484375,35236100
2026-09-02,708.501708984375,709.239990234375,709.7999877929688,705.0999755859375,707.0999755859375,23476200
2026-09-03,716.9229125976562,717.6699829101562,718.9199829101562,709.6900024414062,710.8499755859375,29449800
2026-09-04,718.2116088867188,718.9600219726562,721.8599853515625,716.5599975585938,719.3499755859375,32871100
2026-09-08,717.6122436523438,718.3599853515625,721.8900146484375,715.5700073242188,720.9099731445312,28341400
2026-09-09,715.5643920898438,716.3099975585938,719.7000122070312,714.02001953125,716.4000244140625,26763400
2026-09-10,707.9523315429688,708.6900024414062,712.0599975585938,706.8599853515625,707.5499877929688,31414400
2026-09-11,714.1358642578125,714.8800048828125,717.6300048828125,713.6300048828125,715.6799926757812,26649100
2026-09-14,708.4417724609375,709.1799926757812,712.9500122070312,702.739990234375,703.3300170898438,35219000
2026-09-15,703.8065795898438,704.5399780273438,709.530029296875,703.6400146484375,708.7999877929688,26631700
2026-09-16,703.9863891601562,704.719970703125,711.8800048828125,700.0,708.0,35688000
2026-09-17,716.1737060546875,716.9199829101562,718.0399780273438,713.3200073242188,715.9500122070312,37270300
2026-09-18,720.6990356445312,721.4500122070312,721.72998046875,715.0800170898438,718.8300170898438,48478700
2026-09-21,741.469970703125,741.469970703125,743.219970703125,727.8099975585938,727.8900146484375,46730600
2026-09-22,747.4600219726562,747.4600219726562,748.3499755859375,740.9299926757812,740.97998046875,40128800
2026-09-23,741.2100219726562,741.2100219726562,747.1300048828125,738.1900024414062,746.969970703125,33191800
2026-09-24,741.0999755859375,741.0999755859375,742.6599731445312,734.6199951171875,735.2899780273438,29000900
2026-09-25,744.5,744.5,745.9199829101562,739.6400146484375,742.8300170898438,30283800
2026-09-28,736.530029296875,736.530029296875,741.4199829101562,731.6300048828125,740.4600219726562,41775000
2026-09-29,737.9299926757812,737.9299926757812,740.5800170898438,735.3400268554688,740.1500244140625,27052300
2026-09-30,739.77001953125,739.77001953125,745.0999755859375,739.4600219726562,740.1900024414062,29820400
2026-10-01,742.030029296875,742.030029296875,744.6699829101562,736.25,742.510009765625,35728900
2026-10-02,749.5800170898438,749.5800170898438,754.5399780273438,747.530029296875,751.3099975585938,34467100
