Date,Adj Close,Close,High,Low,Open,Volume
2010-01-04,84.36897277832031,113.33000183105469,113.38999938964844,111.51000213623047,112.37000274658203,118944600
2010-01-05,84.59233093261719,113.62999725341797,113.68000030517578,112.8499984741211,113.26000213623047,111579900
2010-01-06,84.65185546875,113.70999908447266,113.98999786376953,113.43000030517578,113.5199966430664,116074400
2010-01-07,85.00920104980469,114.19000244140625,114.33000183105469,113.18000030517578,113.5,131091100
2010-01-08,85.2920913696289,114.56999969482422,114.62000274658203,113.66000366210938,113.88999938964844,126402800
2010-01-11,85.41121673583984,114.7300033569336,115.12999725341797,114.23999786376953,115.08000183105469,106375700
2010-01-12,84.61465454101562,113.66000366210938,114.20999908447266,113.22000122070312,113.97000122070312,163333500
2010-01-13,85.32933044433594,114.62000274658203,114.94000244140625,113.37000274658203,113.94999694824219,161822000
2010-01-14,85.56009674072266,114.93000030517578,115.13999938964844,114.41999816894531,114.48999786376953,115718800
2010-01-15,84.5997543334961,113.63999938964844,114.83999633789062,113.19999694824219,114.7300033569336,212283100
2010-01-19,85.6568832397461,115.05999755859375,115.12999725341797,113.58999633789062,113.62000274658203,139172700
2010-01-20,84.78587341308594,113.88999938964844,114.44999694824219,112.9800033569336,114.27999877929688,216490200
2010-01-21,83.155517578125,111.69999694824219,114.2699966430664,111.55999755859375,113.91999816894531,344859600
2010-01-22,81.30181884765625,109.20999908447266,111.73999786376953,109.08999633789062,111.19999694824219,345942400
2010-01-25,81.71871185302734,109.7699966430664,110.41000366210938,109.41000366210938,110.20999908447266,186937500
2010-01-26,81.37628173828125,109.30999755859375,110.47000122070312,109.04000091552734,109.33999633789062,211168800
2010-01-27,81.76339721679688,109.83000183105469,110.08000183105469,108.33000183105469,109.16999816894531,271863600
2010-01-28,80.82537078857422,108.56999969482422,110.25,107.91000366210938,110.19000244140625,316104000
2010-01-29,79.94692993164062,107.38999938964844,109.80000305175781,107.22000122070312,109.04000091552734,310677600
2010-02-01,81.1901626586914,109.05999755859375,109.06999969482422,107.5,108.1500015258789,187865000
2010-02-02,82.17281341552734,110.37999725341797,110.58999633789062,108.87999725341797,109.26000213623047,216327900
2010-02-03,81.76339721679688,109.83000183105469,110.4800033569336,109.51000213623047,109.87999725341797,172730700
2010-02-04,79.23967742919922,106.44000244140625,109.02999877929688,106.41999816894531,108.9800033569336,356715700
2010-02-05,79.40345764160156,106.66000366210938,106.87999725341797,104.58000183105469,106.55999755859375,493585800
2010-02-08,78.83023834228516,105.88999938964844,107.33000183105469,105.80999755859375,106.73999786376953,224166900
2010-02-09,79.82036590576172,107.22000122070312,108.1500015258789,106.2699966430664,107.12999725341797,337820500
2010-02-10,79.66404724121094,107.01000213623047,107.5999984741211,106.11000061035156,107.05000305175781,240511500
2010-02-11,80.49781036376953,108.12999725341797,108.25,106.25,106.87000274658203,223591600
2010-02-12,80.4308090209961,108.04000091552734,108.0999984741211,106.51000213623047,106.98999786376953,304622100
2010-02-16,81.6963882446289,109.73999786376953,109.8499984741211,107.81999969482422,108.86000061035156,159317500
2010-02-17,82.0835189819336,110.26000213623047,110.41000366210938,109.73999786376953,110.2699966430664,168845100
2010-02-18,82.5674057006836,110.91000366210938,111.13999938964844,110.04000091552734,110.08000183105469,193708600
2010-02-19,82.7386245727539,111.13999938964844,111.56999969482422,110.36000061035156,110.62000274658203,222684900
2010-02-22,82.75352478027344,111.16000366210938,111.58000183105469,110.83000183105469,111.55000305175781,132346900
2010-02-23,81.74849700927734,109.80999755859375,111.19999694824219,109.5199966430664,110.86000061035156,207497000
2010-02-24,82.50040435791016,110.81999969482422,111.0,109.86000061035156,110.13999938964844,176350700
2010-02-25,82.38873291015625,110.66999816894531,110.75,108.94000244140625,109.23999786376953,259634700
2010-02-26,82.44086456298828,110.73999786376953,111.12000274658203,110.11000061035156,110.7699966430664,173589300
2010-03-01,83.29696655273438,111.88999938964844,112.0,111.16999816894531,111.19999694824219,147709700
2010-03-02,83.5277328491211,112.19999694824219,112.73999786376953,112.0,112.37000274658203,160992400
2010-03-03,83.6021957397461,112.30000305175781,112.97000122070312,112.0199966430664,112.48999786376953,150785000
2010-03-04,83.8553237915039,112.63999938964844,112.80000305175781,112.02999877929688,112.44999694824219,135770400
2010-03-05,85.05387878417969,114.25,114.33999633789062,113.0999984741211,113.37000274658203,176118800
2010-03-08,85.06877899169922,114.2699966430664,114.5199966430664,114.06999969482422,114.26000213623047,114631200
2010-03-09,85.21023559570312,114.45999908447266,114.98999786376953,113.87000274658203,113.93000030517578,154556700
2010-03-10,85.58988189697266,114.97000122070312,115.27999877929688,114.41000366210938,114.51000213623047,186088800
2010-03-11,85.94718933105469,115.44999694824219,115.4800033569336,114.3499984741211,114.69999694824219,160791100
2010-03-12,85.95464324951172,115.45999908447266,115.97000122070312,115.13999938964844,115.94999694824219,162074800
2010-03-15,85.97700500488281,115.48999786376953,115.56999969482422,114.5999984741211,115.26000213623047,146816800
2010-03-16,86.66191864013672,116.41000366210938,116.5199966430664,115.48999786376953,115.80999755859375,168673000
2010-03-17,87.17557525634766,117.0999984741211,117.4800033569336,116.41999816894531,116.76000213623047,177468100
2010-03-18,87.13090515136719,117.04000091552734,117.2699966430664,116.56999969482422,117.11000061035156,196509100
2010-03-19,86.68986511230469,115.97000122070312,117.29000091552734,115.5199966430664,115.97000122070312,226641100
2010-03-22,87.15333557128906,116.58999633789062,116.80000305175781,115.23999786376953,115.30999755859375,184477800
2010-03-23,87.76628112792969,117.41000366210938,117.51000213623047,116.37999725341797,116.76000213623047,182941600
2010-03-24,87.34022521972656,116.83999633789062,117.43000030517578,115.58000183105469,116.97000122070312,196072600
2010-03-25,87.19819641113281,116.6500015258789,118.16999816894531,116.51000213623047,117.62999725341797,223396300
2010-03-26,87.14585876464844,116.58000183105469,117.41999816894531,116.12000274658203,116.87000274658203,205808500
2010-03-29,87.69902038574219,117.31999969482422,117.52999877929688,116.69000244140625,117.16999816894531,134513500
2010-03-30,87.75882720947266,117.4000015258789,117.83000183105469,116.91000366210938,117.45999908447266,145772500
2010-03-31,87.45980834960938,117.0,117.5199966430664,116.61000061035156,116.94999694824219,161078700
2010-04-01,88.05782318115234,117.80000305175781,118.25,117.0999984741211,117.80000305175781,161215200
2010-04-05,88.77547454833984,118.76000213623047,118.83999633789062,117.91999816894531,118.25,105847600
2010-04-06,88.98474884033203,119.04000091552734,119.25,118.29000091552734,118.41999816894531,110384200
2010-04-07,88.4764175415039,118.36000061035156,119.36000061035156,117.80999755859375,118.80000305175781,184576300
2010-04-08,88.78292083740234,118.7699966430664,118.97000122070312,117.5999984741211,117.94999694824219,158704000
2010-04-09,89.36598205566406,119.55000305175781,119.5999984741211,118.80000305175781,119.0199966430664,133006500
2010-04-12,89.50801086425781,119.73999786376953,120.05000305175781,119.55999755859375,119.69999694824219,110279000
2010-04-13,89.5753173828125,119.83000183105469,120.04000091552734,119.0,119.62000274658203,125043600
2010-04-14,90.5919189453125,121.19000244140625,121.19000244140625,120.08000183105469,120.2699966430664,161609000
2010-04-15,90.6666488647461,121.29000091552734,121.56999969482422,120.94999694824219,120.98999786376953,144615300
2010-04-16,89.22395324707031,119.36000061035156,121.29000091552734,118.75,120.86000061035156,366786700
2010-04-19,89.5603256225586,119.80999755859375,119.93000030517578,118.47000122070312,119.01000213623047,217947800
2010-04-20,90.36019897460938,120.87999725341797,120.9800033569336,119.87000274658203,120.55999755859375,157708000
2010-04-21,90.19568634033203,120.66000366210938,121.2300033569336,119.98999786376953,120.94999694824219,192910100
2010-04-22,90.46483612060547,121.0199966430664,121.16999816894531,119.12000274658203,119.80999755859375,115360300
2010-04-23,91.05536651611328,121.80999755859375,121.86000061035156,120.62999725341797,120.94000244140625,177335500
2010-04-26,90.71150207519531,121.3499984741211,122.12000274658203,121.2300033569336,121.8499984741211,143457300
2010-04-27,88.56615447998047,118.4800033569336,121.33999633789062,118.25,120.6500015258789,355853300
2010-04-28,89.23889923095703,119.37999725341797,119.68000030517578,118.2699966430664,119.05000305175781,300674100
2010-04-29,90.34524536132812,120.86000061035156,121.11000061035156,120.06999969482422,120.0999984741211,193775000
2010-04-30,88.81280517578125,118.80999755859375,121.01000213623047,118.77999877929688,120.87999725341797,270000900
2010-05-03,89.9639892578125,120.3499984741211,120.68000030517578,119.19999694824219,119.37999725341797,182747900
2010-05-04,87.84855651855469,117.5199966430664,119.02999877929688,116.91999816894531,119.01000213623047,360353400
2010-05-05,87.32524108886719,116.81999969482422,117.80000305175781,115.97000122070312,116.55999755859375,328973200
2010-05-06,84.42486572265625,112.94000244140625,117.0,105.0,116.26000213623047,647356600
2010-05-07,83.1690444946289,111.26000213623047,113.7699966430664,109.41000366210938,112.63999938964844,637558800
2010-05-10,86.83187866210938,116.16000366210938,116.6500015258789,114.91000366210938,115.80999755859375,396159600
2010-05-11,86.585205078125,115.83000183105469,117.36000061035156,114.91000366210938,115.06999969482422,317849800
2010-05-12,87.79621887207031,117.44999694824219,117.62000274658203,116.08999633789062,116.29000091552734,235607100
2010-05-13,86.70478820800781,115.98999786376953,117.68000030517578,115.88999938964844,117.12999725341797,234452500
2010-05-14,85.13504028320312,113.88999938964844,115.33000183105469,112.87000274658203,115.12000274658203,345601400
2010-05-17,85.17985534667969,113.94999694824219,114.5199966430664,111.7699966430664,114.19999694824219,325739800
2010-05-18,84.02122497558594,112.4000015258789,115.22000122070312,112.02999877929688,114.87999725341797,360556800
2010-05-19,83.54281616210938,111.76000213623047,112.7699966430664,110.36000061035156,111.7699966430664,394742700
2010-05-20,80.38827514648438,107.54000091552734,109.88999938964844,107.47000122070312,109.37999725341797,530418300
2010-05-21,81.56187438964844,109.11000061035156,109.37999725341797,105.36000061035156,105.91000366210938,500909400
2010-05-24,80.51537322998047,107.70999908447266,109.38999938964844,107.61000061035156,108.5199966430664,269823000
2010-05-25,80.59757232666016,107.81999969482422,107.87000274658203,104.37999725341797,105.11000061035156,396505200
2010-05-26,80.1117172241211,107.16999816894531,109.47000122070312,106.8499984741211,108.4800033569336,349719300
2010-05-27,82.7952880859375,110.76000213623047,110.80000305175781,108.77999877929688,109.19000244140625,300870500
2010-05-28,81.7562255859375,109.37000274658203,110.72000122070312,108.8499984741211,110.63999938964844,297933500
2010-06-01,80.38076782226562,107.52999877929688,109.94999694824219,107.37000274658203,108.3499984741211,277909400
2010-06-02,82.47386932373047,110.33000183105469,110.33999633789062,107.51000213623047,108.08000183105469,240243700
2010-06-03,82.75790405273438,110.70999908447266,111.05999755859375,109.58000183105469,110.6500015258789,226618300
2010-06-04,79.85006713867188,106.81999969482422,109.33000183105469,106.45999908447266,108.61000061035156,398475600
2010-06-07,78.85585021972656,105.48999786376953,107.61000061035156,105.41000366210938,107.19999694824219,264609100
2010-06-08,79.7005615234375,106.62000274658203,106.83000183105469,104.6500015258789,105.56999969482422,357774300
2010-06-09,79.27446746826172,106.05000305175781,108.27999877929688,105.5999984741211,107.23999786376953,268023300
2010-06-10,81.59178161621094,109.1500015258789,109.27999877929688,106.04000091552734,107.86000061035156,317890600
2010-06-11,81.98795318603516,109.68000030517578,109.75,108.12000274658203,108.19000244140625,214128200
2010-06-14,81.86089324951172,109.51000213623047,111.12000274658203,109.4000015258789,110.5199966430664,207196100
2010-06-15,83.72222900390625,112.0,112.0999984741211,110.08999633789062,110.27999877929688,238268700
2010-06-16,83.69231414794922,111.95999908447266,112.41999816894531,111.19999694824219,111.41999816894531,216374000
2010-06-17,83.82685852050781,112.13999938964844,112.33000183105469,111.05000305175781,112.27999877929688,263185800
2010-06-18,83.91771697998047,111.7300033569336,112.12999725341797,111.37000274658203,111.83000183105469,174006600
2010-06-21,83.67739868164062,111.41000366210938,113.19999694824219,110.79000091552734,113.12000274658203,213140700
2010-06-22,82.29542541503906,109.56999969482422,111.9000015258789,109.41000366210938,111.41000366210938,239355400
2010-06-23,82.0400619506836,109.2300033569336,110.02999877929688,108.4800033569336,109.63999938964844,254639900
2010-06-24,80.68058776855469,107.41999816894531,108.83000183105469,107.13999938964844,108.69000244140625,268523600
2010-06-25,81.01860046386719,107.87000274658203,108.41999816894531,106.7699966430664,107.73999786376953,238726500
2010-06-28,80.7632064819336,107.52999877929688,108.31999969482422,107.13999938964844,108.02999877929688,169218600
2010-06-29,78.2696533203125,104.20999908447266,107.51000213623047,103.55000305175781,106.0199966430664,373649500
2010-06-30,77.52607727050781,103.22000122070312,104.87999725341797,102.87999725341797,103.91999816894531,284101700
2010-07-01,77.18057250976562,102.76000213623047,103.48999786376953,101.12999725341797,103.1500015258789,382924800
2010-07-02,76.76001739501953,102.19999694824219,103.41999816894531,101.62000274658203,103.11000061035156,233385200
2010-07-06,77.2632064819336,102.87000274658203,104.37000274658203,101.87999725341797,103.63999938964844,256935300
2010-07-07,79.69667053222656,106.11000061035156,106.23999786376953,103.0199966430664,103.12999725341797,253769400
2010-07-08,80.48531341552734,107.16000366210938,107.27999877929688,105.91000366210938,107.0,210842100
2010-07-09,81.08615112304688,107.95999908447266,107.97000122070312,106.93000030517578,107.12999725341797,144999900
2010-07-12,81.13877868652344,108.02999877929688,108.23999786376953,107.1500015258789,107.5999984741211,131283600
2010-07-13,82.36300659179688,109.66000366210938,110.08999633789062,108.93000030517578,109.1500015258789,213025900
2010-07-14,82.35550689697266,109.6500015258789,110.08000183105469,108.86000061035156,109.30999755859375,184426800
2010-07-15,82.37801361083984,109.68000030517578,110.05999755859375,108.16999816894531,109.61000061035156,232337900
2010-07-16,80.10979461669922,106.66000366210938,109.20999908447266,106.44999694824219,109.08999633789062,282693400
2010-07-19,80.5829849243164,107.29000091552734,107.62999725341797,106.22000122070312,107.05000305175781,186709000
2010-07-20,81.47674560546875,108.4800033569336,108.55999755859375,105.81999969482422,105.87000274658203,258162400
2010-07-21,80.41773986816406,107.06999969482422,109.06999969482422,106.62999725341797,109.04000091552734,264527000
2010-07-22,82.21279907226562,109.45999908447266,109.94000244140625,108.33000183105469,108.33999633789062,274781300
2010-07-23,82.92632293701172,110.41000366210938,110.56999969482422,108.93000030517578,109.23999786376953,222020800
2010-07-26,83.7900619506836,111.55999755859375,111.66999816894531,110.29000091552734,110.5999984741211,184445700
2010-07-27,83.7825698852539,111.55000305175781,112.29000091552734,111.11000061035156,112.16999816894531,204855600
2010-07-28,83.24177551269531,110.83000183105469,111.66000366210938,110.45999908447266,111.31999969482422,163056200
2010-07-29,82.83618927001953,110.29000091552734,111.81999969482422,109.41000366210938,111.5199966430664,220149100
2010-07-30,82.8211898803711,110.2699966430664,110.86000061035156,108.9800033569336,109.16999816894531,220070600
2010-08-02,84.69136810302734,112.76000213623047,112.94000244140625,111.54000091552734,111.98999786376953,188263200
2010-08-03,84.28577423095703,112.22000122070312,112.7699966430664,111.8499984741211,112.4800033569336,146657300
2010-08-04,84.84909057617188,112.97000122070312,113.11000061035156,112.16000366210938,112.52999877929688,158171700
2010-08-05,84.75892639160156,112.8499984741211,112.91000366210938,112.08000183105469,112.25,140473800
2010-08-06,84.41343688964844,112.38999938964844,112.56999969482422,110.91999816894531,111.73999786376953,239728300
2010-08-09,84.86412048339844,112.98999786376953,113.18000030517578,112.31999969482422,112.91999816894531,120800400
2010-08-10,84.4059829711914,112.37999725341797,112.9800033569336,111.37000274658203,112.02999877929688,242916300
2010-08-11,82.0926284790039,109.30000305175781,110.69000244140625,109.12000274658203,110.6500015258789,273406900
2010-08-12,81.58939361572266,108.62999725341797,109.0199966430664,107.5999984741211,107.6500015258789,239542600
2010-08-13,81.34906005859375,108.30999755859375,108.95999908447266,108.18000030517578,108.29000091552734,158698500
2010-08-16,81.3115005493164,108.26000213623047,108.61000061035156,107.18000030517578,107.56999969482422,147895300
2010-08-17,82.31045532226562,109.58999633789062,110.38999938964844,108.87999725341797,109.19000244140625,172270300
2010-08-18,82.46065521240234,109.79000091552734,110.37999725341797,108.91000366210938,109.54000091552734,182922100
2010-08-19,81.02608489990234,107.87999725341797,109.48999786376953,107.43000030517578,109.22000122070312,265847600
2010-08-20,80.7632064819336,107.52999877929688,107.94000244140625,106.75,107.55999755859375,209714200
2010-08-23,80.45526123046875,107.12000274658203,108.56999969482422,107.06999969482422,108.04000091552734,163490300
2010-08-24,79.26105499267578,105.52999877929688,106.38999938964844,104.97000122070312,105.94999694824219,280677800
2010-08-25,79.56902313232422,105.94000244140625,106.33999633789062,104.29000091552734,104.94999694824219,272234800
2010-08-26,79.03575134277344,105.2300033569336,106.58000183105469,104.87999725341797,106.44000244140625,224439500
2010-08-27,80.26002502441406,106.86000061035156,106.97000122070312,104.30999755859375,105.88999938964844,272649000
2010-08-30,79.09584045410156,105.30999755859375,106.91000366210938,105.30000305175781,106.58000183105469,167238600
2010-08-31,79.09584045410156,105.30999755859375,105.9800033569336,104.48999786376953,104.91999816894531,273933100
2010-09-01,81.46170043945312,108.45999908447266,108.61000061035156,106.66000366210938,106.7300033569336,256828100
2010-09-02,82.22032165527344,109.47000122070312,109.48999786376953,108.48999786376953,108.72000122070312,156112200
2010-09-03,83.286865234375,110.88999938964844,110.98999786376953,109.94999694824219,110.54000091552734,212197300
2010-09-07,82.34798431396484,109.63999938964844,110.51000213623047,109.55000305175781,110.37000274658203,141973700
2010-09-08,82.92632293701172,110.41000366210938,110.8499984741211,109.80999755859375,109.86000061035156,149924400
2010-09-09,83.30937957763672,110.91999816894531,111.68000030517578,110.62000274658203,111.6500015258789,147017900
2010-09-10,83.72999572753906,111.4800033569336,111.61000061035156,110.87000274658203,111.12000274658203,127819000
2010-09-13,84.66133880615234,112.72000122070312,112.94999694824219,112.12999725341797,112.58000183105469,178503500
2010-09-14,84.6087646484375,112.6500015258789,113.29000091552734,112.08000183105469,112.5,209823600
2010-09-15,84.93170166015625,113.08000183105469,113.20999908447266,111.9800033569336,112.31999969482422,168608400
2010-09-16,84.90916442871094,113.05000305175781,113.12000274658203,112.3499984741211,112.7300033569336,199962900
2010-09-17,84.94087219238281,112.48999786376953,113.1500015258789,112.18000030517578,113.04000091552734,195836900
2010-09-20,86.23966979980469,114.20999908447266,114.45999908447266,112.5199966430664,112.87999725341797,214555200
2010-09-21,86.06597900390625,113.9800033569336,114.83999633789062,113.51000213623047,114.30000305175781,268389100
2010-09-22,85.64313507080078,113.41999816894531,114.44000244140625,113.0999984741211,113.80000305175781,191322400
2010-09-23,84.94843292236328,112.5,113.66999816894531,112.18000030517578,112.48999786376953,202354300
2010-09-24,86.70022583007812,114.81999969482422,114.9000015258789,113.6500015258789,113.75,209671800
2010-09-27,86.28495025634766,114.2699966430664,114.98999786376953,114.16000366210938,114.86000061035156,128761800
2010-09-28,86.58696746826172,114.66999816894531,115.04000091552734,113.18000030517578,114.41999816894531,209207500
2010-09-29,86.43596649169922,114.47000122070312,114.91000366210938,114.0199966430664,114.37999725341797,179665800
2010-09-30,86.17925262451172,114.12999725341797,115.79000091552734,113.58999633789062,115.05000305175781,287106700
2010-10-01,86.54167938232422,114.61000061035156,115.12000274658203,113.93000030517578,114.98999786376953,174638700
2010-10-04,85.89230346679688,113.75,114.8499984741211,113.18000030517578,114.37000274658203,166153200
2010-10-05,87.62146759033203,116.04000091552734,116.31999969482422,114.66999816894531,114.80000305175781,229634100
2010-10-06,87.6139144897461,116.02999877929688,116.33000183105469,115.55999755859375,116.0199966430664,148626600
2010-10-07,87.50821685791016,115.88999938964844,116.52999877929688,115.19000244140625,116.5,164860000
2010-10-08,87.99903106689453,116.54000091552734,116.86000061035156,115.61000061035156,116.05000305175781,177760100
2010-10-11,88.08210754394531,116.6500015258789,116.97000122070312,116.25,116.72000122070312,103098300
2010-10-12,88.35392761230469,117.01000213623047,117.3499984741211,115.6500015258789,116.2699966430664,182210000
2010-10-13,89.04105377197266,117.91999816894531,118.55000305175781,117.37999725341797,117.66000366210938,194347200
2010-10-14,88.69368743896484,117.45999908447266,118.01000213623047,116.72000122070312,117.80999755859375,217764300
2010-10-15,88.87492370605469,117.69999694824219,118.3499984741211,116.76000213623047,118.27999877929688,243705000
2010-10-18,89.31289672851562,118.27999877929688,118.66999816894531,117.30999755859375,117.73999786376953,141204800
2010-10-19,88.14249420166016,116.7300033569336,117.8499984741211,116.0199966430664,117.19000244140625,280604700
2010-10-20,89.0032958984375,117.87000274658203,118.44000244140625,116.87000274658203,116.94000244140625,200051800
2010-10-21,89.19961547851562,118.12999725341797,119.08999633789062,117.20999908447266,118.4000015258789,221585500
2010-10-22,89.36575317382812,118.3499984741211,118.52999877929688,118.0,118.30999755859375,108212400
2010-10-25,89.6300277709961,118.69999694824219,119.76000213623047,118.61000061035156,119.13999938964844,151145700
2010-10-26,89.64512634277344,118.72000122070312,118.83999633789062,117.87000274658203,118.0999984741211,158982900
2010-10-27,89.38838195800781,118.37999725341797,118.51000213623047,117.26000213623047,117.88999938964844,190024000
2010-10-28,89.40348052978516,118.4000015258789,119.11000061035156,117.83000183105469,119.05999755859375,168576000
2010-10-29,89.4714584350586,118.48999786376953,118.72000122070312,118.06999969482422,118.27999877929688,144305500
2010-11-01,89.50166320800781,118.52999877929688,119.75,117.8499984741211,119.06999969482422,174074800
2010-11-02,90.21145629882812,119.47000122070312,119.75,119.0999984741211,119.41999816894531,158345900
2010-11-03,90.57389831542969,119.94999694824219,120.0199966430664,118.44999694824219,119.68000030517578,226702800
2010-11-04,92.31819152832031,122.26000213623047,122.31999969482422,119.97000122070312,121.27999877929688,215039400
2010-11-05,92.66553497314453,122.72000122070312,122.91999816894531,122.18000030517578,122.33999633789062,180654100
2010-11-08,92.49183654785156,122.48999786376953,122.69000244140625,121.94000244140625,122.33999633789062,156107100
2010-11-09,91.82737731933594,121.61000061035156,122.94999694824219,121.12000274658203,122.81999969482422,186621600
2010-11-10,92.19734954833984,122.0999984741211,122.16000366210938,120.66000366210938,121.58000183105469,221387400
2010-11-11,91.85003662109375,121.63999938964844,121.81999969482422,120.68000030517578,121.05000305175781,158017600
2010-11-12,90.76265716552734,120.19999694824219,121.3499984741211,119.6500015258789,120.81999969482422,239068800
2010-11-15,90.6343002319336,120.02999877929688,121.05000305175781,119.9800033569336,120.58000183105469,163940800
2010-11-16,89.22230529785156,118.16000366210938,119.48999786376953,117.58999633789062,119.29000091552734,299566200
2010-11-17,89.26760864257812,118.22000122070312,118.70999908447266,117.86000061035156,118.20999908447266,172308900
2010-11-18,90.5814437866211,119.95999908447266,120.38999938964844,119.3499984741211,119.36000061035156,197723700
2010-11-19,90.83063507080078,120.29000091552734,120.33999633789062,119.25,119.9000015258789,156852900
2010-11-22,90.75511932373047,120.19000244140625,120.23999786376953,118.7699966430664,119.69000244140625,181361000
2010-11-23,89.44125366210938,118.44999694824219,119.0199966430664,117.98999786376953,118.7699966430664,222309000
2010-11-24,90.76265716552734,120.19999694824219,120.2300033569336,119.18000030517578,119.19999694824219,140046100
2010-11-26,89.70555114746094,118.80000305175781,119.80999755859375,118.80000305175781,119.16000366210938,76007800
2010-11-29,89.97738647460938,119.16000366210938,119.4800033569336,117.73999786376953,118.5,223642300
2010-11-30,89.4714584350586,118.48999786376953,119.16999816894531,117.80999755859375,117.9800033569336,233930700
2010-12-01,91.37434387207031,121.01000213623047,121.23999786376953,120.19000244140625,120.19999694824219,221037200
2010-12-02,92.54471588134766,122.55999755859375,122.6500015258789,121.12999725341797,121.19999694824219,191213600
2010-12-03,92.79389190673828,122.88999938964844,123.02999877929688,122.11000061035156,122.13999938964844,151288900
2010-12-06,92.69570922851562,122.76000213623047,123.04000091552734,122.5,122.62999725341797,103050500
2010-12-07,92.7485580444336,122.83000183105469,124.01000213623047,122.76000213623047,123.94000244140625,206581000
2010-12-08,93.08836364746094,123.27999877929688,123.37999725341797,122.41000366210938,122.9800033569336,138019200
2010-12-09,93.4508056640625,123.76000213623047,124.0199966430664,123.1500015258789,123.97000122070312,123705100
2010-12-10,93.99449920654297,124.4800033569336,124.5999984741211,123.7300033569336,124.13999938964844,117571700
2010-12-13,94.05488586425781,124.55999755859375,125.19999694824219,124.5199966430664,125.05000305175781,133812700
2010-12-14,94.13790893554688,124.66999816894531,125.2300033569336,124.29000091552734,124.75,147249600
2010-12-15,93.70755004882812,124.0999984741211,124.93000030517578,123.88999938964844,124.44000244140625,160823100
2010-12-16,94.25118255615234,124.81999969482422,124.91000366210938,123.75,124.18000030517578,185035200
2010-12-17,94.3521728515625,124.30000305175781,124.45999908447266,123.81999969482422,124.08000183105469,141075300
2010-12-20,94.57989501953125,124.5999984741211,124.9000015258789,123.9800033569336,124.63999938964844,119085500
2010-12-21,95.17955017089844,125.38999938964844,125.47000122070312,124.87000274658203,124.98999786376953,94965500
2010-12-22,95.4756088256836,125.77999877929688,125.81999969482422,125.41000366210938,125.4800033569336,78878100
2010-12-23,95.33897399902344,125.5999984741211,125.77999877929688,125.29000091552734,125.63999938964844,70053700
2010-12-27,95.376953125,125.6500015258789,125.7699966430664,125.04000091552734,125.12999725341797,58126000
2010-12-28,95.51358032226562,125.83000183105469,125.94999694824219,125.5,125.9000015258789,55309100
2010-12-29,95.58189392089844,125.91999816894531,126.19999694824219,125.9000015258789,125.9800033569336,58033100
2010-12-30,95.43003845214844,125.72000122070312,126.12999725341797,125.52999877929688,125.80000305175781,76616900
2010-12-31,95.45283508300781,125.75,125.87000274658203,125.33000183105469,125.52999877929688,91218900
2011-01-03,96.43962097167969,127.05000305175781,127.5999984741211,125.69999694824219,126.70999908447266,138725200
2011-01-04,96.3864974975586,126.9800033569336,127.37000274658203,126.19000244140625,127.33000183105469,137409700
2011-01-05,96.8874740600586,127.63999938964844,127.72000122070312,126.45999908447266,126.58000183105469,133975300
2011-01-06,96.69772338867188,127.38999938964844,127.83000183105469,127.01000213623047,127.69000244140625,122519000
2011-01-07,96.50796508789062,127.13999938964844,127.7699966430664,126.1500015258789,127.55999755859375,156034600
2011-01-10,96.3864974975586,126.9800033569336,127.16000366210938,126.19999694824219,126.58000183105469,122401700
2011-01-11,96.72808074951172,127.43000030517578,127.73999786376953,126.94999694824219,127.44000244140625,110287000
2011-01-12,97.60099792480469,128.5800018310547,128.72000122070312,127.45999908447266,128.2100067138672,107929200
2011-01-13,97.44158172607422,128.3699951171875,128.69000244140625,128.0500030517578,128.6300048828125,129048400
2011-01-14,98.14753723144531,129.3000030517578,129.3300018310547,128.10000610351562,128.19000244140625,117677900
2011-01-18,98.31452178955078,129.52000427246094,129.63999938964844,129.02999877929688,129.17999267578125,114401300
2011-01-19,97.35050201416016,128.25,129.5399932861328,127.91000366210938,129.41000366210938,151958400
2011-01-20,97.2214584350586,128.0800018310547,128.39999389648438,127.12999725341797,127.95999908447266,175745700
2011-01-21,97.44158172607422,128.3699951171875,129.1699981689453,128.22999572753906,128.8800048828125,151462900
2011-01-24,97.99569702148438,129.10000610351562,129.25,128.25999450683594,128.2899932861328,113715500
2011-01-25,98.04885864257812,129.1699981689453,129.27999877929688,128.11000061035156,128.75999450683594,167552200
2011-01-26,98.4283676147461,129.6699981689453,130.0500030517578,129.22999572753906,129.49000549316406,141281500
2011-01-27,98.67129516601562,129.99000549316406,130.2100067138672,129.47000122070312,129.6999969482422,123302700
2011-01-28,96.94819641113281,127.72000122070312,130.35000610351562,127.51000213623047,130.13999938964844,295637300
2011-01-31,97.67688751220703,128.67999267578125,128.77999877929688,127.75,128.07000732421875,149249200
2011-02-01,99.24057006835938,130.74000549316406,130.97000122070312,129.3800048828125,129.4600067138672,167194300
2011-02-02,99.05085754394531,130.49000549316406,130.83999633789062,130.3300018310547,130.39999389648438,118323600
2011-02-03,99.27092742919922,130.77999877929688,130.97999572753906,129.57000732421875,130.25999450683594,145886700
2011-02-04,99.55182647705078,131.14999389648438,131.1999969482422,130.22999572753906,130.8300018310547,134634800
2011-02-07,100.17427062988281,131.97000122070312,132.39999389648438,131.42999267578125,131.44000244140625,112439100
2011-02-08,100.62966918945312,132.57000732421875,132.63999938964844,131.72999572753906,132.08999633789062,99072800
2011-02-09,100.40191650390625,132.27000427246094,132.6300048828125,131.61000061035156,132.2100067138672,146436700
2011-02-10,100.43991088867188,132.32000732421875,132.47000122070312,131.3000030517578,131.60000610351562,162708500
2011-02-11,101.03956604003906,133.11000061035156,133.27999877929688,131.77000427246094,131.8000030517578,137710300
2011-02-14,101.282470703125,133.42999267578125,133.5399932861328,132.8800048828125,133.02999877929688,101690700
2011-02-15,100.96367645263672,133.00999450683594,133.22000122070312,132.32000732421875,133.02000427246094,119575400
2011-02-16,101.60127258300781,133.85000610351562,134.00999450683594,133.19000244140625,133.4600067138672,130183500
2011-02-17,101.90489959716797,134.25,134.42999267578125,133.33999633789062,133.4600067138672,109810500
2011-02-18,102.11744689941406,134.52999877929688,134.69000244140625,134.05999755859375,134.3699951171875,130002400
2011-02-22,100.06797790527344,131.8300018310547,134.55999755859375,131.47000122070312,133.1199951171875,233116400
2011-02-23,99.45310974121094,131.02000427246094,132.07000732421875,130.2100067138672,131.75,227584000
2011-02-24,99.38482666015625,130.92999267578125,131.44000244140625,129.6999969482422,130.8800048828125,260431400
2011-02-25,100.44751739501953,132.3300018310547,132.41000366210938,131.39999389648438,131.47999572753906,141686900
2011-02-28,101.0699234008789,133.14999389648438,133.32000732421875,132.3800048828125,132.82000732421875,141585500
2011-03-01,99.38482666015625,130.92999267578125,133.69000244140625,130.88999938964844,133.57000732421875,258565500
2011-03-02,99.59738159179688,131.2100067138672,131.82000732421875,130.35000610351562,130.75,200277400
2011-03-03,101.31285095214844,133.47000122070312,133.6199951171875,132.38999938964844,132.39999389648438,176480100
2011-03-04,100.55376434326172,132.47000122070312,133.6300048828125,131.60000610351562,133.3699951171875,277202300
2011-03-07,99.76433563232422,131.42999267578125,133.16000366210938,130.74000549316406,132.86000061035156,216790400
2011-03-08,100.63724517822266,132.5800018310547,133.0,131.07000732421875,131.63999938964844,174615000
2011-03-09,100.49305725097656,132.38999938964844,132.8000030517578,131.60000610351562,132.32000732421875,153806000
2011-03-10,98.63330078125,129.94000244140625,131.17999267578125,129.80999755859375,131.0,301291800
2011-03-11,99.31647491455078,130.83999633789062,131.30999755859375,129.49000549316406,129.52000427246094,225621800
2011-03-14,98.71685028076172,130.0500030517578,130.47999572753906,129.05999755859375,129.99000549316406,234974100
2011-03-15,97.58585357666016,128.55999755859375,129.3300018310547,126.5,126.58999633789062,359585400
2011-03-16,95.77920532226562,126.18000030517578,128.57000732421875,125.27999877929688,128.14999389648438,468670300
2011-03-17,97.0468521118164,127.8499984741211,128.38999938964844,127.0999984741211,128.0,254303700
2011-03-18,97.39985656738281,127.76000213623047,128.8800048828125,127.51000213623047,128.83999633789062,230435400
2011-03-21,98.90933990478516,129.74000549316406,130.00999450683594,129.1999969482422,129.35000610351562,153992600
2011-03-22,98.5662612915039,129.2899932861328,129.88999938964844,129.1699981689453,129.72000122070312,129538600
2011-03-23,98.84834289550781,129.66000366210938,130.0,128.32000732421875,128.92999267578125,148603100
2011-03-24,99.79366302490234,130.89999389648438,131.08999633789062,129.6699981689453,130.39999389648438,159129800
2011-03-25,100.09864044189453,131.3000030517578,131.8699951171875,130.88999938964844,131.24000549316406,155642800
2011-03-28,99.85465240478516,130.97999572753906,131.9199981689453,130.94000244140625,131.5800018310547,109762400
2011-03-29,100.52552032470703,131.86000061035156,131.89999389648438,130.44000244140625,130.8699951171875,129798800
2011-03-30,101.21932220458984,132.77000427246094,133.16000366210938,132.36000061035156,132.5500030517578,135835000
2011-03-31,101.0820541381836,132.58999633789062,132.9600067138672,132.4499969482422,132.60000610351562,132537100
2011-04-01,101.50898742675781,133.14999389648438,133.77000427246094,132.8300018310547,133.41000366210938,153850100
2011-04-04,101.59286499023438,133.25999450683594,133.6699981689453,132.8800048828125,133.42999267578125,100768900
2011-04-05,101.57765197753906,133.24000549316406,133.8300018310547,132.94000244140625,133.0,120791500
2011-04-06,101.89785766601562,133.66000366210938,134.0,133.1199951171875,133.8800048828125,120411600
2011-04-07,101.63861846923828,133.32000732421875,133.97999572753906,132.66000366210938,133.4199981689453,170731500
2011-04-08,101.28791046142578,132.86000061035156,133.99000549316406,132.30999755859375,133.91000366210938,147945400
2011-04-11,100.98297119140625,132.4600067138672,133.4499969482422,132.13999938964844,133.0,121385400
2011-04-12,100.22826385498047,131.47000122070312,131.97999572753906,130.99000549316406,131.72000122070312,161187400
2011-04-13,100.2206039428711,131.4600067138672,132.17999267578125,130.9600067138672,132.0800018310547,162059000
2011-04-14,100.29682922363281,131.55999755859375,131.75999450683594,130.27000427246094,130.6999969482422,161220400
2011-04-15,100.66276550292969,132.0399932861328,132.3699951171875,131.41000366210938,131.8000030517578,170006700
2011-04-18,99.53448486328125,130.55999755859375,132.02999877929688,129.50999450683594,130.58999633789062,210759300
2011-04-19,100.10624694824219,131.30999755859375,131.35000610351562,130.44000244140625,130.75999450683594,124258800
2011-04-20,101.47088623046875,133.10000610351562,133.38999938964844,132.7899932861328,132.8800048828125,156133800
2011-04-21,101.98929595947266,133.77999877929688,133.83999633789062,133.10000610351562,133.7899932861328,135935400
2011-04-25,101.88256072998047,133.63999938964844,133.86000061035156,133.1999969482422,133.67999267578125,65757100
2011-04-26,102.75926971435547,134.7899932861328,135.05999755859375,133.91000366210938,134.0500030517578,146600000
2011-04-27,103.43016052246094,135.6699981689453,135.8699951171875,134.5,135.0500030517578,143031000
2011-04-28,103.76563262939453,136.11000061035156,136.2899932861328,135.41000366210938,135.42999267578125,124791100
2011-04-29,104.00952911376953,136.42999267578125,136.57000732421875,135.97999572753906,136.16000366210938,115094100
2011-05-02,103.8494873046875,136.22000122070312,137.17999267578125,135.9499969482422,137.07000732421875,126278700
2011-05-03,103.47592163085938,135.72999572753906,136.19000244140625,135.0399932861328,135.9600067138672,138375000
2011-05-04,102.78980255126953,134.8300018310547,135.72999572753906,134.22999572753906,135.6699981689453,182678500
2011-05-05,101.85968780517578,133.61000061035156,134.9499969482422,133.02000427246094,134.0800018310547,226900000
2011-05-06,102.30950164794922,134.1999969482422,135.6300048828125,133.67999267578125,134.94000244140625,222787200
2011-05-09,102.7059097290039,134.72000122070312,135.11000061035156,133.97999572753906,134.19000244140625,114104500
2011-05-10,103.5826416015625,135.8699951171875,136.11000061035156,135.0,135.1699981689453,114806900
2011-05-11,102.49247741699219,134.44000244140625,135.69000244140625,133.82000732421875,135.6699981689453,193564200
2011-05-12,102.9803695678711,135.0800018310547,135.36000061035156,133.38999938964844,134.0800018310547,171550700
2011-05-13,102.1875,134.0399932861328,135.33999633789062,133.55999755859375,135.14999389648438,157444900
2011-05-16,101.53948974609375,133.19000244140625,134.61000061035156,132.97000122070312,133.55999755859375,141675400
2011-05-17,101.52423095703125,133.1699981689453,133.35000610351562,132.1199951171875,132.69000244140625,192686200
2011-05-18,102.43146514892578,134.36000061035156,134.5,132.9499969482422,133.24000549316406,135217900
2011-05-19,102.6754379272461,134.67999267578125,135.02999877929688,133.94000244140625,134.8000030517578,119489500
2011-05-20,101.85968780517578,133.61000061035156,134.67999267578125,133.36000061035156,134.3300018310547,182594900
2011-05-23,100.67803192138672,132.05999755859375,132.72000122070312,131.58999633789062,131.97999572753906,168700000
2011-05-24,100.59416198730469,131.9499969482422,132.72999572753906,131.6999969482422,132.44000244140625,147199600
2011-05-25,100.92962646484375,132.38999938964844,132.94000244140625,131.3800048828125,131.4199981689453,151050100
2011-05-26,101.39466857910156,133.0,133.24000549316406,131.77999877929688,132.02999877929688,164850000
2011-05-27,101.78343200683594,133.50999450683594,133.8699951171875,132.9600067138672,133.3699951171875,120921900
2011-05-31,102.8431396484375,134.89999389648438,134.9199981689453,133.83999633789062,134.77000427246094,164731200
2011-06-01,100.53317260742188,131.8699951171875,134.9199981689453,131.75999450683594,134.50999450683594,233094300
2011-06-02,100.42640686035156,131.72999572753906,132.24000549316406,130.9600067138672,131.9600067138672,200466800
2011-06-03,99.427734375,130.4199981689453,131.4199981689453,130.0800018310547,130.14999389648438,234690200
2011-06-06,98.37569427490234,129.0399932861328,130.36000061035156,128.8699951171875,130.08999633789062,179951200
2011-06-07,98.31468200683594,128.9600067138672,130.07000732421875,128.85000610351562,129.6999969482422,161660500
2011-06-08,97.90303039550781,128.4199981689453,129.19000244140625,128.17999267578125,128.75999450683594,198696400
2011-06-09,98.65010833740234,129.39999389648438,129.92999267578125,128.4600067138672,128.77000427246094,160964400
2011-06-10,97.27787017822266,127.5999984741211,128.92999267578125,127.26000213623047,128.85000610351562,238629400
2011-06-13,97.35411834716797,127.69999694824219,128.24000549316406,127.05000305175781,127.88999938964844,207599800
2011-06-14,98.58918762207031,129.32000732421875,129.77000427246094,128.82000732421875,128.8699951171875,160570400
2011-06-15,96.8357162475586,127.0199966430664,129.3000030517578,126.68000030517578,128.24000549316406,300958000
2011-06-16,97.0491943359375,127.30000305175781,127.97000122070312,126.31999969482422,127.05999755859375,308032800
2011-06-17,97.33877563476562,127.05000305175781,127.94000244140625,126.62000274658203,127.93000030517578,233284900
2011-06-20,97.83677673339844,127.69999694824219,127.97000122070312,126.58000183105469,126.62000274658203,159479000
2011-06-21,99.177490234375,129.4499969482422,129.6999969482422,127.75,128.36000061035156,193157300
2011-06-22,98.5799331665039,128.6699981689453,129.80999755859375,128.58999633789062,129.0500030517578,176703000
2011-06-23,98.29647064208984,128.3000030517578,128.63999938964844,126.19000244140625,127.16000366210938,334286500
2011-06-24,97.1548843383789,126.80999755859375,128.3699951171875,126.62000274658203,128.27000427246094,226129300
2011-06-27,98.0206527709961,127.94000244140625,128.42999267578125,126.63999938964844,126.88999938964844,168904700
2011-06-28,99.30010986328125,129.61000061035156,129.6300048828125,128.27000427246094,128.4499969482422,165556300
2011-06-29,100.1505126953125,130.72000122070312,130.92999267578125,129.6300048828125,130.1999969482422,244295500
2011-06-30,101.10822296142578,131.97000122070312,132.17999267578125,130.7100067138672,131.13999938964844,223322700
2011-07-01,102.60221099853516,133.9199981689453,134.10000610351562,131.77999877929688,132.08999633789062,202385700
2011-07-05,102.51790618896484,133.80999755859375,134.0800018310547,133.38999938964844,133.77999877929688,165936000
2011-07-06,102.64049530029297,133.97000122070312,134.13999938964844,133.11000061035156,133.49000549316406,143331600
2011-07-07,103.7054214477539,135.36000061035156,135.6999969482422,134.8800048828125,135.16000366210938,170464200
2011-07-08,102.96995544433594,134.39999389648438,135.36000061035156,133.38999938964844,133.8300018310547,194100500
2011-07-11,101.10822296142578,131.97000122070312,133.17999267578125,131.66000366210938,132.75,195918600
2011-07-12,100.67149353027344,131.39999389648438,132.77999877929688,131.36000061035156,131.69000244140625,214675700
2011-07-13,101.00862121582031,131.83999633789062,133.22000122070312,131.52000427246094,132.08999633789062,204062600
2011-07-14,100.31143951416016,130.92999267578125,132.77999877929688,130.67999267578125,132.1699981689453,226111800
2011-07-15,100.89366912841797,131.69000244140625,131.8699951171875,130.77000427246094,131.66000366210938,220012800
2011-07-18,100.06624603271484,130.61000061035156,131.27999877929688,129.6300048828125,131.0800018310547,196872100
2011-07-19,101.69044494628906,132.72999572753906,132.88999938964844,131.30999755859375,131.33999633789062,166554900
2011-07-20,101.62918090820312,132.64999389648438,133.14999389648438,132.4199981689453,133.07000732421875,137145400
2011-07-21,103.03890991210938,134.49000549316406,134.82000732421875,132.6699981689453,133.39999389648438,245246300
2011-07-22,103.10784912109375,134.5800018310547,134.72000122070312,133.75999450683594,134.52000427246094,126019400
2011-07-25,102.5332260131836,133.8300018310547,134.49000549316406,133.16000366210938,133.3000030517578,136653800
2011-07-26,102.15015411376953,133.3300018310547,133.9600067138672,133.02999877929688,133.74000549316406,131278200
2011-07-27,100.05857849121094,130.60000610351562,132.6300048828125,130.42999267578125,132.58999633789062,249020100
2011-07-28,99.76744079589844,130.22000122070312,131.77000427246094,130.00999450683594,130.60000610351562,207939900
2011-07-29,99.08557891845703,129.3300018310547,130.5500030517578,127.97000122070312,128.91000366210938,307038400
2011-08-01,98.6641845703125,128.77999877929688,130.9600067138672,127.52999877929688,130.83999633789062,325790900
2011-08-02,96.14359283447266,125.48999786376953,128.5,125.48999786376953,127.80999755859375,346653800
2011-08-03,96.66455078125,126.16999816894531,126.30999755859375,123.52999877929688,125.66000366210938,370830800
2011-08-04,92.13664245605469,120.26000213623047,124.62000274658203,120.05999755859375,124.41999816894531,520721800
2011-08-05,91.9987564086914,120.08000183105469,122.06999969482422,116.86000061035156,121.76000213623047,655619200
2011-08-08,86.00748443603516,112.26000213623047,120.12000274658203,112.0199966430664,116.91000366210938,702263900
2011-08-09,90.00675964355469,117.4800033569336,117.63999938964844,110.2699966430664,114.06999969482422,717828700
2011-08-10,86.03047180175781,112.29000091552734,116.27999877929688,111.94999694824219,115.26000213623047,662607400
2011-08-11,89.891845703125,117.33000183105469,118.91999816894531,112.31999969482422,113.26000213623047,487979700
2011-08-12,90.49712371826172,118.12000274658203,119.20999908447266,117.27999877929688,118.4000015258789,313731600
2011-08-15,92.41246032714844,120.62000274658203,120.73999786376953,119.0,119.19000244140625,258810600
2011-08-16,91.62332153320312,119.58999633789062,120.69000244140625,118.30999755859375,119.47000122070312,294095200
2011-08-17,91.68461608886719,119.66999816894531,121.19999694824219,118.72000122070312,120.25,238201100
2011-08-18,87.7313003540039,114.51000213623047,119.70999908447266,113.38999938964844,116.5,512956300
2011-08-19,86.29859924316406,112.63999938964844,115.87999725341797,112.5,112.95999908447266,428281300
2011-08-22,86.36756896972656,112.7300033569336,115.2300033569336,112.41000366210938,115.16999816894531,275090600
2011-08-23,89.20996856689453,116.44000244140625,116.56999969482422,112.58000183105469,113.1500015258789,331136600
2011-08-24,90.4664535522461,118.08000183105469,118.23999786376953,115.91999816894531,116.19000244140625,246869700
2011-08-25,89.08740997314453,116.27999877929688,119.4000015258789,115.87000274658203,118.7300033569336,312365400
2011-08-26,90.38218688964844,117.97000122070312,118.51000213623047,113.8499984741211,115.69000244140625,314495900
2011-08-29,92.9793930053711,121.36000061035156,121.43000030517578,118.05999755859375,119.55999755859375,190977200
2011-08-30,93.22457122802734,121.68000030517578,122.43000030517578,119.26000213623047,120.83000183105469,241315700
2011-08-31,93.63827514648438,122.22000122070312,123.51000213623047,121.30000305175781,122.45999908447266,301828400
2011-09-01,92.65760803222656,120.94000244140625,123.4000015258789,120.77999877929688,122.29000091552734,254585900
2011-09-02,90.29023742675781,117.8499984741211,120.87000274658203,117.43000030517578,118.41999816894531,255517200
2011-09-06,89.63134765625,116.98999786376953,117.16000366210938,114.37999725341797,114.38999938964844,285130500
2011-09-07,92.15963745117188,120.29000091552734,120.33999633789062,118.36000061035156,118.76000213623047,209803200
2011-09-08,91.20194244384766,119.04000091552734,120.94000244140625,118.7699966430664,119.56999969482422,250568200
2011-09-09,88.81156921386719,115.91999816894531,119.05999755859375,115.27999877929688,117.68000030517578,380195100
2011-09-12,89.38618469238281,116.66999816894531,116.76000213623047,114.05000305175781,114.47000122070312,305793500
2011-09-13,90.20594787597656,117.73999786376953,118.18000030517578,116.22000122070312,117.05000305175781,272514700
2011-09-14,91.45480346679688,119.37000274658203,120.80000305175781,116.72000122070312,118.33999633789062,319389500
2011-09-15,93.03304290771484,121.43000030517578,121.47000122070312,119.4000015258789,120.6500015258789,326777200
2011-09-16,93.58364868164062,121.5199966430664,121.97000122070312,120.31999969482422,121.29000091552734,284528300
2011-09-19,92.6518325805664,120.30999755859375,120.93000030517578,118.72000122070312,119.52999877929688,241517000
2011-09-20,92.54400634765625,120.16999816894531,121.98999786376953,120.01000213623047,120.81999969482422,218932200
2011-09-21,89.81781005859375,116.62999725341797,120.5999984741211,116.44000244140625,120.2300033569336,316251300
2011-09-22,86.91450500488281,112.86000061035156,114.20999908447266,111.30000305175781,113.25,513911300
2011-09-23,87.43818664550781,113.54000091552734,114.16000366210938,112.0199966430664,112.11000061035156,307242500
2011-09-26,89.51746368408203,116.23999786376953,116.4000015258789,112.9800033569336,114.61000061035156,260673700
2011-09-27,90.51862335205078,117.54000091552734,119.55999755859375,116.83999633789062,118.52999877929688,311753900
2011-09-28,88.67036437988281,115.13999938964844,118.48999786376953,114.97000122070312,117.77999877929688,286696800
2011-09-29,89.37115478515625,116.05000305175781,117.62999725341797,113.93000030517578,117.05000305175781,298108900
2011-09-30,87.1378402709961,113.1500015258789,115.44999694824219,113.06999969482422,114.44999694824219,288392300
2011-10-03,84.65808868408203,109.93000030517578,113.94999694824219,109.80999755859375,112.48999786376953,365136800
2011-10-04,86.51406860351562,112.33999633789062,112.58000183105469,107.43000030517578,108.3499984741211,459177500
2011-10-05,88.11587524414062,114.41999816894531,114.72000122070312,111.58000183105469,112.62000274658203,284108000
2011-10-06,89.71000671386719,116.48999786376953,116.66000366210938,113.51000213623047,114.36000061035156,257800800
2011-10-07,89.10928344726562,115.70999908447266,117.25,115.05999755859375,117.16999816894531,312657900
2011-10-10,92.08965301513672,119.58000183105469,119.62999725341797,117.66999816894531,117.68000030517578,230666300
2011-10-11,92.18204498291016,119.69999694824219,120.04000091552734,118.75,118.87000274658203,209088000
2011-10-12,92.9906997680664,120.75,122.13999938964844,120.33000183105469,120.5999984741211,281544900
2011-10-13,92.80584716796875,120.51000213623047,120.87000274658203,119.12000274658203,120.04000091552734,212538800
2011-10-14,94.39228057861328,122.56999969482422,122.5999984741211,121.2300033569336,121.91000366210938,211397600
2011-10-17,92.59021759033203,120.2300033569336,122.55000305175781,119.93000030517578,121.98999786376953,202311600
2011-10-18,94.39997100830078,122.58000183105469,123.5,119.19999694824219,120.13999938964844,318857900
2011-10-19,93.28331756591797,121.12999725341797,123.08000183105469,120.70999908447266,122.37999725341797,226601300
2011-10-20,93.6915054321289,121.66000366210938,122.0999984741211,119.81999969482422,121.43000030517578,262075600
2011-10-21,95.4704360961914,123.97000122070312,124.12000274658203,122.72000122070312,123.08999633789062,278999400
2011-10-24,96.64099884033203,125.48999786376953,125.80000305175781,124.05999755859375,124.16999816894531,203215600
2011-10-25,94.76194763183594,123.05000305175781,124.94999694824219,122.77999877929688,124.88999938964844,268596800
2011-10-26,95.72456359863281,124.30000305175781,124.7699966430664,122.20999908447266,124.3499984741211,289053800
2011-10-27,99.05911254882812,128.6300048828125,129.4199981689453,126.61000061035156,127.62999725341797,393220200
2011-10-28,99.03602600097656,128.60000610351562,128.85000610351562,127.80000305175781,128.0,225906500
2011-10-31,96.64867401123047,125.5,128.6199951171875,125.31999969482422,127.16000366210938,228146700
2011-11-01,93.9533462524414,122.0,123.51000213623047,121.5199966430664,122.02999877929688,416565800
2011-11-02,95.48585510253906,123.98999786376953,124.4000015258789,122.79000091552734,123.83000183105469,244717600
2011-11-03,97.2262954711914,126.25,126.5,123.5999984741211,125.2699966430664,291174800
2011-11-04,96.63330078125,125.4800033569336,125.69999694824219,124.01000213623047,125.2300033569336,249401600
2011-11-07,97.23397827148438,126.26000213623047,126.38999938964844,124.19999694824219,125.38999938964844,196617200
2011-11-08,98.48153686523438,127.87999725341797,128.02000427246094,125.70999908447266,126.91999816894531,224426300
2011-11-09,94.84664154052734,123.16000366210938,125.80000305175781,122.86000061035156,124.88999938964844,337982000
2011-11-10,95.73995208740234,124.31999969482422,124.94000244140625,123.0199966430664,124.79000091552734,231866500
2011-11-11,97.54199981689453,126.66000366210938,126.98999786376953,125.79000091552734,125.83000183105469,189924400
2011-11-14,96.61788940429688,125.45999908447266,127.44999694824219,124.91999816894531,126.19000244140625,159258300
2011-11-15,97.09535217285156,126.08000183105469,126.75,124.72000122070312,125.16999816894531,184709400
2011-11-16,95.55516052246094,124.08000183105469,126.33999633789062,123.9000015258789,124.80999755859375,235782500
2011-11-17,94.03801727294922,122.11000061035156,124.16000366210938,121.2300033569336,123.8499984741211,331219600
2011-11-18,93.93791198730469,121.9800033569336,122.75,121.47000122070312,122.5,215580400
2011-11-21,92.1512680053711,119.66000366210938,120.3499984741211,118.6500015258789,120.19999694824219,229611600
2011-11-22,91.78929138183594,119.19000244140625,120.0999984741211,118.5199966430664,119.4000015258789,216494900
2011-11-23,89.763916015625,116.55999755859375,119.19000244140625,116.55999755859375,118.06999969482422,224329100
2011-11-25,89.5945053100586,116.33999633789062,117.69999694824219,116.19999694824219,116.37999725341797,99557000
2011-11-28,92.18976593017578,119.70999908447266,120.18000030517578,118.81999969482422,119.54000091552734,210686000
2011-11-29,92.45160675048828,120.05000305175781,121.0,119.61000061035156,120.05000305175781,199241500
2011-11-30,96.25591278076172,124.98999786376953,125.22000122070312,120.0,123.48999786376953,324439500
2011-12-01,96.24055480957031,124.97000122070312,125.63999938964844,124.43000030517578,124.8499984741211,176954800
2011-12-02,96.15583038330078,124.86000061035156,126.5,124.77999877929688,126.12000274658203,221109700
2011-12-05,97.20315551757812,126.22000122070312,127.18000030517578,125.44000244140625,126.83999633789062,225263900
2011-12-06,97.23397827148438,126.26000213623047,127.11000061035156,125.76000213623047,126.20999908447266,178842100
2011-12-07,97.59593963623047,126.7300033569336,127.26000213623047,124.97000122070312,125.83999633789062,237802500
2011-12-08,95.45502471923828,123.94999694824219,126.18000030517578,123.6500015258789,125.9000015258789,240862800
2011-12-09,97.07225036621094,126.05000305175781,126.37000274658203,124.4000015258789,124.51000213623047,209111400
2011-12-12,95.65525817871094,124.20999908447266,124.97000122070312,123.16000366210938,124.94999694824219,215826100
2011-12-13,94.76194763183594,123.05000305175781,125.56999969482422,122.44999694824219,124.86000061035156,245159800
2011-12-14,93.75306701660156,121.73999786376953,123.02999877929688,121.47000122070312,122.55999755859375,238618800
2011-12-15,94.09190368652344,122.18000030517578,123.19999694824219,121.98999786376953,123.02999877929688,199109200
2011-12-16,94.23143768310547,121.58999633789062,122.94999694824219,121.30000305175781,122.2300033569336,220481400
2011-12-19,93.22394561767578,120.29000091552734,122.31999969482422,120.02999877929688,122.05999755859375,183903000
2011-12-20,96.04490661621094,123.93000030517578,124.13999938964844,120.37000274658203,122.18000030517578,225418100
2011-12-21,96.23088073730469,124.16999816894531,124.36000061035156,122.75,123.93000030517578,194230900
2011-12-22,97.08338928222656,125.2699966430664,125.4000015258789,124.2300033569336,124.62999725341797,119465400
2011-12-23,97.95140838623047,126.38999938964844,126.43000030517578,125.41000366210938,125.66999816894531,92187200
2011-12-27,98.02890014648438,126.48999786376953,126.81999969482422,126.05999755859375,126.16999816894531,86075700
2011-12-28,96.74240112304688,124.83000183105469,126.52999877929688,124.7300033569336,126.51000213623047,119107100
2011-12-29,97.74214172363281,126.12000274658203,126.25,124.86000061035156,125.23999786376953,123507200
2011-12-30,97.26164245605469,125.5,126.33000183105469,125.5,126.0199966430664,95599000
2012-01-03,98.8116455078125,127.5,128.3800048828125,127.43000030517578,127.76000213623047,193697900
2012-01-04,98.96663665771484,127.69999694824219,127.80999755859375,126.70999908447266,127.19999694824219,127186500
2012-01-05,99.23015594482422,128.0399932861328,128.22999572753906,126.43000030517578,127.01000213623047,173895000
2012-01-06,98.97439575195312,127.70999908447266,128.22000122070312,127.29000091552734,128.1999969482422,148050000
2012-01-09,99.21464538574219,128.02000427246094,128.17999267578125,127.41000366210938,128.0,99530200
2012-01-10,100.07486724853516,129.1300048828125,129.64999389648438,128.9499969482422,129.38999938964844,115282000
2012-01-11,100.12913513183594,129.1999969482422,129.3699951171875,128.52000427246094,128.72999572753906,111540700
2012-01-12,100.36935424804688,129.50999450683594,129.6999969482422,128.5399932861328,129.57000732421875,118983700
2012-01-13,99.85012817382812,128.83999633789062,129.0500030517578,127.72000122070312,128.63999938964844,179836200
2012-01-17,100.23765563964844,129.33999633789062,130.32000732421875,128.89999389648438,130.0800018310547,132209200
2012-01-18,101.34588623046875,130.77000427246094,130.83999633789062,129.0800018310547,129.30999755859375,163395200
2012-01-19,101.88063049316406,131.4600067138672,131.57000732421875,130.8000030517578,131.22000122070312,126328900
2012-01-20,102.26033782958984,131.9499969482422,131.9499969482422,130.9199981689453,131.24000549316406,138230200
2012-01-23,101.9968490600586,131.61000061035156,132.25,130.97999572753906,131.50999450683594,129295800
2012-01-24,101.88063049316406,131.4600067138672,131.5,130.60000610351562,130.8000030517578,103083300
2012-01-25,102.73310089111328,132.55999755859375,132.8699951171875,130.75,131.25999450683594,198613200
2012-01-26,102.20610046386719,131.8800048828125,133.39999389648438,131.36000061035156,133.14999389648438,184880500
2012-01-27,102.15962219238281,131.82000732421875,132.0500030517578,131.14999389648438,131.24000549316406,135259100
2012-01-30,101.81087493896484,131.3699951171875,131.44000244140625,130.05999755859375,130.50999450683594,147311800
2012-01-31,101.7721176147461,131.32000732421875,132.17999267578125,130.67999267578125,132.02000427246094,157212000
2012-02-01,102.663330078125,132.47000122070312,133.13999938964844,132.1300048828125,132.2899932861328,166234500
2012-02-02,102.82608795166016,132.67999267578125,133.02000427246094,132.2100067138672,132.72999572753906,113090400
2012-02-03,104.2676010131836,134.5399932861328,134.6199951171875,133.77000427246094,134.0,160598500
2012-02-06,104.19784545898438,134.4499969482422,134.50999450683594,133.8300018310547,133.97999572753906,107694500
2012-02-07,104.46131896972656,134.7899932861328,135.02000427246094,133.63999938964844,134.1699981689453,135528100
2012-02-08,104.7713394165039,135.19000244140625,135.22000122070312,134.30999755859375,134.86000061035156,139361400
2012-02-09,104.90308380126953,135.36000061035156,135.58999633789062,134.55999755859375,135.41000366210938,148602900
2012-02-10,104.12808990478516,134.36000061035156,134.47000122070312,133.83999633789062,134.16000366210938,167907500
2012-02-13,104.90308380126953,135.36000061035156,135.52000427246094,134.74000549316406,135.32000732421875,115841900
2012-02-14,104.7713394165039,135.19000244140625,135.27000427246094,134.25,135.0,165329500
2012-02-15,104.28311157226562,134.55999755859375,135.8300018310547,134.2899932861328,135.6300048828125,195195100
2012-02-16,105.43782043457031,136.0500030517578,136.1699981689453,134.3300018310547,134.57000732421875,186567800
2012-02-17,105.71685028076172,136.41000366210938,136.6300048828125,135.9600067138672,136.52000427246094,129869400
2012-02-21,105.76329803466797,136.47000122070312,137.0500030517578,136.0500030517578,136.72999572753906,134042300
2012-02-22,105.42231750488281,136.02999877929688,136.5500030517578,135.7899932861328,136.25999450683594,124455300
2012-02-23,105.88736724853516,136.6300048828125,136.72999572753906,135.5,135.9600067138672,137704300
2012-02-24,106.11981201171875,136.92999267578125,137.1999969482422,136.6300048828125,136.92999267578125,105539100
2012-02-27,106.2980728149414,137.16000366210938,137.52999877929688,135.8000030517578,136.02000427246094,145728900
2012-02-28,106.60807800292969,137.55999755859375,137.72000122070312,136.92999267578125,137.1999969482422,129355900
2012-02-29,106.18956756591797,137.02000427246094,138.19000244140625,136.5399932861328,137.75999450683594,185934700
2012-03-01,106.73981475830078,137.72999572753906,137.99000549316406,136.92999267578125,137.30999755859375,145023500
2012-03-02,106.4143295288086,137.30999755859375,137.82000732421875,137.0,137.63999938964844,120638300
2012-03-05,105.98033905029297,136.75,137.1999969482422,136.27999877929688,137.10000610351562,140765000
2012-03-06,104.43034362792969,134.75,135.42999267578125,134.36000061035156,135.35000610351562,202129900
2012-03-07,105.1588134765625,135.69000244140625,135.91000366210938,134.92999267578125,135.05999755859375,143692200
2012-03-08,106.2050552368164,137.0399932861328,137.32000732421875,136.24000549316406,136.52000427246094,116968900
2012-03-09,106.61581420898438,137.57000732421875,137.92999267578125,137.1300048828125,137.3000030517578,122836800
2012-03-12,106.62357330322266,137.5800018310547,137.75999450683594,137.08999633789062,137.5500030517578,104003500
2012-03-13,108.5455551147461,140.05999755859375,140.1300048828125,138.08999633789062,138.32000732421875,184090500
2012-03-14,108.42928314208984,139.91000366210938,140.4499969482422,139.47999572753906,140.10000610351562,145163600
2012-03-15,109.05705261230469,140.72000122070312,140.77999877929688,139.75999450683594,140.1199951171875,165118500
2012-03-16,109.20808410644531,140.3000030517578,140.47999572753906,140.0,140.36000061035156,152893500
2012-03-19,109.63616943359375,140.85000610351562,141.27999877929688,140.11000061035156,140.2100067138672,125291100
2012-03-20,109.31700897216797,140.44000244140625,140.61000061035156,139.63999938964844,140.0500030517578,121729700
2012-03-21,109.13802337646484,140.2100067138672,140.64999389648438,139.9199981689453,140.52000427246094,122388400
2012-03-22,108.3518295288086,139.1999969482422,139.5500030517578,138.74000549316406,139.17999267578125,135216700
2012-03-23,108.70209503173828,139.64999389648438,139.80999755859375,138.5500030517578,139.32000732421875,120521000
2012-03-26,110.22770690917969,141.61000061035156,141.61000061035156,140.60000610351562,140.64999389648438,120164000
2012-03-27,109.88524627685547,141.1699981689453,141.8300018310547,141.0800018310547,141.74000549316406,119868500
2012-03-28,109.34040069580078,140.47000122070312,141.32000732421875,139.63999938964844,141.10000610351562,148562100
2012-03-29,109.153564453125,140.22999572753906,140.49000549316406,139.08999633789062,139.63999938964844,164963700
2012-03-30,109.6050033569336,140.80999755859375,141.0500030517578,140.0500030517578,140.9199981689453,135486800
2012-04-02,110.40676879882812,141.83999633789062,142.2100067138672,140.36000061035156,140.63999938964844,151741100
2012-04-03,109.9552993774414,141.25999450683594,141.8800048828125,140.42999267578125,141.63999938964844,155806700
2012-04-04,108.8655776977539,139.86000061035156,140.33999633789062,139.33999633789062,140.22000122070312,146896000
2012-04-05,108.81108093261719,139.7899932861328,140.1999969482422,139.25999450683594,139.3800048828125,137439400
2012-04-09,107.58900451660156,138.22000122070312,139.83999633789062,137.83999633789062,138.02999877929688,127555900
2012-04-10,105.78312683105469,135.89999389648438,138.33999633789062,135.75999450683594,137.9499969482422,235360300
2012-04-11,106.63936614990234,137.0,137.5399932861328,136.75,137.2899932861328,154133000
2012-04-12,108.03269958496094,138.7899932861328,138.89999389648438,137.02999877929688,137.1300048828125,154321500
2012-04-13,106.74835205078125,137.13999938964844,138.82000732421875,137.00999450683594,138.47000122070312,169246700
2012-04-16,106.67829132080078,137.0500030517578,138.0399932861328,136.5800018310547,137.83999633789062,147825300
2012-04-17,108.25846099853516,139.0800018310547,139.36000061035156,137.6999969482422,137.83999633789062,147877600
2012-04-18,107.89258575439453,138.61000061035156,139.0800018310547,138.3800048828125,138.4600067138672,123884200
2012-04-19,107.19978332519531,137.72000122070312,139.14999389648438,137.07000732421875,138.6300048828125,198666700
2012-04-20,107.37882995605469,137.9499969482422,138.8300018310547,137.8699951171875,138.3300018310547,143199600
2012-04-23,106.47588348388672,136.7899932861328,136.91000366210938,135.94000244140625,136.5399932861328,171844900
2012-04-24,106.88066864013672,137.30999755859375,137.66000366210938,136.8000030517578,136.91000366210938,137484200
2012-04-25,108.34405517578125,139.19000244140625,139.25,138.52999877929688,138.64999389648438,150252200
2012-04-26,109.09908294677734,140.16000366210938,140.32000732421875,138.80999755859375,138.88999938964844,136291600
2012-04-27,109.27812194824219,140.38999938964844,140.7899932861328,139.8000030517578,140.5800018310547,130725000
2012-04-30,108.87335968017578,139.8699951171875,140.2100067138672,139.49000549316406,140.11000061035156,115092200
2012-05-01,109.5505599975586,140.74000549316406,141.66000366210938,139.6300048828125,139.7899932861328,138832200
2012-05-02,109.22364807128906,140.32000732421875,140.4600067138672,139.4600067138672,139.9199981689453,121081000
2012-05-03,108.39073944091797,139.25,140.4499969482422,138.99000549316406,140.33999633789062,143759700
2012-05-04,106.63936614990234,137.0,139.3000030517578,136.9199981689453,138.52000427246094,193927300
2012-05-07,106.71720886230469,137.10000610351562,137.55999755859375,136.4600067138672,136.50999450683594,127765900
2012-05-08,106.28911590576172,136.5500030517578,136.77000427246094,134.9199981689453,136.27999877929688,213377700
2012-05-09,105.65862274169922,135.74000549316406,136.61000061035156,134.49000549316406,135.10000610351562,220752500
2012-05-10,105.87655639648438,136.02000427246094,136.85000610351562,135.7100067138672,136.67999267578125,150600000
2012-05-11,105.55738067626953,135.61000061035156,136.8699951171875,135.11000061035156,135.1699981689453,153032400
2012-05-14,104.38984680175781,134.11000061035156,135.61000061035156,133.91000366210938,134.30999755859375,163910000
2012-05-15,103.79048156738281,133.33999633789062,134.80999755859375,133.1300048828125,134.02000427246094,207629300
2012-05-16,103.39349365234375,132.8300018310547,134.5500030517578,132.8000030517578,133.94000244140625,207265500
2012-05-17,101.86003112792969,130.86000061035156,133.02000427246094,130.7899932861328,132.86000061035156,247992900
2012-05-18,100.98826599121094,129.74000549316406,131.60000610351562,129.5500030517578,131.3699951171875,319615900
2012-05-21,102.72406768798828,131.97000122070312,132.02000427246094,129.9499969482422,130.16000366210938,177861100
2012-05-22,102.90312957763672,132.1999969482422,133.22999572753906,131.33999633789062,132.30999755859375,197531200
2012-05-23,102.95755767822266,132.27000427246094,132.4600067138672,129.99000549316406,131.25,204958400
2012-05-24,103.15995025634766,132.52999877929688,132.83999633789062,131.4199981689453,132.6300048828125,167357600
2012-05-25,102.82524871826172,132.10000610351562,132.85000610351562,131.77999877929688,132.47999572753906,135465600
2012-05-29,104.0706787109375,133.6999969482422,133.92999267578125,131.1699981689453,133.16000366210938,152883500
2012-05-30,102.56062316894531,131.75999450683594,133.69000244140625,131.49000549316406,132.55999755859375,162370400
2012-05-31,102.33486938476562,131.47000122070312,132.4499969482422,130.33999633789062,131.7100067138672,196186000
2012-06-01,99.7583999633789,128.16000366210938,131.5,128.16000366210938,129.41000366210938,253240900
2012-06-04,99.71172332763672,128.10000610351562,128.74000549316406,127.13999938964844,128.38999938964844,202545800
2012-06-05,100.46672821044922,129.07000732421875,129.25999450683594,127.77999877929688,127.8499984741211,164149400
2012-06-06,102.72406768798828,131.97000122070312,132.02999877929688,129.92999267578125,129.97000122070312,184202800
2012-06-07,102.78632354736328,132.0500030517578,133.52999877929688,131.77999877929688,133.47000122070312,184772700
2012-06-08,103.60363006591797,133.10000610351562,133.1300048828125,131.2899932861328,131.7100067138672,143915400
2012-06-11,102.28816986083984,131.41000366210938,134.25,131.27999877929688,134.1699981689453,169756100
2012-06-12,103.46355438232422,132.9199981689453,133.00999450683594,131.16000366210938,131.7899932861328,181931800
2012-06-13,102.80192565917969,132.07000732421875,133.36000061035156,131.6199951171875,132.52999877929688,172223900
2012-06-14,103.89166259765625,133.47000122070312,134.0,131.97999572753906,132.33999633789062,230615500
2012-06-15,104.95417785644531,134.13999938964844,134.25999450683594,133.10000610351562,133.3800048828125,169444500
2012-06-18,105.15762329101562,134.39999389648438,134.72999572753906,133.27999877929688,133.5800018310547,131360900
2012-06-19,106.17479705810547,135.6999969482422,136.25,134.3699951171875,135.0800018310547,137382600
2012-06-20,106.00260925292969,135.47999572753906,136.10000610351562,134.27000427246094,135.7100067138672,206451800
2012-06-21,103.62406921386719,132.44000244140625,135.77999877929688,132.3300018310547,135.63999938964844,205272200
2012-06-22,104.42214965820312,133.4600067138672,133.7100067138672,132.6199951171875,133.1300048828125,130029200
2012-06-25,102.74777221679688,131.32000732421875,132.10000610351562,130.85000610351562,132.0500030517578,146375700
2012-06-26,103.26417541503906,131.97999572753906,132.3800048828125,130.92999267578125,131.6999969482422,141634000
2012-06-27,104.19524383544922,133.1699981689453,133.42999267578125,131.97000122070312,132.4199981689453,108088000
2012-06-28,103.89788818359375,132.7899932861328,132.99000549316406,131.27999877929688,132.2899932861328,169242100
2012-06-29,106.48777770996094,136.10000610351562,136.27000427246094,134.85000610351562,135.1999969482422,212250900
2012-07-02,106.80851745605469,136.50999450683594,136.64999389648438,135.52000427246094,136.47999572753906,129524500
2012-07-03,107.51274871826172,137.41000366210938,137.50999450683594,136.33999633789062,136.47999572753906,80450000
2012-07-05,107.02760314941406,136.7899932861328,137.8000030517578,136.2899932861328,136.89999389648438,126177500
2012-07-06,106.01045989990234,135.49000549316406,135.77000427246094,134.85000610351562,135.47000122070312,151192100
2012-07-09,105.87744903564453,135.32000732421875,135.57000732421875,134.6999969482422,135.3800048828125,103780500
2012-07-10,104.95417785644531,134.13999938964844,136.22999572753906,133.67999267578125,136.00999450683594,167884800
2012-07-11,104.96985626220703,134.16000366210938,134.60000610351562,133.3800048828125,134.2100067138672,141733400
2012-07-12,104.46126556396484,133.50999450683594,134.22999572753906,132.60000610351562,133.3800048828125,143583200
2012-07-13,106.21388244628906,135.75,135.88999938964844,133.83999633789062,133.86000061035156,129642600
2012-07-16,105.96353149414062,135.42999267578125,135.8300018310547,134.89999389648438,135.44000244140625,97525200
2012-07-17,106.69113159179688,136.36000061035156,136.63999938964844,134.5500030517578,135.97000122070312,138860300
2012-07-18,107.48145294189453,137.3699951171875,137.63999938964844,135.9600067138672,136.0399932861328,113349700
2012-07-19,107.7630615234375,137.72999572753906,138.17999267578125,137.2100067138672,137.64999389648438,129847300
2012-07-20,106.77722930908203,136.47000122070312,137.16000366210938,136.32000732421875,136.9499969482422,142904500
2012-07-23,105.6974868774414,135.08999633789062,136.3800048828125,133.83999633789062,134.47000122070312,145210900
2012-07-24,104.78986358642578,133.92999267578125,135.25,133.02999877929688,135.19000244140625,173301200
2012-07-25,104.81333923339844,133.9600067138672,134.55999755859375,133.25,134.2100067138672,129122300
2012-07-26,106.54249572753906,136.1699981689453,136.4600067138672,135.25999450683594,135.88999938964844,156526500
2012-07-27,108.5063705444336,138.67999267578125,139.07000732421875,136.13999938964844,136.88999938964844,236768900
2012-07-30,108.5063705444336,138.67999267578125,139.33999633789062,138.27000427246094,138.52000427246094,106782000
2012-07-31,107.74745178222656,137.7100067138672,138.8699951171875,137.7100067138672,138.49000549316406,120575900
2012-08-01,107.65354919433594,137.58999633789062,138.72999572753906,137.39999389648438,138.6999969482422,138293800
2012-08-02,106.91026306152344,136.63999938964844,137.57000732421875,135.5800018310547,136.5500030517578,199556600
2012-08-03,109.03062438964844,139.35000610351562,139.63999938964844,136.67999267578125,138.55999755859375,157825000
2012-08-06,109.24185180664062,139.6199951171875,140.1699981689453,139.55999755859375,139.72000122070312,86326200
2012-08-07,109.78956604003906,140.32000732421875,140.9199981689453,140.02999877929688,140.17999267578125,109545100
2012-08-08,109.9225845336914,140.49000549316406,140.64999389648438,139.80999755859375,139.85000610351562,89754700
2012-08-09,110.01644134521484,140.61000061035156,140.88999938964844,140.14999389648438,140.2899932861328,90291700
2012-08-10,110.19641876220703,140.83999633789062,140.88999938964844,139.80999755859375,140.0399932861328,99792700
2012-08-13,110.14167785644531,140.77000427246094,140.83999633789062,140.0399932861328,140.60000610351562,79426900
2012-08-14,110.15729522705078,140.7899932861328,141.3800048828125,140.3699951171875,141.2899932861328,102379400
2012-08-15,110.28250122070312,140.9499969482422,141.19000244140625,140.5500030517578,140.63999938964844,71085900
2012-08-16,111.09623718261719,141.99000549316406,142.16000366210938,140.8000030517578,141.14999389648438,112014200
2012-08-17,111.24488830566406,142.17999267578125,142.3000030517578,141.86000061035156,142.22999572753906,90813700
2012-08-20,111.25270080566406,142.19000244140625,142.22000122070312,141.58999633789062,141.97999572753906,78255700
2012-08-21,110.91624450683594,141.75999450683594,143.08999633789062,141.4499969482422,142.5399932861328,105581100
2012-08-22,110.96321105957031,141.82000732421875,142.0500030517578,141.07000732421875,141.39999389648438,133243500
2012-08-23,110.05560302734375,140.66000366210938,141.47999572753906,140.44000244140625,141.47000122070312,111466400
2012-08-24,110.72061920166016,141.50999450683594,141.8300018310547,140.22000122070312,140.30999755859375,99481200
2012-08-27,110.74411010742188,141.5399932861328,142.0800018310547,141.33999633789062,141.88999938964844,68785900
2012-08-28,110.63459014892578,141.39999389648438,141.83999633789062,140.97000122070312,141.17999267578125,75689600
2012-08-29,110.72061920166016,141.50999450683594,141.88999938964844,141.1199951171875,141.52000427246094,65421300
2012-08-30,109.9225845336914,140.49000549316406,140.94000244140625,140.19000244140625,140.89999389648438,96589900
2012-08-31,110.44680786132812,141.16000366210938,141.82000732421875,140.36000061035156,141.2899932861328,151970400
2012-09-04,110.34508514404297,141.02999877929688,141.4600067138672,140.1300048828125,141.0399932861328,120226200
2012-09-05,110.25119018554688,140.91000366210938,141.47000122070312,140.6300048828125,141.08999633789062,100660300
2012-09-06,112.48894500732422,143.77000427246094,143.77999877929688,141.75,141.75999450683594,158272500
2012-09-07,112.92705535888672,144.3300018310547,144.38999938964844,143.8800048828125,144.00999450683594,107272100
2012-09-10,112.2855224609375,143.50999450683594,144.44000244140625,143.4600067138672,144.19000244140625,86458500
2012-09-11,112.59846496582031,143.91000366210938,144.3699951171875,143.55999755859375,143.60000610351562,88760000
2012-09-12,112.9740219116211,144.38999938964844,144.5500030517578,143.89999389648438,144.38999938964844,87640900
2012-09-13,114.6953353881836,146.58999633789062,147.0399932861328,143.99000549316406,144.3699951171875,225470200
2012-09-14,115.20394897460938,147.24000549316406,148.11000061035156,146.75999450683594,146.8800048828125,169777000
2012-09-17,114.8127212524414,146.74000549316406,147.19000244140625,146.3699951171875,146.94000244140625,119427800
2012-09-18,114.71878051757812,146.6199951171875,146.80999755859375,146.25,146.49000549316406,98326600
2012-09-19,114.78143310546875,146.6999969482422,147.1699981689453,146.41000366210938,146.7899932861328,128318300
2012-09-20,114.78923797607422,146.7100067138672,146.7899932861328,145.6300048828125,146.02999877929688,154009800
2012-09-21,114.74124145507812,145.8699951171875,146.6699981689453,145.80999755859375,146.63999938964844,108737500
2012-09-24,114.5682144165039,145.64999389648438,145.97999572753906,145.0399932861328,145.14999389648438,95682000
2012-09-25,113.34900665283203,144.10000610351562,146.24000549316406,144.05999755859375,145.9600067138672,133165200
2012-09-26,112.71185302734375,143.2899932861328,144.11000061035156,142.9499969482422,144.07000732421875,146502200
2012-09-27,113.77371978759766,144.63999938964844,144.97000122070312,143.50999450683594,143.88999938964844,111830300
2012-09-28,113.24674987792969,143.97000122070312,144.55999755859375,143.4600067138672,144.08999633789062,150696100
2012-10-01,113.54562377929688,144.35000610351562,145.69000244140625,144.00999450683594,144.52000427246094,135911200
2012-10-02,113.66361999511719,144.5,145.14999389648438,143.8300018310547,144.9199981689453,113422200
2012-10-03,114.12772369384766,145.08999633789062,145.42999267578125,144.1300048828125,144.88999938964844,121283100
2012-10-04,114.94580841064453,146.1300048828125,146.33999633789062,145.44000244140625,145.63999938964844,124311600
2012-10-05,114.95364379882812,146.13999938964844,147.16000366210938,145.6999969482422,146.91000366210938,124842100
2012-10-08,114.56033325195312,145.63999938964844,146.1199951171875,145.30999755859375,145.60000610351562,78415400
2012-10-09,113.42765045166016,144.1999969482422,145.64999389648438,144.14999389648438,145.52999877929688,148872900
2012-10-10,112.70394897460938,143.27999877929688,144.32000732421875,143.08999633789062,144.17999267578125,124247500
2012-10-11,112.76689147949219,143.36000061035156,144.49000549316406,143.3300018310547,144.27999877929688,123601500
2012-10-12,112.39720916748047,142.88999938964844,143.9499969482422,142.5800018310547,143.4600067138672,124181900
2012-10-15,113.33323669433594,144.0800018310547,144.22999572753906,142.77000427246094,143.22999572753906,107689100
2012-10-16,114.48168182373047,145.5399932861328,145.63999938964844,144.66000366210938,144.75999450683594,108815500
2012-10-17,115.00083923339844,146.1999969482422,146.32000732421875,145.4199981689453,145.63999938964844,128834100
2012-10-18,114.70196533203125,145.82000732421875,146.52000427246094,145.3300018310547,145.82000732421875,148108500
2012-10-19,112.79047393798828,143.38999938964844,145.55999755859375,143.0500030517578,145.5500030517578,185645200
2012-10-22,112.80622863769531,143.41000366210938,143.6699981689453,142.27999877929688,143.14999389648438,125578600
2012-10-23,111.24089813232422,141.4199981689453,142.05999755859375,140.8300018310547,141.86000061035156,192056300
2012-10-24,110.92625427246094,141.02000427246094,142.10000610351562,140.8000030517578,141.92999267578125,120179400
2012-10-25,111.24876403808594,141.42999267578125,142.27999877929688,140.57000732421875,142.02000427246094,134457400
2012-10-26,111.1858139038086,141.35000610351562,141.83999633789062,140.38999938964844,141.3000030517578,146023500
2012-10-31,111.1858139038086,141.35000610351562,142.02999877929688,140.67999267578125,141.85000610351562,103438500
2012-11-01,112.35002899169922,142.8300018310547,143.00999450683594,141.52000427246094,141.64999389648438,100995600
2012-11-02,111.35103607177734,141.55999755859375,143.72000122070312,141.41000366210938,143.67999267578125,137702200
2012-11-05,111.57913970947266,141.85000610351562,142.1699981689453,140.92999267578125,141.35000610351562,98378500
2012-11-06,112.45223999023438,142.9600067138672,143.52000427246094,142.1300048828125,142.27999877929688,107068100
2012-11-07,109.90370178222656,139.72000122070312,141.67999267578125,139.05999755859375,141.66000366210938,264304500
2012-11-08,108.58220672607422,138.0399932861328,140.41000366210938,137.92999267578125,139.6999969482422,181517300
2012-11-09,108.67662048339844,138.16000366210938,139.44000244140625,137.5500030517578,137.6199951171875,201055300
2012-11-12,108.76314544677734,138.27000427246094,138.80999755859375,137.9600067138672,138.58999633789062,97677500
2012-11-13,108.38556671142578,137.7899932861328,139.25,137.36000061035156,137.5399932861328,123018300
2012-11-14,106.92243957519531,135.92999267578125,138.42999267578125,135.6199951171875,138.2100067138672,191505000
2012-11-15,106.74159240722656,135.6999969482422,136.49000549316406,135.17999267578125,135.97999572753906,178128400
2012-11-16,107.26856994628906,136.3699951171875,136.63999938964844,134.6999969482422,135.89999389648438,239483900
2012-11-19,109.43958282470703,139.1300048828125,139.14999389648438,136.41000366210938,137.89999389648438,151495800
2012-11-20,109.48677825927734,139.19000244140625,139.4199981689453,138.0800018310547,138.91000366210938,119807400
2012-11-21,109.6913070678711,139.4499969482422,139.57000732421875,139.02999877929688,139.30999755859375,81710800
2012-11-23,111.1858139038086,141.35000610351562,141.39999389648438,140.0399932861328,140.1300048828125,65409200
2012-11-26,110.94986724853516,141.0500030517578,141.36000061035156,140.19000244140625,140.64999389648438,100124400
2012-11-27,110.38355255126953,140.3300018310547,141.38999938964844,140.24000549316406,140.91000366210938,128646200
2012-11-28,111.27239990234375,141.4600067138672,141.5399932861328,139.0,139.75999450683594,177086500
2012-11-29,111.79145812988281,142.1199951171875,142.50999450683594,141.3699951171875,141.99000549316406,151085900
2012-11-30,111.81513977050781,142.14999389648438,142.4199981689453,141.66000366210938,142.13999938964844,136568300
2012-12-03,111.26445007324219,141.4499969482422,142.9199981689453,141.33999633789062,142.8000030517578,124656300
2012-12-04,111.10714721679688,141.25,141.8699951171875,140.8699951171875,141.44000244140625,127512200
2012-12-05,111.3038101196289,141.5,142.16000366210938,140.3699951171875,141.3699951171875,147300500
2012-12-06,111.68136596679688,141.97999572753906,142.0399932861328,141.16000366210938,141.3699951171875,103220600
2012-12-07,112.01966857910156,142.41000366210938,142.69000244140625,141.6699981689453,142.52999877929688,108726400
2012-12-10,112.06682586669922,142.47000122070312,142.80999755859375,142.14999389648438,142.2100067138672,98840700
2012-12-11,112.82987213134766,143.44000244140625,144.11000061035156,142.99000549316406,143.05999755859375,152570400
2012-12-12,112.88489532470703,143.50999450683594,144.5500030517578,143.30999755859375,144.0,145880100
2012-12-13,112.19268035888672,142.6300048828125,143.8300018310547,142.27000427246094,143.4199981689453,135715000
2012-12-14,111.77577209472656,142.10000610351562,142.5800018310547,141.8800048828125,142.32000732421875,137701700
2012-12-17,113.08942413330078,143.77000427246094,143.85000610351562,142.42999267578125,142.47000122070312,143238200
2012-12-18,114.34795379638672,145.3699951171875,145.5,143.7899932861328,144.0,177762800
2012-12-19,113.4984359741211,144.2899932861328,145.5800018310547,144.24000549316406,145.52999877929688,150895400
2012-12-20,114.15131378173828,145.1199951171875,145.13999938964844,143.97999572753906,144.3800048828125,168487000
2012-12-21,113.1151351928711,142.7899932861328,144.08999633789062,141.94000244140625,142.1699981689453,245883800
2012-12-24,112.7666244506836,142.35000610351562,142.55999755859375,142.19000244140625,142.47999572753906,53874600
2012-12-26,112.29127502441406,141.75,142.7100067138672,141.35000610351562,142.63999938964844,106947700
2012-12-27,112.14080047607422,141.55999755859375,142.0800018310547,139.9199981689453,141.7899932861328,167920600
2012-12-28,110.92874145507812,140.02999877929688,141.4199981689453,139.8699951171875,140.63999938964844,148806700
2012-12-31,112.81414031982422,142.41000366210938,142.55999755859375,139.5399932861328,139.66000366210938,243935200
2013-01-02,115.7055435180664,146.05999755859375,146.14999389648438,144.72999572753906,145.11000061035156,192059000
2013-01-03,115.44410705566406,145.72999572753906,146.3699951171875,145.33999633789062,145.99000549316406,144761800
2013-01-04,115.95111846923828,146.3699951171875,146.61000061035156,145.6699981689453,145.97000122070312,116817700
2013-01-07,115.63427734375,145.97000122070312,146.11000061035156,145.42999267578125,145.85000610351562,110002500
2013-01-08,115.30160522460938,145.5500030517578,145.91000366210938,144.97999572753906,145.7100067138672,121265100
2013-01-09,115.59465026855469,145.9199981689453,146.32000732421875,145.63999938964844,145.8699951171875,90745600
2013-01-10,116.51358032226562,147.0800018310547,147.08999633789062,145.97000122070312,146.72999572753906,130735400
2013-01-11,116.50570678710938,147.07000732421875,147.14999389648438,146.61000061035156,147.0399932861328,113917300
2013-01-14,116.42648315429688,146.97000122070312,147.07000732421875,146.42999267578125,146.88999938964844,89567200
2013-01-15,116.50570678710938,147.07000732421875,147.2100067138672,146.1999969482422,146.2899932861328,93172600
2013-01-16,116.48982238769531,147.0500030517578,147.27999877929688,146.61000061035156,146.77000427246094,104849500
2013-01-17,117.24239349365234,148.0,148.4199981689453,147.14999389648438,147.6999969482422,133833500
2013-01-18,117.50382232666016,148.3300018310547,148.49000549316406,147.42999267578125,147.97000122070312,169906000
2013-01-22,118.13758087158203,149.1300048828125,149.1300048828125,147.97999572753906,148.3300018310547,111797300
2013-01-23,118.32762908935547,149.3699951171875,149.5,148.86000061035156,149.1300048828125,104596100
2013-01-24,118.35935974121094,149.41000366210938,150.13999938964844,149.00999450683594,149.14999389648438,146426400
2013-01-25,119.02478790283203,150.25,150.25,149.3699951171875,149.8800048828125,147211600
2013-01-28,118.8822250366211,150.07000732421875,150.3300018310547,149.50999450683594,150.2899932861328,113357700
2013-01-29,119.3496322631836,150.66000366210938,150.85000610351562,149.6699981689453,149.77000427246094,105694400
2013-01-30,118.8822250366211,150.07000732421875,150.94000244140625,149.92999267578125,150.63999938964844,137447700
2013-01-31,118.5891342163086,149.6999969482422,150.3800048828125,149.60000610351562,149.88999938964844,108975800
2013-02-01,119.80902099609375,151.24000549316406,151.4199981689453,150.38999938964844,150.64999389648438,131173000
2013-02-04,118.46236419677734,149.5399932861328,151.27000427246094,149.42999267578125,150.32000732421875,159073600
2013-02-05,119.65853881835938,151.0500030517578,151.47999572753906,150.2899932861328,150.35000610351562,113912400
2013-02-06,119.74569702148438,151.16000366210938,151.25999450683594,150.41000366210938,150.52000427246094,138762800
2013-02-07,119.58723449707031,150.9600067138672,151.35000610351562,149.86000061035156,151.2100067138672,162490000
2013-02-08,120.25267028808594,151.8000030517578,151.88999938964844,151.22000122070312,151.22000122070312,103133700
2013-02-11,120.22895812988281,151.77000427246094,151.89999389648438,151.38999938964844,151.74000549316406,73775000
2013-02-12,120.42696380615234,152.02000427246094,152.3000030517578,151.61000061035156,151.77999877929688,65392700
2013-02-13,120.52994537353516,152.14999389648438,152.61000061035156,151.72000122070312,152.3300018310547,82322600
2013-02-14,120.64086151123047,152.2899932861328,152.47000122070312,151.52000427246094,151.69000244140625,80834300
2013-02-15,120.4982681274414,152.11000061035156,152.58999633789062,151.5500030517578,152.42999267578125,215226500
2013-02-19,121.40135192871094,153.25,153.27999877929688,152.16000366210938,152.3699951171875,95105400
2013-02-20,119.88831329345703,151.33999633789062,153.19000244140625,151.25999450683594,153.13999938964844,160574800
2013-02-21,119.15953063964844,150.4199981689453,151.4199981689453,149.94000244140625,150.9600067138672,183257000
2013-02-22,120.3239974975586,151.88999938964844,151.88999938964844,150.49000549316406,151.14999389648438,106356600
2013-02-25,118.03455352783203,149.0,152.86000061035156,149.0,152.6300048828125,245824800
2013-02-26,118.84255981445312,150.02000427246094,150.1999969482422,148.72999572753906,149.72000122070312,186596200
2013-02-27,120.33979034423828,151.91000366210938,152.3300018310547,149.75999450683594,149.88999938964844,150781900
2013-02-28,120.10215759277344,151.61000061035156,152.8699951171875,151.41000366210938,151.89999389648438,126866000
2013-03-01,120.4982681274414,152.11000061035156,152.33999633789062,150.41000366210938,151.08999633789062,170634800
2013-03-04,121.13993072509766,152.9199981689453,152.9199981689453,151.52000427246094,151.75999450683594,99010200
2013-03-05,122.22518920898438,154.2899932861328,154.6999969482422,153.63999938964844,153.66000366210938,121431900
2013-03-06,122.39156341552734,154.5,154.9199981689453,154.16000366210938,154.83999633789062,94469900
2013-03-07,122.61337280273438,154.77999877929688,154.97999572753906,154.52000427246094,154.6999969482422,86101400
2013-03-08,123.13628387451172,155.44000244140625,155.64999389648438,154.66000366210938,155.4600067138672,123477800
2013-03-11,123.60359191894531,156.02999877929688,156.0399932861328,155.1300048828125,155.32000732421875,83746800
2013-03-12,123.32632446289062,155.67999267578125,156.10000610351562,155.2100067138672,155.9199981689453,105755800
2013-03-13,123.50057983398438,155.89999389648438,156.1199951171875,155.22999572753906,155.75999450683594,92550900
2013-03-14,124.1581039428711,156.72999572753906,156.8000030517578,155.91000366210938,156.30999755859375,126329900
2013-03-15,123.99420166015625,155.8300018310547,156.0399932861328,155.30999755859375,155.85000610351562,138601100
2013-03-18,123.30989074707031,154.97000122070312,155.63999938964844,154.1999969482422,154.33999633789062,126704300
2013-03-19,123.02342987060547,154.61000061035156,155.50999450683594,153.58999633789062,155.3000030517578,167567300
2013-03-20,123.88279724121094,155.69000244140625,155.9499969482422,155.25999450683594,155.52000427246094,113759300
2013-03-21,122.82451629638672,154.36000061035156,155.63999938964844,154.10000610351562,154.75999450683594,128605000
2013-03-22,123.81117248535156,155.60000610351562,155.60000610351562,154.72999572753906,154.85000610351562,111163600
2013-03-25,123.29400634765625,154.9499969482422,156.27000427246094,154.35000610351562,156.00999450683594,151322300
2013-03-26,124.28060913085938,156.19000244140625,156.22999572753906,155.4199981689453,155.58999633789062,86856600
2013-03-27,124.28060913085938,156.19000244140625,156.24000549316406,155.0,155.25999450683594,99950600
2013-03-28,124.6626205444336,156.6699981689453,156.85000610351562,155.75,156.08999633789062,102932800
2013-04-01,124.16929626464844,156.0500030517578,156.91000366210938,155.6699981689453,156.58999633789062,99194100
2013-04-02,124.781982421875,156.82000732421875,157.2100067138672,156.3699951171875,156.61000061035156,101504300
2013-04-03,123.51680755615234,155.22999572753906,157.02999877929688,154.82000732421875,156.91000366210938,154167400
2013-04-04,124.01802825927734,155.86000061035156,156.1699981689453,155.08999633789062,155.42999267578125,131885000
2013-04-05,123.46106719970703,155.16000366210938,155.35000610351562,153.77000427246094,153.9499969482422,159666000
2013-04-08,124.29652404785156,156.2100067138672,156.22000122070312,154.75,155.27000427246094,86571200
2013-04-09,124.72624969482422,156.75,157.32000732421875,155.97999572753906,156.5,101922200
2013-04-10,126.25396728515625,158.6699981689453,158.8699951171875,157.1300048828125,157.1699981689453,135711100
2013-04-11,126.6677474975586,159.19000244140625,159.7100067138672,158.5399932861328,158.6999969482422,110142500
2013-04-12,126.35748291015625,158.8000030517578,159.0399932861328,157.9199981689453,158.67999267578125,116359900
2013-04-15,123.42922973632812,155.1199951171875,158.1300048828125,155.10000610351562,158.0,217259000
2013-04-16,125.25141906738281,157.41000366210938,157.49000549316406,155.91000366210938,156.2899932861328,147507800
2013-04-17,123.42131805419922,155.11000061035156,156.32000732421875,154.27999877929688,156.2899932861328,226834800
2013-04-18,122.64945220947266,154.13999938964844,155.41000366210938,153.5500030517578,155.3699951171875,167583200
2013-04-19,123.71569061279297,155.47999572753906,155.5500030517578,154.1199951171875,154.5,149687600
2013-04-22,124.26473236083984,156.1699981689453,156.5399932861328,154.75,155.77999877929688,106553500
2013-04-23,125.54581451416016,157.77999877929688,157.92999267578125,156.1699981689453,156.9499969482422,166141300
2013-04-24,125.6253433227539,157.8800048828125,158.3000030517578,157.5399932861328,157.8300018310547,96781200
2013-04-25,126.13468933105469,158.52000427246094,159.27000427246094,158.10000610351562,158.33999633789062,131060600
2013-04-26,125.91185760498047,158.24000549316406,158.60000610351562,157.72999572753906,158.3300018310547,95918800
2013-04-29,126.75527954101562,159.3000030517578,159.64999389648438,158.4199981689453,158.6699981689453,88572800
2013-04-30,127.05767059326172,159.67999267578125,159.72000122070312,158.61000061035156,159.27000427246094,116010700
2013-05-01,125.9437026977539,158.27999877929688,159.41000366210938,158.10000610351562,159.3300018310547,138874200
2013-05-02,127.11331939697266,159.75,159.88999938964844,158.52999877929688,158.67999267578125,96407600
2013-05-03,128.40240478515625,161.3699951171875,161.8800048828125,159.77999877929688,161.13999938964844,144202300
2013-05-06,128.72860717773438,161.77999877929688,162.00999450683594,161.4199981689453,161.49000549316406,66882100
2013-05-07,129.3811492919922,162.60000610351562,162.64999389648438,161.6699981689453,162.1300048828125,90359200
2013-05-08,129.96990966796875,163.33999633789062,163.38999938964844,162.3300018310547,162.4199981689453,97419200
2013-05-09,129.6039276123047,162.8800048828125,163.6999969482422,162.47000122070312,163.27000427246094,106738600
2013-05-10,130.02560424804688,163.41000366210938,163.5500030517578,162.50999450683594,162.99000549316406,103203000
2013-05-13,130.1290740966797,163.5399932861328,163.80999755859375,162.82000732421875,163.1999969482422,81843200
2013-05-14,131.4738006591797,165.22999572753906,165.35000610351562,163.6699981689453,163.6699981689453,119000900
2013-05-15,132.18197631835938,166.1199951171875,166.4499969482422,164.91000366210938,164.9600067138672,120718500
2013-05-16,131.5613555908203,165.33999633789062,166.36000061035156,165.08999633789062,165.77999877929688,109913600
2013-05-17,132.83445739746094,166.94000244140625,167.0399932861328,165.72999572753906,165.9499969482422,129801000
2013-05-20,132.82650756835938,166.92999267578125,167.5800018310547,166.61000061035156,166.77999877929688,85071200
2013-05-21,133.0174560546875,167.1699981689453,167.8000030517578,166.5,167.0800018310547,95804200
2013-05-22,132.03077697753906,165.92999267578125,169.07000732421875,165.1699981689453,167.33999633789062,244031800
2013-05-23,131.64886474609375,165.4499969482422,165.91000366210938,163.94000244140625,164.16000366210938,211064400
2013-05-24,131.5374298095703,165.30999755859375,165.3800048828125,163.97999572753906,164.47000122070312,151573900
2013-05-28,132.3251495361328,166.3000030517578,167.77999877929688,165.80999755859375,167.0399932861328,143679800
2013-05-29,131.4658660888672,165.22000122070312,165.8000030517578,164.33999633789062,165.4199981689453,160363400
2013-05-30,131.95118713378906,165.8300018310547,166.58999633789062,165.22000122070312,165.35000610351562,107793800
2013-05-31,130.05746459960938,163.4499969482422,166.30999755859375,163.1300048828125,165.3699951171875,176850100
2013-06-03,130.77354431152344,164.35000610351562,164.4600067138672,162.66000366210938,163.8300018310547,168390700
2013-06-04,130.14498901367188,163.55999755859375,165.10000610351562,162.72999572753906,164.44000244140625,157631500
2013-06-05,128.32281494140625,161.27000427246094,163.4199981689453,161.1300048828125,163.08999633789062,211737800
2013-06-06,129.48452758789062,162.72999572753906,162.74000549316406,160.25,161.1999969482422,200225500
2013-06-07,131.1316375732422,164.8000030517578,164.9499969482422,163.13999938964844,163.85000610351562,188337800
2013-06-10,131.1316375732422,164.8000030517578,165.39999389648438,164.3699951171875,165.30999755859375,105667100
2013-06-11,129.77899169921875,163.10000610351562,164.5399932861328,162.74000549316406,163.3000030517578,159505400
2013-06-12,128.7047576904297,161.75,164.38999938964844,161.60000610351562,164.22000122070312,177361500
2013-06-13,130.66221618652344,164.2100067138672,164.5,161.3000030517578,161.66000366210938,163587800
2013-06-14,129.84259033203125,163.17999267578125,164.6699981689453,162.91000366210938,164.02999877929688,141197500
2013-06-17,130.84519958496094,164.44000244140625,165.22000122070312,163.22000122070312,164.2899932861328,136295600
2013-06-18,131.87965393066406,165.74000549316406,165.99000549316406,164.52000427246094,164.52999877929688,114695600
2013-06-19,130.05746459960938,163.4499969482422,165.88999938964844,163.3800048828125,165.60000610351562,206149500
2013-06-20,126.83485412597656,159.39999389648438,163.47000122070312,158.97999572753906,161.86000061035156,321255900
2013-06-21,127.24200439453125,159.07000732421875,159.75999450683594,157.47000122070312,159.63999938964844,271956800
2013-06-24,125.63423919677734,157.05999755859375,158.42999267578125,155.72999572753906,157.41000366210938,222329000
2013-06-25,126.84207153320312,158.57000732421875,160.10000610351562,157.4199981689453,158.47999572753906,162262200
2013-06-26,128.09793090820312,160.13999938964844,160.5,159.25,159.8699951171875,134848000
2013-06-27,128.8498077392578,161.0800018310547,161.82000732421875,160.9499969482422,161.10000610351562,129483700
2013-06-28,128.32192993164062,160.4199981689453,161.39999389648438,159.86000061035156,160.6300048828125,160402900
2013-07-01,129.07383728027344,161.36000061035156,162.47999572753906,161.0800018310547,161.25999450683594,131954800
2013-07-02,128.95388793945312,161.2100067138672,162.3000030517578,160.5,161.1199951171875,154863700
2013-07-03,129.0098114013672,161.27999877929688,161.77000427246094,160.22000122070312,160.47999572753906,75216400
2013-07-05,130.4016876220703,163.02000427246094,163.0800018310547,161.3000030517578,162.47000122070312,122416900
2013-07-08,131.14556884765625,163.9499969482422,164.38999938964844,163.0800018310547,163.86000061035156,108092500
2013-07-09,132.08944702148438,165.1300048828125,165.3300018310547,164.27000427246094,164.97999572753906,119298000
2013-07-10,132.13748168945312,165.19000244140625,165.75,164.6300048828125,164.97000122070312,121410100
2013-07-11,133.93722534179688,167.44000244140625,167.61000061035156,165.17999267578125,167.11000061035156,135592200
2013-07-12,133.9932403564453,167.50999450683594,167.92999267578125,167.1300048828125,167.38999938964844,104212700
2013-07-15,134.50515747070312,168.14999389648438,168.38999938964844,167.67999267578125,167.97000122070312,69450600
2013-07-16,134.00125122070312,167.52000427246094,168.36000061035156,167.07000732421875,168.25999450683594,88702100
2013-07-17,134.3452606201172,167.9499969482422,168.47999572753906,167.72999572753906,168.16000366210938,92873900
2013-07-18,135.08114624023438,168.8699951171875,169.27000427246094,168.1999969482422,168.30999755859375,103620100
2013-07-19,135.3211212158203,169.1699981689453,169.22999572753906,168.30999755859375,168.52000427246094,103831700
2013-07-22,135.5851287841797,169.5,169.74000549316406,169.00999450683594,169.41000366210938,79428600
2013-07-23,135.297119140625,169.13999938964844,169.8300018310547,169.0500030517578,169.8000030517578,80829700
2013-07-24,134.80117797851562,168.52000427246094,169.86000061035156,168.17999267578125,169.7899932861328,112914000
2013-07-25,135.12913513183594,168.92999267578125,169.0800018310547,167.94000244140625,168.22000122070312,111088600
2013-07-26,135.2731475830078,169.11000061035156,169.16000366210938,167.52000427246094,168.22000122070312,107814600
2013-07-29,134.857177734375,168.58999633789062,169.05999755859375,168.11000061035156,168.67999267578125,79695000
2013-07-30,134.857177734375,168.58999633789062,169.27999877929688,168.19000244140625,169.10000610351562,85209600
2013-07-31,134.95314025878906,168.7100067138672,169.85000610351562,168.49000549316406,168.94000244140625,142388700
2013-08-01,136.51300048828125,170.66000366210938,170.80999755859375,169.89999389648438,169.99000549316406,110438400
2013-08-02,136.74496459960938,170.9499969482422,170.97000122070312,170.0500030517578,170.27999877929688,91116700
2013-08-05,136.5449981689453,170.6999969482422,170.9600067138672,170.35000610351562,170.57000732421875,54072700
2013-08-06,135.76902770996094,169.72999572753906,170.74000549316406,169.35000610351562,170.3699951171875,87495000
2013-08-07,135.3291473388672,169.17999267578125,169.42999267578125,168.5500030517578,169.19000244140625,84854700
2013-08-08,135.82498168945312,169.8000030517578,170.17999267578125,168.92999267578125,169.97999572753906,102181300
2013-08-09,135.43312072753906,169.30999755859375,170.10000610351562,168.72000122070312,169.5800018310547,91757700
2013-08-12,135.2731475830078,169.11000061035156,169.30999755859375,168.3800048828125,168.4600067138672,68593300
2013-08-13,135.67312622070312,169.61000061035156,169.89999389648438,168.41000366210938,169.41000366210938,80806000
2013-08-14,134.97711181640625,168.74000549316406,169.8000030517578,168.6999969482422,169.52999877929688,79829200
2013-08-15,133.08935546875,166.3800048828125,167.42999267578125,166.08999633789062,167.41000366210938,152931800
2013-08-16,132.6493682861328,165.8300018310547,166.6300048828125,165.5,166.05999755859375,130868200
2013-08-19,131.801513671875,164.77000427246094,166.2100067138672,164.75999450683594,165.63999938964844,96437600
2013-08-20,132.4494171142578,165.5800018310547,166.1999969482422,164.86000061035156,165.0399932861328,89294400
2013-08-21,131.6334991455078,164.55999755859375,166.02999877929688,164.19000244140625,165.1199951171875,159530500
2013-08-22,132.83338928222656,166.05999755859375,166.3000030517578,164.88999938964844,164.89999389648438,101471400
2013-08-23,133.28135681152344,166.6199951171875,166.8300018310547,165.77000427246094,166.5500030517578,90888900
2013-08-26,132.78538513183594,166.0,167.3000030517578,165.88999938964844,166.7899932861328,89702100
2013-08-27,130.64964294433594,163.3300018310547,166.0,163.2100067138672,164.36000061035156,158619400
2013-08-28,131.11363220214844,163.91000366210938,164.49000549316406,163.0500030517578,163.25999450683594,108113000
2013-08-29,131.32156372070312,164.1699981689453,165.0399932861328,163.39999389648438,163.5500030517578,119200500
2013-08-30,130.9055938720703,163.64999389648438,164.52999877929688,163.1699981689453,164.50999450683594,134928900
2013-09-03,131.49754333496094,164.38999938964844,165.5800018310547,163.6999969482422,165.22999572753906,142375100
2013-09-04,132.58538818359375,165.75,166.02999877929688,164.1300048828125,164.42999267578125,97389400
2013-09-05,132.7533721923828,165.9600067138672,166.39999389648438,165.72999572753906,165.85000610351562,63090500
2013-09-06,132.81736755371094,166.0399932861328,166.97999572753906,164.47999572753906,166.50999450683594,159756500
2013-09-09,134.0892791748047,167.6300048828125,167.72999572753906,166.4499969482422,166.4499969482422,87559300
2013-09-10,135.08114624023438,168.8699951171875,168.89999389648438,168.25999450683594,168.63999938964844,105847200
2013-09-11,135.50509643554688,169.39999389648438,169.39999389648438,168.35000610351562,168.63999938964844,94545900
2013-09-12,135.14515686035156,168.9499969482422,169.55999755859375,168.72000122070312,169.33999633789062,83209000
2013-09-13,135.44911193847656,169.3300018310547,169.4600067138672,168.74000549316406,169.1300048828125,72727800
2013-09-16,136.23304748535156,170.30999755859375,171.24000549316406,170.0399932861328,171.16000366210938,106299200
2013-09-17,136.84100341796875,171.07000732421875,171.11000061035156,170.4600067138672,170.4600067138672,82523300
2013-09-18,138.42478942871094,173.0500030517578,173.52000427246094,170.5800018310547,171.00999450683594,203460600
2013-09-19,138.19277954101562,172.75999450683594,173.60000610351562,172.58999633789062,173.52000427246094,146616900
2013-09-20,137.2266387939453,170.72000122070312,172.3300018310547,170.5800018310547,172.3300018310547,132867100
2013-09-23,136.5916290283203,169.92999267578125,170.64999389648438,169.38999938964844,170.49000549316406,104616500
2013-09-24,136.27003479003906,169.52999877929688,170.52999877929688,169.2100067138672,169.89999389648438,106333100
2013-09-25,135.8761749267578,169.0399932861328,169.97999572753906,168.88999938964844,169.63999938964844,117306500
2013-09-26,136.39874267578125,169.69000244140625,170.1699981689453,169.0500030517578,169.32000732421875,77146900
2013-09-27,135.77171325683594,168.91000366210938,169.13999938964844,168.47000122070312,168.83999633789062,99141800
2013-09-30,135.04830932617188,168.00999450683594,168.5399932861328,167.14999389648438,167.47999572753906,143937000
2013-10-01,136.1173553466797,169.33999633789062,169.5,167.97000122070312,168.13999938964844,127160000
2013-10-02,135.98875427246094,169.17999267578125,169.33999633789062,167.8300018310547,168.35000610351562,113350000
2013-10-03,134.7348175048828,167.6199951171875,168.94000244140625,166.83999633789062,168.7899932861328,176698000
2013-10-04,135.755615234375,168.88999938964844,169.05999755859375,167.52999877929688,167.75,96878000
2013-10-07,134.5821075439453,167.42999267578125,168.4499969482422,167.25,167.4199981689453,96295000
2013-10-08,133.01466369628906,165.47999572753906,167.6199951171875,165.36000061035156,167.39999389648438,178015000
2013-10-09,133.111083984375,165.60000610351562,166.1999969482422,164.52999877929688,165.8000030517578,168973000
2013-10-10,135.98072814941406,169.1699981689453,169.25999450683594,167.22999572753906,167.2899932861328,195955000
2013-10-11,136.8568878173828,170.25999450683594,170.32000732421875,168.77000427246094,168.91000366210938,105040000
2013-10-14,137.40350341796875,170.94000244140625,171.0800018310547,169.0800018310547,169.2100067138672,112106000
2013-10-15,136.40676879882812,169.6999969482422,171.14999389648438,169.47000122070312,170.50999450683594,155485000
2013-10-16,138.311767578125,172.07000732421875,172.16000366210938,170.63999938964844,170.72000122070312,161676000
2013-10-17,139.23611450195312,173.22000122070312,173.32000732421875,171.33999633789062,171.3699951171875,129389000
2013-10-18,140.1765899658203,174.38999938964844,174.50999450683594,173.50999450683594,173.86000061035156,138316000
2013-10-21,140.1846160888672,174.39999389648438,174.75,174.00999450683594,174.4499969482422,104104000
2013-10-22,140.99642944335938,175.41000366210938,175.92999267578125,174.42999267578125,174.91000366210938,126663000
2013-10-23,140.32135009765625,174.57000732421875,174.88999938964844,173.9600067138672,174.80999755859375,105484000
2013-10-24,140.78746032714844,175.14999389648438,175.3699951171875,174.50999450683594,174.9199981689453,70350000
2013-10-25,141.4305877685547,175.9499969482422,176.0,175.1699981689453,175.50999450683594,93625000
2013-10-28,141.65567016601562,176.22999572753906,176.47000122070312,175.6999969482422,175.88999938964844,84979000
2013-10-29,142.4111785888672,177.1699981689453,177.24000549316406,176.3800048828125,176.6300048828125,87401000
2013-10-30,141.70384216308594,176.2899932861328,177.50999450683594,175.66000366210938,177.3800048828125,140002000
2013-10-31,141.30194091796875,175.7899932861328,176.88999938964844,175.52999877929688,176.14999389648438,133795000
2013-11-01,141.63951110839844,176.2100067138672,176.61000061035156,175.22000122070312,176.02000427246094,142805000
2013-11-04,142.1378936767578,176.8300018310547,176.89999389648438,175.97999572753906,176.69000244140625,85677000
2013-11-05,141.68777465820312,176.27000427246094,176.75,175.57000732421875,176.13999938964844,85825000
2013-11-06,142.4111785888672,177.1699981689453,177.5,176.5399932861328,177.02999877929688,87348000
2013-11-07,140.61062622070312,174.92999267578125,177.63999938964844,174.75999450683594,177.5,157000000
2013-11-08,142.5076141357422,177.2899932861328,177.30999755859375,174.85000610351562,174.8699951171875,136713000
2013-11-11,142.53179931640625,177.32000732421875,177.52999877929688,176.91000366210938,177.1199951171875,62614000
2013-11-12,142.242431640625,176.9600067138672,177.36000061035156,176.3699951171875,176.94000244140625,83990000
2013-11-13,143.38385009765625,178.3800048828125,178.42999267578125,176.08999633789062,176.08999633789062,103844000
2013-11-14,144.0991668701172,179.27000427246094,179.4199981689453,178.25,178.5399932861328,103435000
2013-11-15,144.7261505126953,180.0500030517578,180.1199951171875,179.3300018310547,179.55999755859375,102818000
2013-11-18,144.2197723388672,179.4199981689453,180.5,179.02000427246094,180.35000610351562,104796000
2013-11-19,143.9063262939453,179.02999877929688,179.8699951171875,178.72000122070312,179.3300018310547,93891000
2013-11-20,143.4561767578125,178.47000122070312,179.92999267578125,177.97999572753906,179.38999938964844,124909000
2013-11-21,144.61367797851562,179.91000366210938,180.0500030517578,178.86000061035156,178.97000122070312,92841000
2013-11-22,145.33705139160156,180.80999755859375,180.8300018310547,179.77000427246094,179.97999572753906,81296000
2013-11-25,145.1924285888672,180.6300048828125,181.1699981689453,180.3699951171875,181.1300048828125,79486000
2013-11-26,145.23260498046875,180.67999267578125,181.22000122070312,180.41000366210938,180.72000122070312,86994000
2013-11-27,145.58628845214844,181.1199951171875,181.24000549316406,180.64999389648438,180.8699951171875,58800000
2013-11-29,145.4897918701172,181.0,181.75,180.8000030517578,181.32000732421875,55870900
2013-12-02,145.11199951171875,180.52999877929688,181.42999267578125,180.25,181.08999633789062,99726000
2013-12-03,144.48501586914062,179.75,180.38999938964844,179.1699981689453,179.94000244140625,116563000
2013-12-04,144.46897888183594,179.72999572753906,180.47999572753906,178.35000610351562,179.10000610351562,123033000
2013-12-05,143.83395385742188,178.94000244140625,179.74000549316406,178.77000427246094,179.41000366210938,106934000
2013-12-06,145.4415740966797,180.94000244140625,181.11000061035156,180.14999389648438,180.6699981689453,127728000
2013-12-09,145.81134033203125,181.39999389648438,181.6699981689453,181.16000366210938,181.47000122070312,70124000
2013-12-10,145.288818359375,180.75,181.36000061035156,180.63999938964844,180.97999572753906,80976000
2013-12-11,143.65711975097656,178.72000122070312,180.85000610351562,178.5,180.82000732421875,130591000
2013-12-12,143.18284606933594,178.1300048828125,178.86000061035156,177.75999450683594,178.63999938964844,115565000
2013-12-13,143.1668243408203,178.11000061035156,178.66000366210938,177.77000427246094,178.5,107808000
2013-12-16,144.0590362548828,179.22000122070312,179.80999755859375,178.89999389648438,178.9499969482422,96195000
2013-12-17,143.60086059570312,178.64999389648438,179.41000366210938,178.25,179.3800048828125,89886000
2013-12-18,146.05247497558594,181.6999969482422,181.72999572753906,177.32000732421875,178.9199981689453,234906000
2013-12-19,145.8837127685547,181.49000549316406,181.6999969482422,180.7100067138672,181.17999267578125,136531200
2013-12-20,146.73233032226562,181.55999755859375,181.99000549316406,180.57000732421875,180.69000244140625,197087000
2013-12-23,147.51614379882812,182.52999877929688,182.63999938964844,182.07000732421875,182.4499969482422,85598000
2013-12-24,147.83946228027344,182.92999267578125,183.00999450683594,182.52999877929688,182.5399932861328,45368800
2013-12-26,148.59107971191406,183.86000061035156,183.9600067138672,183.32000732421875,183.33999633789062,63365000
2013-12-27,148.58302307128906,183.85000610351562,184.17999267578125,183.66000366210938,184.10000610351562,61814000
2013-12-30,148.55873107910156,183.82000732421875,184.02000427246094,183.5800018310547,183.8699951171875,56857000
2013-12-31,149.26182556152344,184.69000244140625,184.69000244140625,183.92999267578125,184.07000732421875,86119900
2014-01-02,147.8313751220703,182.9199981689453,184.07000732421875,182.47999572753906,183.97999572753906,119636900
2014-01-03,147.80709838867188,182.88999938964844,183.60000610351562,182.6300048828125,183.22999572753906,81390600
2014-01-06,147.37879943847656,182.36000061035156,183.55999755859375,182.0800018310547,183.49000549316406,108028200
2014-01-07,148.28392028808594,183.47999572753906,183.7899932861328,182.9499969482422,183.08999633789062,86144200
2014-01-08,148.31629943847656,183.52000427246094,183.8300018310547,182.88999938964844,183.4499969482422,96582300
2014-01-09,148.41323852539062,183.63999938964844,184.1300048828125,182.8000030517578,184.11000061035156,90683400
2014-01-10,148.81735229492188,184.13999938964844,184.22000122070312,183.00999450683594,183.9499969482422,102026400
2014-01-13,146.8373260498047,181.69000244140625,184.17999267578125,181.33999633789062,183.6699981689453,149892000
2014-01-14,148.43748474121094,183.6699981689453,183.77000427246094,181.9499969482422,182.2899932861328,105016100
2014-01-15,149.2376251220703,184.66000366210938,184.94000244140625,183.7100067138672,184.10000610351562,98525800
2014-01-16,149.0436248779297,184.4199981689453,184.66000366210938,183.8300018310547,184.27999877929688,72290600
2014-01-17,148.41323852539062,183.63999938964844,184.4499969482422,183.32000732421875,184.10000610351562,107848700
2014-01-21,148.84963989257812,184.17999267578125,184.77000427246094,183.0500030517578,184.6999969482422,88621200
2014-01-22,148.94667053222656,184.3000030517578,184.57000732421875,183.91000366210938,184.49000549316406,61270900
2014-01-23,147.72630310058594,182.7899932861328,183.39999389648438,181.82000732421875,183.3699951171875,132496900
2014-01-24,144.574462890625,178.88999938964844,181.66000366210938,178.8300018310547,181.60000610351562,208677100
2014-01-27,143.8632354736328,178.00999450683594,179.52000427246094,177.1199951171875,179.05999755859375,180843100
2014-01-28,144.7199249267578,179.07000732421875,179.3000030517578,178.1199951171875,178.13999938964844,110463200
2014-01-29,143.329833984375,177.35000610351562,178.5500030517578,176.8800048828125,177.5800018310547,216597300
2014-01-30,144.84922790527344,179.22999572753906,179.80999755859375,178.25999450683594,178.8300018310547,118938100
2014-01-31,144.0006866455078,178.17999267578125,179.2899932861328,176.9199981689453,177.00999450683594,194677900
2014-02-03,140.75985717773438,174.1699981689453,178.3699951171875,173.8300018310547,177.97000122070312,254837100
2014-02-04,141.74578857421875,175.38999938964844,175.83999633789062,174.11000061035156,174.9499969482422,165012400
2014-02-05,141.5679931640625,175.1699981689453,175.55999755859375,173.7100067138672,174.77999877929688,164230500
2014-02-06,143.4349365234375,177.47999572753906,177.47999572753906,175.22000122070312,175.5800018310547,132877600
2014-02-07,145.2128448486328,179.67999267578125,179.8699951171875,177.72999572753906,178.30999755859375,170787200
2014-02-10,145.47959899902344,180.00999450683594,180.07000732421875,179.2100067138672,179.6999969482422,92218800
2014-02-11,147.07168579101562,181.97999572753906,182.44000244140625,180.0399932861328,180.16000366210938,117814100
2014-02-12,147.14443969726562,182.07000732421875,182.8300018310547,181.7100067138672,182.25,94717700
2014-02-13,147.90414428710938,183.00999450683594,183.1999969482422,180.8300018310547,180.83999633789062,100542200
2014-02-14,148.72036743164062,184.02000427246094,184.36000061035156,182.6699981689453,182.83999633789062,96498400
2014-02-18,148.89820861816406,184.24000549316406,184.49000549316406,183.64999389648438,184.17999267578125,80460900
2014-02-19,147.91217041015625,183.02000427246094,184.9499969482422,182.8699951171875,183.75999450683594,126524300
2014-02-20,148.7850341796875,184.10000610351562,184.52000427246094,182.60000610351562,183.27000427246094,104998100
2014-02-21,148.6152801513672,183.88999938964844,184.88999938964844,183.8000030517578,184.4499969482422,118116400
2014-02-24,149.43966674804688,184.91000366210938,186.14999389648438,184.1999969482422,184.27999877929688,114063900
2014-02-25,149.383056640625,184.83999633789062,185.58999633789062,184.22999572753906,185.05999755859375,117085000
2014-02-26,149.3911590576172,184.85000610351562,185.60000610351562,184.3300018310547,185.11000061035156,98677200
2014-02-27,150.17507934570312,185.82000732421875,185.8699951171875,184.3699951171875,184.5800018310547,93880800
2014-02-28,150.5549774169922,186.2899932861328,187.14999389648438,185.0500030517578,185.7899932861328,150842000
2014-03-03,149.49618530273438,184.97999572753906,185.4499969482422,183.75,184.64999389648438,167748500
2014-03-04,151.59744262695312,187.5800018310547,187.97999572753906,186.75,186.7899932861328,167545900
2014-03-05,151.73487854003906,187.75,188.07000732421875,187.4499969482422,187.74000549316406,88376900
2014-03-06,152.08241271972656,188.17999267578125,188.61000061035156,187.77999877929688,188.2100067138672,82516500
2014-03-07,152.14703369140625,188.25999450683594,188.9600067138672,187.42999267578125,188.9600067138672,114513500
2014-03-10,152.0662078857422,188.16000366210938,188.22999572753906,187.0800018310547,187.97000122070312,74939200
2014-03-11,151.31459045410156,187.22999572753906,188.7100067138672,186.8000030517578,188.44000244140625,99009100
2014-03-12,151.35499572753906,187.27999877929688,187.35000610351562,185.89999389648438,186.32000732421875,104824400
2014-03-13,149.65785217285156,185.17999267578125,187.99000549316406,184.66000366210938,187.83999633789062,155014300
2014-03-14,149.2376251220703,184.66000366210938,185.8000030517578,184.44000244140625,184.85000610351562,153919600
2014-03-17,150.58724975585938,186.3300018310547,186.77000427246094,185.50999450683594,185.58999633789062,98359500
2014-03-18,151.66209411621094,187.66000366210938,187.91000366210938,186.50999450683594,186.7100067138672,101804600
2014-03-19,150.85398864746094,186.66000366210938,187.94000244140625,185.47000122070312,187.67999267578125,176267300
2014-03-20,151.73487854003906,187.75,187.88999938964844,185.9199981689453,186.25,117241000
2014-03-21,151.1463165283203,186.1999969482422,189.02000427246094,186.02999877929688,187.7100067138672,163128000
2014-03-24,150.5213165283203,185.42999267578125,187.07000732421875,184.6199951171875,186.83999633789062,121411000
2014-03-25,151.23562622070312,186.30999755859375,186.94000244140625,185.27000427246094,186.3699951171875,103852000
2014-03-26,150.1479034423828,184.97000122070312,187.33999633789062,184.9199981689453,187.0399932861328,119843000
2014-03-27,149.831298828125,184.5800018310547,185.33999633789062,183.89999389648438,184.75,142383000
2014-03-28,150.5700225830078,185.49000549316406,186.4199981689453,185.0,185.11000061035156,101642000
2014-03-31,151.80380249023438,187.00999450683594,187.3000030517578,185.52000427246094,186.6699981689453,99745000
2014-04-01,152.81040954589844,188.25,188.36000061035156,187.0,187.6199951171875,89193000
2014-04-02,153.3218231201172,188.8800048828125,189.1300048828125,188.13999938964844,188.49000549316406,78774000
2014-04-03,153.11888122558594,188.6300048828125,189.22000122070312,188.0500030517578,189.1699981689453,77435000
2014-04-04,151.30870056152344,186.39999389648438,189.6999969482422,186.10000610351562,189.66000366210938,169381000
2014-04-07,149.636474609375,184.33999633789062,186.25999450683594,183.9600067138672,185.9499969482422,140803000
2014-04-08,150.25340270996094,185.10000610351562,185.39999389648438,183.58999633789062,184.25999450683594,112660000
2014-04-09,151.8687744140625,187.08999633789062,187.14999389648438,185.05999755859375,185.60000610351562,100254000
2014-04-10,148.67868041992188,183.16000366210938,187.1699981689453,182.92999267578125,187.0800018310547,172959000
2014-04-11,147.3392791748047,181.50999450683594,183.4199981689453,181.30999755859375,182.13999938964844,167251000
2014-04-14,148.50010681152344,182.94000244140625,183.3699951171875,181.44000244140625,182.92999267578125,132382000
2014-04-15,149.5228729248047,184.1999969482422,184.3300018310547,181.50999450683594,183.32000732421875,157093000
2014-04-16,151.0895233154297,186.1300048828125,186.13999938964844,184.64999389648438,185.47000122070312,105197000
2014-04-17,151.3005828857422,186.38999938964844,186.91000366210938,185.55999755859375,185.8800048828125,105255000
2014-04-21,151.82823181152344,187.0399932861328,187.10000610351562,186.2100067138672,186.44000244140625,68329000
2014-04-22,152.51824951171875,187.88999938964844,188.39999389648438,187.1300048828125,187.22999572753906,85790000
2014-04-23,152.16102600097656,187.4499969482422,187.9199981689453,187.3000030517578,187.82000732421875,73869000
2014-04-24,152.469482421875,187.8300018310547,188.38999938964844,186.92999267578125,188.3699951171875,88170000
2014-04-25,151.21942138671875,186.2899932861328,187.3300018310547,185.8699951171875,187.22000122070312,100380000
2014-04-28,151.69834899902344,186.8800048828125,187.69000244140625,184.9600067138672,187.0500030517578,135121000
2014-04-29,152.40455627441406,187.75,188.0399932861328,187.0800018310547,187.47999572753906,84098000
2014-04-30,152.859130859375,188.30999755859375,188.5,187.17999267578125,187.44000244140625,101508000
2014-05-01,152.87533569335938,188.3300018310547,188.83999633789062,187.72999572753906,188.22000122070312,93019000
2014-05-02,152.65614318847656,188.05999755859375,189.13999938964844,187.77999877929688,188.30999755859375,98122000
2014-05-05,152.94839477539062,188.4199981689453,188.5500030517578,186.6199951171875,187.13999938964844,75883000
2014-05-06,151.6171112060547,186.77999877929688,188.1300048828125,186.74000549316406,188.0,85454000
2014-05-07,152.5100860595703,187.8800048828125,187.97000122070312,186.00999450683594,187.41000366210938,106500000
2014-05-08,152.34774780273438,187.67999267578125,189.0500030517578,187.0800018310547,187.7100067138672,93618000
2014-05-09,152.5750274658203,187.9600067138672,188.0399932861328,186.8300018310547,187.7100067138672,83679000
2014-05-12,154.06044006347656,189.7899932861328,189.8800048828125,188.0,188.8000030517578,86940000
2014-05-13,154.1985321044922,189.9600067138672,190.4199981689453,189.77000427246094,190.0399932861328,66454000
2014-05-14,153.4678955078125,189.05999755859375,189.8800048828125,188.7899932861328,189.7899932861328,72367000
2014-05-15,152.1204376220703,187.39999389648438,188.72000122070312,186.47999572753906,188.67999267578125,154956000
2014-05-16,152.64805603027344,188.0500030517578,188.1300048828125,186.72000122070312,187.50999450683594,97458000
2014-05-19,153.20822143554688,188.74000549316406,188.88999938964844,187.52000427246094,187.69000244140625,63839000
2014-05-20,152.24221801757812,187.5500030517578,188.6699981689453,187.07000732421875,188.64999389648438,111644000
2014-05-21,153.52476501464844,189.1300048828125,189.22000122070312,188.05999755859375,188.08999633789062,89093000
2014-05-22,153.898193359375,189.58999633789062,189.97999572753906,188.86000061035156,189.17999267578125,61549000
2014-05-23,154.5150909423828,190.35000610351562,190.47999572753906,189.58999633789062,189.75999450683594,61092800
2014-05-27,155.46485900878906,191.52000427246094,191.5800018310547,190.9499969482422,191.05999755859375,72010000
2014-05-28,155.35122680664062,191.3800048828125,191.82000732421875,191.05999755859375,191.52000427246094,66723000
2014-05-29,156.15481567382812,192.3699951171875,192.39999389648438,191.3300018310547,191.82000732421875,64377000
2014-05-30,156.40646362304688,192.67999267578125,192.8000030517578,192.02999877929688,192.19000244140625,76316000
2014-06-02,156.5850067138672,192.89999389648438,192.99000549316406,191.97000122070312,192.9499969482422,64656000
2014-06-03,156.50384521484375,192.8000030517578,192.89999389648438,192.25,192.42999267578125,65047000
2014-06-04,156.82041931152344,193.19000244140625,193.3000030517578,192.27000427246094,192.47000122070312,55529000
2014-06-05,157.84320068359375,194.4499969482422,194.64999389648438,192.6999969482422,193.41000366210938,92103000
2014-06-06,158.59817504882812,195.3800048828125,195.42999267578125,194.77999877929688,194.8699951171875,78696000
2014-06-09,158.76048278808594,195.5800018310547,196.0500030517578,195.1699981689453,195.35000610351562,65119000
2014-06-10,158.77670288085938,195.60000610351562,195.63999938964844,194.9199981689453,195.33999633789062,57129000
2014-06-11,158.2246856689453,194.9199981689453,195.1199951171875,194.47999572753906,194.89999389648438,68772000
2014-06-12,157.10450744628906,193.5399932861328,194.8000030517578,193.11000061035156,194.69000244140625,106350000
2014-06-13,157.58348083496094,194.1300048828125,194.32000732421875,193.3000030517578,193.9199981689453,82017000
2014-06-16,157.71334838867188,194.2899932861328,194.6999969482422,193.66000366210938,193.88999938964844,87424000
2014-06-17,158.15171813964844,194.8300018310547,194.97000122070312,193.80999755859375,194.02000427246094,84834000
2014-06-18,159.31246948242188,196.25999450683594,196.3699951171875,194.39999389648438,194.8300018310547,105267000
2014-06-19,159.4910888671875,196.47999572753906,196.60000610351562,195.8000030517578,196.42999267578125,85929000
2014-06-20,159.81480407714844,195.94000244140625,196.10000610351562,195.6999969482422,196.02999877929688,100587000
2014-06-23,159.76585388183594,195.8800048828125,196.0500030517578,195.52000427246094,195.99000549316406,70611000
2014-06-24,158.8035125732422,194.6999969482422,196.5,194.47999572753906,195.52999877929688,96237000
2014-06-25,159.521240234375,195.5800018310547,195.77999877929688,194.25,194.2899932861328,82782000
2014-06-26,159.40704345703125,195.44000244140625,195.6300048828125,194.1300048828125,195.61000061035156,84312000
2014-06-27,159.71697998046875,195.82000732421875,195.8800048828125,194.88999938964844,194.97999572753906,71445100
2014-06-30,159.63543701171875,195.72000122070312,196.1699981689453,195.52999877929688,195.6999969482422,70201200
2014-07-01,160.70388793945312,197.02999877929688,197.6300048828125,196.1300048828125,196.1999969482422,90470000
2014-07-02,160.86703491210938,197.22999572753906,197.47999572753906,196.9600067138672,197.0500030517578,52475000
2014-07-03,161.6581573486328,198.1999969482422,198.2899932861328,197.63999938964844,197.7899932861328,52938800
2014-07-07,161.09535217285156,197.50999450683594,197.97999572753906,197.22000122070312,197.82000732421875,61696000
2014-07-08,160.0595703125,196.24000549316406,197.22000122070312,195.75999450683594,197.14999389648438,108143000
2014-07-09,160.7772979736328,197.1199951171875,197.3000030517578,196.30999755859375,196.72999572753906,72992000
2014-07-10,160.14109802246094,196.33999633789062,196.86000061035156,195.05999755859375,195.22000122070312,99040000
2014-07-11,160.3613739013672,196.61000061035156,196.75,195.77999877929688,196.22000122070312,64243000
2014-07-14,161.16879272460938,197.60000610351562,197.86000061035156,197.44000244140625,197.61000061035156,58658000
2014-07-15,160.86703491210938,197.22999572753906,198.10000610351562,196.36000061035156,197.72000122070312,111307000
2014-07-16,161.46243286132812,197.9600067138672,198.25999450683594,197.4199981689453,198.11000061035156,79986400
2014-07-17,159.62730407714844,195.7100067138672,198.10000610351562,195.42999267578125,197.35000610351562,145398000
2014-07-18,161.25856018066406,197.7100067138672,197.91000366210938,196.24000549316406,196.35000610351562,124330000
2014-07-21,160.9567413330078,197.33999633789062,197.5,196.42999267578125,197.08999633789062,67592000
2014-07-22,161.6581573486328,198.1999969482422,198.55999755859375,197.8699951171875,198.00999450683594,67678000
2014-07-23,162.01708984375,198.63999938964844,198.85000610351562,198.10000610351562,198.5,65612000
2014-07-24,162.02517700195312,198.64999389648438,199.05999755859375,198.4499969482422,198.8300018310547,56888000
2014-07-25,161.26670837402344,197.72000122070312,198.25999450683594,197.3300018310547,198.08999633789062,76837000
2014-07-28,161.3319091796875,197.8000030517578,198.08999633789062,196.6199951171875,197.75999450683594,69259000
2014-07-29,160.638671875,196.9499969482422,198.4499969482422,196.9199981689453,198.1699981689453,80466000
2014-07-30,160.66311645507812,196.97999572753906,197.91000366210938,196.16000366210938,197.64999389648438,104222000
2014-07-31,157.49034118652344,193.08999633789062,195.77999877929688,192.97000122070312,195.61000061035156,183479000
2014-08-01,157.0090789794922,192.5,193.75999450683594,191.57000732421875,192.55999755859375,189261000
2014-08-04,158.14285278320312,193.88999938964844,194.3000030517578,192.0500030517578,192.8699951171875,91340000
2014-08-05,156.6094512939453,192.00999450683594,193.60000610351562,191.30999755859375,193.10000610351562,152690000
2014-08-06,156.65838623046875,192.07000732421875,192.88999938964844,191.0800018310547,191.11000061035156,94818000
2014-08-07,155.81015014648438,191.02999877929688,193.1300048828125,190.5500030517578,192.94000244140625,135733000
2014-08-08,157.61264038085938,193.24000549316406,193.3699951171875,190.9499969482422,191.4600067138672,117014000
2014-08-11,158.0694580078125,193.8000030517578,194.66000366210938,193.7100067138672,193.97000122070312,74544000
2014-08-12,157.8491973876953,193.52999877929688,194.14999389648438,192.94000244140625,193.61000061035156,73632000
2014-08-13,158.917724609375,194.83999633789062,195.05999755859375,193.9600067138672,194.2899932861328,69047000
2014-08-14,159.66802978515625,195.75999450683594,195.75999450683594,194.97999572753906,195.16000366210938,57371000
2014-08-15,159.63543701171875,195.72000122070312,196.64999389648438,194.30999755859375,196.47000122070312,139951000
2014-08-18,160.97303771972656,197.36000061035156,197.4499969482422,196.69000244140625,196.8000030517578,75424000
2014-08-19,161.81312561035156,198.38999938964844,198.5399932861328,197.44000244140625,197.83999633789062,59135000
2014-08-20,162.2454376220703,198.9199981689453,199.16000366210938,198.0800018310547,198.1199951171875,72763000
2014-08-21,162.718505859375,199.5,199.75999450683594,198.92999267578125,199.08999633789062,67791000
2014-08-22,162.46571350097656,199.19000244140625,199.69000244140625,198.74000549316406,199.33999633789062,76107000
2014-08-25,163.2894287109375,200.1999969482422,200.58999633789062,199.14999389648438,200.13999938964844,63855000
2014-08-26,163.3954315185547,200.3300018310547,200.82000732421875,200.27999877929688,200.3300018310547,47298000
2014-08-27,163.33018493652344,200.25,200.57000732421875,199.94000244140625,200.42999267578125,47874000
2014-08-28,163.24049377441406,200.13999938964844,200.27000427246094,199.38999938964844,199.58999633789062,58330000
2014-08-29,163.70542907714844,200.7100067138672,200.72999572753906,199.82000732421875,200.4499969482422,65907000
2014-09-02,163.62384033203125,200.61000061035156,201.0,199.86000061035156,200.97000122070312,72426000
2014-09-03,163.5341339111328,200.5,201.41000366210938,200.22000122070312,201.3800048828125,57462000
2014-09-04,163.29762268066406,200.2100067138672,201.5800018310547,199.66000366210938,200.83999633789062,85236000
2014-09-05,164.03172302246094,201.11000061035156,201.19000244140625,199.41000366210938,200.1699981689453,102177000
2014-09-08,163.60757446289062,200.58999633789062,201.2100067138672,200.0,200.9199981689453,64146000
2014-09-09,162.5716552734375,199.32000732421875,200.5500030517578,198.91000366210938,200.41000366210938,88591000
2014-09-10,163.1833953857422,200.07000732421875,200.1999969482422,198.77000427246094,199.42999267578125,67251000
2014-09-11,163.37106323242188,200.3000030517578,200.3300018310547,199.1199951171875,199.27000427246094,66774400
2014-09-12,162.41671752929688,199.1300048828125,200.1199951171875,198.55999755859375,200.10000610351562,117409300
2014-09-15,162.29440307617188,198.97999572753906,199.32000732421875,198.3800048828125,199.16000366210938,76401000
2014-09-16,163.51783752441406,200.47999572753906,200.83999633789062,198.5,198.61000061035156,116201000
2014-09-17,163.73805236816406,200.75,201.67999267578125,199.75,200.77000427246094,151266000
2014-09-18,164.6107940673828,201.82000732421875,201.85000610351562,201.10000610351562,201.36000061035156,94990000
2014-09-19,164.46238708496094,200.6999969482422,201.89999389648438,200.2899932861328,201.52000427246094,121649000
2014-09-22,163.1923370361328,199.14999389648438,200.3800048828125,198.72999572753906,200.35000610351562,125553000
2014-09-23,162.258056640625,198.00999450683594,199.25999450683594,197.9499969482422,198.42999267578125,111393000
2014-09-24,163.52835083007812,199.55999755859375,199.69000244140625,197.52000427246094,198.0399932861328,107276000
2014-09-25,160.88966369628906,196.33999633789062,199.0500030517578,196.27000427246094,199.0399932861328,150300000
2014-09-26,162.1680450439453,197.89999389648438,198.38999938964844,196.4199981689453,196.6999969482422,103547000
2014-09-29,161.8730010986328,197.5399932861328,197.88999938964844,196.0500030517578,196.1999969482422,95112000
2014-09-30,161.44688415527344,197.02000427246094,198.3000030517578,196.61000061035156,197.69000244140625,131302000
2014-10-01,159.25897216796875,194.35000610351562,196.77000427246094,193.91000366210938,196.6999969482422,177798000
2014-10-02,159.28363037109375,194.3800048828125,195.05999755859375,192.35000610351562,194.17999267578125,157285000
2014-10-03,161.03720092773438,196.52000427246094,196.94000244140625,195.0800018310547,195.67999267578125,121569000
2014-10-06,160.84872436523438,196.2899932861328,197.60000610351562,195.5800018310547,197.33999633789062,104778000
2014-10-07,158.36581420898438,193.25999450683594,195.72000122070312,193.22000122070312,195.27999877929688,147913000
2014-10-08,161.13551330566406,196.63999938964844,196.9199981689453,192.36000061035156,193.3699951171875,186461000
2014-10-09,157.9396514892578,192.74000549316406,196.60000610351562,192.5800018310547,196.3300018310547,210705000
2014-10-10,156.1368865966797,190.5399932861328,193.64999389648438,190.49000549316406,192.69000244140625,221909000
2014-10-13,153.57203674316406,187.41000366210938,191.14999389648438,187.3000030517578,190.4600067138672,230939000
2014-10-14,153.8096466064453,187.6999969482422,189.82000732421875,187.0399932861328,188.4199981689453,215847000
2014-10-15,152.76905822753906,186.42999267578125,187.69000244140625,181.9199981689453,185.16000366210938,380715000
2014-10-16,152.63790893554688,186.27000427246094,187.5800018310547,182.88999938964844,183.05999755859375,270391000
2014-10-17,154.44065856933594,188.47000122070312,189.75,187.6199951171875,188.4199981689453,214625000
2014-10-20,155.94024658203125,190.3000030517578,190.4499969482422,188.07000732421875,188.1300048828125,130011000
2014-10-21,159.02955627441406,194.07000732421875,194.1999969482422,191.47999572753906,191.67999267578125,154949000
2014-10-22,157.89866638183594,192.69000244140625,194.91000366210938,192.61000061035156,194.41000366210938,151822000
2014-10-23,159.7342529296875,194.92999267578125,196.1999969482422,194.25999450683594,194.6199951171875,154944000
2014-10-24,160.9634246826172,196.42999267578125,196.49000549316406,194.49000549316406,195.25,117927000
2014-10-27,160.7421875,196.16000366210938,196.4499969482422,195.02999877929688,195.72999572753906,82954000
2014-10-28,162.58595275878906,198.41000366210938,198.4199981689453,196.72999572753906,196.82000732421875,106736000
2014-10-29,162.34007263183594,198.11000061035156,199.1199951171875,196.8000030517578,198.5500030517578,142557000
2014-10-30,163.38082885742188,199.3800048828125,199.9499969482422,197.39999389648438,197.5800018310547,113330000
2014-10-31,165.24911499023438,201.66000366210938,201.82000732421875,200.77000427246094,201.77999877929688,146903000
2014-11-03,165.33926391601562,201.77000427246094,202.4499969482422,201.30999755859375,201.9199981689453,93600000
2014-11-04,164.76564025878906,201.07000732421875,201.60000610351562,200.05999755859375,201.22999572753906,93343000
2014-11-05,165.8063201904297,202.33999633789062,202.58999633789062,201.4499969482422,202.5399932861328,91709000
2014-11-06,166.47006225585938,203.14999389648438,203.25999450683594,201.63999938964844,202.38999938964844,107089000
2014-11-07,166.62579345703125,203.33999633789062,203.60000610351562,202.61000061035156,203.1699981689453,89540000
2014-11-10,167.15020751953125,203.97999572753906,204.0399932861328,203.1300048828125,203.3800048828125,66319000
2014-11-11,167.3140869140625,204.17999267578125,204.30999755859375,203.64999389648438,204.05999755859375,54499400
2014-11-12,167.13388061523438,203.9600067138672,204.24000549316406,203.30999755859375,203.35000610351562,90120300
2014-11-13,167.3223114013672,204.19000244140625,204.8300018310547,203.2100067138672,204.16000366210938,85357900
2014-11-14,167.36325073242188,204.24000549316406,204.49000549316406,203.72000122070312,204.10000610351562,80417500
2014-11-17,167.4698028564453,204.3699951171875,204.5800018310547,203.64999389648438,203.85000610351562,80441000
2014-11-18,168.43678283691406,205.5500030517578,205.9199981689453,204.44000244140625,204.44000244140625,76068100
2014-11-19,168.16635131835938,205.22000122070312,205.5500030517578,204.3000030517578,205.30999755859375,82373000
2014-11-20,168.46131896972656,205.5800018310547,205.7100067138672,204.17999267578125,204.25999450683594,72840300
2014-11-21,169.3627166748047,206.67999267578125,207.83999633789062,205.97999572753906,207.63999938964844,142327300
2014-11-24,169.83802795410156,207.25999450683594,207.38999938964844,206.91000366210938,207.1699981689453,65880800
2014-11-25,169.71507263183594,207.11000061035156,207.7899932861328,206.8000030517578,207.5399932861328,79108300
2014-11-26,170.14938354492188,207.63999938964844,207.75999450683594,207.02999877929688,207.2899932861328,62167800
2014-11-28,169.78883361816406,207.1999969482422,207.8699951171875,206.91000366210938,207.49000549316406,57890100
2014-12-01,168.60885620117188,205.75999450683594,206.5399932861328,205.3800048828125,206.39999389648438,103968400
2014-12-02,169.69869995117188,207.08999633789062,207.33999633789062,205.77999877929688,205.80999755859375,74507200
2014-12-03,170.3542938232422,207.88999938964844,208.14999389648438,207.10000610351562,207.3000030517578,68952000
2014-12-04,170.16580200195312,207.66000366210938,208.27000427246094,206.6999969482422,207.5399932861328,91316600
2014-12-05,170.44444274902344,208.0,208.47000122070312,207.5500030517578,207.8699951171875,91025500
2014-12-08,169.3052978515625,206.61000061035156,208.1199951171875,205.92999267578125,207.52000427246094,108588200
2014-12-09,169.19064331054688,206.47000122070312,206.60000610351562,203.91000366210938,204.3699951171875,125180100
2014-12-10,166.47830200195312,203.16000366210938,205.97999572753906,202.92999267578125,205.91000366210938,159856400
2014-12-11,167.3223114013672,204.19000244140625,206.19000244140625,203.7100067138672,203.8800048828125,159012800
2014-12-12,164.6180877685547,200.88999938964844,203.82000732421875,200.85000610351562,202.63999938964844,202330200
2014-12-15,163.4873046875,199.50999450683594,202.52999877929688,198.77999877929688,201.97999572753906,189965800
2014-12-16,162.17620849609375,197.91000366210938,202.39999389648438,197.86000061035156,198.5800018310547,259543800
2014-12-17,165.3556671142578,201.7899932861328,202.33999633789062,198.2899932861328,198.44000244140625,253910100
2014-12-18,169.4446563720703,206.77999877929688,212.97000122070312,203.9199981689453,204.74000549316406,257633900
2014-12-19,170.1656494140625,206.52000427246094,207.3300018310547,205.61000061035156,206.42999267578125,245084600
2014-12-22,170.9484100341797,207.47000122070312,207.47000122070312,206.4600067138672,206.75,148318900
2014-12-23,171.17909240722656,207.75,208.22999572753906,207.39999389648438,208.1699981689453,122167900
2014-12-24,171.1956024169922,207.77000427246094,208.33999633789062,207.72000122070312,208.02000427246094,42963400
2014-12-26,171.7476043701172,208.44000244140625,208.85000610351562,208.25,208.30999755859375,57326700
2014-12-29,171.9783935546875,208.72000122070312,208.97000122070312,208.13999938964844,208.22000122070312,79643900
2014-12-30,171.05555725097656,207.60000610351562,208.3699951171875,207.50999450683594,208.2100067138672,73540800
2014-12-31,169.35813903808594,205.5399932861328,208.19000244140625,205.38999938964844,207.99000549316406,130333800
2015-01-02,169.26751708984375,205.42999267578125,206.8800048828125,204.17999267578125,206.3800048828125,121465900
2015-01-05,166.2106170654297,201.72000122070312,204.3699951171875,201.35000610351562,204.1699981689453,169632600
2015-01-06,164.6450653076172,199.82000732421875,202.72000122070312,198.86000061035156,202.08999633789062,209151400
2015-01-07,166.69674682617188,202.30999755859375,202.72000122070312,200.8800048828125,201.4199981689453,125346700
2015-01-08,169.65476989746094,205.89999389648438,206.16000366210938,203.99000549316406,204.00999450683594,147217800
2015-01-09,168.29525756835938,204.25,206.4199981689453,203.50999450683594,206.39999389648438,158567300
2015-01-12,166.9769287109375,202.64999389648438,204.60000610351562,201.9199981689453,204.41000366210938,144396100
2015-01-13,166.50723266601562,202.0800018310547,205.47999572753906,200.50999450683594,204.1199951171875,214553300
2015-01-14,165.50201416015625,200.86000061035156,201.10000610351562,198.57000732421875,199.64999389648438,192991100
2015-01-15,163.98590087890625,199.02000427246094,202.00999450683594,198.8800048828125,201.6300048828125,176613900
2015-01-16,166.13645935058594,201.6300048828125,201.82000732421875,198.5500030517578,198.77000427246094,211879600
2015-01-20,166.4907684326172,202.05999755859375,202.72000122070312,200.1699981689453,202.39999389648438,130991100
2015-01-21,167.33116149902344,203.0800018310547,203.66000366210938,200.94000244140625,201.5,122942700
2015-01-22,169.81959533691406,206.10000610351562,206.25999450683594,202.3300018310547,203.99000549316406,174356000
2015-01-23,168.88853454589844,204.97000122070312,206.10000610351562,204.80999755859375,205.7899932861328,117516800
2015-01-26,169.2840118408203,205.4499969482422,205.55999755859375,203.85000610351562,204.7100067138672,92009700
2015-01-27,167.0511016845703,202.74000549316406,204.1199951171875,201.74000549316406,202.97000122070312,134044600
2015-01-28,164.90872192382812,200.13999938964844,204.2899932861328,199.91000366210938,204.1699981689453,168514300
2015-01-29,166.4330291748047,201.99000549316406,202.3000030517578,198.67999267578125,200.3800048828125,173585400
2015-01-30,164.3402099609375,199.4499969482422,202.1699981689453,199.1300048828125,200.57000732421875,197729700
2015-02-02,166.3753662109375,201.9199981689453,202.02999877929688,197.86000061035156,200.0500030517578,163107000
2015-02-03,168.78143310546875,204.83999633789062,204.85000610351562,202.5500030517578,203.0,124212900
2015-02-04,168.138671875,204.05999755859375,205.3800048828125,203.50999450683594,203.9199981689453,134306700
2015-02-05,169.83604431152344,206.1199951171875,206.3000030517578,204.77000427246094,204.86000061035156,97953200
2015-02-06,169.36639404296875,205.5500030517578,207.24000549316406,204.9199981689453,206.55999755859375,125672000
2015-02-09,168.60836791992188,204.6300048828125,205.63999938964844,204.13999938964844,204.77000427246094,87219000
2015-02-10,170.40464782714844,206.80999755859375,207.1199951171875,204.67999267578125,205.8800048828125,96164200
2015-02-11,170.50343322753906,206.92999267578125,207.4499969482422,205.8300018310547,206.61000061035156,91087800
2015-02-12,172.14305114746094,208.9199981689453,208.99000549316406,206.97000122070312,207.88999938964844,97545900
2015-02-13,172.85182189941406,209.77999877929688,209.83999633789062,208.75999450683594,209.07000732421875,93670400
2015-02-17,173.12364196777344,210.11000061035156,210.32000732421875,209.10000610351562,209.39999389648438,76968200
2015-02-18,173.14015197753906,210.1300048828125,210.22000122070312,209.33999633789062,209.66000366210938,80652900
2015-02-19,173.0165252685547,209.97999572753906,210.4199981689453,209.24000549316406,209.41000366210938,91462500
2015-02-20,174.05479431152344,211.24000549316406,211.3300018310547,208.72999572753906,209.47999572753906,140896400
2015-02-23,174.03009033203125,211.2100067138672,211.2100067138672,210.47999572753906,210.94000244140625,74411100
2015-02-24,174.52438354492188,211.80999755859375,212.0500030517578,210.75999450683594,211.1199951171875,72472300
2015-02-25,174.37608337402344,211.6300048828125,212.24000549316406,211.22000122070312,211.66000366210938,73061700
2015-02-26,174.17013549804688,211.3800048828125,211.7100067138672,210.64999389648438,211.52000427246094,72697900
2015-02-27,173.57684326171875,210.66000366210938,211.5800018310547,210.60000610351562,211.25999450683594,108076000
2015-03-02,174.67279052734375,211.99000549316406,212.05999755859375,210.72000122070312,210.77999877929688,87491400
2015-03-03,173.9558868408203,211.1199951171875,212.0500030517578,210.0800018310547,211.47000122070312,110325800
2015-03-04,173.22254943847656,210.22999572753906,210.49000549316406,209.05999755859375,210.39999389648438,114497200
2015-03-05,173.41209411621094,210.4600067138672,210.8000030517578,209.85000610351562,210.6199951171875,76873000
2015-03-06,170.97311401367188,207.5,209.94000244140625,207.10000610351562,209.4199981689453,188128000
2015-03-09,171.68177795410156,208.36000061035156,208.7899932861328,207.5500030517578,207.74000549316406,89818900
2015-03-10,168.896728515625,204.97999572753906,206.80999755859375,204.92999267578125,206.7100067138672,157121300
2015-03-11,168.50128173828125,204.5,205.5,204.39999389648438,205.2899932861328,110145700
2015-03-12,170.64353942871094,207.10000610351562,207.17999267578125,205.1999969482422,205.25999450683594,93993500
2015-03-13,169.59706115722656,205.8300018310547,207.92999267578125,204.5800018310547,206.77000427246094,162410900
2015-03-16,171.8629913330078,208.5800018310547,208.69000244140625,205.86000061035156,206.7100067138672,136099200
2015-03-17,171.35220336914062,207.9600067138672,208.4199981689453,206.97999572753906,207.69000244140625,94510400
2015-03-18,173.41209411621094,210.4600067138672,211.27000427246094,206.6199951171875,207.38999938964844,228808500
2015-03-19,172.62100219726562,209.5,210.47000122070312,209.02999877929688,209.9600067138672,117917300
2015-03-20,174.14479064941406,210.41000366210938,211.02000427246094,209.49000549316406,209.7100067138672,177715100
2015-03-23,173.80543518066406,210.0,211.11000061035156,210.0,210.4199981689453,71784500
2015-03-24,172.82879638671875,208.82000732421875,210.39999389648438,208.74000549316406,209.85000610351562,77805300
2015-03-25,170.2962188720703,205.75999450683594,209.35000610351562,205.7100067138672,209.07000732421875,159521700
2015-03-26,169.89064025878906,205.27000427246094,206.3699951171875,204.1199951171875,204.9600067138672,153067200
2015-03-27,170.2796630859375,205.74000549316406,205.9499969482422,204.89999389648438,205.1300048828125,118939000
2015-03-30,172.35708618164062,208.25,208.61000061035156,206.9600067138672,206.97999572753906,96180400
2015-03-31,170.8507537841797,206.42999267578125,208.10000610351562,206.36000061035156,207.25999450683594,126768700
2015-04-01,170.24656677246094,205.6999969482422,206.4199981689453,204.50999450683594,206.38999938964844,137303600
2015-04-02,170.85899353027344,206.44000244140625,206.97999572753906,205.39999389648438,205.6199951171875,86900900
2015-04-06,172.0094757080078,207.8300018310547,208.4499969482422,205.2100067138672,205.3699951171875,114368200
2015-04-07,171.55421447753906,207.27999877929688,208.75999450683594,207.24000549316406,207.86000061035156,81236300
2015-04-08,172.1335906982422,207.97999572753906,208.50999450683594,207.0800018310547,207.5500030517578,89351900
2015-04-09,172.8950958251953,208.89999389648438,209.17999267578125,207.19000244140625,207.77999877929688,85548900
2015-04-10,173.83851623535156,210.0399932861328,210.08999633789062,208.9600067138672,209.1999969482422,72722900
2015-04-13,173.05226135253906,209.08999633789062,210.6300048828125,209.02999877929688,209.8699951171875,74436600
2015-04-14,173.38331604003906,209.49000549316406,209.7100067138672,208.10000610351562,208.85000610351562,75099900
2015-04-15,174.16131591796875,210.42999267578125,211.0399932861328,209.9499969482422,210.0500030517578,99529300
2015-04-16,174.11166381835938,210.3699951171875,210.97999572753906,209.7899932861328,210.02999877929688,68934900
2015-04-17,172.1088104248047,207.9499969482422,209.22999572753906,207.00999450683594,208.94000244140625,191113200
2015-04-20,173.6813201904297,209.85000610351562,210.25,208.9600067138672,209.05999755859375,92189500
2015-04-21,173.47433471679688,209.60000610351562,210.86000061035156,209.24000549316406,210.6699981689453,72559800
2015-04-22,174.32687377929688,210.6300048828125,210.85000610351562,208.89999389648438,210.00999450683594,78264600
2015-04-23,174.76556396484375,211.16000366210938,211.94000244140625,210.00999450683594,210.14999389648438,102585900
2015-04-24,175.1710205078125,211.64999389648438,211.97000122070312,211.11000061035156,211.66000366210938,61327400
2015-04-27,174.44268798828125,210.77000427246094,212.47999572753906,210.5399932861328,212.3300018310547,79358100
2015-04-28,174.99729919433594,211.44000244140625,211.5,209.3300018310547,210.74000549316406,86863500
2015-04-29,174.2771759033203,210.57000732421875,211.2899932861328,209.60000610351562,210.3699951171875,125684900
2015-04-30,172.53091430664062,208.4600067138672,210.35000610351562,207.6199951171875,209.8800048828125,161304900
2015-05-01,174.40133666992188,210.72000122070312,210.77000427246094,209.27999877929688,209.39999389648438,103399700
2015-05-04,174.89791870117188,211.32000732421875,212.02000427246094,211.10000610351562,211.22999572753906,70927200
2015-05-05,172.8950958251953,208.89999389648438,211.4600067138672,208.72999572753906,211.02999877929688,113326200
2015-05-06,172.18324279785156,208.0399932861328,209.92999267578125,206.75999450683594,209.55999755859375,135060200
2015-05-07,172.8701934814453,208.8699951171875,209.3800048828125,207.52000427246094,207.9199981689453,88244900
2015-05-08,175.146240234375,211.6199951171875,211.86000061035156,210.77999877929688,210.8800048828125,155877300
2015-05-11,174.31031799316406,210.61000061035156,211.88999938964844,210.52000427246094,211.57000732421875,75708100
2015-05-12,173.78890991210938,209.97999572753906,210.6300048828125,208.6199951171875,209.61000061035156,119727600
2015-05-13,173.8219757080078,210.02000427246094,211.22000122070312,209.74000549316406,210.47000122070312,94667900
2015-05-14,175.6345977783203,212.2100067138672,212.32000732421875,210.91000366210938,211.24000549316406,95934000
2015-05-15,175.82492065429688,212.44000244140625,212.61000061035156,211.86000061035156,212.44000244140625,76510100
2015-05-18,176.37110900878906,213.10000610351562,213.39999389648438,212.16000366210938,212.24000549316406,74549700
2015-05-19,176.3131866455078,213.02999877929688,213.57000732421875,212.69000244140625,213.24000549316406,72114600
2015-05-20,176.18907165527344,212.8800048828125,213.77999877929688,212.5,213.14999389648438,76857500
2015-05-21,176.7022247314453,213.5,213.75,212.50999450683594,212.7100067138672,64764600
2015-05-22,176.28012084960938,212.99000549316406,213.5399932861328,212.91000366210938,213.0399932861328,57433500
2015-05-26,174.3848114013672,210.6999969482422,212.91000366210938,210.1999969482422,212.39999389648438,124308600
2015-05-27,176.04002380371094,212.6999969482422,212.97999572753906,210.75999450683594,211.25,93214000
2015-05-28,175.8414764404297,212.4600067138672,212.58999633789062,211.6300048828125,212.3300018310547,74974600
2015-05-29,174.74899291992188,211.13999938964844,212.42999267578125,210.82000732421875,212.3800048828125,124919600
2015-06-01,175.1048126220703,211.57000732421875,212.33999633789062,210.6199951171875,211.94000244140625,93338800
2015-06-02,174.93104553222656,211.36000061035156,212.19000244140625,210.27000427246094,211.02000427246094,91531000
2015-06-03,175.39447021484375,211.9199981689453,212.6699981689453,211.3300018310547,212.0,87820900
2015-06-04,173.91302490234375,210.1300048828125,211.86000061035156,209.75,211.07000732421875,151882800
2015-06-05,173.61502075195312,209.77000427246094,210.5800018310547,208.97999572753906,209.9499969482422,121704700
2015-06-08,172.54739379882812,208.47999572753906,209.82000732421875,208.38999938964844,209.63999938964844,89063300
2015-06-09,172.52259826660156,208.4499969482422,209.10000610351562,207.69000244140625,208.4499969482422,105034700
2015-06-10,174.59169006347656,210.9499969482422,211.41000366210938,209.3000030517578,209.3699951171875,134551300
2015-06-11,175.15451049804688,211.6300048828125,212.08999633789062,211.1999969482422,211.47999572753906,73876400
2015-06-12,173.81369018554688,210.00999450683594,211.47999572753906,209.67999267578125,210.63999938964844,135382400
2015-06-15,173.06883239746094,209.11000061035156,209.4499969482422,207.7899932861328,208.63999938964844,124384200
2015-06-16,174.0123291015625,210.25,210.35000610351562,208.72000122070312,208.92999267578125,85308200
2015-06-17,174.29371643066406,210.58999633789062,211.32000732421875,209.36000061035156,210.58999633789062,126708600
2015-06-18,176.1062774658203,212.77999877929688,213.33999633789062,210.6300048828125,211.30999755859375,165867900
2015-06-19,175.32452392578125,210.80999755859375,211.5500030517578,210.36000061035156,211.4600067138672,130478700
2015-06-22,176.22267150878906,211.88999938964844,212.58999633789062,211.63999938964844,211.91000366210938,70696000
2015-06-23,176.3474578857422,212.0399932861328,212.44000244140625,211.57000732421875,212.13999938964844,68476800
2015-06-24,175.0666961669922,210.5,212.1699981689453,210.47000122070312,211.72000122070312,92307300
2015-06-25,174.534423828125,209.86000061035156,211.25,209.77000427246094,211.10000610351562,97107400
2015-06-26,174.50120544433594,209.82000732421875,210.5800018310547,209.16000366210938,210.2899932861328,104174800
2015-06-29,170.8418426513672,205.4199981689453,209.8300018310547,205.3300018310547,208.0500030517578,202621300
2015-06-30,171.19943237304688,205.85000610351562,207.32000732421875,205.27999877929688,207.25999450683594,182925100
2015-07-01,172.57164001464844,207.5,208.02999877929688,206.55999755859375,207.72999572753906,135979900
2015-07-02,172.41368103027344,207.30999755859375,208.27000427246094,206.80999755859375,208.07000732421875,104373700
2015-07-06,171.92295837402344,206.72000122070312,207.64999389648438,205.52999877929688,205.77000427246094,117975400
2015-07-07,173.004150390625,208.02000427246094,208.1699981689453,204.11000061035156,206.9600067138672,173820200
2015-07-08,170.10159301757812,204.52999877929688,206.75999450683594,204.25,206.4199981689453,164020100
2015-07-09,170.40936279296875,204.89999389648438,207.35000610351562,204.77000427246094,207.0399932861328,144113100
2015-07-10,172.55506896972656,207.47999572753906,207.97999572753906,204.9499969482422,207.2899932861328,129456900
2015-07-13,174.4595489501953,209.77000427246094,209.89999389648438,208.94000244140625,208.99000549316406,106069400
2015-07-14,175.21636962890625,210.67999267578125,211.0500030517578,209.64999389648438,209.72000122070312,81709600
2015-07-15,175.15823364257812,210.61000061035156,211.27999877929688,210.0399932861328,210.72999572753906,97914100
2015-07-16,176.56375122070312,212.3000030517578,212.3000030517578,211.5800018310547,211.8699951171875,106683300
2015-07-17,176.7134246826172,212.47999572753906,212.5500030517578,211.8000030517578,212.2899932861328,89030000
2015-07-20,176.80487060546875,212.58999633789062,213.17999267578125,212.2100067138672,212.75,70446800
2015-07-21,176.1062774658203,211.75,212.74000549316406,211.38999938964844,212.42999267578125,77965000
2015-07-22,175.79026794433594,211.3699951171875,211.77000427246094,210.88999938964844,210.92999267578125,88667900
2015-07-23,174.80052185058594,210.17999267578125,211.64999389648438,209.75,211.52999877929688,90509100
2015-07-24,172.98751831054688,208.0,210.3699951171875,207.60000610351562,210.3000030517578,117755000
2015-07-27,171.98118591308594,206.7899932861328,207.5500030517578,206.25999450683594,206.94000244140625,132361100
2015-07-28,174.09364318847656,209.3300018310547,209.5,206.8000030517578,207.7899932861328,123544800
2015-07-29,175.29122924804688,210.77000427246094,211.0399932861328,209.30999755859375,209.47999572753906,105791300
2015-07-30,175.33282470703125,210.82000732421875,211.02000427246094,209.4199981689453,210.16000366210938,91304400
2015-07-31,175.0666961669922,210.5,211.4499969482422,210.16000366210938,211.4199981689453,103266900
2015-08-03,174.4762420654297,209.7899932861328,210.52999877929688,208.64999389648438,210.4600067138672,113965700
2015-08-04,174.13522338867188,209.3800048828125,210.25,208.8000030517578,209.6999969482422,81820800
2015-08-05,174.70912170410156,210.07000732421875,211.30999755859375,209.72999572753906,210.4499969482422,85786800
2015-08-06,173.27865600585938,208.35000610351562,210.4199981689453,207.64999389648438,210.2899932861328,116030800
2015-08-07,172.94595336914062,207.9499969482422,208.33999633789062,206.8699951171875,208.16000366210938,117858000
2015-08-10,175.12493896484375,210.57000732421875,210.6699981689453,209.27999877929688,209.27999877929688,80270700
2015-08-11,173.54470825195312,208.6699981689453,209.47000122070312,207.75999450683594,208.97000122070312,126081400
2015-08-12,173.7526092529297,208.9199981689453,209.13999938964844,205.36000061035156,207.11000061035156,172123700
2015-08-13,173.5364227294922,208.66000366210938,209.5500030517578,208.00999450683594,208.72999572753906,89383300
2015-08-14,174.16851806640625,209.4199981689453,209.50999450683594,208.25999450683594,208.42999267578125,72786500
2015-08-17,175.1415252685547,210.58999633789062,210.58999633789062,208.16000366210938,208.7100067138672,79072600
2015-08-18,174.63426208496094,209.97999572753906,210.67999267578125,209.6999969482422,210.25999450683594,71692700
2015-08-19,173.25364685058594,208.32000732421875,210.00999450683594,207.35000610351562,209.08999633789062,172946000
2015-08-20,169.6358642578125,203.97000122070312,208.2899932861328,203.89999389648438,206.50999450683594,194327900
2015-08-21,164.5294189453125,197.8300018310547,203.94000244140625,197.52000427246094,201.72999572753906,346588500
2015-08-24,157.6016082763672,189.5,197.47999572753906,182.39999389648438,187.49000549316406,507244300
2015-08-25,155.7469940185547,187.27000427246094,195.4499969482422,186.9199981689453,195.42999267578125,369833100
2015-08-26,161.72671508789062,194.4600067138672,194.7899932861328,188.3699951171875,192.0800018310547,339257000
2015-08-27,165.72702026367188,199.27000427246094,199.4199981689453,195.2100067138672,197.02000427246094,274143900
2015-08-28,165.73533630371094,199.27999877929688,199.83999633789062,197.9199981689453,198.5,160414400
2015-08-31,164.39633178710938,197.6699981689453,199.1300048828125,197.00999450683594,198.11000061035156,163298800
2015-09-01,159.489501953125,191.77000427246094,194.77000427246094,190.72999572753906,193.1199951171875,256000400
2015-09-02,162.51675415039062,195.41000366210938,195.4600067138672,192.4199981689453,194.6199951171875,160269300
2015-09-03,162.6332244873047,195.5500030517578,198.0500030517578,194.9600067138672,196.25999450683594,152087800
2015-09-04,160.1714324951172,192.58999633789062,193.86000061035156,191.61000061035156,192.85000610351562,207081000
2015-09-08,164.19674682617188,197.42999267578125,197.61000061035156,195.1699981689453,195.94000244140625,116025700
2015-09-09,162.00111389160156,194.7899932861328,199.47000122070312,194.35000610351562,199.32000732421875,149347700
2015-09-10,162.88272094726562,195.85000610351562,197.22000122070312,194.25,194.55999755859375,158611100
2015-09-11,163.62290954589844,196.74000549316406,196.82000732421875,194.52999877929688,195.3800048828125,119691200
2015-09-14,163.0158233642578,196.00999450683594,197.00999450683594,195.42999267578125,196.9499969482422,79452000
2015-09-15,165.05340576171875,198.4600067138672,198.99000549316406,195.9600067138672,196.61000061035156,113806200
2015-09-16,166.48388671875,200.17999267578125,200.41000366210938,198.41000366210938,198.82000732421875,99581600
2015-09-17,166.10960388183594,199.72999572753906,202.88999938964844,199.27999877929688,200.02000427246094,276046600
2015-09-18,163.39512634277344,195.4499969482422,198.67999267578125,194.9600067138672,195.7100067138672,223657500
2015-09-21,164.23951721191406,196.4600067138672,197.67999267578125,195.2100067138672,196.44000244140625,105726200
2015-09-22,162.10765075683594,193.91000366210938,194.4600067138672,192.55999755859375,193.8800048828125,153890900
2015-09-23,161.8485565185547,193.60000610351562,194.6699981689453,192.91000366210938,194.11000061035156,92790600
2015-09-24,161.26336669921875,192.89999389648438,193.4499969482422,190.55999755859375,192.14999389648438,159378800
2015-09-25,161.22149658203125,192.85000610351562,195.0,191.80999755859375,194.63999938964844,155054800
2015-09-28,157.17530822753906,188.00999450683594,191.91000366210938,187.63999938964844,191.77999877929688,178515900
2015-09-29,157.2672882080078,188.1199951171875,189.74000549316406,186.92999267578125,188.27000427246094,159045600
2015-09-30,160.20164489746094,191.6300048828125,191.8300018310547,189.44000244140625,190.3699951171875,163452000
2015-10-01,160.6195831298828,192.1300048828125,192.49000549316406,189.82000732421875,192.0800018310547,131079000
2015-10-02,163.0189208984375,195.0,195.02999877929688,189.1199951171875,189.77000427246094,211003300
2015-10-05,165.91978454589844,198.47000122070312,198.74000549316406,196.3300018310547,196.4600067138672,126320800
2015-10-06,165.3513641357422,197.7899932861328,198.97999572753906,197.0,198.30999755859375,110274500
2015-10-07,166.7056427001953,199.41000366210938,199.8300018310547,197.47999572753906,198.89999389648438,124307300
2015-10-08,168.21038818359375,201.2100067138672,201.5500030517578,198.58999633789062,198.9499969482422,153055200
2015-10-09,168.31080627441406,201.3300018310547,201.89999389648438,200.5800018310547,201.3800048828125,107069200
2015-10-12,168.46966552734375,201.52000427246094,201.75999450683594,200.91000366210938,201.4199981689453,56395600
2015-10-13,167.4078826904297,200.25,202.16000366210938,200.0500030517578,200.64999389648438,88038700
2015-10-14,166.6053009033203,199.2899932861328,200.8699951171875,198.94000244140625,200.17999267578125,99106200
2015-10-15,169.16348266601562,202.35000610351562,202.36000061035156,199.63999938964844,200.0800018310547,134142200
2015-10-16,169.9326171875,203.27000427246094,203.2899932861328,201.9199981689453,202.8300018310547,114580100
2015-10-19,170.01620483398438,203.3699951171875,203.3699951171875,202.1300048828125,202.5,76523900
2015-10-20,169.798828125,203.11000061035156,203.83999633789062,202.5500030517578,202.85000610351562,78448500
2015-10-21,168.74545288085938,201.85000610351562,203.7899932861328,201.64999389648438,203.61000061035156,102038000
2015-10-22,171.59622192382812,205.25999450683594,205.50999450683594,201.85000610351562,202.97999572753906,174911700
2015-10-23,173.47720336914062,207.50999450683594,207.9499969482422,206.3000030517578,207.25,144442300
2015-10-26,173.0508270263672,207.0,207.3699951171875,206.55999755859375,207.3000030517578,69033000
2015-10-27,172.71641540527344,206.60000610351562,207.0,205.7899932861328,206.1999969482422,77905800
2015-10-28,174.68099975585938,208.9499969482422,208.97999572753906,206.2100067138672,207.0,135906700
2015-10-29,174.58074951171875,208.8300018310547,209.27000427246094,208.2100067138672,208.35000610351562,90525500
2015-10-30,173.8282928466797,207.92999267578125,209.44000244140625,207.74000549316406,209.05999755859375,131076900
2015-11-02,175.8848876953125,210.38999938964844,210.6199951171875,208.1699981689453,208.32000732421875,86270800
2015-11-03,176.39486694335938,211.0,211.66000366210938,209.6999969482422,209.97000122070312,95246100
2015-11-04,175.8597412109375,210.36000061035156,211.5,209.72000122070312,211.35000610351562,96224500
2015-11-05,175.68421936035156,210.14999389648438,210.97999572753906,209.08999633789062,210.42999267578125,78408700
2015-11-06,175.59226989746094,210.0399932861328,210.32000732421875,208.4600067138672,209.74000549316406,110471500
2015-11-09,173.95376586914062,208.0800018310547,209.49000549316406,206.9499969482422,209.30999755859375,131008700
2015-11-10,174.35501098632812,208.55999755859375,208.60000610351562,207.19000244140625,207.50999450683594,75874600
2015-11-11,173.66944885253906,207.74000549316406,208.94000244140625,207.66000366210938,208.8800048828125,67846000
2015-11-12,171.24508666992188,204.83999633789062,207.05999755859375,204.82000732421875,206.5,121315200
2015-11-13,169.3223876953125,202.5399932861328,204.6699981689453,202.44000244140625,204.35000610351562,153577100
2015-11-16,171.89720153808594,205.6199951171875,205.69000244140625,202.17999267578125,202.32000732421875,117645200
2015-11-17,171.77178955078125,205.47000122070312,207.0399932861328,204.8800048828125,205.99000549316406,121123700
2015-11-18,174.4971160888672,208.72999572753906,208.89999389648438,205.99000549316406,206.0399932861328,121342500
2015-11-19,174.34671020507812,208.5500030517578,209.0500030517578,208.1999969482422,208.58999633789062,88220500
2015-11-20,174.98202514648438,209.30999755859375,210.1199951171875,208.86000061035156,209.4499969482422,94011500
2015-11-23,174.78140258789062,209.07000732421875,209.97999572753906,208.52000427246094,209.3800048828125,64931200
2015-11-24,175.0154571533203,209.35000610351562,209.8300018310547,207.41000366210938,207.8699951171875,98874400
2015-11-25,174.99038696289062,209.32000732421875,209.74000549316406,209.00999450683594,209.5,51980100
2015-11-27,175.19100952148438,209.55999755859375,209.8000030517578,208.86000061035156,209.42999267578125,37317800
2015-11-30,174.46368408203125,208.69000244140625,209.88999938964844,208.55999755859375,209.75,112822700
2015-12-01,176.12730407714844,210.67999267578125,210.82000732421875,209.11000061035156,209.44000244140625,97858400
2015-12-02,174.3298797607422,208.52999877929688,211.0,208.22999572753906,210.6199951171875,108441300
2015-12-03,171.8887939453125,205.61000061035156,209.14999389648438,204.75,208.8300018310547,166224200
2015-12-04,175.24114990234375,209.6199951171875,209.97000122070312,205.61000061035156,205.61000061035156,192913900
2015-12-07,174.1795196533203,208.35000610351562,209.72999572753906,207.1999969482422,209.22999572753906,102027100
2015-12-08,173.00909423828125,206.9499969482422,208.2899932861328,205.77999877929688,206.49000549316406,103372400
2015-12-09,171.6630401611328,205.33999633789062,208.67999267578125,204.17999267578125,206.19000244140625,162401500
2015-12-10,172.10617065429688,205.8699951171875,207.42999267578125,205.13999938964844,205.4199981689453,116128900
2015-12-11,168.77059936523438,201.8800048828125,204.13999938964844,201.50999450683594,203.35000610351562,211173300
2015-12-14,169.62330627441406,202.89999389648438,203.0500030517578,199.9499969482422,202.07000732421875,182385200
2015-12-15,171.40394592285156,205.02999877929688,206.11000061035156,202.8699951171875,204.6999969482422,154069600
2015-12-16,173.91195678710938,208.02999877929688,208.38999938964844,204.8000030517578,206.3699951171875,197017000
2015-12-17,171.26181030273438,204.86000061035156,208.47999572753906,204.83999633789062,208.39999389648438,173092500
2015-12-18,168.2108154296875,200.02000427246094,202.92999267578125,199.8300018310547,202.77000427246094,251393500
2015-12-21,169.598388671875,201.6699981689453,201.8800048828125,200.08999633789062,201.41000366210938,99094300
2015-12-22,171.13739013671875,203.5,203.85000610351562,201.5500030517578,202.72000122070312,111026200
2015-12-23,173.25662231445312,206.02000427246094,206.07000732421875,204.5800018310547,204.69000244140625,110987200
2015-12-24,172.9706268310547,205.67999267578125,206.3300018310547,205.4199981689453,205.72000122070312,48539600
2015-12-28,172.575439453125,205.2100067138672,205.25999450683594,203.94000244140625,204.86000061035156,65899900
2015-12-29,174.41709899902344,207.39999389648438,207.7899932861328,206.47000122070312,206.50999450683594,92640700
2015-12-30,173.18092346191406,205.92999267578125,207.2100067138672,205.75999450683594,207.11000061035156,63317700
2015-12-31,171.448486328125,203.8699951171875,205.88999938964844,203.8699951171875,205.1300048828125,114877900
2016-01-04,169.0517578125,201.02000427246094,201.02999877929688,198.58999633789062,200.49000549316406,222353500
2016-01-05,169.33770751953125,201.36000061035156,201.89999389648438,200.0500030517578,201.39999389648438,110845800
2016-01-06,167.20159912109375,198.82000732421875,200.05999755859375,197.60000610351562,198.33999633789062,152112600
2016-01-07,163.19020080566406,194.0500030517578,197.44000244140625,193.58999633789062,195.3300018310547,213436100
2016-01-08,161.3988800048828,191.9199981689453,195.85000610351562,191.5800018310547,195.19000244140625,209817200
2016-01-11,161.5587158203125,192.11000061035156,193.41000366210938,189.82000732421875,193.00999450683594,187941300
2016-01-12,162.86221313476562,193.66000366210938,194.5500030517578,191.13999938964844,193.82000732421875,172330500
2016-01-13,158.80035400390625,188.8300018310547,194.86000061035156,188.3800048828125,194.4499969482422,221168900
2016-01-14,161.4072723388672,191.92999267578125,193.25999450683594,187.66000366210938,189.5500030517578,240795600
2016-01-15,157.94252014160156,187.80999755859375,188.75999450683594,185.52000427246094,186.77000427246094,324846400
2016-01-19,158.1527862548828,188.05999755859375,190.11000061035156,186.1999969482422,189.9600067138672,195244400
2016-01-20,156.12608337402344,185.64999389648438,187.5,181.02000427246094,185.02999877929688,286547800
2016-01-21,157.0006561279297,186.69000244140625,188.8699951171875,184.63999938964844,186.2100067138672,195772900
2016-01-22,160.22157287597656,190.52000427246094,190.75999450683594,188.8800048828125,189.77999877929688,168319600
2016-01-25,157.79957580566406,187.63999938964844,190.14999389648438,187.41000366210938,189.9199981689453,130371700
2016-01-26,159.95248413085938,190.1999969482422,190.52999877929688,188.02000427246094,188.4199981689453,141036800
2016-01-27,158.21165466308594,188.1300048828125,191.55999755859375,187.05999755859375,189.5800018310547,185681700
2016-01-28,159.03582763671875,189.11000061035156,190.1999969482422,187.16000366210938,189.9600067138672,143798800
2016-01-29,162.91265869140625,193.72000122070312,193.8800048828125,189.8800048828125,190.02000427246094,210529300
2016-02-01,162.8538055419922,193.64999389648438,194.5800018310547,191.83999633789062,192.52999877929688,136061600
2016-02-02,159.9188690185547,190.16000366210938,191.97000122070312,189.5399932861328,191.9600067138672,182564900
2016-02-03,160.87754821777344,191.3000030517578,191.77999877929688,187.10000610351562,191.41000366210938,205054900
2016-02-04,161.12985229492188,191.60000610351562,192.75,189.9600067138672,190.7100067138672,139531800
2016-02-05,158.06033325195312,187.9499969482422,191.6699981689453,187.1999969482422,190.99000549316406,180788300
2016-02-08,155.93263244628906,185.4199981689453,186.1199951171875,182.8000030517578,185.77000427246094,191526700
2016-02-09,155.94105529785156,185.42999267578125,186.94000244140625,183.1999969482422,183.36000061035156,184513100
2016-02-10,155.80650329589844,185.27000427246094,188.33999633789062,185.1199951171875,186.41000366210938,148214100
2016-02-11,153.77978515625,182.86000061035156,184.10000610351562,181.08999633789062,182.33999633789062,219058900
2016-02-12,156.95022583007812,186.6300048828125,186.64999389648438,183.9600067138672,184.9600067138672,127632400
2016-02-16,159.5992889404297,189.77999877929688,189.80999755859375,187.6300048828125,188.77000427246094,120250700
2016-02-17,162.20623779296875,192.8800048828125,193.32000732421875,191.00999450683594,191.16000366210938,136009500
2016-02-18,161.54190063476562,192.08999633789062,193.27000427246094,191.72000122070312,193.1999969482422,102343000
2016-02-19,161.46620178222656,192.0,192.17999267578125,190.4499969482422,191.1699981689453,114793000
2016-02-22,163.8041534423828,194.77999877929688,194.9499969482422,193.7899932861328,193.8699951171875,103640300
2016-02-23,161.7353057861328,192.32000732421875,194.32000732421875,192.17999267578125,194.0,111455300
2016-02-24,162.4753875732422,193.1999969482422,193.52999877929688,189.32000732421875,190.6300048828125,150812200
2016-02-25,164.44325256347656,195.5399932861328,195.5500030517578,192.8300018310547,193.72999572753906,110728300
2016-02-26,164.06480407714844,195.08999633789062,196.67999267578125,194.89999389648438,196.57000732421875,129833700
2016-02-29,162.77806091308594,193.55999755859375,196.22999572753906,193.3300018310547,195.11000061035156,125918100
2016-03-01,166.6045684814453,198.11000061035156,198.2100067138672,194.4499969482422,195.00999450683594,141799700
2016-03-02,167.35302734375,199.0,199.05999755859375,197.25,197.74000549316406,102415000
2016-03-03,168.00901794433594,199.77999877929688,199.8000030517578,198.11000061035156,198.7899932861328,95172200
2016-03-04,168.55560302734375,200.42999267578125,201.35000610351562,199.02999877929688,200.00999450683594,129293600
2016-03-07,168.69015502929688,200.58999633789062,201.07000732421875,199.25,199.33999633789062,100219000
2016-03-08,166.8484344482422,198.39999389648438,199.9199981689453,198.2100067138672,199.32000732421875,123974900
2016-03-09,167.67254638671875,199.3800048828125,199.7899932861328,198.42999267578125,199.36000061035156,94801200
2016-03-10,167.80711364746094,199.5399932861328,201.07000732421875,197.3800048828125,199.9600067138672,156838700
2016-03-11,170.51502990722656,202.75999450683594,202.80999755859375,199.52000427246094,201.25999450683594,137964500
2016-03-14,170.29641723632812,202.5,203.0399932861328,201.77000427246094,202.16000366210938,73612000
2016-03-15,170.01885986328125,202.1699981689453,202.52999877929688,201.0500030517578,201.36000061035156,93169100
2016-03-16,171.00277709960938,203.33999633789062,203.82000732421875,201.5500030517578,201.60000610351562,129303200
2016-03-17,172.087646484375,204.6300048828125,205.22999572753906,202.77000427246094,203.24000549316406,134278500
2016-03-18,172.76388549804688,204.3800048828125,204.77999877929688,203.8000030517578,204.1699981689453,138372400
2016-03-21,173.0090789794922,204.6699981689453,204.94000244140625,203.8000030517578,204.07000732421875,72926700
2016-03-22,172.91603088378906,204.55999755859375,205.22999572753906,203.57000732421875,203.75999450683594,97471900
2016-03-23,171.77490234375,203.2100067138672,204.3300018310547,203.00999450683594,204.11000061035156,81052500
2016-03-24,171.69879150390625,203.1199951171875,203.16000366210938,201.74000549316406,202.0,84360900
2016-03-28,171.80026245117188,203.24000549316406,203.86000061035156,202.7100067138672,203.61000061035156,62408200
2016-03-29,173.389404296875,205.1199951171875,205.25,202.39999389648438,202.75999450683594,92922900
2016-03-30,174.15020751953125,206.02000427246094,206.8699951171875,205.58999633789062,206.3000030517578,86365300
2016-03-31,173.72756958007812,205.52000427246094,206.41000366210938,205.3300018310547,205.91000366210938,94584100
2016-04-01,174.9109649658203,206.9199981689453,207.13999938964844,203.97999572753906,204.35000610351562,114423500
2016-04-04,174.3446502685547,206.25,207.07000732421875,205.88999938964844,206.8300018310547,63497000
2016-04-05,172.6033172607422,204.19000244140625,206.25999450683594,203.88999938964844,204.6699981689453,99662200
2016-04-06,174.48829650878906,206.4199981689453,206.49000549316406,203.97999572753906,204.19000244140625,91839800
2016-04-07,172.40036010742188,203.9499969482422,205.55999755859375,203.08999633789062,205.13999938964844,113859000
2016-04-08,172.86532592773438,204.5,205.85000610351562,203.8699951171875,205.33999633789062,95040600
2016-04-11,172.4595947265625,204.02000427246094,206.07000732421875,203.91000366210938,205.25,83757500
2016-04-12,174.065673828125,205.9199981689453,206.25,203.6999969482422,204.22000122070312,115350600
2016-04-13,175.82394409179688,208.0,208.10000610351562,206.83999633789062,207.0,96336400
2016-04-14,175.83238220214844,208.00999450683594,208.60000610351562,207.60000610351562,208.07000732421875,65212900
2016-04-15,175.637939453125,207.77999877929688,208.1699981689453,207.39999389648438,208.00999450683594,75761600
2016-04-18,176.8721160888672,209.24000549316406,209.27999877929688,207.0,207.77999877929688,82531000
2016-04-19,177.42996215820312,209.89999389648438,210.1999969482422,208.94000244140625,209.74000549316406,88316100
2016-04-20,177.59909057617188,210.10000610351562,210.9199981689453,209.38999938964844,209.9499969482422,81100300
2016-04-21,176.64385986328125,208.97000122070312,210.25,208.64999389648438,210.1199951171875,85695000
2016-04-22,176.64385986328125,208.97000122070312,209.2899932861328,207.91000366210938,208.5500030517578,99251700
2016-04-25,176.3395538330078,208.61000061035156,208.66000366210938,207.5399932861328,208.25999450683594,66166500
2016-04-26,176.6016082763672,208.9199981689453,209.52000427246094,208.36000061035156,209.0399932861328,75864200
2016-04-27,176.965087890625,209.35000610351562,209.80999755859375,208.0500030517578,208.47000122070312,77329400
2016-04-28,175.3589630126953,207.4499969482422,209.75999450683594,206.9600067138672,208.4600067138672,97216200
2016-04-29,174.41224670410156,206.3300018310547,207.1300048828125,205.02999877929688,206.72000122070312,142424100
2016-05-02,175.798583984375,207.97000122070312,208.17999267578125,206.41000366210938,206.9199981689453,62188000
2016-05-03,174.2686309814453,206.16000366210938,206.8000030517578,205.27999877929688,206.52000427246094,106422100
2016-05-04,173.29647827148438,205.00999450683594,205.85000610351562,204.4199981689453,204.99000549316406,92243800
2016-05-05,173.26266479492188,204.97000122070312,205.97999572753906,204.47000122070312,205.55999755859375,67619200
2016-05-06,173.89662170410156,205.72000122070312,205.77000427246094,203.8800048828125,204.05999755859375,89315000
2016-05-09,174.040283203125,205.88999938964844,206.39999389648438,205.36000061035156,205.57000732421875,74374900
2016-05-10,176.20428466796875,208.4499969482422,208.47000122070312,206.63999938964844,206.72000122070312,77472200
2016-05-11,174.55593872070312,206.5,208.5399932861328,206.5,207.91000366210938,81727000
2016-05-12,174.60667419433594,206.55999755859375,207.49000549316406,205.3699951171875,207.2899932861328,89586300
2016-05-13,173.0851287841797,204.75999450683594,206.86000061035156,204.3800048828125,206.2100067138672,96474600
2016-05-16,174.79266357421875,206.77999877929688,207.33999633789062,204.88999938964844,204.9600067138672,77486800
2016-05-17,173.1611785888672,204.85000610351562,206.8000030517578,204.22999572753906,206.4600067138672,114924900
2016-05-18,173.21194458007812,204.91000366210938,206.3000030517578,203.6300048828125,204.44000244140625,120062100
2016-05-19,172.6117706298828,204.1999969482422,204.5399932861328,202.77999877929688,204.05999755859375,115430500
2016-05-20,173.7022247314453,205.49000549316406,206.10000610351562,204.86000061035156,204.9199981689453,104990400
2016-05-23,173.46551513671875,205.2100067138672,205.83999633789062,204.99000549316406,205.50999450683594,58682600
2016-05-24,175.71405029296875,207.8699951171875,208.24000549316406,206.13999938964844,206.1699981689453,93537800
2016-05-25,176.9058837890625,209.27999877929688,209.77000427246094,207.8699951171875,208.6699981689453,76621400
2016-05-26,176.95663452148438,209.33999633789062,209.7100067138672,208.97000122070312,209.44000244140625,55280700
2016-05-27,177.71737670898438,210.24000549316406,210.25,209.47000122070312,209.52999877929688,64211200
2016-05-31,177.3792266845703,209.83999633789062,210.69000244140625,209.17999267578125,210.55999755859375,109879400
2016-06-01,177.7427978515625,210.27000427246094,210.47999572753906,208.88999938964844,209.1199951171875,69936200
2016-06-02,178.28375244140625,210.91000366210938,210.92999267578125,209.24000549316406,209.8000030517578,63044700
2016-06-03,177.75120544433594,210.27999877929688,210.69000244140625,208.86000061035156,210.25,101757100
2016-06-06,178.65570068359375,211.35000610351562,211.77000427246094,210.50999450683594,210.6999969482422,64887000
2016-06-07,178.93463134765625,211.67999267578125,212.33999633789062,211.5,211.52999877929688,60974800
2016-06-08,179.5178985595703,212.3699951171875,212.52000427246094,211.69000244140625,211.83999633789062,66170900
2016-06-09,179.27281188964844,212.0800018310547,212.22000122070312,211.19000244140625,211.50999450683594,73786900
2016-06-10,177.57376098632812,210.07000732421875,210.86000061035156,209.42999267578125,210.4600067138672,113829200
2016-06-13,176.20428466796875,208.4499969482422,210.3699951171875,208.35000610351562,209.36000061035156,117751200
2016-06-14,175.85772705078125,208.0399932861328,208.74000549316406,206.9199981689453,208.0,125059300
2016-06-15,175.61257934570312,207.75,209.36000061035156,207.52999877929688,208.0399932861328,109124500
2016-06-16,176.13665771484375,208.3699951171875,208.57000732421875,205.58999633789062,207.75,149533100
2016-06-17,175.48074340820312,206.52000427246094,207.1999969482422,205.75,207.1699981689453,117055700
2016-06-20,176.61080932617188,207.85000610351562,209.61000061035156,207.75,208.82000732421875,82789600
2016-06-21,177.11215209960938,208.44000244140625,208.9199981689453,207.77999877929688,208.3000030517578,72461700
2016-06-22,176.82327270507812,208.10000610351562,209.5,207.92999267578125,208.64999389648438,95560500
2016-06-23,179.1259307861328,210.80999755859375,210.8699951171875,209.27000427246094,209.80999755859375,102731400
2016-06-24,172.69371032714844,203.24000549316406,210.85000610351562,202.72000122070312,203.6300048828125,333444400
2016-06-27,169.60076904296875,199.60000610351562,201.60000610351562,198.64999389648438,201.58999633789062,230775800
2016-06-28,172.6597137451172,203.1999969482422,203.22999572753906,201.1199951171875,201.47999572753906,159382400
2016-06-29,175.59967041015625,206.66000366210938,206.92999267578125,204.72000122070312,204.83999633789062,137328600
2016-06-30,177.99581909179688,209.47999572753906,209.5399932861328,206.55999755859375,207.2100067138672,165021900
2016-07-01,178.3696746826172,209.9199981689453,210.49000549316406,209.2899932861328,209.47999572753906,106055300
2016-07-05,177.08670043945312,208.41000366210938,209.0800018310547,207.7100067138672,208.9499969482422,109803700
2016-07-06,178.14877319335938,209.66000366210938,209.8000030517578,207.05999755859375,207.8300018310547,96021500
2016-07-07,178.03836059570312,209.52999877929688,210.64999389648438,208.6300048828125,209.8699951171875,85593800
2016-07-08,180.6893768310547,212.64999389648438,212.94000244140625,210.77999877929688,211.0500030517578,133971000
2016-07-11,181.32664489746094,213.39999389648438,214.07000732421875,212.9499969482422,213.19000244140625,73633900
2016-07-12,182.64370727539062,214.9499969482422,215.3000030517578,213.42999267578125,214.52999877929688,101275600
2016-07-13,182.61825561523438,214.9199981689453,215.4499969482422,214.35000610351562,215.44000244140625,87324100
2016-07-14,183.6378631591797,216.1199951171875,216.6699981689453,215.66000366210938,216.39999389648438,91230900
2016-07-15,183.39146423339844,215.8300018310547,217.00999450683594,215.30999755859375,216.77999877929688,107155400
2016-07-18,183.88430786132812,216.41000366210938,216.60000610351562,215.6699981689453,215.97000122070312,58725900
2016-07-19,183.6973419189453,216.19000244140625,216.22999572753906,215.6300048828125,215.9199981689453,54345700
2016-07-20,184.46205139160156,217.08999633789062,217.3699951171875,216.19000244140625,216.19000244140625,58159500
2016-07-21,183.7653350830078,216.27000427246094,217.22000122070312,215.75,216.9600067138672,67777300
2016-07-22,184.58953857421875,217.24000549316406,217.3000030517578,216.10000610351562,216.41000366210938,62787500
2016-07-25,184.08822631835938,216.64999389648438,217.05999755859375,215.97000122070312,217.0,55873100
2016-07-26,184.1731719970703,216.75,217.1699981689453,215.75999450683594,216.52999877929688,70080500
2016-07-27,183.97772216796875,216.52000427246094,217.27000427246094,215.6199951171875,217.19000244140625,84083900
2016-07-28,184.190185546875,216.77000427246094,217.11000061035156,215.75,216.2899932861328,65035700
2016-07-29,184.4875946044922,217.1199951171875,217.5399932861328,216.1300048828125,216.4600067138672,79519400
2016-08-01,184.3346405029297,216.94000244140625,217.64999389648438,216.41000366210938,217.19000244140625,73311400
2016-08-02,183.1535186767578,215.5500030517578,216.8300018310547,214.57000732421875,216.64999389648438,92295500
2016-08-03,183.6888427734375,216.17999267578125,216.25,215.1300048828125,215.47999572753906,53993600
2016-08-04,183.88430786132812,216.41000366210938,216.77999877929688,214.25,216.30999755859375,46585500
2016-08-05,185.3882598876953,218.17999267578125,218.22999572753906,216.41000366210938,216.41000366210938,71892200
2016-08-08,185.27783203125,218.0500030517578,218.52000427246094,217.74000549316406,218.39999389648438,39906500
2016-08-09,185.3882598876953,218.17999267578125,218.75999450683594,217.8000030517578,218.1300048828125,51251700
2016-08-10,184.9293975830078,217.63999938964844,218.39999389648438,217.22999572753906,218.30999755859375,57941100
2016-08-11,185.7876434326172,218.64999389648438,218.94000244140625,217.9499969482422,218.25999450683594,72504300
2016-08-12,185.62619018554688,218.4600067138672,218.7100067138672,217.99000549316406,218.2899932861328,61313500
2016-08-15,186.16148376464844,219.08999633789062,219.5,218.8800048828125,218.88999938964844,49813500
2016-08-16,185.2012939453125,217.9600067138672,218.67999267578125,217.9600067138672,218.60000610351562,53213600
2016-08-17,185.54969787597656,218.3699951171875,218.52999877929688,217.02000427246094,218.0,75134300
2016-08-18,185.96607971191406,218.86000061035156,218.89999389648438,218.2100067138672,218.33999633789062,52989300
2016-08-19,185.6941680908203,218.5399932861328,218.75,217.74000549316406,218.30999755859375,75443000
2016-08-22,185.68568420410156,218.52999877929688,218.8000030517578,217.8300018310547,218.25999450683594,61368800
2016-08-23,186.0595245361328,218.97000122070312,219.60000610351562,218.89999389648438,219.25,53399200
2016-08-24,185.1078643798828,217.85000610351562,218.91000366210938,217.36000061035156,218.8000030517578,71728900
2016-08-25,184.9803924560547,217.6999969482422,218.19000244140625,217.22000122070312,217.39999389648438,69224800
2016-08-26,184.63198852539062,217.2899932861328,219.1199951171875,216.25,217.9199981689453,122506300
2016-08-29,185.5411834716797,218.36000061035156,218.6699981689453,217.39999389648438,217.44000244140625,70502200
2016-08-30,185.23533630371094,218.0,218.58999633789062,217.35000610351562,218.25999450683594,58114500
2016-08-31,184.70852661132812,217.3800048828125,217.75,216.47000122070312,217.61000061035156,85269500
2016-09-01,184.71697998046875,217.38999938964844,217.72999572753906,216.02999877929688,217.3699951171875,97844200
2016-09-02,185.54969787597656,218.3699951171875,218.8699951171875,217.6999969482422,218.38999938964844,79293900
2016-09-06,186.11053466796875,219.02999877929688,219.1199951171875,217.86000061035156,218.6999969482422,56702100
2016-09-07,186.09349060058594,219.00999450683594,219.22000122070312,218.3000030517578,218.83999633789062,76554900
2016-09-08,185.66864013671875,218.50999450683594,218.94000244140625,218.14999389648438,218.6199951171875,74102900
2016-09-09,181.22474670410156,213.27999877929688,217.02999877929688,213.25,216.97000122070312,221589100
2016-09-12,183.8247833251953,216.33999633789062,216.80999755859375,212.30999755859375,212.38999938964844,168110900
2016-09-13,181.18218994140625,213.22999572753906,215.14999389648438,212.5,214.83999633789062,182828800
2016-09-14,181.1142578125,213.14999389648438,214.6999969482422,212.5,213.2899932861328,134185500
2016-09-15,182.92413330078125,215.27999877929688,215.72999572753906,212.75,212.9600067138672,134427900
2016-09-16,182.2169647216797,213.3699951171875,213.69000244140625,212.57000732421875,213.47999572753906,155236400
2016-09-19,182.25119018554688,213.41000366210938,214.8800048828125,213.02999877929688,214.1300048828125,80250500
2016-09-20,182.25970458984375,213.4199981689453,214.58999633789062,213.3800048828125,214.41000366210938,69665300
2016-09-21,184.30926513671875,215.82000732421875,216.02999877929688,213.44000244140625,214.24000549316406,110284400
2016-09-22,185.470703125,217.17999267578125,217.52999877929688,216.7100067138672,217.0,76678700
2016-09-23,184.45449829101562,215.99000549316406,216.8800048828125,215.8800048828125,216.72000122070312,73630900
2016-09-26,182.9599609375,214.24000549316406,215.22999572753906,214.00999450683594,215.02000427246094,89827300
2016-09-27,184.09579467773438,215.57000732421875,215.67999267578125,213.6199951171875,214.0500030517578,78494800
2016-09-28,185.0095672607422,216.63999938964844,216.82000732421875,214.7100067138672,215.8300018310547,87411000
2016-09-29,183.3357391357422,214.67999267578125,216.8699951171875,214.0399932861328,216.39999389648438,128070600
2016-09-30,184.71920776367188,216.3000030517578,217.1199951171875,215.36000061035156,215.64999389648438,117202900
2016-10-03,184.27516174316406,215.77999877929688,216.0399932861328,215.0399932861328,215.82000732421875,83512100
2016-10-04,183.3357391357422,214.67999267578125,216.1699981689453,213.99000549316406,215.91000366210938,119948100
2016-10-05,184.1470184326172,215.6300048828125,216.1300048828125,215.3300018310547,215.41000366210938,72816000
2016-10-06,184.27516174316406,215.77999877929688,216.0399932861328,214.74000549316406,215.3699951171875,62927400
2016-10-07,183.64315795898438,215.0399932861328,216.3000030517578,214.19000244140625,216.10000610351562,89788300
2016-10-10,184.5996551513672,216.16000366210938,216.6999969482422,215.99000549316406,216.16000366210938,51855000
2016-10-11,182.2682342529297,213.42999267578125,215.74000549316406,212.5800018310547,215.66000366210938,130367400
2016-10-12,182.5073699951172,213.7100067138672,214.32000732421875,213.00999450683594,213.58999633789062,73866100
2016-10-13,181.90957641601562,213.00999450683594,213.58999633789062,211.2100067138672,212.16000366210938,101357000
2016-10-14,182.00347900390625,213.1199951171875,214.69000244140625,213.02999877929688,214.14999389648438,93346200
2016-10-17,181.37156677246094,212.3800048828125,213.38999938964844,212.1699981689453,213.08999633789062,58275700
2016-10-18,182.5073699951172,213.7100067138672,214.30999755859375,213.27000427246094,214.24000549316406,76869700
2016-10-19,182.99404907226562,214.27999877929688,214.63999938964844,213.60000610351562,214.02000427246094,66519200
2016-10-20,182.65252685546875,213.8800048828125,214.52999877929688,213.11000061035156,213.8699951171875,73639800
2016-10-21,182.73794555664062,213.97999572753906,214.0800018310547,212.75999450683594,213.8800048828125,89089100
2016-10-24,183.5150909423828,214.88999938964844,215.32000732421875,214.47999572753906,215.0,60146600
2016-10-25,182.90020751953125,214.1699981689453,214.97999572753906,213.97999572753906,214.67999267578125,66542300
2016-10-26,182.53297424316406,213.74000549316406,214.4199981689453,212.92999267578125,213.2100067138672,75705500
2016-10-27,182.0462188720703,213.1699981689453,214.6199951171875,213.0800018310547,214.5800018310547,77220200
2016-10-28,181.50819396972656,212.5399932861328,213.92999267578125,211.7100067138672,213.13999938964844,140623200
2016-10-31,181.51673889160156,212.5500030517578,213.19000244140625,212.36000061035156,212.92999267578125,61272500
2016-11-01,180.20156860351562,211.00999450683594,212.99000549316406,209.60000610351562,212.92999267578125,122781800
2016-11-02,179.11695861816406,209.74000549316406,211.10000610351562,209.22999572753906,210.64999389648438,103330800
2016-11-03,178.2971649169922,208.77999877929688,210.24000549316406,208.4600067138672,209.99000549316406,88939300
2016-11-04,178.1007537841797,208.5500030517578,209.88999938964844,208.3800048828125,208.91000366210938,109122100
2016-11-07,182.0291290283203,213.14999389648438,213.19000244140625,208.5500030517578,208.5500030517578,109794900
2016-11-08,182.84893798828125,214.11000061035156,214.77000427246094,212.3800048828125,212.69000244140625,106772100
2016-11-09,184.78750610351562,216.3800048828125,217.10000610351562,212.33999633789062,212.3699951171875,258429000
2016-11-10,185.2487030029297,216.9199981689453,218.30999755859375,215.22000122070312,217.3000030517578,172113300
2016-11-11,184.82171630859375,216.4199981689453,216.6999969482422,215.32000732421875,216.0800018310547,100552700
2016-11-14,184.9668731689453,216.58999633789062,217.27000427246094,215.72000122070312,217.02999877929688,94580000
2016-11-15,186.41014099121094,218.27999877929688,218.27999877929688,216.8000030517578,217.0399932861328,91652600
2016-11-16,186.05999755859375,217.8699951171875,218.13999938964844,217.4199981689453,217.55999755859375,65617700
2016-11-17,187.0164337158203,218.99000549316406,219.05999755859375,217.9199981689453,218.0500030517578,69797200
2016-11-18,186.5980224609375,218.5,219.27000427246094,218.2899932861328,219.07000732421875,86265800
2016-11-21,188.00711059570312,220.14999389648438,220.17999267578125,219.0,219.1699981689453,72402600
2016-11-22,188.37428283691406,220.5800018310547,220.7899932861328,219.72999572753906,220.50999450683594,67429000
2016-11-23,188.476806640625,220.6999969482422,220.75999450683594,219.75,219.97999572753906,56620200
2016-11-25,189.17706298828125,221.52000427246094,221.55999755859375,221.00999450683594,221.10000610351562,37872300
2016-11-28,188.2888946533203,220.47999572753906,221.47999572753906,220.36000061035156,221.16000366210938,76572500
2016-11-29,188.6561279296875,220.91000366210938,221.44000244140625,220.1699981689453,220.52000427246094,69886700
2016-11-30,188.20350646972656,220.3800048828125,221.82000732421875,220.30999755859375,221.6300048828125,113291800
2016-12-01,187.51177978515625,219.57000732421875,220.72999572753906,219.14999389648438,220.72999572753906,79040500
2016-12-02,187.60572814941406,219.67999267578125,220.25,219.25999450683594,219.6699981689453,74840300
2016-12-05,188.73297119140625,221.0,221.39999389648438,220.4199981689453,220.64999389648438,67837800
2016-12-06,189.33071899414062,221.6999969482422,221.74000549316406,220.66000366210938,221.22000122070312,59877400
2016-12-07,191.807373046875,224.60000610351562,224.6699981689453,221.3800048828125,221.52000427246094,110738100
2016-12-08,192.2770233154297,225.14999389648438,225.6999969482422,224.25999450683594,224.57000732421875,99714400
2016-12-09,193.43849182128906,226.50999450683594,226.52999877929688,225.3699951171875,225.41000366210938,88005800
2016-12-12,193.2164764404297,226.25,226.9600067138672,225.75999450683594,226.39999389648438,102016100
2016-12-13,194.5059814453125,227.75999450683594,228.33999633789062,227.0,227.02000427246094,110477500
2016-12-14,192.9004669189453,225.8800048828125,228.22999572753906,225.3699951171875,227.41000366210938,142501800
2016-12-15,193.69473266601562,226.80999755859375,227.80999755859375,225.88999938964844,226.16000366210938,124972600
2016-12-16,193.31585693359375,225.0399932861328,226.0800018310547,224.6699981689453,226.00999450683594,156420200
2016-12-19,193.73681640625,225.52999877929688,226.02000427246094,225.0800018310547,225.25,90341100
2016-12-20,194.48416137695312,226.39999389648438,226.57000732421875,225.8800048828125,226.14999389648438,89838800
2016-12-21,193.9429931640625,225.77000427246094,226.4499969482422,225.77000427246094,226.25,67909000
2016-12-22,193.60794067382812,225.3800048828125,225.74000549316406,224.9199981689453,225.60000610351562,56219100
2016-12-23,193.89141845703125,225.7100067138672,225.72000122070312,225.2100067138672,225.42999267578125,36697800
2016-12-27,194.3724822998047,226.27000427246094,226.72999572753906,226.0,226.02000427246094,42672500
2016-12-28,192.76608276367188,224.39999389648438,226.58999633789062,224.27000427246094,226.57000732421875,64095000
2016-12-29,192.7230682373047,224.35000610351562,224.88999938964844,223.83999633789062,224.47999572753906,48696100
2016-12-30,192.0187530517578,223.52999877929688,224.8300018310547,222.72999572753906,224.72999572753906,108998300
2017-01-03,193.48768615722656,225.24000549316406,225.8300018310547,223.8800048828125,225.0399932861328,91366500
2017-01-04,194.63882446289062,226.5800018310547,226.75,225.61000061035156,225.6199951171875,78744400
2017-01-05,194.48416137695312,226.39999389648438,226.5800018310547,225.47999572753906,226.27000427246094,78379000
2017-01-06,195.1799774169922,227.2100067138672,227.75,225.89999389648438,226.52999877929688,71559900
2017-01-09,194.53570556640625,226.4600067138672,227.07000732421875,226.4199981689453,226.91000366210938,46939700
2017-01-10,194.53570556640625,226.4600067138672,227.4499969482422,226.00999450683594,226.47999572753906,63771900
2017-01-11,195.08547973632812,227.10000610351562,227.10000610351562,225.58999633789062,226.36000061035156,74650000
2017-01-12,194.59580993652344,226.52999877929688,226.75,224.9600067138672,226.5,72113200
2017-01-13,195.04257202148438,227.0500030517578,227.39999389648438,226.69000244140625,226.72999572753906,62717900
2017-01-17,194.3553009033203,226.25,226.77999877929688,225.8000030517578,226.30999755859375,61240800
2017-01-18,194.78480529785156,226.75,226.8000030517578,225.89999389648438,226.5399932861328,54793300
2017-01-19,194.06326293945312,225.91000366210938,227.0,225.41000366210938,226.83999633789062,66608800
2017-01-20,194.7762451171875,226.74000549316406,227.30999755859375,225.97000122070312,226.6999969482422,129168600
2017-01-23,194.2693634033203,226.14999389648438,226.80999755859375,225.27000427246094,226.74000549316406,75061600
2017-01-24,195.51498413085938,227.60000610351562,228.0800018310547,226.27000427246094,226.39999389648438,95555300
2017-01-25,197.2073211669922,229.57000732421875,229.57000732421875,228.50999450683594,228.6999969482422,84437700
2017-01-26,197.00111389160156,229.3300018310547,229.7100067138672,229.00999450683594,229.39999389648438,59970700
2017-01-27,196.69187927246094,228.97000122070312,229.58999633789062,228.75999450683594,229.4199981689453,59711100
2017-01-30,195.47206115722656,227.5500030517578,228.1999969482422,226.41000366210938,228.1699981689453,79737300
2017-01-31,195.4547882080078,227.52999877929688,227.60000610351562,226.32000732421875,226.97999572753906,75880800
2017-02-01,195.53219604492188,227.6199951171875,228.58999633789062,226.94000244140625,227.52999877929688,79117700
2017-02-02,195.66104125976562,227.77000427246094,228.10000610351562,226.82000732421875,227.6199951171875,69657600
2017-02-03,197.00970458984375,229.33999633789062,229.5500030517578,228.4600067138672,228.82000732421875,80563200
2017-02-06,196.65745544433594,228.92999267578125,229.3300018310547,228.5399932861328,228.8699951171875,57790100
2017-02-07,196.6660919189453,228.94000244140625,229.66000366210938,228.72000122070312,229.3800048828125,57931200
2017-02-08,196.92379760742188,229.24000549316406,229.38999938964844,228.30999755859375,228.94000244140625,51566200
2017-02-09,198.09210205078125,230.60000610351562,230.9499969482422,229.24000549316406,229.24000549316406,65955200
2017-02-10,198.87379455566406,231.50999450683594,231.77000427246094,230.6199951171875,231.0,66015900
2017-02-13,199.9561767578125,232.77000427246094,233.07000732421875,232.0500030517578,232.0800018310547,55182100
2017-02-14,200.75509643554688,233.6999969482422,233.7100067138672,232.16000366210938,232.55999755859375,71109000
2017-02-15,201.80308532714844,234.9199981689453,235.13999938964844,233.38999938964844,233.4499969482422,86785800
2017-02-16,201.6312713623047,234.72000122070312,235.16000366210938,233.85000610351562,234.9499969482422,84722400
2017-02-17,201.94912719726562,235.08999633789062,235.08999633789062,233.92999267578125,233.9499969482422,77204100
2017-02-21,203.15171813964844,236.49000549316406,236.69000244140625,235.50999450683594,235.52000427246094,88946100
2017-02-22,202.9713592529297,236.27999877929688,236.5399932861328,235.8300018310547,236.02000427246094,62115200
2017-02-23,203.10882568359375,236.44000244140625,236.89999389648438,235.55999755859375,236.8800048828125,74615900
2017-02-24,203.3665008544922,236.74000549316406,236.7899932861328,235.41000366210938,235.4600067138672,82381600
2017-02-27,203.68434143066406,237.11000061035156,237.30999755859375,236.35000610351562,236.63999938964844,56515400
2017-02-28,203.13462829589844,236.47000122070312,236.9499969482422,236.02000427246094,236.6699981689453,96961900
2017-03-01,205.9779815673828,239.77999877929688,240.32000732421875,238.3699951171875,238.38999938964844,149158200
2017-03-02,204.68081665039062,238.27000427246094,239.57000732421875,238.2100067138672,239.55999755859375,70246000
2017-03-03,204.8096466064453,238.4199981689453,238.61000061035156,237.72999572753906,238.1699981689453,81974300
2017-03-06,204.1997528076172,237.7100067138672,238.1199951171875,237.00999450683594,237.5,55391500
2017-03-07,203.5898895263672,237.0,237.77000427246094,236.75999450683594,237.36000061035156,65103700
2017-03-08,203.21188354492188,236.55999755859375,237.63999938964844,236.39999389648438,237.33999633789062,78168800
2017-03-09,203.46957397460938,236.86000061035156,237.24000549316406,235.74000549316406,236.6999969482422,90683900
2017-03-10,204.18260192871094,237.69000244140625,238.02000427246094,236.58999633789062,237.97000122070312,81991700
2017-03-13,204.28565979003906,237.80999755859375,237.86000061035156,237.24000549316406,237.6199951171875,57256800
2017-03-14,203.50399780273438,236.89999389648438,237.24000549316406,236.19000244140625,237.17999267578125,59880800
2017-03-15,205.2649688720703,238.9499969482422,239.44000244140625,237.2899932861328,237.55999755859375,96081800
2017-03-16,204.86123657226562,238.47999572753906,239.1999969482422,238.10000610351562,239.11000061035156,78344000
2017-03-17,204.50144958496094,237.02999877929688,237.97000122070312,237.02999877929688,237.75,89002100
2017-03-20,204.2771453857422,236.77000427246094,237.36000061035156,236.32000732421875,237.02999877929688,52537000
2017-03-21,201.6542510986328,233.72999572753906,237.61000061035156,233.5800018310547,237.47000122070312,131809300
2017-03-22,202.1288299560547,234.27999877929688,234.61000061035156,233.0500030517578,233.77000427246094,97569200
2017-03-23,201.91314697265625,234.02999877929688,235.33999633789062,233.60000610351562,234.27999877929688,100410300
2017-03-24,201.7664794921875,233.86000061035156,235.0399932861328,232.9600067138672,234.3800048828125,112504900
2017-03-27,201.55943298339844,233.6199951171875,233.9199981689453,231.61000061035156,231.92999267578125,87454500
2017-03-28,203.02610778808594,235.32000732421875,235.80999755859375,233.13999938964844,233.27000427246094,93483900
2017-03-29,203.21588134765625,235.5399932861328,235.80999755859375,234.72999572753906,234.99000549316406,61950400
2017-03-30,203.8629913330078,236.2899932861328,236.52000427246094,235.27000427246094,235.47000122070312,56737900
2017-03-31,203.38848876953125,235.74000549316406,236.50999450683594,235.67999267578125,235.89999389648438,73733100
2017-04-03,203.0347137451172,235.3300018310547,236.02999877929688,233.91000366210938,235.8000030517578,85546500
2017-04-04,203.16415405273438,235.47999572753906,235.5800018310547,234.55999755859375,235.0,56466200
2017-04-05,202.56021118164062,234.77999877929688,237.38999938964844,234.5399932861328,236.25999450683594,108800600
2017-04-06,203.129638671875,235.44000244140625,236.0399932861328,234.42999267578125,234.94000244140625,69135800
2017-04-07,202.922607421875,235.1999969482422,236.0,234.63999938964844,235.14999389648438,74412300
2017-04-10,203.04336547851562,235.33999633789062,236.25999450683594,234.72999572753906,235.36000061035156,67615300
2017-04-11,202.80177307128906,235.05999755859375,235.17999267578125,233.33999633789062,234.89999389648438,88045300
2017-04-12,201.91314697265625,234.02999877929688,234.9600067138672,233.77000427246094,234.74000549316406,81864400
2017-04-13,200.60171508789062,232.50999450683594,234.49000549316406,232.50999450683594,233.63999938964844,92880400
2017-04-17,202.37901306152344,234.57000732421875,234.57000732421875,232.8800048828125,233.11000061035156,68405400
2017-04-18,201.7750701904297,233.8699951171875,234.49000549316406,233.0800018310547,233.72000122070312,83225800
2017-04-19,201.4041290283203,233.44000244140625,234.9499969482422,233.17999267578125,234.52000427246094,68699900
2017-04-20,203.04336547851562,235.33999633789062,235.85000610351562,233.77999877929688,234.14999389648438,92572200
2017-04-21,202.3962860107422,234.58999633789062,235.30999755859375,234.1300048828125,235.25,110389800
2017-04-24,204.6222381591797,237.1699981689453,237.41000366210938,234.55999755859375,237.17999267578125,119209900
2017-04-25,205.81288146972656,238.5500030517578,238.9499969482422,237.80999755859375,237.91000366210938,76698300
2017-04-26,205.6834259033203,238.39999389648438,239.52999877929688,238.35000610351562,238.50999450683594,84702500
2017-04-27,205.85598754882812,238.60000610351562,238.9499969482422,237.97999572753906,238.77000427246094,57410300
2017-04-28,205.4073944091797,238.0800018310547,238.92999267578125,237.92999267578125,238.89999389648438,63532800
2017-05-01,205.92503356933594,238.67999267578125,239.1699981689453,238.1999969482422,238.67999267578125,66882500
2017-05-02,206.00265502929688,238.77000427246094,238.97999572753906,238.3000030517578,238.83999633789062,57375700
2017-05-03,205.75247192382812,238.47999572753906,238.8800048828125,237.6999969482422,238.77000427246094,73137700
2017-05-04,205.9940185546875,238.75999450683594,238.9199981689453,237.77999877929688,238.8300018310547,61462700
2017-05-05,206.80499267578125,239.6999969482422,239.72000122070312,238.67999267578125,239.19000244140625,62001300
2017-05-08,206.7705535888672,239.66000366210938,239.9199981689453,239.1699981689453,239.75,48385700
2017-05-09,206.5807342529297,239.44000244140625,240.19000244140625,239.0399932861328,239.9600067138672,51363200
2017-05-10,206.95164489746094,239.8699951171875,239.8699951171875,239.14999389648438,239.38999938964844,54293800
2017-05-11,206.52896118164062,239.3800048828125,239.57000732421875,238.1300048828125,239.35000610351562,62358300
2017-05-12,206.18385314941406,238.97999572753906,239.42999267578125,238.6699981689453,239.08999633789062,53912700
2017-05-15,207.32269287109375,240.3000030517578,240.44000244140625,239.4499969482422,239.47000122070312,61918900
2017-05-16,207.1328887939453,240.0800018310547,240.6699981689453,239.6300048828125,240.63999938964844,51241800
2017-05-17,203.4575653076172,235.82000732421875,240.0800018310547,235.75,240.0800018310547,172174100
2017-05-18,204.2771453857422,236.77000427246094,237.75,235.42999267578125,235.72999572753906,107047700
2017-05-19,205.6057586669922,238.30999755859375,239.0800018310547,237.27000427246094,237.3300018310547,115011400
2017-05-22,206.6497039794922,239.52000427246094,239.7100067138672,238.82000732421875,238.89999389648438,61010600
2017-05-23,207.10704040527344,240.0500030517578,240.24000549316406,239.50999450683594,239.9499969482422,48341700
2017-05-24,207.59017944335938,240.61000061035156,240.72999572753906,239.92999267578125,240.32000732421875,46927700
2017-05-25,208.58233642578125,241.75999450683594,242.0800018310547,240.9600067138672,241.1999969482422,64071700
2017-05-26,208.53921508789062,241.7100067138672,241.89999389648438,241.4499969482422,241.5399932861328,46629900
2017-05-30,208.3580322265625,241.5,241.7899932861328,241.16000366210938,241.33999633789062,35201900
2017-05-31,208.30621337890625,241.44000244140625,241.8800048828125,240.63999938964844,241.83999633789062,91796000
2017-06-01,209.96275329589844,243.36000061035156,243.3800048828125,241.63999938964844,241.97000122070312,68962000
2017-06-02,210.66156005859375,244.1699981689453,244.35000610351562,243.0800018310547,243.4199981689453,88666100
2017-06-05,210.5063018798828,243.99000549316406,244.3000030517578,243.75999450683594,243.97000122070312,44698800
2017-06-06,209.83334350585938,243.2100067138672,243.97999572753906,243.1199951171875,243.33999633789062,50375400
2017-06-07,210.2216033935547,243.66000366210938,243.9199981689453,242.8300018310547,243.60000610351562,54144300
2017-06-08,210.32508850097656,243.77999877929688,244.3300018310547,243.1699981689453,243.77000427246094,65950700
2017-06-09,210.0059051513672,243.41000366210938,245.00999450683594,241.9499969482422,244.08999633789062,132256400
2017-06-12,209.96275329589844,243.36000061035156,243.4199981689453,242.3800048828125,243.1300048828125,86108100
2017-06-13,210.98944091796875,244.5500030517578,244.61000061035156,243.5800018310547,243.97999572753906,60067000
2017-06-14,210.72201538085938,244.24000549316406,244.8699951171875,243.2899932861328,244.86000061035156,78602300
2017-06-15,210.31649780273438,243.77000427246094,243.91000366210938,242.36000061035156,242.67999267578125,66464900
2017-06-16,210.36245727539062,242.63999938964844,242.8300018310547,241.6300048828125,242.77000427246094,84553100
2017-06-19,212.1137237548828,244.66000366210938,244.72999572753906,243.47999572753906,243.58999633789062,65123800
2017-06-20,210.68321228027344,243.00999450683594,244.25999450683594,242.99000549316406,244.25,56906400
2017-06-21,210.6312255859375,242.9499969482422,243.58999633789062,242.41000366210938,243.4600067138672,55977600
2017-06-22,210.5358123779297,242.83999633789062,243.52999877929688,242.63999938964844,242.9600067138672,44148100
2017-06-23,210.7872314453125,243.1300048828125,243.50999450683594,242.47000122070312,242.91000366210938,66986800
2017-06-26,210.92593383789062,243.2899932861328,244.3800048828125,243.0500030517578,243.89999389648438,56700500
2017-06-27,209.22671508789062,241.3300018310547,243.3800048828125,241.30999755859375,243.0399932861328,82247700
2017-06-28,211.099365234375,243.49000549316406,243.72000122070312,242.22999572753906,242.5,70042600
2017-06-29,209.2440643310547,241.35000610351562,243.72000122070312,239.9600067138672,243.66000366210938,106949700
2017-06-30,209.63418579101562,241.8000030517578,242.7100067138672,241.5800018310547,242.27999877929688,86820700
2017-07-03,209.98965454101562,242.2100067138672,243.3800048828125,242.2100067138672,242.8800048828125,39153800
2017-07-05,210.47520446777344,242.77000427246094,243.00999450683594,241.6999969482422,242.6300048828125,54427600
2017-07-06,208.5504913330078,240.5500030517578,242.02999877929688,240.33999633789062,241.88999938964844,65400800
2017-07-07,209.90292358398438,242.11000061035156,242.27999877929688,240.55999755859375,241.2100067138672,57972300
2017-07-10,210.12832641601562,242.3699951171875,242.8000030517578,241.75999450683594,242.11000061035156,36663300
2017-07-11,209.97230529785156,242.19000244140625,242.5500030517578,240.85000610351562,242.3699951171875,50354600
2017-07-12,211.5502166748047,244.00999450683594,244.1999969482422,243.3000030517578,243.3000030517578,59610400
2017-07-13,211.9056396484375,244.4199981689453,244.5500030517578,243.75999450683594,244.02000427246094,39471600
2017-07-14,212.89402770996094,245.55999755859375,245.97000122070312,244.30999755859375,244.4199981689453,60262700
2017-07-17,212.8679962158203,245.52999877929688,245.91000366210938,245.3300018310547,245.47000122070312,33531900
2017-07-18,212.980712890625,245.66000366210938,245.72000122070312,244.6699981689453,245.05999755859375,42742500
2017-07-19,214.13377380371094,246.99000549316406,247.0,246.00999450683594,246.02000427246094,51034300
2017-07-20,214.22914123535156,247.10000610351562,247.4199981689453,246.47000122070312,247.27999877929688,47135200
2017-07-21,214.03839111328125,246.8800048828125,246.91000366210938,246.17999267578125,246.44000244140625,82340800
2017-07-24,213.98635864257812,246.82000732421875,246.97999572753906,246.27999877929688,246.7899932861328,46622300
2017-07-25,214.50653076171875,247.4199981689453,247.8000030517578,247.16000366210938,247.67999267578125,54915600
2017-07-26,214.51524353027344,247.42999267578125,247.7899932861328,247.1300048828125,247.75,47575400
2017-07-27,214.31582641601562,247.1999969482422,248.0,245.67999267578125,247.9600067138672,70766600
2017-07-28,214.06442260742188,246.91000366210938,247.05999755859375,246.1300048828125,246.64999389648438,50088400
2017-07-31,213.94302368164062,246.77000427246094,247.47999572753906,246.52999877929688,247.3699951171875,65838700
2017-08-01,214.41986083984375,247.32000732421875,247.5,246.72000122070312,247.4600067138672,55050400
2017-08-02,214.52394104003906,247.44000244140625,247.60000610351562,246.3699951171875,247.47000122070312,47211200
2017-08-03,214.10777282714844,246.9600067138672,247.33999633789062,246.63999938964844,247.30999755859375,40856000
2017-08-04,214.4979248046875,247.41000366210938,247.7899932861328,246.97000122070312,247.52000427246094,60191800
2017-08-07,214.89671325683594,247.8699951171875,247.8699951171875,247.3699951171875,247.49000549316406,31995000
2017-08-08,214.36785888671875,247.25999450683594,248.91000366210938,246.8300018310547,247.50999450683594,61719400
2017-08-09,214.3592071533203,247.25,247.30999755859375,246.05999755859375,246.47000122070312,62632600
2017-08-10,211.33346557617188,243.75999450683594,246.44000244140625,243.6999969482422,246.2899932861328,120479500
2017-08-11,211.64553833007812,244.1199951171875,244.8000030517578,243.75,244.02000427246094,74869900
2017-08-14,213.74362182617188,246.5399932861328,246.7899932861328,245.5500030517578,245.58999633789062,73291900
2017-08-15,213.7176513671875,246.50999450683594,247.0,246.16000366210938,246.97999572753906,55242700
2017-08-16,214.09042358398438,246.94000244140625,247.57000732421875,246.4499969482422,247.11000061035156,56715500
2017-08-17,210.75254821777344,243.08999633789062,246.60000610351562,243.08999633789062,246.24000549316406,128490400
2017-08-18,210.42315673828125,242.7100067138672,244.19000244140625,242.1999969482422,242.89999389648438,136748000
2017-08-21,210.58787536621094,242.89999389648438,243.1999969482422,241.8300018310547,242.63999938964844,65469700
2017-08-22,212.7899627685547,245.44000244140625,245.6199951171875,243.5500030517578,243.57000732421875,63140100
2017-08-23,212.0270538330078,244.55999755859375,245.0500030517578,244.16000366210938,244.3300018310547,50203800
2017-08-24,211.53286743164062,243.99000549316406,245.17999267578125,243.75,245.0,50741700
2017-08-25,212.0270538330078,244.55999755859375,245.61000061035156,244.38999938964844,244.89999389648438,64445900
2017-08-28,212.03573608398438,244.57000732421875,245.1999969482422,244.08999633789062,245.1699981689453,40565600
2017-08-29,212.27847290039062,244.85000610351562,245.14999389648438,242.92999267578125,243.05999755859375,51135700
2017-08-30,213.28416442871094,246.00999450683594,246.32000732421875,244.6199951171875,244.8300018310547,62030800
2017-08-31,214.5672607421875,247.49000549316406,247.77000427246094,246.0500030517578,246.72000122070312,103803900
2017-09-01,214.8707275390625,247.83999633789062,248.3300018310547,247.6699981689453,247.9199981689453,62007000
2017-09-05,213.32749938964844,246.05999755859375,247.52000427246094,244.9499969482422,247.25999450683594,91398800
2017-09-06,214.0557403564453,246.89999389648438,247.27999877929688,246.22999572753906,246.83999633789062,57916900
2017-09-07,214.0297393798828,246.8699951171875,247.27000427246094,246.39999389648438,247.25,58034700
2017-09-08,213.77830505371094,246.5800018310547,247.11000061035156,246.3000030517578,246.5399932861328,63832800
2017-09-11,216.05844116210938,249.2100067138672,249.3000030517578,248.02000427246094,248.0399932861328,71364800
2017-09-12,216.7867431640625,250.0500030517578,250.08999633789062,249.4199981689453,249.6300048828125,56896000
2017-09-13,216.89076232910156,250.1699981689453,250.2100067138672,249.58999633789062,249.72000122070312,59228000
2017-09-14,216.8213653564453,250.08999633789062,250.32000732421875,249.60000610351562,249.8000030517578,95446300
2017-09-15,217.11329650878906,249.19000244140625,249.2899932861328,248.57000732421875,248.69000244140625,95432400
2017-09-18,217.57505798339844,249.72000122070312,250.1199951171875,249.27999877929688,249.61000061035156,46235200
2017-09-19,217.7928466796875,249.97000122070312,250.07000732421875,249.60000610351562,250.0,47108100
2017-09-20,217.8712921142578,250.05999755859375,250.19000244140625,248.9199981689453,250.07000732421875,59574100
2017-09-21,217.28750610351562,249.38999938964844,249.97999572753906,249.19000244140625,249.8800048828125,48211400
2017-09-22,217.33106994628906,249.44000244140625,249.6300048828125,249.02000427246094,249.0500030517578,51214000
2017-09-25,216.8867645263672,248.92999267578125,249.5500030517578,248.0800018310547,249.14999389648438,57064400
2017-09-26,217.01744079589844,249.0800018310547,249.6999969482422,248.80999755859375,249.4199981689453,54082000
2017-09-27,217.8625946044922,250.0500030517578,250.49000549316406,248.8699951171875,249.8800048828125,81001400
2017-09-28,218.1239776611328,250.35000610351562,250.44000244140625,249.6300048828125,249.72999572753906,44778800
2017-09-29,218.8907012939453,251.22999572753906,251.32000732421875,250.1300048828125,250.33999633789062,85578000
2017-10-02,219.84042358398438,252.32000732421875,252.32000732421875,251.2899932861328,251.49000549316406,59023000
2017-10-03,220.31088256835938,252.86000061035156,252.88999938964844,252.22999572753906,252.32000732421875,66810200
2017-10-04,220.57225036621094,253.16000366210938,253.44000244140625,252.55999755859375,252.69000244140625,55953600
2017-10-05,221.8791961669922,254.66000366210938,254.67999267578125,253.1999969482422,253.5399932861328,63522800
2017-10-06,221.62649536132812,254.3699951171875,254.6999969482422,253.85000610351562,254.14999389648438,80646000
2017-10-09,221.2605438232422,253.9499969482422,254.6999969482422,253.64999389648438,254.6300048828125,35803100
2017-10-10,221.8442840576172,254.6199951171875,255.0500030517578,253.97999572753906,254.60000610351562,43057400
2017-10-11,222.1927947998047,255.02000427246094,255.02000427246094,254.32000732421875,254.50999450683594,47674300
2017-10-12,221.86170959472656,254.63999938964844,255.05999755859375,254.3699951171875,254.66000366210938,47065100
2017-10-13,222.13180541992188,254.9499969482422,255.27000427246094,254.63999938964844,255.13999938964844,54800400
2017-10-16,222.4280242919922,255.2899932861328,255.50999450683594,254.82000732421875,255.2100067138672,38221700
2017-10-17,222.58485412597656,255.47000122070312,255.52000427246094,254.97999572753906,255.22999572753906,31561000
2017-10-18,222.80271911621094,255.72000122070312,255.9499969482422,255.5,255.89999389648438,40888300
2017-10-19,222.8636932373047,255.7899932861328,255.8300018310547,254.35000610351562,254.8300018310547,61903800
2017-10-20,224.01377868652344,257.1099853515625,257.1400146484375,255.77000427246094,256.70001220703125,89176400
2017-10-23,223.14247131347656,256.1099853515625,257.510009765625,256.0199890136719,257.4800109863281,63915300
2017-10-24,223.53457641601562,256.55999755859375,256.8299865722656,256.1499938964844,256.6000061035156,66935900
2017-10-25,222.4280242919922,255.2899932861328,256.30999755859375,254.0,256.17999267578125,103715300
2017-10-26,222.715576171875,255.6199951171875,256.29998779296875,255.47999572753906,255.99000549316406,69798000
2017-10-27,224.5365447998047,257.7099914550781,257.8900146484375,255.6300048828125,256.4700012207031,85562500
2017-10-30,223.70010375976562,256.75,257.6000061035156,256.4100036621094,256.4700012207031,54285700
2017-10-31,224.04861450195312,257.1499938964844,257.44000244140625,256.80999755859375,257.17999267578125,60304800
2017-11-01,224.3448486328125,257.489990234375,258.42999267578125,257.07000732421875,258.0400085449219,54202700
2017-11-02,224.43199157714844,257.5899963378906,257.75,256.19000244140625,257.4100036621094,56449500
2017-11-03,225.18124389648438,258.45001220703125,258.5,257.29998779296875,257.7699890136719,59589700
2017-11-06,225.52976989746094,258.8500061035156,259.0,258.2200012207031,258.29998779296875,49652600
2017-11-07,225.3729705810547,258.6700134277344,259.3500061035156,258.0899963378906,258.9700012207031,57502200
2017-11-08,225.75631713867188,259.1099853515625,259.2200012207031,258.1499938964844,258.4700012207031,50469600
2017-11-09,224.9373779296875,258.1700134277344,258.3900146484375,256.3599853515625,257.7300109863281,95085500
2017-11-10,224.86764526367188,258.0899963378906,258.2900085449219,257.3699951171875,257.7300109863281,59984700
2017-11-13,225.07672119140625,258.3299865722656,258.5899963378906,257.2699890136719,257.30999755859375,50228600
2017-11-14,224.55397033691406,257.7300109863281,257.8500061035156,256.5199890136719,257.4100036621094,61315200
2017-11-15,223.4300537109375,256.44000244140625,257.2200012207031,255.6300048828125,256.6199951171875,80811500
2017-11-16,225.32945251464844,258.6199951171875,259.0400085449219,257.4700012207031,257.5199890136719,67777000
2017-11-17,224.66722106933594,257.8599853515625,258.5899963378906,257.7699890136719,258.2200012207031,75756800
2017-11-20,225.05059814453125,258.29998779296875,258.5199890136719,257.8599853515625,258.1400146484375,48075500
2017-11-21,226.52296447753906,259.989990234375,260.20001220703125,258.260009765625,259.17999267578125,69176800
2017-11-22,226.3226776123047,259.760009765625,260.1499938964844,259.57000732421875,260.0,45033400
2017-11-24,226.84542846679688,260.3599853515625,260.4800109863281,260.1600036621094,260.32000732421875,27856500
2017-11-27,226.73214721679688,260.2300109863281,260.75,260.0,260.4100036621094,52274900
2017-11-28,229.03233337402344,262.8699951171875,262.8999938964844,260.6499938964844,260.760009765625,98971700
2017-11-29,228.89292907714844,262.7099914550781,263.6300048828125,262.20001220703125,263.0199890136719,77512100
2017-11-30,230.89683532714844,265.010009765625,266.04998779296875,263.6700134277344,263.760009765625,127894400
2017-12-01,230.41770935058594,264.4599914550781,265.30999755859375,260.760009765625,264.760009765625,164390900
2017-12-04,230.13885498046875,264.1400146484375,266.79998779296875,264.0799865722656,266.30999755859375,94040600
2017-12-05,229.31114196777344,263.19000244140625,265.1499938964844,263.0400085449219,263.19000244140625,77994500
2017-12-06,229.35475158691406,263.239990234375,263.7300109863281,262.7099914550781,263.29998779296875,75898600
2017-12-07,230.07786560058594,264.07000732421875,264.42999267578125,262.94000244140625,264.07000732421875,77218600
2017-12-08,231.33248901367188,265.510009765625,265.5199890136719,264.0299987792969,265.1600036621094,76563900
2017-12-11,232.02952575683594,266.30999755859375,266.3800048828125,265.4800109863281,266.30999755859375,83077500
2017-12-12,232.43907165527344,266.7799987792969,267.32000732421875,266.3500061035156,267.2099914550781,85195800
2017-12-13,232.41294860839844,266.75,267.55999755859375,266.6499938964844,267.05999755859375,102905400
2017-12-14,231.4632568359375,265.6600036621094,267.2200012207031,265.6000061035156,267.0899963378906,100666700
2017-12-15,233.3906707763672,266.510009765625,267.0400085449219,265.3900146484375,265.45001220703125,144610300
2017-12-18,234.8706817626953,268.20001220703125,268.6000061035156,267.9800109863281,268.1000061035156,83653600
2017-12-19,233.96861267089844,267.1700134277344,268.5299987792969,267.0899963378906,268.4800109863281,82382900
2017-12-20,233.84603881835938,267.0299987792969,268.3299865722656,266.69000244140625,268.2699890136719,76751500
2017-12-21,234.3277587890625,267.5799865722656,268.3900146484375,267.29998779296875,267.739990234375,67032300
2017-12-22,234.2664031982422,267.510009765625,267.6400146484375,266.8999938964844,267.6000061035156,78720900
2017-12-26,233.98617553710938,267.19000244140625,267.44000244140625,266.8900146484375,267.04998779296875,45244400
2017-12-27,234.1000213623047,267.32000732421875,267.7300109863281,267.010009765625,267.3800048828125,57751000
2017-12-28,234.58168029785156,267.8699951171875,267.9200134277344,267.45001220703125,267.8900146484375,45116100
2017-12-29,233.69715881347656,266.8599853515625,268.54998779296875,266.6400146484375,268.5299987792969,96007400
2018-01-02,235.36981201171875,268.7699890136719,268.80999755859375,267.3999938964844,267.8399963378906,86655700
2018-01-03,236.85858154296875,270.4700012207031,270.6400146484375,268.9599914550781,268.9599914550781,90070400
2018-01-04,237.8568572998047,271.6099853515625,272.1600036621094,270.5400085449219,271.20001220703125,80636400
2018-01-05,239.4419403076172,273.4200134277344,273.55999755859375,271.95001220703125,272.510009765625,83524000
2018-01-08,239.87986755371094,273.9200134277344,274.1000061035156,272.9800109863281,273.30999755859375,57319200
2018-01-09,240.4228515625,274.5400085449219,275.25,274.0799865722656,274.3999938964844,57254000
2018-01-10,240.05494689941406,274.1199951171875,274.4200134277344,272.9200134277344,273.67999267578125,69574300
2018-01-11,241.806396484375,276.1199951171875,276.1199951171875,274.55999755859375,274.75,62361500
2018-01-12,243.38275146484375,277.9200134277344,278.1099853515625,276.0799865722656,276.4200134277344,90816100
2018-01-16,242.55078125,276.9700012207031,280.0899963378906,276.17999267578125,279.3500061035156,106555100
2018-01-17,244.86280822753906,279.6099853515625,280.04998779296875,276.9700012207031,278.0299987792969,113258800
2018-01-18,244.45114135742188,279.1400146484375,279.9599914550781,278.5799865722656,279.4800109863281,100728000
2018-01-19,245.56333923339844,280.4100036621094,280.4100036621094,279.1400146484375,279.79998779296875,140920100
2018-01-22,247.56002807617188,282.69000244140625,282.69000244140625,280.1099853515625,280.1700134277344,91322400
2018-01-23,248.08547973632812,283.2900085449219,283.6199951171875,282.3699951171875,282.739990234375,97084700
2018-01-24,247.9891357421875,283.17999267578125,284.70001220703125,281.8399963378906,284.0199890136719,134816100
2018-01-25,248.09423828125,283.29998779296875,284.2699890136719,282.3999938964844,284.1600036621094,84587300
2018-01-26,250.966552734375,286.5799865722656,286.6300048828125,283.9599914550781,284.25,107743100
2018-01-29,249.30270385742188,284.67999267578125,286.42999267578125,284.5,285.92999267578125,90118300
2018-01-30,246.7455596923828,281.760009765625,284.739990234375,281.2200012207031,282.6000061035156,131796400
2018-01-31,246.86814880371094,281.8999938964844,283.29998779296875,280.67999267578125,282.7300109863281,108364800
2018-02-01,246.58786010742188,281.5799865722656,283.05999755859375,280.67999267578125,281.07000732421875,90102500
2018-02-02,241.21969604492188,275.45001220703125,280.2300109863281,275.4100036621094,280.0799865722656,173174800
2018-02-05,231.13125610351562,263.92999267578125,275.8500061035156,263.30999755859375,273.45001220703125,294681800
2018-02-06,235.68508911132812,269.1300048828125,269.70001220703125,258.70001220703125,259.94000244140625,355026800
2018-02-07,234.40658569335938,267.6700134277344,272.3599853515625,267.5799865722656,268.5,167376100
2018-02-08,225.6141815185547,257.6300048828125,268.1700134277344,257.5899963378906,268.010009765625,246449500
2018-02-09,229.0032958984375,261.5,263.6099853515625,252.9199981689453,260.79998779296875,283565300
2018-02-12,232.3660888671875,265.3399963378906,267.010009765625,261.6600036621094,263.8299865722656,143736000
2018-02-13,232.94403076171875,266.0,266.6199951171875,263.30999755859375,263.9700012207031,81223600
2018-02-14,236.08790588378906,269.5899963378906,270.0,264.29998779296875,264.30999755859375,120735700
2018-02-15,239.10043334960938,273.0299987792969,273.0400085449219,268.7699890136719,271.57000732421875,111200300
2018-02-16,239.17050170898438,273.1099853515625,275.32000732421875,272.2699890136719,272.32000732421875,160420100
2018-02-20,237.6730499267578,271.3999938964844,273.6700134277344,270.5,272.0299987792969,86369700
2018-02-21,236.49072265625,270.04998779296875,274.7200012207031,269.94000244140625,271.8999938964844,98883700
2018-02-22,236.79725646972656,270.3999938964844,273.04998779296875,269.6400146484375,271.1000061035156,110511300
2018-02-23,240.57167053222656,274.7099914550781,274.7099914550781,271.25,271.7900085449219,92766400
2018-02-26,243.36517333984375,277.8999938964844,278.010009765625,275.260009765625,275.92999267578125,86491400
2018-02-27,240.32650756835938,274.42999267578125,278.9200134277344,274.3599853515625,278.1099853515625,99099200
2018-02-28,237.8920135498047,271.6499938964844,276.19000244140625,271.2900085449219,275.67999267578125,121907800
2018-03-01,234.43276977539062,267.70001220703125,273.1700134277344,266.0,271.4100036621094,176855100
2018-03-02,235.64134216308594,269.0799865722656,269.7200012207031,264.82000732421875,265.79998779296875,139083200
2018-03-05,238.36477661132812,272.19000244140625,272.8900146484375,267.6099853515625,267.7300109863281,97307400
2018-03-06,238.96900939941406,272.8800048828125,273.3900146484375,271.17999267578125,273.29998779296875,79213200
2018-03-07,238.88150024414062,272.7799987792969,273.17999267578125,270.20001220703125,270.4200134277344,87063500
2018-03-08,240.03749084472656,274.1000061035156,274.239990234375,272.4200134277344,273.54998779296875,66901200
2018-03-09,244.2147674560547,278.8699951171875,278.8699951171875,275.3399963378906,275.70001220703125,113625300
2018-03-12,243.9081573486328,278.5199890136719,279.9100036621094,278.0799865722656,279.20001220703125,71924800
2018-03-13,242.3319854736328,276.7200012207031,280.4100036621094,276.0299987792969,279.8399963378906,91968900
2018-03-14,241.0883026123047,275.29998779296875,278.0199890136719,274.6700134277344,277.80999755859375,105895100
2018-03-15,240.82562255859375,275.0,276.6099853515625,274.42999267578125,275.8800048828125,83433000
2018-03-16,241.0867156982422,274.20001220703125,275.3900146484375,274.1400146484375,274.5,100343700
2018-03-19,237.8247833251953,270.489990234375,274.3999938964844,268.6199951171875,273.3500061035156,109208400
2018-03-20,238.22926330566406,270.95001220703125,271.6700134277344,270.17999267578125,270.94000244140625,59757300
2018-03-21,237.77200317382812,270.42999267578125,273.2699890136719,270.19000244140625,270.8999938964844,78709600
2018-03-22,231.82839965820312,263.6700134277344,268.8699951171875,263.3599853515625,267.9100036621094,148785900
2018-03-23,226.88710021972656,258.04998779296875,264.5400085449219,257.8299865722656,264.1700134277344,183534800
2018-03-26,233.094482421875,265.1099853515625,265.42999267578125,259.4100036621094,262.1300048828125,141956100
2018-03-27,229.12913513183594,260.6000061035156,266.7699890136719,258.8399963378906,266.1700134277344,129941400
2018-03-28,228.45213317871094,259.8299865722656,262.6400146484375,258.5799865722656,260.75,146452300
2018-03-29,231.37118530273438,263.1499938964844,265.260009765625,259.8399963378906,261.1199951171875,111601600
2018-04-02,226.3771209716797,257.4700012207031,263.1300048828125,254.6699981689453,262.54998779296875,186286300
2018-04-03,229.27857971191406,260.7699890136719,261.30999755859375,256.8399963378906,258.8699951171875,119956900
2018-04-04,231.73167419433594,263.55999755859375,264.3599853515625,256.6000061035156,256.75,123715300
2018-04-05,233.56053161621094,265.6400146484375,266.6400146484375,264.32000732421875,265.54998779296875,82652600
2018-04-06,228.3554229736328,259.7200012207031,265.1099853515625,258.0,263.4200134277344,179521200
2018-04-09,229.48081970214844,261.0,264.8399963378906,259.94000244140625,261.3699951171875,105442900
2018-04-10,233.129638671875,265.1499938964844,266.0400085449219,262.9800109863281,264.2699890136719,103529000
2018-04-11,231.90748596191406,263.760009765625,265.6400146484375,263.3900146484375,263.4700012207031,91140200
2018-04-12,233.8154754638672,265.92999267578125,267.0,265.05999755859375,265.260009765625,68890500
2018-04-13,233.129638671875,265.1499938964844,267.5400085449219,264.010009765625,267.4100036621094,85079200
2018-04-16,235.04635620117188,267.3299865722656,268.20001220703125,266.07000732421875,267.0,63405300
2018-04-17,237.56097412109375,270.19000244140625,270.8699951171875,268.75,269.3299865722656,64682000
2018-04-18,237.7368621826172,270.3900146484375,271.29998779296875,269.8699951171875,270.69000244140625,57303900
2018-04-19,236.41802978515625,268.8900146484375,269.8800048828125,267.7200012207031,269.6499938964844,77655900
2018-04-20,234.41339111328125,266.6099853515625,269.05999755859375,265.6099853515625,268.80999755859375,99953100
2018-04-23,234.37815856933594,266.57000732421875,267.8900146484375,265.3500061035156,267.260009765625,65558000
2018-04-24,231.22174072265625,262.9800109863281,267.9800109863281,261.2799987792969,267.7300109863281,112885500
2018-04-25,231.79322814941406,263.6300048828125,264.1300048828125,260.8500061035156,262.9100036621094,103840900
2018-04-26,234.14955139160156,266.30999755859375,267.25,264.2900085449219,264.7900085449219,67731900
2018-04-27,234.36932373046875,266.55999755859375,267.3399963378906,265.5,267.0,57053600
2018-04-30,232.56698608398438,264.510009765625,267.8900146484375,264.42999267578125,267.260009765625,82182300
2018-05-01,232.98025512695312,264.9800109863281,265.1000061035156,262.1099853515625,263.8699951171875,74203400
2018-05-02,231.41519165039062,263.20001220703125,265.67999267578125,262.760009765625,264.760009765625,86368900
2018-05-03,230.90518188476562,262.6199951171875,263.3599853515625,259.04998779296875,262.260009765625,136311500
2018-05-04,233.8946533203125,266.0199890136719,266.7900085449219,261.1499938964844,261.5199890136719,91222100
2018-05-07,234.6859130859375,266.9200134277344,268.0199890136719,266.1099853515625,266.8900146484375,55304900
2018-05-08,234.6859130859375,266.9200134277344,267.3299865722656,265.1499938964844,266.5,67499200
2018-05-09,236.95437622070312,269.5,269.8699951171875,267.0899963378906,267.67999267578125,59666100
2018-05-10,239.1699676513672,272.0199890136719,272.3900146484375,270.2200012207031,270.3399963378906,72063900
2018-05-11,239.8997802734375,272.8500061035156,273.1499938964844,271.5799865722656,272.1600036621094,59871500
2018-05-14,240.01409912109375,272.9800109863281,274.0799865722656,272.3599853515625,273.3399963378906,54790600
2018-05-15,238.361083984375,271.1000061035156,271.6099853515625,270.0299987792969,271.5899963378906,87036100
2018-05-16,239.3634796142578,272.239990234375,272.760009765625,271.1099853515625,271.1400146484375,53942600
2018-05-17,239.16119384765625,272.010009765625,273.2300109863281,271.1300048828125,271.94000244140625,56536400
2018-05-18,238.56336975097656,271.3299865722656,272.0299987792969,270.92999267578125,271.6199951171875,64368000
2018-05-21,240.35694885253906,273.3699951171875,273.9800109863281,272.57000732421875,273.010009765625,58025900
2018-05-22,239.68873596191406,272.6099853515625,274.25,272.239990234375,273.9599914550781,52966400
2018-05-23,240.3482208251953,273.3599853515625,273.3900146484375,270.989990234375,271.1700134277344,64694200
2018-05-24,239.8558349609375,272.79998779296875,273.2200012207031,270.7799987792969,272.9100036621094,76043800
2018-05-25,239.28433227539062,272.1499938964844,272.8599853515625,271.5799865722656,272.1499938964844,56374800
2018-05-29,236.5323486328125,269.0199890136719,271.1700134277344,267.760009765625,270.30999755859375,115908600
2018-05-30,239.68873596191406,272.6099853515625,273.1099853515625,270.4200134277344,270.5,69678400
2018-05-31,238.2204132080078,270.94000244140625,272.489990234375,270.260009765625,272.1499938964844,93519900
2018-06-01,240.55918884277344,273.6000061035156,273.94000244140625,272.3299865722656,272.4100036621094,71258400
2018-06-04,241.70225524902344,274.8999938964844,275.19000244140625,274.260009765625,274.5299987792969,45385200
2018-06-05,241.87806701660156,275.1000061035156,275.5299987792969,274.17999267578125,275.04998779296875,51135000
2018-06-06,243.90028381347656,277.3999938964844,277.5199890136719,275.0899963378906,275.7900085449219,62732200
2018-06-07,243.87391662597656,277.3699951171875,278.2799987792969,276.3399963378906,277.95001220703125,72969400
2018-06-08,244.59481811523438,278.19000244140625,278.25,276.6600036621094,276.8500061035156,72139700
2018-06-11,244.9202423095703,278.55999755859375,279.3699951171875,278.30999755859375,278.44000244140625,58892500
2018-06-12,245.23678588867188,278.9200134277344,279.3299865722656,278.19000244140625,279.0299987792969,72329000
2018-06-13,244.4542999267578,278.0299987792969,279.4800109863281,277.79998779296875,279.19000244140625,79070600
2018-06-14,245.0697784423828,278.7300109863281,279.3299865722656,278.05999755859375,279.010009765625,77097600
2018-06-15,244.75704956054688,277.1300048828125,277.510009765625,275.3500061035156,276.6000061035156,120041600
2018-06-18,244.25363159179688,276.55999755859375,276.70001220703125,274.95001220703125,275.489990234375,52917600
2018-06-19,243.31753540039062,275.5,275.75,273.5299987792969,274.0,97531500
2018-06-20,243.7325897216797,275.9700012207031,276.7200012207031,275.5899963378906,276.2699890136719,53785500
2018-06-21,242.20460510253906,274.239990234375,275.9800109863281,273.67999267578125,275.9599914550781,71061400
2018-06-22,242.64620971679688,274.739990234375,275.7900085449219,274.489990234375,275.6600036621094,54898500
2018-06-25,239.34310913085938,271.0,273.6199951171875,269.1000061035156,273.44000244140625,137854200
2018-06-26,239.87301635742188,271.6000061035156,272.55999755859375,270.7900085449219,271.6400146484375,68547400
2018-06-27,237.88589477539062,269.3500061035156,273.8699951171875,269.17999267578125,272.260009765625,105110700
2018-06-28,239.24598693847656,270.8900146484375,271.75,268.489990234375,269.2900085449219,76650500
2018-06-29,239.5904083251953,271.2799987792969,273.6600036621094,271.1499938964844,272.1199951171875,97592500
2018-07-02,240.10260009765625,271.8599853515625,272.0400085449219,269.239990234375,269.510009765625,63554800
2018-07-03,239.25486755371094,270.8999938964844,272.9800109863281,270.4200134277344,272.8699951171875,42187100
2018-07-05,241.2066650390625,273.1099853515625,273.17999267578125,270.9599914550781,272.1700134277344,56925900
2018-07-06,243.24679565429688,275.4200134277344,275.8399963378906,272.7099914550781,273.1400146484375,66493700
2018-07-09,245.43704223632812,277.8999938964844,277.9599914550781,276.5,276.54998779296875,50550400
2018-07-10,246.3202667236328,278.8999938964844,279.010009765625,278.0799865722656,278.4100036621094,51966800
2018-07-11,244.5185546875,276.8599853515625,278.0400085449219,276.5199890136719,277.1499938964844,77054700
2018-07-12,246.73536682128906,279.3699951171875,279.42999267578125,277.6000061035156,278.2799987792969,60124700
2018-07-13,246.92971801757812,279.5899963378906,279.92999267578125,278.6600036621094,279.1700134277344,48216000
2018-07-16,246.70880126953125,279.3399963378906,279.79998779296875,278.8399963378906,279.6400146484375,48201000
2018-07-17,247.70689392089844,280.4700012207031,280.9100036621094,278.4100036621094,278.4700012207031,52315500
2018-07-18,248.22796630859375,281.05999755859375,281.17999267578125,280.05999755859375,280.55999755859375,44593500
2018-07-19,247.2917938232422,280.0,280.739990234375,279.4599914550781,280.30999755859375,61412100
2018-07-20,247.0091094970703,279.67999267578125,280.4800109863281,279.5,279.7699890136719,82337700
2018-07-23,247.46841430664062,280.20001220703125,280.42999267578125,279.05999755859375,279.45001220703125,47047600
2018-07-24,248.71377563476562,281.6099853515625,282.55999755859375,280.6300048828125,281.7900085449219,68026900
2018-07-25,250.8334503173828,284.010009765625,284.3699951171875,281.2799987792969,281.3299865722656,78882900
2018-07-26,250.2415771484375,283.3399963378906,284.1099853515625,283.0899963378906,283.20001220703125,57919500
2018-07-27,248.54595947265625,281.4200134277344,283.82000732421875,280.3800048828125,283.7099914550781,76768700
2018-07-30,247.2476348876953,279.95001220703125,281.69000244140625,279.3599853515625,281.510009765625,63742500
2018-07-31,248.4663848876953,281.3299865722656,282.0199890136719,280.3800048828125,280.80999755859375,68570500
2018-08-01,248.05142211914062,280.8599853515625,282.1300048828125,280.1300048828125,281.55999755859375,53853300
2018-08-02,249.402587890625,282.3900146484375,282.5799865722656,279.1600036621094,279.3900146484375,63426400
2018-08-03,250.47122192382812,283.6000061035156,283.6600036621094,282.3299865722656,282.5299987792969,53935400
2018-08-06,251.38986206054688,284.6400146484375,284.989990234375,283.20001220703125,283.6400146484375,39400900
2018-08-07,252.2200164794922,285.5799865722656,286.010009765625,285.239990234375,285.3900146484375,43196600
2018-08-08,252.11399841308594,285.4599914550781,285.9100036621094,284.94000244140625,285.3900146484375,42114600
2018-08-09,251.76951599121094,285.07000732421875,285.9700012207031,284.9200134277344,285.5299987792969,35717000
2018-08-10,250.08273315429688,283.1600036621094,284.05999755859375,282.3599853515625,283.45001220703125,77076000
2018-08-13,249.1464385986328,282.1000061035156,284.1600036621094,281.7699890136719,283.4700012207031,65732900
2018-08-14,250.73617553710938,283.8999938964844,284.1700134277344,282.4800109863281,282.9200134277344,43842000
2018-08-15,248.86392211914062,281.7799987792969,282.5400085449219,280.1600036621094,282.3800048828125,102925400
2018-08-16,250.87762451171875,284.05999755859375,285.0400085449219,283.3599853515625,283.3999938964844,69967900
2018-08-17,251.7606964111328,285.05999755859375,285.55999755859375,283.3699951171875,283.8299865722656,65618500
2018-08-20,252.2995147705078,285.6700134277344,285.9700012207031,285.05999755859375,285.57000732421875,39807500
2018-08-21,252.8911590576172,286.3399963378906,287.30999755859375,285.7099914550781,286.25,67272000
2018-08-22,252.74111938476562,286.1700134277344,286.760009765625,285.5799865722656,285.8800048828125,44993300
2018-08-23,252.40542602539062,285.7900085449219,286.94000244140625,285.42999267578125,285.9700012207031,49204900
2018-08-24,253.9244842529297,287.510009765625,287.6700134277344,286.3800048828125,286.44000244140625,57487400
2018-08-27,255.92926025390625,289.7799987792969,289.8999938964844,288.67999267578125,288.8599853515625,57072400
2018-08-28,256.0529479980469,289.9200134277344,290.4200134277344,289.3999938964844,290.29998779296875,46943500
2018-08-29,257.4307861328125,291.4800109863281,291.739990234375,289.8900146484375,290.1600036621094,61485500
2018-08-30,256.3885498046875,290.29998779296875,291.3599853515625,289.6300048828125,290.94000244140625,61229500
2018-08-31,256.3974609375,290.30999755859375,290.80999755859375,289.2900085449219,289.8399963378906,66140800
2018-09-04,255.9557342529297,289.80999755859375,290.2099914550781,288.67999267578125,289.8399963378906,57594400
2018-09-05,255.26693725585938,289.0299987792969,289.6400146484375,287.8900146484375,289.4100036621094,72452400
2018-09-06,254.49864196777344,288.1600036621094,289.489990234375,287.0,289.1499938964844,65909900
2018-09-07,254.00396728515625,287.6000061035156,288.70001220703125,286.7099914550781,286.9800109863281,73524800
2018-09-10,254.44558715820312,288.1000061035156,289.0400085449219,287.8800048828125,288.739990234375,50210900
2018-09-11,255.28457641601562,289.04998779296875,289.54998779296875,286.9800109863281,287.3699951171875,50530500
2018-09-12,255.34640502929688,289.1199951171875,289.79998779296875,288.2300109863281,289.05999755859375,59810800
2018-09-13,256.856689453125,290.8299865722656,291.0400085449219,290.0,290.32000732421875,51034200
2018-09-14,256.9009094238281,290.8800048828125,291.2699890136719,290.0,291.05999755859375,55079900
2018-09-17,255.54063415527344,289.3399963378906,290.8599853515625,289.0299987792969,290.82000732421875,68244000
2018-09-18,256.92730712890625,290.9100036621094,291.5799865722656,289.54998779296875,289.5799865722656,61930400
2018-09-19,257.2011413574219,291.2200012207031,291.69000244140625,290.8299865722656,290.9700012207031,49080600
2018-09-20,259.285400390625,293.5799865722656,293.94000244140625,291.239990234375,292.6400146484375,100360600
2018-09-21,259.04852294921875,291.989990234375,293.2200012207031,291.80999755859375,293.0899963378906,105479700
2018-09-24,258.1880187988281,291.0199890136719,291.5,290.3699951171875,291.3399963378906,53409600
2018-09-25,257.948486328125,290.75,291.6499938964844,290.4800109863281,291.5299987792969,44370000
2018-09-26,257.1766357421875,289.8800048828125,292.239990234375,289.4100036621094,290.9100036621094,79739700
2018-09-27,257.8951110839844,290.69000244140625,291.9100036621094,290.1000061035156,290.4100036621094,59249500
2018-09-28,257.92181396484375,290.7200012207031,291.2799987792969,289.95001220703125,289.989990234375,70091400
2018-10-01,258.8178405761719,291.7300109863281,292.92999267578125,290.9800109863281,292.1099853515625,62078900
2018-10-02,258.66717529296875,291.55999755859375,292.3599853515625,291.1400146484375,291.55999755859375,47258200
2018-10-03,258.8089904785156,291.7200012207031,293.2099914550781,291.32000732421875,292.739990234375,64694600
2018-10-04,256.7863464355469,289.44000244140625,291.239990234375,287.6600036621094,291.17999267578125,111545900
2018-10-05,255.34909057617188,287.82000732421875,290.2699890136719,286.2200012207031,289.69000244140625,105951700
2018-10-08,255.34909057617188,287.82000732421875,288.2200012207031,285.5,287.04998779296875,87742200
2018-10-09,254.9763641357422,287.3999938964844,288.8599853515625,286.7699890136719,287.3900146484375,74339000
2018-10-10,246.90304565429688,278.29998779296875,286.9100036621094,277.8800048828125,286.8299865722656,214731000
2018-10-11,241.46463012695312,272.1700134277344,278.8999938964844,270.3599853515625,277.0799865722656,274840500
2018-10-12,244.81820678710938,275.95001220703125,277.0899963378906,272.3699951171875,276.7699890136719,183186500
2018-10-15,243.4430389404297,274.3999938964844,277.0400085449219,274.29998779296875,275.54998779296875,102263700
2018-10-16,248.76611328125,280.3999938964844,280.82000732421875,276.07000732421875,276.6000061035156,118255800
2018-10-17,248.8104705810547,280.45001220703125,281.1499938964844,277.55999755859375,280.44000244140625,110626000
2018-10-18,245.21739196777344,276.3999938964844,280.07000732421875,274.9700012207031,279.3999938964844,134557500
2018-10-19,245.08433532714844,276.25,279.29998779296875,275.4700012207031,277.1300048828125,139901600
2018-10-22,243.9841766357422,275.010009765625,277.3599853515625,274.4100036621094,277.0,82415800
2018-10-23,242.7421112060547,273.6099853515625,274.8699951171875,268.6099853515625,270.95001220703125,146352700
2018-10-24,235.38739013671875,265.32000732421875,273.760009765625,264.70001220703125,273.3299865722656,177806700
2018-10-25,239.6103973388672,270.0799865722656,271.80999755859375,266.2300109863281,267.3800048828125,138061500
2018-10-26,235.39625549316406,265.3299865722656,271.0,262.2900085449219,265.9200134277344,201574600
2018-10-29,234.0921173095703,263.8599853515625,270.25,259.8500061035156,268.79998779296875,160749100
2018-10-30,237.5609588623047,267.7699890136719,268.1199951171875,263.1199951171875,263.6700134277344,157116000
2018-10-31,240.09832763671875,270.6300048828125,273.2300109863281,270.1199951171875,270.6499938964844,128296300
2018-11-01,242.6534423828125,273.510009765625,273.7300109863281,270.3800048828125,271.6000061035156,99495000
2018-11-02,241.21615600585938,271.8900146484375,275.2300109863281,269.5899963378906,274.75,122634100
2018-11-05,242.54698181152344,273.3900146484375,274.010009765625,271.3500061035156,272.44000244140625,65622500
2018-11-06,244.0817108154297,275.1199951171875,275.29998779296875,273.25,273.32000732421875,60085900
2018-11-07,249.3073272705078,281.010009765625,281.1000061035156,277.0799865722656,277.55999755859375,102752100
2018-11-08,248.8547821044922,280.5,281.2200012207031,279.2200012207031,280.1099853515625,65584900
2018-11-09,246.4240264892578,277.760009765625,279.239990234375,276.17999267578125,279.0299987792969,98812600
2018-11-12,241.81948852539062,272.57000732421875,277.4599914550781,271.989990234375,277.19000244140625,99673600
2018-11-13,241.3669891357422,272.05999755859375,275.3299865722656,271.25,273.0899963378906,98176600
2018-11-14,239.71688842773438,270.20001220703125,274.6099853515625,268.45001220703125,274.1600036621094,125335900
2018-11-15,242.21861267089844,273.0199890136719,273.5400085449219,267.010009765625,268.7799987792969,135101400
2018-11-16,242.84864807128906,273.7300109863281,274.75,271.2099914550781,271.7900085449219,126668000
2018-11-19,238.74095153808594,269.1000061035156,273.3800048828125,268.07000732421875,273.04998779296875,103061700
2018-11-20,234.32273864746094,264.1199951171875,267.0,263.1499938964844,265.3599853515625,136021300
2018-11-21,235.1212158203125,265.0199890136719,267.1499938964844,265.010009765625,265.8599853515625,75563700
2018-11-23,233.5509490966797,263.25,264.82000732421875,263.07000732421875,263.17999267578125,42807900
2018-11-26,237.32147216796875,267.5,267.75,265.3399963378906,265.7799987792969,79981400
2018-11-27,238.119873046875,268.3999938964844,268.3999938964844,265.6600036621094,266.3399963378906,75502400
2018-11-28,243.6027374267578,274.5799865722656,274.5799865722656,268.3299865722656,269.6000061035156,127629600
2018-11-29,243.0703582763672,273.9800109863281,275.54998779296875,272.42999267578125,273.7099914550781,82346400
2018-11-30,244.55198669433594,275.6499938964844,276.2799987792969,273.45001220703125,273.80999755859375,98204200
2018-12-03,247.79022216796875,279.29998779296875,280.3999938964844,277.510009765625,280.2799987792969,103176300
2018-12-04,239.76123046875,270.25,278.8500061035156,269.8999938964844,278.3699951171875,177986000
2018-12-06,239.39743041992188,269.8399963378906,269.9700012207031,262.44000244140625,265.9200134277344,204185400
2018-12-07,233.83486938476562,263.57000732421875,271.2200012207031,262.6300048828125,269.4599914550781,161018900
2018-12-10,234.27838134765625,264.07000732421875,265.1600036621094,258.6199951171875,263.3699951171875,151445900
2018-12-11,234.3316650390625,264.1300048828125,267.8699951171875,262.4800109863281,267.6600036621094,121504400
2018-12-12,235.51150512695312,265.4599914550781,269.0,265.3699951171875,267.4700012207031,97976700
2018-12-13,235.43173217773438,265.3699951171875,267.489990234375,264.1199951171875,266.5199890136719,96662700
2018-12-14,231.08460998535156,260.4700012207031,264.0299987792969,259.8500061035156,262.9599914550781,116961100
2018-12-17,226.55105590820312,255.36000061035156,260.6499938964844,253.52999877929688,259.3999938964844,165492300
2018-12-18,226.30262756347656,255.0800018310547,257.95001220703125,253.27999877929688,257.20001220703125,134515100
2018-12-19,222.91358947753906,251.25999450683594,259.3999938964844,249.35000610351562,255.1699981689453,214992800
2018-12-20,219.2849884033203,247.1699981689453,251.6199951171875,244.64999389648438,249.86000061035156,252053400
2018-12-21,214.79193115234375,240.6999969482422,249.7100067138672,239.97999572753906,246.74000549316406,255345600
2018-12-24,209.1165313720703,234.33999633789062,240.83999633789062,234.27000427246094,239.0399932861328,147311600
2018-12-26,219.68211364746094,246.17999267578125,246.17999267578125,233.75999450683594,235.97000122070312,218485400
2018-12-27,221.36868286132812,248.07000732421875,248.2899932861328,238.9600067138672,242.57000732421875,186267300
2018-12-28,221.08311462402344,247.75,251.39999389648438,246.4499969482422,249.5800018310547,153100200
2018-12-31,223.0195770263672,249.9199981689453,250.19000244140625,247.47000122070312,249.55999755859375,144299400
2019-01-02,223.25157165527344,250.17999267578125,251.2100067138672,245.9499969482422,245.97999572753906,126925200
2019-01-03,217.9241485595703,244.2100067138672,248.57000732421875,243.6699981689453,248.22999572753906,144140700
2019-01-04,225.22369384765625,252.38999938964844,253.11000061035156,247.1699981689453,247.58999633789062,142628800
2019-01-07,226.99951171875,254.3800048828125,255.9499969482422,251.69000244140625,252.69000244140625,103139100
2019-01-08,229.13226318359375,256.7699890136719,257.30999755859375,254.0,256.82000732421875,102512600
2019-01-09,230.20306396484375,257.9700012207031,258.9100036621094,256.19000244140625,257.55999755859375,95006600
2019-01-10,231.01516723632812,258.8800048828125,259.1600036621094,255.5,256.260009765625,96823900
2019-01-11,231.1044158935547,258.9800109863281,259.010009765625,257.0299987792969,257.67999267578125,73858100
2019-01-14,229.69444274902344,257.3999938964844,258.29998779296875,256.4100036621094,256.8599853515625,70908200
2019-01-15,232.32693481445312,260.3500061035156,260.70001220703125,257.80999755859375,257.82000732421875,85208300
2019-01-16,232.88912963867188,260.9800109863281,261.9700012207031,260.6000061035156,260.8299865722656,77636700
2019-01-17,234.65603637695312,262.9599914550781,263.9200134277344,259.9599914550781,260.010009765625,96118400
2019-01-18,237.7792510986328,266.4599914550781,266.9800109863281,263.0,264.9800109863281,127900300
2019-01-22,234.5666961669922,262.8599853515625,265.05999755859375,261.05999755859375,264.82000732421875,115531200
2019-01-23,235.05763244628906,263.4100036621094,264.7900085449219,260.6600036621094,264.010009765625,86030300
2019-01-24,235.18251037597656,263.54998779296875,264.20001220703125,262.0799865722656,263.2099914550781,59204100
2019-01-25,237.17242431640625,265.7799987792969,266.70001220703125,263.6600036621094,265.6099853515625,96883400
2019-01-28,235.36988830566406,263.760009765625,263.8299865722656,261.7900085449219,263.3900146484375,85613700
2019-01-29,235.05763244628906,263.4100036621094,264.54998779296875,262.4800109863281,263.9200134277344,66136300
2019-01-30,238.7786865234375,267.5799865722656,268.5199890136719,264.25,265.1000061035156,92473700
2019-01-31,240.8756866455078,269.92999267578125,270.4700012207031,267.2699890136719,267.510009765625,104012100
2019-02-01,240.9917755126953,270.05999755859375,271.20001220703125,269.17999267578125,270.1499938964844,85782500
2019-02-04,242.68724060058594,271.9599914550781,272.0299987792969,269.3599853515625,270.1099853515625,60744800
2019-02-05,243.70458984375,273.1000061035156,273.44000244140625,271.8800048828125,272.44000244140625,79552800
2019-02-06,243.38333129882812,272.739990234375,273.3399963378906,271.9200134277344,272.7900085449219,58347800
2019-02-07,241.06317138671875,270.1400146484375,271.54998779296875,268.2900085449219,270.94000244140625,95482000
2019-02-08,241.35765075683594,270.4700012207031,270.5799865722656,267.8299865722656,268.75,75788900
2019-02-11,241.49148559570312,270.6199951171875,271.489990234375,270.0299987792969,271.20001220703125,68021400
2019-02-12,244.59690856933594,274.1000061035156,274.5199890136719,272.3399963378906,272.4200134277344,72270200
2019-02-13,245.39109802246094,274.989990234375,275.92999267578125,274.55999755859375,275.0299987792969,65277200
2019-02-14,244.8468017578125,274.3800048828125,275.6400146484375,272.8699951171875,273.7799987792969,83234400
2019-02-15,247.514892578125,277.3699951171875,277.4100036621094,276.1300048828125,276.3599853515625,97088700
2019-02-19,247.94332885742188,277.8500061035156,278.5799865722656,276.4700012207031,276.4800109863281,59120800
2019-02-20,248.44297790527344,278.4100036621094,278.9200134277344,277.25,277.80999755859375,76610800
2019-02-21,247.5595703125,277.4200134277344,278.1000061035156,276.3500061035156,277.70001220703125,64214700
2019-02-22,249.09445190429688,279.1400146484375,279.3599853515625,277.3999938964844,278.1099853515625,78114600
2019-02-25,249.43353271484375,279.5199890136719,281.30999755859375,279.42999267578125,280.7300109863281,69030700
2019-02-26,249.2550811767578,279.32000732421875,280.29998779296875,278.8999938964844,279.1300048828125,56844100
2019-02-27,249.14796447753906,279.20001220703125,279.5899963378906,277.4800109863281,278.5199890136719,56921600
2019-02-28,248.68392944335938,278.67999267578125,279.45001220703125,278.32000732421875,278.9599914550781,69268300
2019-03-01,250.23666381835938,280.4200134277344,280.8800048828125,278.82000732421875,280.44000244140625,78880500
2019-03-04,249.32652282714844,279.3999938964844,281.8699951171875,276.8399963378906,281.6000061035156,106494600
2019-03-05,248.9873504638672,279.0199890136719,279.760009765625,278.4100036621094,279.5400085449219,59114600
2019-03-06,247.4792938232422,277.3299865722656,279.1600036621094,276.9700012207031,279.1499938964844,75039800
2019-03-07,245.408935546875,275.010009765625,276.989990234375,274.07000732421875,276.8299865722656,94885100
2019-03-08,244.9180908203125,274.4599914550781,274.6499938964844,272.4200134277344,272.94000244140625,85795800
2019-03-11,248.4697723388672,278.44000244140625,278.6199951171875,275.2300109863281,275.260009765625,65098900
2019-03-12,249.4067840576172,279.489990234375,280.07000732421875,278.8500061035156,279.05999755859375,79667500
2019-03-13,251.05755615234375,281.3399963378906,282.3800048828125,280.29998779296875,280.4800109863281,80639200
2019-03-14,250.89706420898438,281.1600036621094,281.8399963378906,280.6700134277344,281.3699951171875,67518400
2019-03-15,252.1365966796875,281.30999755859375,282.2099914550781,280.3299865722656,280.5400085449219,81309000
2019-03-18,253.05079650878906,282.3299865722656,282.6600036621094,281.29998779296875,281.54998779296875,62199800
2019-03-19,253.11351013183594,282.3999938964844,284.3599853515625,281.4100036621094,283.510009765625,90268100
2019-03-20,252.35169982910156,281.54998779296875,283.5,280.32000732421875,282.1600036621094,84609200
2019-03-21,255.20191955566406,284.7300109863281,285.17999267578125,280.5899963378906,280.6400146484375,79550400
2019-03-22,250.29022216796875,279.25,283.79998779296875,279.17999267578125,283.2200012207031,122659300
2019-03-25,250.10202026367188,279.0400085449219,280.19000244140625,277.6400146484375,278.8699951171875,85575200
2019-03-26,251.96629333496094,281.1199951171875,282.17999267578125,279.55999755859375,280.989990234375,68125900
2019-03-27,250.64869689941406,279.6499938964844,281.760009765625,277.92999267578125,281.1099853515625,72224700
2019-03-28,251.59877014160156,280.7099914550781,281.2099914550781,279.07000732421875,280.3500061035156,56238500
2019-03-29,253.185302734375,282.4800109863281,282.8399963378906,281.1400146484375,282.3900146484375,82186800
2019-04-01,256.18792724609375,285.8299865722656,286.1600036621094,284.3999938964844,284.70001220703125,77617900
2019-04-02,256.3133544921875,285.9700012207031,286.2300109863281,285.0899963378906,286.0400085449219,40070400
2019-04-03,256.7167053222656,286.4200134277344,287.760009765625,285.75,287.32000732421875,68243200
2019-04-04,257.39776611328125,287.17999267578125,287.4599914550781,286.010009765625,286.7799987792969,48997500
2019-04-05,258.6436767578125,288.57000732421875,288.6300048828125,287.6000061035156,287.9200134277344,58621700
2019-04-08,258.84088134765625,288.7900085449219,288.9100036621094,287.3699951171875,288.1000061035156,53566300
2019-04-09,257.5144348144531,287.30999755859375,288.0799865722656,286.70001220703125,287.7200012207031,66142300
2019-04-10,258.3927001953125,288.2900085449219,288.3900146484375,287.30999755859375,287.7699890136719,52601500
2019-04-11,258.3210754394531,288.2099914550781,288.8399963378906,287.5799865722656,288.8299865722656,55093100
2019-04-12,260.0687255859375,290.1600036621094,290.4700012207031,288.260009765625,290.0,69727800
2019-04-15,259.8985595703125,289.9700012207031,290.3500061035156,289.0799865722656,290.239990234375,49596700
2019-04-16,260.0687255859375,290.1600036621094,291.010009765625,289.5,290.95001220703125,52153200
2019-04-17,259.4324035644531,289.45001220703125,291.42999267578125,288.989990234375,291.3999938964844,58268300
2019-04-18,259.943359375,290.0199890136719,290.32000732421875,288.6600036621094,290.1000061035156,68708500
2019-04-22,260.1673278808594,290.2699890136719,290.44000244140625,289.07000732421875,289.1700134277344,40160100
2019-04-23,262.5066833496094,292.8800048828125,293.1400146484375,290.4200134277344,290.67999267578125,52246600
2019-04-24,261.92413330078125,292.2300109863281,293.1600036621094,292.07000732421875,292.7900085449219,50392900
2019-04-25,261.7628479003906,292.04998779296875,292.7799987792969,290.7300109863281,292.1199951171875,57770900
2019-04-26,262.9818115234375,293.4100036621094,293.489990234375,291.239990234375,292.1000061035156,50916400
2019-04-29,263.3940124511719,293.8699951171875,294.45001220703125,293.4100036621094,293.510009765625,57197700
2019-04-30,263.52850341796875,294.0199890136719,294.3399963378906,291.9200134277344,293.489990234375,81111700
2019-05-01,261.5476379394531,291.80999755859375,294.95001220703125,291.79998779296875,294.7200012207031,71671900
2019-05-02,260.98297119140625,291.17999267578125,292.70001220703125,289.5199890136719,291.67999267578125,65030200
2019-05-03,263.5374450683594,294.0299987792969,294.3399963378906,291.29998779296875,292.82000732421875,56543700
2019-05-06,262.4529113769531,292.82000732421875,293.30999755859375,288.8999938964844,289.25,107198100
2019-05-07,258.07012939453125,287.92999267578125,290.80999755859375,285.80999755859375,290.1499938964844,144729900
2019-05-08,257.7115478515625,287.5299987792969,289.42999267578125,286.8699951171875,287.5299987792969,91568300
2019-05-09,256.9317321777344,286.6600036621094,287.3299865722656,283.29998779296875,285.2300109863281,103471100
2019-05-10,258.22247314453125,288.1000061035156,288.94000244140625,282.29998779296875,285.6199951171875,112429300
2019-05-13,251.73326110839844,280.8599853515625,283.489990234375,279.92999267578125,282.4200134277344,127290500
2019-05-14,254.00982666015625,283.3999938964844,285.1000061035156,281.8500061035156,281.989990234375,77003200
2019-05-15,255.49766540527344,285.05999755859375,285.7699890136719,281.3599853515625,281.5899963378906,73956400
2019-05-16,257.8639221191406,287.70001220703125,289.2099914550781,285.760009765625,285.8399963378906,76749600
2019-05-17,256.1968688964844,285.8399963378906,288.6000061035156,285.1199951171875,285.1400146484375,100353000
2019-05-20,254.50283813476562,283.95001220703125,285.9599914550781,283.1199951171875,284.05999755859375,62877600
2019-05-21,256.79736328125,286.510009765625,286.92999267578125,285.54998779296875,285.8299865722656,46847100
2019-05-22,256.0085754394531,285.6300048828125,286.69000244140625,285.1000061035156,285.45001220703125,49482500
2019-05-23,252.88055419921875,282.1400146484375,283.2099914550781,280.57000732421875,283.1600036621094,98733800
2019-05-24,253.4542236328125,282.7799987792969,284.20001220703125,282.0899963378906,283.739990234375,55268100
2019-05-28,251.09683227539062,280.1499938964844,284.1499938964844,280.1300048828125,283.0899963378906,70029400
2019-05-29,249.41184997558594,278.2699890136719,279.3599853515625,276.7099914550781,278.9100036621094,104972900
2019-05-30,250.09307861328125,279.0299987792969,280.0400085449219,277.80999755859375,279.1099853515625,62523800
2019-05-31,246.72291564941406,275.2699890136719,277.1199951171875,275.239990234375,276.20001220703125,86862800
2019-06-03,246.09559631347656,274.57000732421875,276.54998779296875,273.0899963378906,275.30999755859375,96428000
2019-06-04,251.43753051757812,280.5299987792969,280.67999267578125,276.6199951171875,277.1199951171875,77231900
2019-06-05,253.61549377441406,282.9599914550781,282.989990234375,280.32000732421875,282.3299865722656,71169700
2019-06-06,255.2646942138672,284.79998779296875,285.54998779296875,282.57000732421875,283.2900085449219,69430400
2019-06-07,257.819091796875,287.6499938964844,288.8500061035156,285.739990234375,285.92999267578125,74272200
2019-06-10,259.0021667480469,288.9700012207031,290.82000732421875,288.8699951171875,289.3699951171875,60799100
2019-06-11,258.939453125,288.8999938964844,291.3999938964844,288.17999267578125,290.989990234375,58641300
2019-06-12,258.4823303222656,288.3900146484375,289.260009765625,287.82000732421875,288.6400146484375,47096300
2019-06-13,259.5489501953125,289.5799865722656,289.9800109863281,288.6199951171875,289.3999938964844,48945200
2019-06-14,259.26220703125,289.260009765625,289.92999267578125,288.4100036621094,289.260009765625,52324700
2019-06-17,259.36083984375,289.3699951171875,290.2200012207031,289.17999267578125,289.5199890136719,39205700
2019-06-18,262.07647705078125,292.3999938964844,293.57000732421875,290.989990234375,291.3900146484375,85434800
2019-06-19,262.6681213378906,293.05999755859375,293.6499938964844,291.4700012207031,292.54998779296875,78674400
2019-06-20,265.1776428222656,295.8599853515625,296.30999755859375,293.1300048828125,296.0400085449219,116570000
2019-06-21,264.792236328125,294.0,295.5199890136719,293.760009765625,294.1300048828125,83309500
2019-06-24,264.46795654296875,293.6400146484375,294.5799865722656,293.4700012207031,294.2300109863281,47582700
2019-06-25,261.8741149902344,290.760009765625,293.7300109863281,290.6400146484375,293.70001220703125,82028700
2019-06-26,261.6129150390625,290.4700012207031,292.30999755859375,290.3500061035156,291.75,51584900
2019-06-27,262.5406494140625,291.5,292.05999755859375,290.8900146484375,291.30999755859375,40355200
2019-06-28,263.89154052734375,293.0,293.54998779296875,292.010009765625,292.5799865722656,59350900
2019-07-01,266.287353515625,295.6600036621094,296.9200134277344,294.3299865722656,296.67999267578125,78705600
2019-07-02,266.9807434082031,296.42999267578125,296.489990234375,294.67999267578125,295.6099853515625,61504500
2019-07-03,269.1153564453125,298.79998779296875,298.82000732421875,297.0199890136719,297.17999267578125,40898900
2019-07-05,268.8091125488281,298.4599914550781,298.6400146484375,296.010009765625,297.44000244140625,51677300
2019-07-08,267.3320617675781,296.82000732421875,298.260009765625,296.2200012207031,297.010009765625,45841800
2019-07-09,267.6653137207031,297.19000244140625,297.5199890136719,295.4800109863281,295.5400085449219,41101300
2019-07-10,268.9441223144531,298.6099853515625,299.6600036621094,297.7799987792969,298.3699951171875,58448500
2019-07-11,269.5746765136719,299.30999755859375,299.5799865722656,298.20001220703125,299.32000732421875,50826100
2019-07-12,270.7814636230469,300.6499938964844,300.7300109863281,299.510009765625,299.8500061035156,40326000
2019-07-15,270.87164306640625,300.75,301.1300048828125,300.19000244140625,301.1300048828125,33900000
2019-07-16,269.99798583984375,299.7799987792969,300.8800048828125,299.44000244140625,300.6499938964844,36650100
2019-07-17,268.1605529785156,297.739990234375,299.92999267578125,297.739990234375,299.75,36036300
2019-07-18,269.142333984375,298.8299865722656,299.25,296.70001220703125,297.19000244140625,51392600
2019-07-19,267.64727783203125,297.1700134277344,300.07000732421875,296.9800109863281,300.0400085449219,58678600
2019-07-22,268.3046569824219,297.8999938964844,298.5,297.0400085449219,297.6099853515625,43638100
2019-07-23,270.2231750488281,300.0299987792969,300.0299987792969,298.2200012207031,299.1400146484375,44564500
2019-07-24,271.4930419921875,301.44000244140625,301.44000244140625,299.0899963378906,299.19000244140625,47213200
2019-07-25,270.1961364746094,300.0,301.0,299.1099853515625,300.94000244140625,55394100
2019-07-26,272.0065002441406,302.010009765625,302.2300109863281,300.6199951171875,300.760009765625,45084100
2019-07-29,271.51116943359375,301.4599914550781,302.010009765625,300.8500061035156,301.8800048828125,38126500
2019-07-30,270.8446044921875,300.7200012207031,301.1700134277344,299.489990234375,299.9100036621094,45849000
2019-07-31,267.88140869140625,297.42999267578125,301.20001220703125,295.20001220703125,300.989990234375,104245200
2019-08-01,265.54876708984375,294.8399963378906,300.8699951171875,293.9599914550781,297.6000061035156,142646600
2019-08-02,263.5494384765625,292.6199951171875,294.1199951171875,290.8999938964844,293.8500061035156,116749700
2019-08-05,255.62355041503906,283.82000732421875,288.2099914550781,281.7200012207031,288.0899963378906,178745400
2019-08-06,259.2081604003906,287.79998779296875,288.0400085449219,284.2799987792969,285.9100036621094,120711700
2019-08-07,259.36126708984375,287.9700012207031,288.82000732421875,282.0400085449219,284.3999938964844,140572300
2019-08-08,264.4499816894531,293.6199951171875,293.6199951171875,289.010009765625,289.6199951171875,87713900
2019-08-09,262.6486511230469,291.6199951171875,293.239990234375,289.6499938964844,292.5799865722656,93730000
2019-08-12,259.45135498046875,288.07000732421875,291.6099853515625,287.0199890136719,289.9599914550781,65527600
2019-08-13,263.4862060546875,292.54998779296875,294.1499938964844,287.3599853515625,287.739990234375,94299800
2019-08-14,255.69558715820312,283.8999938964844,288.739990234375,283.760009765625,288.07000732421875,135622100
2019-08-15,256.37109375,284.6499938964844,285.6400146484375,282.3900146484375,284.8800048828125,99556600
2019-08-16,260.15386962890625,288.8500061035156,289.3299865722656,284.7099914550781,286.4800109863281,83018300
2019-08-19,263.2879943847656,292.3299865722656,293.0799865722656,291.44000244140625,292.19000244140625,53571800
2019-08-20,261.2705383300781,290.0899963378906,292.3599853515625,289.95001220703125,291.7699890136719,51596400
2019-08-21,263.3962707519531,292.45001220703125,292.8599853515625,291.7200012207031,292.4800109863281,49524700
2019-08-22,263.3150939941406,292.3599853515625,293.92999267578125,290.3999938964844,293.2300109863281,51666400
2019-08-23,256.5511474609375,284.8500061035156,292.760009765625,283.4700012207031,290.9200134277344,149161500
2019-08-26,259.3882751464844,288.0,288.0,285.5799865722656,287.2699890136719,72423800
2019-08-27,258.37054443359375,286.8699951171875,289.95001220703125,286.0299987792969,289.5400085449219,66668900
2019-08-28,260.1898498535156,288.8900146484375,289.07000732421875,285.25,286.1400146484375,59696700
2019-08-29,263.5133056640625,292.5799865722656,293.1600036621094,290.6099853515625,291.7200012207031,57899400
2019-08-30,263.3962707519531,292.45001220703125,294.239990234375,291.4200134277344,294.2200012207031,62901200
2019-09-03,261.8560791015625,290.739990234375,291.5799865722656,289.2699890136719,290.57000732421875,69101400
2019-09-04,264.8282470703125,294.0400085449219,294.05999755859375,292.30999755859375,293.1400146484375,46887300
2019-09-05,268.23272705078125,297.82000732421875,298.8299865722656,294.0,296.7900085449219,83258100
2019-09-06,268.4398193359375,298.04998779296875,298.760009765625,297.4200134277344,298.1700134277344,49584300
2019-09-09,268.57489013671875,298.20001220703125,299.239990234375,297.1600036621094,299.1400146484375,51260300
2019-09-10,268.511962890625,298.1300048828125,298.20001220703125,295.9700012207031,297.3599853515625,57947100
2019-09-11,270.4212646484375,300.25,300.3399963378906,297.75,298.4700012207031,68821100
2019-09-12,271.35797119140625,301.2900085449219,302.4599914550781,300.4100036621094,301.25,72908700
2019-09-13,271.1778259277344,301.0899963378906,302.1700134277344,300.67999267578125,301.7799987792969,62104800
2019-09-16,270.3402404785156,300.1600036621094,301.1400146484375,299.45001220703125,299.8399963378906,58191200
2019-09-17,271.0246887207031,300.9200134277344,301.0199890136719,299.75,299.94000244140625,41475500
2019-09-18,271.1868591308594,301.1000061035156,301.2200012207031,298.239990234375,300.489990234375,73375800
2019-09-19,271.1687927246094,301.0799865722656,302.6300048828125,300.7099914550781,301.5299987792969,76560500
2019-09-20,269.8876037597656,298.2799987792969,300.6700134277344,297.4100036621094,300.3599853515625,89565000
2019-09-23,269.8242492675781,298.2099914550781,299.0,297.2699890136719,297.54998779296875,43476800
2019-09-24,267.70703125,295.8699951171875,299.8399963378906,294.80999755859375,299.4100036621094,94869400
2019-09-25,269.2903747558594,297.6199951171875,298.1099853515625,294.3299865722656,295.9599914550781,71854000
2019-09-26,268.7293701171875,297.0,297.8599853515625,295.45001220703125,297.6300048828125,56179700
2019-09-27,267.2817077636719,295.3999938964844,297.95001220703125,293.69000244140625,297.8299865722656,84746600
2019-09-30,268.5213317871094,296.7699890136719,297.54998779296875,295.9200134277344,295.9700012207031,51662400
2019-10-01,265.32733154296875,293.239990234375,298.4599914550781,293.0,297.739990234375,88242400
2019-10-02,260.6404724121094,288.05999755859375,291.510009765625,286.6400146484375,291.5,122539500
2019-10-03,262.7757568359375,290.4200134277344,290.45001220703125,284.82000732421875,287.80999755859375,85278800
2019-10-04,266.3316650390625,294.3500061035156,294.6300048828125,291.0799865722656,291.1400146484375,65091200
2019-10-07,265.18255615234375,293.0799865722656,295.260009765625,292.7699890136719,293.4700012207031,59610500
2019-10-08,261.0656433105469,288.5299987792969,291.8500061035156,288.489990234375,291.0400085449219,95708100
2019-10-09,263.5447692871094,291.2699890136719,292.29998779296875,290.05999755859375,290.75,62359400
2019-10-10,265.32733154296875,293.239990234375,294.2099914550781,291.0,291.17999267578125,55296300
2019-10-11,268.0780029296875,296.2799987792969,298.739990234375,296.1400146484375,296.2699890136719,98720400
2019-10-14,267.7793884277344,295.95001220703125,296.6700134277344,295.57000732421875,295.92999267578125,40394800
2019-10-15,270.4305114746094,298.8800048828125,299.70001220703125,296.9700012207031,297.1000061035156,46754500
2019-10-16,269.9961242675781,298.3999938964844,299.1600036621094,297.9200134277344,298.3699951171875,48928200
2019-10-17,270.7924499511719,299.2799987792969,300.239990234375,298.5199890136719,299.67999267578125,45736600
2019-10-18,269.6071472167969,297.9700012207031,299.3999938964844,297.0299987792969,298.69000244140625,64304000
2019-10-21,271.434814453125,299.989990234375,300.2099914550781,298.94000244140625,299.4200134277344,39048600
2019-10-22,270.5481872558594,299.010009765625,300.8999938964844,298.9100036621094,300.5799865722656,48594700
2019-10-23,271.3352966308594,299.8800048828125,299.94000244140625,298.5,298.7300109863281,34352200
2019-10-24,271.77862548828125,300.3699951171875,301.07000732421875,299.4599914550781,300.9100036621094,35453100
2019-10-25,272.89154052734375,301.6000061035156,302.20001220703125,299.67999267578125,299.739990234375,45205400
2019-10-28,274.4296875,303.29998779296875,303.8500061035156,302.9100036621094,302.94000244140625,42147000
2019-10-29,274.3482666015625,303.2099914550781,304.2300109863281,302.8599853515625,303.0,44284900
2019-10-30,275.1898193359375,304.1400146484375,304.54998779296875,301.989990234375,303.42999267578125,49643900
2019-10-31,274.45684814453125,303.3299865722656,304.1300048828125,301.7300109863281,304.1300048828125,69053800
2019-11-01,276.9994201660156,306.1400146484375,306.19000244140625,304.739990234375,304.9200134277344,71141500
2019-11-04,278.1122741699219,307.3699951171875,308.0,306.9599914550781,307.8500061035156,60606900
2019-11-05,277.80474853515625,307.0299987792969,307.9200134277344,306.7099914550781,307.5899963378906,42933200
2019-11-06,277.8680419921875,307.1000061035156,307.3999938964844,306.05999755859375,307.0299987792969,46487100
2019-11-07,278.84527587890625,308.17999267578125,309.6499938964844,307.6600036621094,308.57000732421875,54272300
2019-11-08,279.53289794921875,308.94000244140625,309.0,307.0299987792969,307.79998779296875,49032100
2019-11-11,278.9990234375,308.3500061035156,308.5400085449219,307.2699890136719,307.4200134277344,35797300
2019-11-12,279.5871887207031,309.0,309.989990234375,308.1499938964844,308.75,46484600
2019-11-13,279.6777038574219,309.1000061035156,309.5400085449219,307.6600036621094,307.9100036621094,53917700
2019-11-14,280.0848388671875,309.54998779296875,309.6400146484375,308.0899963378906,308.7900085449219,51219900
2019-11-15,282.1116638183594,311.7900085449219,311.8399963378906,310.260009765625,311.0199890136719,62023600
2019-11-18,282.3197021484375,312.0199890136719,312.2799987792969,311.0299987792969,311.5299987792969,49228000
2019-11-19,282.2382507324219,311.92999267578125,312.69000244140625,311.2200012207031,312.67999267578125,67804700
2019-11-20,281.18865966796875,310.7699890136719,311.8500061035156,309.05999755859375,311.2799987792969,79406200
2019-11-21,280.7362976074219,310.2699890136719,311.010009765625,309.3900146484375,310.8900146484375,54664700
2019-11-22,281.3606872558594,310.9599914550781,311.239990234375,309.8500061035156,311.0899963378906,44850200
2019-11-25,283.5411682128906,313.3699951171875,313.3699951171875,311.9800109863281,311.9800109863281,48647200
2019-11-26,284.1836242675781,314.0799865722656,314.2799987792969,313.05999755859375,313.4100036621094,37569000
2019-11-27,285.4504089355469,315.4800109863281,315.4800109863281,314.3699951171875,314.6099853515625,44444600
2019-11-29,284.3917236328125,314.30999755859375,315.1300048828125,314.05999755859375,314.8599853515625,36592700
2019-12-02,281.9759216308594,311.6400146484375,314.6600036621094,311.1700134277344,314.5899963378906,75767800
2019-12-03,280.0848388671875,309.54998779296875,309.6400146484375,307.1300048828125,308.6499938964844,73941700
2019-12-04,281.81304931640625,311.4599914550781,312.1199951171875,310.32000732421875,310.70001220703125,49080000
2019-12-05,282.3197021484375,312.0199890136719,312.25,310.5799865722656,312.2300109863281,40709000
2019-12-06,284.8984069824219,314.8699951171875,315.30999755859375,314.1099853515625,314.1199951171875,48927000
2019-12-09,284.002685546875,313.8800048828125,315.17999267578125,313.79998779296875,314.44000244140625,34838500
2019-12-10,283.6860046386719,313.5299987792969,314.54998779296875,312.80999755859375,313.82000732421875,52649800
2019-12-11,284.4913330078125,314.4200134277344,314.70001220703125,313.44000244140625,314.0299987792969,53429100
2019-12-12,286.9433288574219,317.1300048828125,317.989990234375,314.1700134277344,314.42999267578125,96389600
2019-12-13,287.115234375,317.32000732421875,318.6700134277344,316.0199890136719,316.8699951171875,81503900
2019-12-16,289.08782958984375,319.5,320.1499938964844,317.25,319.2200012207031,82749700
2019-12-17,289.15106201171875,319.57000732421875,320.25,319.4800109863281,319.9200134277344,61097700
2019-12-18,289.16912841796875,319.5899963378906,320.25,319.5299987792969,320.0,48133000
2019-12-19,290.3544616699219,320.8999938964844,320.9800109863281,319.5199890136719,319.79998779296875,85310500
2019-12-20,291.6274719238281,320.7300109863281,321.9700012207031,319.3900146484375,320.4599914550781,147142100
2019-12-23,292.072998046875,321.2200012207031,321.6499938964844,321.05999755859375,321.5899963378906,52990000
2019-12-24,292.0821228027344,321.2300109863281,321.5199890136719,320.8999938964844,321.4700012207031,20270000
2019-12-26,293.6368103027344,322.94000244140625,322.95001220703125,321.6400146484375,321.6499938964844,30911200
2019-12-27,293.56414794921875,322.8599853515625,323.79998779296875,322.2799987792969,323.739990234375,42528800
2019-12-30,291.94580078125,321.0799865722656,323.1000061035156,320.54998779296875,322.95001220703125,49729100
2019-12-31,292.6548767089844,321.8599853515625,322.1300048828125,320.1499938964844,320.5299987792969,57077300
2020-01-02,295.391845703125,324.8699951171875,324.8900146484375,322.5299987792969,323.5400085449219,59151200
2020-01-03,293.155029296875,322.4100036621094,323.6400146484375,321.1000061035156,321.1600036621094,77709700
2020-01-06,294.2734680175781,323.6400146484375,323.7300109863281,320.3599853515625,320.489990234375,55653900
2020-01-07,293.4459533691406,322.7300109863281,323.5400085449219,322.239990234375,323.0199890136719,40496400
2020-01-08,295.0098571777344,324.45001220703125,325.7799987792969,322.6700134277344,322.94000244140625,68296000
2020-01-09,297.0102844238281,326.6499938964844,326.7300109863281,325.5199890136719,326.1600036621094,48473300
2020-01-10,296.15557861328125,325.7099914550781,327.4599914550781,325.20001220703125,327.2900085449219,53029300
2020-01-13,298.1922912597656,327.95001220703125,327.9599914550781,325.9200134277344,326.3900146484375,47086800
2020-01-14,297.7376708984375,327.45001220703125,328.6199951171875,326.8399963378906,327.4700012207031,62832800
2020-01-15,298.4105224609375,328.19000244140625,329.0199890136719,327.260009765625,327.3500061035156,72056600
2020-01-16,300.892822265625,330.9200134277344,330.9200134277344,329.45001220703125,329.70001220703125,54050300
2020-01-17,301.829345703125,331.95001220703125,332.17999267578125,330.8500061035156,331.70001220703125,95846000
2020-01-21,301.23828125,331.29998779296875,332.17999267578125,330.82000732421875,330.8999938964844,77742400
2020-01-22,301.274658203125,331.3399963378906,332.95001220703125,331.1700134277344,332.239990234375,48914900
2020-01-23,301.62017822265625,331.7200012207031,332.1700134277344,329.4100036621094,330.6300048828125,51963000
2020-01-24,298.9379577636719,328.7699890136719,332.5299987792969,327.3599853515625,332.44000244140625,87578400
2020-01-27,294.1461181640625,323.5,325.1199951171875,322.6600036621094,323.0299987792969,84062500
2020-01-28,297.228515625,326.8900146484375,327.8500061035156,323.6000061035156,325.05999755859375,63834000
2020-01-29,296.9830017089844,326.6199951171875,328.6300048828125,326.3999938964844,328.3800048828125,53888900
2020-01-30,297.9466857910156,327.67999267578125,327.9100036621094,323.5400085449219,324.3599853515625,75491800
2020-01-31,292.5367431640625,321.7300109863281,327.1700134277344,320.7300109863281,327.0,113845600
2020-02-03,294.7098388671875,324.1199951171875,326.1600036621094,323.2200012207031,323.3500061035156,69083000
2020-02-04,299.20159912109375,329.05999755859375,330.010009765625,327.7200012207031,328.07000732421875,62573200
2020-02-05,302.65679931640625,332.8599853515625,333.0899963378906,330.6700134277344,332.2699890136719,65951100
2020-02-06,303.67510986328125,333.9800109863281,334.19000244140625,332.79998779296875,333.9100036621094,50359700
2020-02-07,302.0566711425781,332.20001220703125,333.989990234375,331.6000061035156,332.82000732421875,64139400
2020-02-10,304.3116149902344,334.67999267578125,334.75,331.19000244140625,331.2300109863281,42070000
2020-02-11,304.8389892578125,335.260009765625,337.0199890136719,334.67999267578125,336.1600036621094,54864500
2020-02-12,306.802978515625,337.4200134277344,337.6499938964844,336.42999267578125,336.8299865722656,43992700
2020-02-13,306.4756774902344,337.05999755859375,338.1199951171875,335.55999755859375,335.8599853515625,54501900
2020-02-14,306.9666748046875,337.6000061035156,337.7300109863281,336.20001220703125,337.510009765625,64582200
2020-02-18,306.17559814453125,336.7300109863281,337.6700134277344,335.2099914550781,336.510009765625,57226200
2020-02-19,307.63946533203125,338.3399963378906,339.0799865722656,337.4800109863281,337.7900085449219,48814700
2020-02-20,306.3756408691406,336.95001220703125,338.6400146484375,333.67999267578125,337.739990234375,74163400
2020-02-21,303.2204895019531,333.4800109863281,335.80999755859375,332.5799865722656,335.4700012207031,113788200
2020-02-24,293.1640625,322.4200134277344,333.55999755859375,321.239990234375,323.1400146484375,161088400
2020-02-25,284.2806091308594,312.6499938964844,324.6099853515625,311.69000244140625,323.94000244140625,218913200
2020-02-26,283.23492431640625,311.5,318.1099853515625,310.70001220703125,314.17999267578125,194773800
2020-02-27,270.51434326171875,297.510009765625,311.55999755859375,297.510009765625,305.4599914550781,284353500
2020-02-28,269.3778076171875,296.260009765625,297.8900146484375,285.5400085449219,288.70001220703125,384975800
2020-03-02,281.0435485839844,309.0899963378906,309.1600036621094,294.4599914550781,298.2099914550781,238703600
2020-03-03,272.99676513671875,300.239990234375,313.8399963378906,297.57000732421875,309.5,300139100
2020-03-04,284.4714660644531,312.8599853515625,313.1000061035156,303.3299865722656,306.1199951171875,176613400
2020-03-05,275.0152587890625,302.4599914550781,308.4700012207031,300.010009765625,304.9800109863281,186366800
2020-03-06,270.4689025878906,297.4599914550781,298.7799987792969,290.2300109863281,293.1499938964844,228667200
2020-03-09,249.34683227539062,274.2300109863281,284.19000244140625,273.45001220703125,275.29998779296875,309417300
2020-03-10,262.24932861328125,288.4200134277344,288.5199890136719,273.5,284.6400146484375,276444100
2020-03-11,249.4649658203125,274.3599853515625,281.94000244140625,270.8800048828125,280.70001220703125,255316300
2020-03-12,225.5968780517578,248.11000061035156,266.6600036621094,247.67999267578125,256.0,392220700
2020-03-13,244.88230895996094,269.32000732421875,271.4800109863281,248.52000427246094,263.0899963378906,329566100
2020-03-16,218.08636474609375,239.85000610351562,256.8999938964844,237.36000061035156,241.17999267578125,297240000
2020-03-17,229.8612823486328,252.8000030517578,256.1700134277344,237.07000732421875,245.0399932861328,262070500
2020-03-18,218.22274780273438,240.0,248.3699951171875,228.02000427246094,236.25,327597100
2020-03-19,218.68649291992188,240.50999450683594,247.3800048828125,232.22000122070312,239.25,289322000
2020-03-20,209.2623748779297,228.8000030517578,244.47000122070312,228.5,242.52999877929688,347158800
2020-03-23,203.91188049316406,222.9499969482422,229.67999267578125,218.25999450683594,228.19000244140625,326025200
2020-03-24,222.38697814941406,243.14999389648438,244.10000610351562,233.8000030517578,234.4199981689453,235494500
2020-03-25,225.7161407470703,246.7899932861328,256.3500061035156,239.75,244.8699951171875,299430300
2020-03-26,238.89564514160156,261.20001220703125,262.79998779296875,249.0500030517578,249.52000427246094,257632800
2020-03-27,231.77996826171875,253.4199981689453,260.80999755859375,251.0500030517578,253.27000427246094,224341200
2020-03-30,239.30722045898438,261.6499938964844,262.42999267578125,253.52999877929688,255.6999969482422,171369500
2020-03-31,235.7402801513672,257.75,263.3299865722656,256.2200012207031,260.55999755859375,194881100
2020-04-01,225.1307830810547,246.14999389648438,257.6600036621094,243.89999389648438,247.97999572753906,189554600
2020-04-02,230.3257598876953,251.8300018310547,252.67999267578125,244.58999633789062,245.19000244140625,177660400
2020-04-03,226.99661254882812,248.19000244140625,253.32000732421875,245.22000122070312,250.75999450683594,135561200
2020-04-06,242.2430877685547,264.8599853515625,267.0,248.1699981689453,257.8399963378906,188061200
2020-04-07,242.489990234375,265.1300048828125,275.0299987792969,264.8900146484375,274.2099914550781,201427200
2020-04-08,250.6300506591797,274.0299987792969,276.0,265.25,267.9599914550781,153774500
2020-04-09,254.44398498535156,278.20001220703125,281.20001220703125,275.4700012207031,277.5799865722656,189999200
2020-04-13,252.1208953857422,275.6600036621094,277.510009765625,271.4100036621094,277.1400146484375,114839100
2020-04-14,259.5566101074219,283.7900085449219,284.8999938964844,275.510009765625,280.9800109863281,134143400
2020-04-15,254.04161071777344,277.760009765625,283.94000244140625,275.4599914550781,277.57000732421875,121775000
2020-04-16,255.26708984375,279.1000061035156,280.0299987792969,275.760009765625,279.1499938964844,131798300
2020-04-17,262.16326904296875,286.6400146484375,287.29998779296875,282.3999938964844,285.3800048828125,146684800
2020-04-20,257.54449462890625,281.5899963378906,286.7900085449219,281.3500061035156,282.6099853515625,100109300
2020-04-21,249.72463989257812,273.0400085449219,278.0400085449219,272.0199890136719,276.7300109863281,126385700
2020-04-22,255.26708984375,279.1000061035156,281.0,276.9100036621094,278.3500061035156,92951600
2020-04-23,255.2488250732422,279.0799865722656,283.94000244140625,278.75,280.489990234375,104709700
2020-04-24,258.8066101074219,282.9700012207031,283.70001220703125,278.5,280.7300109863281,85063200
2020-04-27,262.5382995605469,287.04998779296875,288.2699890136719,284.6199951171875,285.1199951171875,77896600
2020-04-28,261.33099365234375,285.7300109863281,291.3999938964844,285.3999938964844,291.0199890136719,105270000
2020-04-29,268.1722106933594,293.2099914550781,294.8800048828125,290.4100036621094,291.5299987792969,118745600
2020-04-30,265.6754455566406,290.4800109863281,293.32000732421875,288.5899963378906,291.7099914550781,122901700
2020-05-01,258.64202880859375,282.7900085449219,290.6600036621094,281.5199890136719,285.30999755859375,125180000
2020-05-04,259.35540771484375,283.57000732421875,283.8999938964844,279.1300048828125,280.739990234375,80873200
2020-05-05,261.7516784667969,286.19000244140625,289.25,283.7099914550781,286.6400146484375,79569900
2020-05-06,259.9773254394531,284.25,288.4599914550781,283.7799987792969,288.0400085449219,73632600
2020-05-07,263.1144714355469,287.67999267578125,289.7799987792969,287.1300048828125,287.75,75250400
2020-05-08,267.46807861328125,292.44000244140625,292.95001220703125,289.8599853515625,291.0899963378906,76452400
2020-05-11,267.5228576660156,292.5,294.0,289.8800048828125,290.3399963378906,79514200
2020-05-12,262.19085693359375,286.6700134277344,294.239990234375,286.5199890136719,293.7900085449219,95870800
2020-05-13,257.5536804199219,281.6000061035156,287.19000244140625,278.9599914550781,286.05999755859375,144721100
2020-05-14,260.6358947753906,284.9700012207031,285.1099853515625,272.989990234375,278.95001220703125,121977900
2020-05-15,261.8340759277344,286.2799987792969,286.3299865722656,281.3399963378906,282.3699951171875,111146300
2020-05-18,269.8094177246094,295.0,296.75,292.70001220703125,293.04998779296875,119703800
2020-05-19,267.03814697265625,291.9700012207031,296.2099914550781,291.95001220703125,294.3500061035156,95189300
2020-05-20,271.5745849609375,296.92999267578125,297.8699951171875,295.57000732421875,295.82000732421875,85861700
2020-05-21,269.6996765136719,294.8800048828125,297.6700134277344,293.69000244140625,296.7900085449219,78293900
2020-05-22,270.21185302734375,295.44000244140625,295.6300048828125,293.2200012207031,294.57000732421875,63958200
2020-05-26,273.5410461425781,299.0799865722656,302.19000244140625,295.4599914550781,301.92999267578125,88951400
2020-05-27,277.6109924316406,303.5299987792969,303.57000732421875,296.8699951171875,302.1199951171875,104817400
2020-05-28,277.09881591796875,302.9700012207031,306.8399963378906,302.239990234375,304.6499938964844,90405200
2020-05-29,278.33355712890625,304.32000732421875,304.9599914550781,299.4700012207031,302.4599914550781,119090800
2020-06-01,279.4584655761719,305.54998779296875,306.2099914550781,303.05999755859375,303.6199951171875,55758300
2020-06-02,281.7724914550781,308.0799865722656,308.1300048828125,305.1000061035156,306.54998779296875,74267200
2020-06-03,285.5224304199219,312.17999267578125,313.2200012207031,309.94000244140625,310.239990234375,92567600
2020-06-04,284.77239990234375,311.3599853515625,313.0,309.0799865722656,311.1099853515625,75794400
2020-06-05,292.071044921875,319.3399963378906,321.2699890136719,317.1600036621094,317.2300109863281,150524700
2020-06-08,295.60137939453125,323.20001220703125,323.4100036621094,319.6300048828125,320.2200012207031,73641200
2020-06-09,293.3970947265625,320.7900085449219,323.2799987792969,319.3599853515625,320.29998779296875,77479200
2020-06-10,291.75994873046875,319.0,322.3900146484375,318.2200012207031,321.4200134277344,95000800
2020-06-11,274.9403991699219,300.6099853515625,312.1499938964844,300.010009765625,311.4599914550781,209243600
2020-06-12,278.2330322265625,304.2099914550781,309.0799865722656,298.6000061035156,308.239990234375,194678900
2020-06-15,280.8304443359375,307.04998779296875,308.2799987792969,296.739990234375,298.0199890136719,135782700
2020-06-16,286.2356872558594,312.9599914550781,315.6400146484375,307.6700134277344,315.4800109863281,137627500
2020-06-17,285.0467224121094,311.6600036621094,314.3900146484375,310.8599853515625,314.07000732421875,83398900
2020-06-18,285.15643310546875,311.7799987792969,312.29998779296875,309.510009765625,310.010009765625,80828700
2020-06-19,283.52685546875,308.6400146484375,314.3800048828125,306.5299987792969,314.1700134277344,135549600
2020-06-22,285.3458251953125,310.6199951171875,311.04998779296875,306.75,307.989990234375,74649400
2020-06-23,286.6593933105469,312.04998779296875,314.5,311.6099853515625,313.489990234375,68471200
2020-06-24,279.3470764160156,304.0899963378906,310.510009765625,302.1000061035156,309.8399963378906,132813500
2020-06-25,282.34185791015625,307.3500061035156,307.6400146484375,301.2799987792969,303.4700012207031,89468000
2020-06-26,275.6358947753906,300.04998779296875,306.3900146484375,299.4200134277344,306.1600036621094,127961000
2020-06-29,279.68701171875,304.4599914550781,304.6099853515625,298.92999267578125,301.4100036621094,79773300
2020-06-30,283.2696838378906,308.3599853515625,310.20001220703125,303.82000732421875,303.989990234375,113394800
2020-07-01,285.25390625,310.5199890136719,311.8900146484375,309.07000732421875,309.57000732421875,72396500
2020-07-02,286.82470703125,312.2300109863281,315.70001220703125,311.510009765625,314.239990234375,69344200
2020-07-06,291.2525939941406,317.04998779296875,317.67999267578125,315.55999755859375,316.3699951171875,61713800
2020-07-07,288.2486572265625,313.7799987792969,317.5199890136719,313.3699951171875,315.3800048828125,82910000
2020-07-08,290.453369140625,316.17999267578125,316.29998779296875,312.70001220703125,314.6099853515625,54638600
2020-07-09,288.79986572265625,314.3800048828125,317.1000061035156,310.67999267578125,316.8399963378906,83354200
2020-07-10,291.7486572265625,317.5899963378906,317.8800048828125,312.760009765625,314.30999755859375,57550400
2020-07-13,289.2223815917969,314.8399963378906,322.7099914550781,314.1300048828125,320.1300048828125,102997500
2020-07-14,292.9704284667969,318.9200134277344,319.760009765625,312.0,313.29998779296875,93657000
2020-07-15,295.662109375,321.8500061035156,323.0400085449219,319.2699890136719,322.4100036621094,87196500
2020-07-16,294.6883239746094,320.7900085449219,321.2799987792969,319.0899963378906,319.7900085449219,54622500
2020-07-17,295.54254150390625,321.7200012207031,322.57000732421875,319.739990234375,321.8800048828125,62774900
2020-07-20,297.9310302734375,324.32000732421875,325.1300048828125,320.6199951171875,321.42999267578125,56308800
2020-07-21,298.5648498535156,325.010009765625,326.92999267578125,323.94000244140625,326.45001220703125,57292200
2020-07-22,300.264404296875,326.8599853515625,327.20001220703125,324.5,324.6199951171875,57792900
2020-07-23,296.681640625,322.9599914550781,327.2300109863281,321.4800109863281,326.4700012207031,75738000
2020-07-24,294.77099609375,320.8800048828125,321.989990234375,319.25,320.95001220703125,73766600
2020-07-27,296.9205322265625,323.2200012207031,323.4100036621094,320.7699890136719,321.6300048828125,48293000
2020-07-28,295.037353515625,321.1700134277344,323.6400146484375,320.8500061035156,322.42999267578125,57495000
2020-07-29,298.6659240722656,325.1199951171875,325.7300109863281,322.0799865722656,322.1199951171875,48454200
2020-07-30,297.600341796875,323.9599914550781,324.4100036621094,319.6400146484375,321.8999938964844,61861700
2020-07-31,299.9519958496094,326.5199890136719,326.6300048828125,321.3299865722656,325.8999938964844,84986800
2020-08-03,302.037353515625,328.7900085449219,329.6199951171875,327.7300109863281,328.32000732421875,53077900
2020-08-04,303.2039794921875,330.05999755859375,330.05999755859375,327.8599853515625,327.8599853515625,41917900
2020-08-05,305.08721923828125,332.1099853515625,332.3900146484375,331.17999267578125,331.4700012207031,42697700
2020-08-06,307.12646484375,334.3299865722656,334.4599914550781,331.1300048828125,331.4800109863281,43679400
2020-08-07,307.3470458984375,334.57000732421875,334.8800048828125,332.29998779296875,333.2799987792969,57308300
2020-08-10,308.2657165527344,335.57000732421875,335.7699890136719,332.9599914550781,335.05999755859375,44282100
2020-08-11,305.7210388183594,332.79998779296875,337.5400085449219,332.010009765625,336.8500061035156,69601100
2020-08-12,309.9835205078125,337.44000244140625,338.2799987792969,335.4100036621094,335.44000244140625,53774400
2020-08-13,309.4231262207031,336.8299865722656,338.25,335.8299865722656,336.6099853515625,41816100
2020-08-14,309.43231201171875,336.8399963378906,337.4200134277344,335.6199951171875,336.4100036621094,47260400
2020-08-17,310.4152526855469,337.9100036621094,338.3399963378906,336.8500061035156,337.94000244140625,35481000
2020-08-18,311.08587646484375,338.6400146484375,339.1000061035156,336.6099853515625,338.3399963378906,38733900
2020-08-19,309.7906494140625,337.2300109863281,339.6099853515625,336.6199951171875,339.04998779296875,68054200
2020-08-20,310.75518798828125,338.2799987792969,338.79998779296875,335.2200012207031,335.3599853515625,42207800
2020-08-21,311.85748291015625,339.4800109863281,339.7200012207031,337.54998779296875,337.9200134277344,55106600
2020-08-24,315.0177001953125,342.9200134277344,343.0,339.45001220703125,342.1199951171875,48588700
2020-08-25,316.12005615234375,344.1199951171875,344.2099914550781,342.2699890136719,343.5299987792969,38463400
2020-08-26,319.2892761230469,347.57000732421875,347.8599853515625,344.1700134277344,344.760009765625,50790200
2020-08-27,319.9873962402344,348.3299865722656,349.8999938964844,346.5299987792969,348.510009765625,58034100
2020-08-28,322.0543518066406,350.5799865722656,350.7200012207031,348.1499938964844,349.44000244140625,48588900
2020-08-31,320.8876953125,349.30999755859375,351.29998779296875,349.05999755859375,350.3500061035156,66099200
2020-09-01,323.9100036621094,352.6000061035156,352.7099914550781,349.239990234375,350.2099914550781,54908700
2020-09-02,328.594970703125,357.70001220703125,358.75,353.42999267578125,354.6700134277344,69540000
2020-09-03,317.2867126464844,345.3900146484375,356.3800048828125,342.5899963378906,355.8699951171875,148011100
2020-09-04,314.6961975097656,342.57000732421875,347.8299865722656,334.8699951171875,346.1300048828125,139156300
2020-09-08,306.09765625,333.2099914550781,342.6400146484375,332.8800048828125,336.7099914550781,114465300
2020-09-09,312.142333984375,339.7900085449219,342.4599914550781,336.6099853515625,337.54998779296875,91462300
2020-09-10,306.72235107421875,333.8900146484375,342.5299987792969,332.8500061035156,341.82000732421875,90569500
2020-09-11,306.8785400390625,334.05999755859375,336.9700012207031,331.0,335.82000732421875,84680200
2020-09-14,310.9204406738281,338.4599914550781,340.3800048828125,334.2200012207031,337.489990234375,65605700
2020-09-15,312.491455078125,340.1700134277344,342.0199890136719,338.4700012207031,341.1199951171875,52920900
2020-09-16,311.2511901855469,338.82000732421875,343.05999755859375,338.5199890136719,341.510009765625,82096000
2020-09-17,308.513671875,335.8399963378906,337.70001220703125,332.989990234375,333.55999755859375,91523300
2020-09-18,304.9619140625,330.6499938964844,335.489990234375,327.9700012207031,335.3699951171875,105877900
2020-09-21,301.56781005859375,326.9700012207031,327.1300048828125,321.7300109863281,325.70001220703125,99450800
2020-09-22,304.6390686035156,330.29998779296875,330.8999938964844,325.8599853515625,328.57000732421875,63612100
2020-09-23,297.5741271972656,322.6400146484375,331.20001220703125,322.1000061035156,330.8999938964844,93112200
2020-09-24,298.36737060546875,323.5,326.79998779296875,319.79998779296875,321.2200012207031,76681300
2020-09-25,303.19110107421875,328.7300109863281,329.5799865722656,321.6400146484375,322.5799865722656,71069400
2020-09-28,308.2269287109375,334.19000244140625,334.9599914550781,332.1499938964844,333.2200012207031,64584600
2020-09-29,306.5483093261719,332.3699951171875,334.7699890136719,331.6199951171875,333.9700012207031,51304000
2020-09-30,308.8725280761719,334.8900146484375,338.2900085449219,332.8800048828125,333.0899963378906,104081100
2020-10-01,310.85540771484375,337.0400085449219,338.739990234375,335.010009765625,337.69000244140625,88698700
2020-10-02,307.9040222167969,333.8399963378906,337.010009765625,331.19000244140625,331.70001220703125,89431100
2020-10-05,313.3641357421875,339.760009765625,339.9599914550781,336.010009765625,336.05999755859375,45713100
2020-10-06,308.909423828125,334.92999267578125,342.1700134277344,334.3800048828125,339.9100036621094,90128900
2020-10-07,314.2864990234375,340.760009765625,341.6300048828125,338.0899963378906,338.1199951171875,56999600
2020-10-08,317.0717468261719,343.7799987792969,343.8500061035156,341.8599853515625,342.8500061035156,45242500
2020-10-09,319.9034118652344,346.8500061035156,347.3500061035156,344.8900146484375,345.55999755859375,59528600
2020-10-12,325.0498352050781,352.42999267578125,354.0199890136719,349.05999755859375,349.5899963378906,80388500
2020-10-13,322.9285583496094,350.1300048828125,352.4700012207031,349.0899963378906,352.2799987792969,73255500
2020-10-14,320.8994445800781,347.92999267578125,351.92999267578125,347.1400146484375,350.75,57727900
2020-10-15,320.50286865234375,347.5,348.0199890136719,343.1300048828125,343.7099914550781,60357700
2020-10-16,320.3092346191406,347.2900085449219,350.75,347.1000061035156,348.9599914550781,89501900
2020-10-19,315.43939208984375,342.010009765625,349.3299865722656,341.0400085449219,348.6499938964844,68425600
2020-10-20,316.7029724121094,343.3800048828125,346.8800048828125,342.6400146484375,343.4599914550781,60051900
2020-10-21,316.1033935546875,342.7300109863281,345.6700134277344,342.3999938964844,343.3299865722656,63575000
2020-10-22,317.83734130859375,344.6099853515625,345.239990234375,340.6499938964844,342.9599914550781,55399300
2020-10-23,318.9164123535156,345.7799987792969,345.989990234375,343.1300048828125,345.92999267578125,49143900
2020-10-26,313.02288818359375,339.3900146484375,342.9800109863281,335.6199951171875,342.1300048828125,91473000
2020-10-27,311.94378662109375,338.2200012207031,340.1199951171875,337.989990234375,339.760009765625,65994100
2020-10-28,301.2818908691406,326.6600036621094,338.25,326.1300048828125,332.1000061035156,127094300
2020-10-29,304.34393310546875,329.9800109863281,333.3999938964844,325.0899963378906,326.9100036621094,90597700
2020-10-30,301.17120361328125,326.5400085449219,329.69000244140625,322.6000061035156,328.2799987792969,120287300
2020-11-02,304.5467834472656,330.20001220703125,332.3599853515625,327.239990234375,330.20001220703125,86068300
2020-11-03,309.9239196777344,336.0299987792969,338.25,330.2900085449219,333.69000244140625,93294200
2020-11-04,316.8504638671875,343.5400085449219,347.94000244140625,339.5899963378906,340.8599853515625,126959700
2020-11-05,323.0299377441406,350.239990234375,352.19000244140625,348.8599853515625,349.239990234375,82039700
2020-11-06,322.9561767578125,350.1600036621094,351.510009765625,347.6499938964844,349.92999267578125,74973000
2020-11-09,327.0143737792969,354.55999755859375,364.3800048828125,354.05999755859375,363.9700012207031,172304200
2020-11-10,326.5346984863281,354.0400085449219,355.17999267578125,350.510009765625,353.489990234375,85552000
2020-11-11,328.96044921875,356.6700134277344,357.55999755859375,355.05999755859375,356.3999938964844,58649000
2020-11-12,325.76922607421875,353.2099914550781,356.7200012207031,351.260009765625,355.5799865722656,67546200
2020-11-13,330.2792053222656,358.1000061035156,358.8999938964844,354.7099914550781,355.2699890136719,62892200
2020-11-16,334.40203857421875,362.57000732421875,362.7799987792969,359.5899963378906,360.9800109863281,74541100
2020-11-17,332.603515625,360.6199951171875,361.9200134277344,358.3399963378906,359.9700012207031,66111000
2020-11-18,328.6007385253906,356.2799987792969,361.5,356.239990234375,360.9100036621094,70591300
2020-11-19,329.9841613769531,357.7799987792969,358.17999267578125,354.1499938964844,355.6000061035156,59940900
2020-11-20,327.7244567871094,355.3299865722656,357.7200012207031,355.25,357.5,70417300
2020-11-23,329.68896484375,357.4599914550781,358.82000732421875,354.8699951171875,357.2799987792969,63230600
2020-11-24,335.00152587890625,363.2200012207031,363.80999755859375,359.2900085449219,360.2099914550781,62415900
2020-11-25,334.4850769042969,362.6600036621094,363.1600036621094,361.4800109863281,363.1300048828125,45330900
2020-11-27,335.4165954589844,363.6700134277344,364.17999267578125,362.5799865722656,363.8399963378906,28514100
2020-11-30,333.931640625,362.05999755859375,363.1199951171875,359.1700134277344,362.8299865722656,83872700
2020-12-01,337.58404541015625,366.0199890136719,367.67999267578125,364.92999267578125,365.57000732421875,74231400
2020-12-02,338.2941589355469,366.7900085449219,366.9599914550781,364.20001220703125,364.82000732421875,45927000
2020-12-03,338.20196533203125,366.69000244140625,368.19000244140625,365.5,366.67999267578125,62882000
2020-12-04,341.1164245605469,369.8500061035156,369.8500061035156,367.2200012207031,367.32000732421875,50749900
2020-12-07,340.41546630859375,369.0899963378906,369.6199951171875,367.7200012207031,369.0199890136719,48944300
2020-12-08,341.41162109375,370.1700134277344,370.7799987792969,367.6700134277344,367.7200012207031,42458900
2020-12-09,338.34954833984375,366.8500061035156,371.04998779296875,365.95001220703125,370.8800048828125,74098300
2020-12-10,338.2388610839844,366.7300109863281,367.8599853515625,364.42999267578125,365.3699951171875,57735400
2020-12-11,337.8422546386719,366.29998779296875,366.739990234375,363.260009765625,364.8999938964844,57698600
2020-12-14,336.3296813964844,364.6600036621094,369.79998779296875,364.4700012207031,368.6400146484375,69216200
2020-12-15,340.8765869140625,369.5899963378906,369.5899963378906,365.9200134277344,367.3999938964844,63865300
2020-12-16,341.41162109375,370.1700134277344,371.1600036621094,368.8699951171875,369.82000732421875,58420500
2020-12-17,343.3207092285156,372.239990234375,372.4599914550781,371.04998779296875,371.94000244140625,64119500
2020-12-18,341.94989013671875,369.17999267578125,371.1499938964844,367.0199890136719,370.9700012207031,136542300
2020-12-21,340.72723388671875,367.8599853515625,378.4599914550781,362.0299987792969,364.9700012207031,96386700
2020-12-22,340.1529846191406,367.239990234375,368.3299865722656,366.0299987792969,368.2099914550781,47949000
2020-12-23,340.45867919921875,367.57000732421875,369.6199951171875,367.2200012207031,368.2799987792969,46201400
2020-12-24,341.783203125,369.0,369.0299987792969,367.45001220703125,368.0799865722656,26457900
2020-12-28,344.7193603515625,372.1700134277344,372.5899963378906,371.07000732421875,371.739990234375,39000400
2020-12-29,344.0617980957031,371.4599914550781,374.0,370.8299865722656,373.80999755859375,53680500
2020-12-30,344.55267333984375,371.989990234375,373.1000061035156,371.57000732421875,372.3399963378906,49455300
2020-12-31,346.3032531738281,373.8800048828125,374.6600036621094,371.2300109863281,371.7799987792969,78520700
2021-01-04,341.5887145996094,368.7900085449219,375.45001220703125,364.82000732421875,375.30999755859375,110210800
2021-01-05,343.94134521484375,371.3299865722656,372.5,368.04998779296875,368.1000061035156,66426200
2021-01-06,345.99761962890625,373.54998779296875,376.9800109863281,369.1199951171875,369.7099914550781,107997700
2021-01-07,351.1382751464844,379.1000061035156,379.8999938964844,375.9100036621094,376.1000061035156,68766800
2021-01-08,353.13897705078125,381.260009765625,381.489990234375,377.1000061035156,380.5899963378906,71677200
2021-01-11,350.75848388671875,378.69000244140625,380.5799865722656,377.7200012207031,377.8500061035156,51034700
2021-01-12,350.8325500488281,378.7699890136719,379.8599853515625,376.3599853515625,378.8900146484375,52547700
2021-01-13,351.77740478515625,379.7900085449219,380.8599853515625,377.8500061035156,378.69000244140625,45303600
2021-01-14,350.54547119140625,378.4599914550781,381.1300048828125,378.1000061035156,380.5899963378906,49989100
2021-01-15,347.98907470703125,375.70001220703125,377.5799865722656,373.70001220703125,376.7200012207031,107160000
2021-01-19,350.72149658203125,378.6499938964844,379.2300109863281,376.75,378.3399963378906,51233300
2021-01-20,355.5749816894531,383.8900146484375,384.7900085449219,380.69000244140625,381.1099853515625,61836100
2021-01-21,355.8991394042969,384.239990234375,384.95001220703125,383.25,384.489990234375,47840100
2021-01-22,354.6393737792969,382.8800048828125,384.1300048828125,381.8399963378906,382.25,52860500
2021-01-25,356.0380859375,384.3900146484375,384.7699890136719,378.4599914550781,383.6700134277344,70402000
2021-01-26,355.48236083984375,383.7900085449219,385.8500061035156,383.5400085449219,385.4100036621094,42665300
2021-01-27,346.7942199707031,374.4100036621094,380.32000732421875,372.010009765625,380.2200012207031,123351100
2021-01-28,349.7767028808594,377.6300048828125,381.92999267578125,375.8900146484375,376.3599853515625,94198100
2021-01-29,342.7742004394531,370.07000732421875,376.6700134277344,368.2699890136719,375.6300048828125,126765100
2021-02-01,348.4799499511719,376.2300109863281,377.3399963378906,370.3800048828125,373.7200012207031,75817600
2021-02-02,353.4075012207031,381.54998779296875,383.2200012207031,376.32000732421875,379.6499938964844,64450700
2021-02-03,353.6854553222656,381.8500061035156,383.70001220703125,380.4800109863281,382.44000244140625,52427100
2021-02-04,357.705322265625,386.19000244140625,386.239990234375,381.9700012207031,382.9599914550781,47142600
2021-02-05,359.11328125,387.7099914550781,388.4700012207031,386.1400146484375,388.20001220703125,48669800
2021-02-08,361.7066650390625,390.510009765625,390.55999755859375,388.3500061035156,389.2699890136719,38365200
2021-02-09,361.4657897949219,390.25,390.8900146484375,389.1700134277344,389.6099853515625,35551100
2021-02-10,361.308349609375,390.0799865722656,392.2799987792969,387.5,392.1199951171875,59154400
2021-02-11,361.8918762207031,390.7099914550781,391.69000244140625,388.1000061035156,391.239990234375,42913300
2021-02-12,363.6795349121094,392.6400146484375,392.8999938964844,389.7699890136719,389.8500061035156,50593300
2021-02-16,363.36468505859375,392.29998779296875,394.1700134277344,391.5299987792969,393.9599914550781,50972400
2021-02-17,363.4480285644531,392.3900146484375,392.6600036621094,389.3299865722656,390.4200134277344,52290600
2021-02-18,361.901123046875,390.7200012207031,391.5199890136719,387.739990234375,389.5899963378906,59712800
2021-02-19,361.2621154785156,390.0299987792969,392.3800048828125,389.54998779296875,392.07000732421875,83241000
2021-02-22,358.4833679199219,387.0299987792969,389.6199951171875,386.739990234375,387.05999755859375,67414200
2021-02-23,358.9186706542969,387.5,388.95001220703125,380.20001220703125,384.6600036621094,107284100
2021-02-24,362.87371826171875,391.7699890136719,392.2300109863281,385.2699890136719,386.3299865722656,72433900
2021-02-25,354.1300354003906,382.3299865722656,391.8800048828125,380.7799987792969,390.4100036621094,146670500
2021-02-26,352.3052978515625,380.3599853515625,385.5799865722656,378.2300109863281,384.3500061035156,152701600
2021-03-01,360.84527587890625,389.5799865722656,390.9200134277344,380.57000732421875,385.5899963378906,105348800
2021-03-02,358.0295104980469,386.5400085449219,390.07000732421875,386.0,389.82000732421875,79595300
2021-03-03,353.2872009277344,381.4200134277344,386.8299865722656,381.30999755859375,385.7900085449219,119940200
2021-03-04,348.9153137207031,376.70001220703125,384.0,371.8800048828125,381.2200012207031,183433000
2021-03-05,355.3341369628906,383.6300048828125,384.760009765625,372.6400146484375,380.4599914550781,152039600
2021-03-08,353.5650329589844,381.7200012207031,387.67999267578125,381.4200134277344,384.6600036621094,123149200
2021-03-09,358.6130065917969,387.1700134277344,389.9100036621094,385.30999755859375,385.8500061035156,113633600
2021-03-10,360.84527587890625,389.5799865722656,391.3999938964844,388.1700134277344,389.69000244140625,109899400
2021-03-11,364.50390625,393.5299987792969,395.6499938964844,391.739990234375,392.2300109863281,86245000
2021-03-12,364.9947814941406,394.05999755859375,394.2099914550781,391.20001220703125,392.07000732421875,64653600
2021-03-15,367.1714782714844,396.4100036621094,396.69000244140625,392.0299987792969,394.3299865722656,73427200
2021-03-16,366.7083740234375,395.9100036621094,397.8299865722656,395.0799865722656,397.07000732421875,73722500
2021-03-17,367.9588317871094,397.260009765625,398.1199951171875,393.29998779296875,394.5299987792969,97959300
2021-03-18,362.6051330566406,391.4800109863281,396.7200012207031,390.75,394.4800109863281,115349100
2021-03-19,361.9341735839844,389.4800109863281,391.57000732421875,387.1499938964844,389.8800048828125,113624500
2021-03-22,364.8241882324219,392.5899963378906,394.07000732421875,389.9700012207031,390.0299987792969,73778600
2021-03-23,361.9527587890625,389.5,393.4599914550781,388.6600036621094,391.9100036621094,90686600
2021-03-24,360.11279296875,387.5199890136719,392.75,387.4700012207031,391.0,97588600
2021-03-25,362.138671875,389.70001220703125,390.54998779296875,383.8999938964844,385.9800109863281,116128600
2021-03-26,367.9744567871094,395.9800109863281,396.4100036621094,390.2900085449219,390.92999267578125,114409100
2021-03-29,367.7886047363281,395.7799987792969,396.75,392.80999755859375,394.3999938964844,108107600
2021-03-30,366.8128662109375,394.7300109863281,395.45001220703125,393.0199890136719,394.4200134277344,76262200
2021-03-31,368.2997741699219,396.3299865722656,398.0,395.30999755859375,395.3399963378906,112734200
2021-04-01,372.2770080566406,400.6099853515625,400.6700134277344,398.17999267578125,398.3999938964844,99682900
2021-04-05,377.6203308105469,406.3599853515625,406.94000244140625,403.3800048828125,403.4599914550781,91684800
2021-04-06,377.3973388671875,406.1199951171875,407.239990234375,405.3999938964844,405.760009765625,62021000
2021-04-07,377.83416748046875,406.5899963378906,406.9599914550781,405.45001220703125,405.94000244140625,55836300
2021-04-08,379.6275939941406,408.5199890136719,408.5799865722656,406.92999267578125,407.92999267578125,57863100
2021-04-09,382.3875427246094,411.489990234375,411.6700134277344,408.260009765625,408.3900146484375,61104600
2021-04-12,382.5270080566406,411.6400146484375,411.92999267578125,410.20001220703125,410.8500061035156,56704900
2021-04-13,383.6606750488281,412.8599853515625,413.5299987792969,411.1199951171875,411.5299987792969,56551000
2021-04-14,382.35040283203125,411.45001220703125,413.9599914550781,410.8699951171875,412.8299865722656,61659900
2021-04-15,386.457763671875,415.8699951171875,416.1600036621094,413.69000244140625,413.739990234375,60229800
2021-04-16,387.7494812011719,417.260009765625,417.9100036621094,415.7300109863281,417.25,82037300
2021-04-19,385.8444519042969,415.2099914550781,416.739990234375,413.7900085449219,416.260009765625,78498500
2021-04-20,383.0195007324219,412.1700134277344,415.0899963378906,410.5899963378906,413.9100036621094,81851800
2021-04-21,386.6436462402344,416.07000732421875,416.2900085449219,411.3599853515625,411.510009765625,66793000
2021-04-22,383.11236572265625,412.2699890136719,416.7799987792969,411.1300048828125,415.8900146484375,97582800
2021-04-23,387.2662658691406,416.739990234375,418.25,412.7900085449219,412.8699951171875,73209200
2021-04-26,388.0747375488281,417.6099853515625,418.2200012207031,416.80999755859375,417.44000244140625,52182400
2021-04-27,387.9910888671875,417.5199890136719,418.1400146484375,416.29998779296875,417.92999267578125,51303100
2021-04-28,387.8795471191406,417.3999938964844,419.010009765625,416.8999938964844,417.80999755859375,51238900
2021-04-29,390.35137939453125,420.05999755859375,420.7200012207031,416.44000244140625,420.32000732421875,78544300
2021-04-30,387.78662109375,417.29998779296875,418.5400085449219,416.3399963378906,417.6300048828125,85527000
2021-05-03,388.6230773925781,418.20001220703125,419.8399963378906,417.6700134277344,419.42999267578125,68128300
2021-05-04,386.2254638671875,415.6199951171875,416.6000061035156,411.6700134277344,416.07000732421875,101591200
2021-05-05,386.3462829589844,415.75,417.6300048828125,415.1499938964844,417.3800048828125,60162200
2021-05-06,389.4315185546875,419.07000732421875,419.2099914550781,413.67999267578125,415.8299865722656,74321400
2021-05-07,392.2657165527344,422.1199951171875,422.82000732421875,419.1600036621094,419.8900146484375,67733800
2021-05-10,388.3813781738281,417.94000244140625,422.739990234375,417.80999755859375,422.5,81852400
2021-05-11,384.9151916503906,414.2099914550781,415.2699890136719,410.05999755859375,413.1000061035156,116888000
2021-05-12,376.737548828125,405.4100036621094,412.5899963378906,404.0,411.2300109863281,134811000
2021-05-13,381.26312255859375,410.2799987792969,412.3500061035156,407.0199890136719,407.07000732421875,106394000
2021-05-14,387.1175537109375,416.5799865722656,417.489990234375,413.17999267578125,413.2099914550781,82201600
2021-05-17,386.13250732421875,415.5199890136719,416.3900146484375,413.3599853515625,415.3900146484375,65129200
2021-05-18,382.8057861328125,411.94000244140625,416.05999755859375,411.7699890136719,415.79998779296875,59810200
2021-05-19,381.80206298828125,410.8599853515625,411.04998779296875,405.3299865722656,406.9200134277344,106467100
2021-05-20,385.90948486328125,415.2799987792969,416.6300048828125,411.6700134277344,411.79998779296875,78022200
2021-05-21,385.5935974121094,414.94000244140625,418.20001220703125,414.45001220703125,416.8699951171875,76578700
2021-05-24,389.5244140625,419.1700134277344,420.32000732421875,417.0799865722656,417.3399963378906,51376700
2021-05-25,388.6601867675781,418.239990234375,420.7099914550781,417.6199951171875,420.3299865722656,57451400
2021-05-26,389.4315185546875,419.07000732421875,419.6099853515625,417.760009765625,418.8699951171875,43088600
2021-05-27,389.6358642578125,419.2900085449219,420.7200012207031,418.989990234375,420.1700134277344,56707700
2021-05-28,390.33282470703125,420.0400085449219,421.25,419.7900085449219,420.9700012207031,58520200
2021-06-01,389.989013671875,419.6700134277344,422.7200012207031,419.20001220703125,422.57000732421875,54216600
2021-06-02,390.6023254394531,420.3299865722656,421.2300109863281,419.2900085449219,420.3699951171875,49097100
2021-06-03,389.1526794433594,418.7699890136719,419.989990234375,416.2799987792969,417.8500061035156,58138800
2021-06-04,392.7117919921875,422.6000061035156,422.9200134277344,418.8399963378906,420.75,55938800
2021-06-07,392.33074951171875,422.19000244140625,422.7799987792969,421.19000244140625,422.5899963378906,51555000
2021-06-08,392.41436767578125,422.2799987792969,423.2099914550781,420.32000732421875,423.1099853515625,47134300
2021-06-09,391.82891845703125,421.6499938964844,423.260009765625,421.4100036621094,423.17999267578125,48436300
2021-06-10,393.6503601074219,423.6099853515625,424.6300048828125,421.54998779296875,422.9599914550781,51020100
2021-06-11,394.3009033203125,424.30999755859375,424.42999267578125,422.82000732421875,424.20001220703125,45570800
2021-06-14,395.18365478515625,425.260009765625,425.3699951171875,423.1000061035156,424.42999267578125,42358500
2021-06-15,394.45880126953125,424.4800109863281,425.4599914550781,423.5400085449219,425.4200134277344,51508500
2021-06-16,392.2565002441406,422.1099853515625,424.8699951171875,419.9200134277344,424.6300048828125,80386100
2021-06-17,392.1263732910156,421.9700012207031,423.0199890136719,419.32000732421875,421.6700134277344,90949700
2021-06-18,386.83648681640625,414.9200134277344,417.8299865722656,414.70001220703125,417.0899963378906,118676300
2021-06-21,392.3743591308594,420.8599853515625,421.05999755859375,415.92999267578125,416.79998779296875,72822000
2021-06-22,394.4720764160156,423.1099853515625,424.0,420.0799865722656,420.8500061035156,57700300
2021-06-23,393.99658203125,422.6000061035156,424.04998779296875,422.510009765625,423.19000244140625,49445400
2021-06-24,396.32733154296875,425.1000061035156,425.54998779296875,424.6199951171875,424.8900146484375,45110300
2021-06-25,397.7351989746094,426.6099853515625,427.0899963378906,425.54998779296875,425.8999938964844,58129500
2021-06-28,398.5369873046875,427.4700012207031,427.6499938964844,425.8900146484375,427.1700134277344,53159600
2021-06-29,398.7513732910156,427.70001220703125,428.55999755859375,427.1300048828125,427.8800048828125,35970500
2021-06-30,399.0870361328125,428.05999755859375,428.7799987792969,427.17999267578125,427.2099914550781,64827900
2021-07-01,401.29656982421875,430.42999267578125,430.6000061035156,428.79998779296875,428.8699951171875,53441000
2021-07-02,404.3639221191406,433.7200012207031,434.1000061035156,430.5199890136719,431.6700134277344,57697700
2021-07-06,403.6273498535156,432.92999267578125,434.010009765625,430.010009765625,433.7799987792969,68710400
2021-07-07,405.0538635253906,434.4599914550781,434.760009765625,431.510009765625,433.6600036621094,63549500
2021-07-08,401.75347900390625,430.9200134277344,431.7300109863281,427.5199890136719,428.7799987792969,97595200
2021-07-09,406.04205322265625,435.5199890136719,435.8399963378906,430.7099914550781,432.5299987792969,76238600
2021-07-12,407.4964904785156,437.0799865722656,437.3500061035156,434.9700012207031,435.42999267578125,52889600
2021-07-13,406.10736083984375,435.5899963378906,437.8399963378906,435.30999755859375,436.239990234375,52911300
2021-07-14,406.7134094238281,436.239990234375,437.9200134277344,434.9100036621094,437.3999938964844,64130400
2021-07-15,405.32421875,434.75,435.5299987792969,432.7200012207031,434.80999755859375,55126400
2021-07-16,402.1449890136719,431.3399963378906,436.05999755859375,430.9200134277344,436.010009765625,75874700
2021-07-19,396.2062072753906,424.9700012207031,431.4100036621094,421.9700012207031,426.19000244140625,147987000
2021-07-20,401.8839111328125,431.05999755859375,432.4200134277344,424.8299865722656,425.67999267578125,99608200
2021-07-21,405.1377258300781,434.54998779296875,434.70001220703125,431.010009765625,432.3399963378906,64724400
2021-07-22,405.9861145019531,435.4599914550781,435.7200012207031,433.69000244140625,434.739990234375,47878500
2021-07-23,410.1629333496094,439.94000244140625,440.29998779296875,436.7900085449219,437.5199890136719,63766600
2021-07-26,411.16973876953125,441.0199890136719,441.0299987792969,439.260009765625,439.30999755859375,43719200
2021-07-27,409.2958984375,439.010009765625,439.94000244140625,435.989990234375,439.9100036621094,67397100
2021-07-28,409.1280517578125,438.8299865722656,440.29998779296875,437.30999755859375,439.67999267578125,52472400
2021-07-29,410.82489013671875,440.6499938964844,441.79998779296875,439.80999755859375,439.82000732421875,47435300
2021-07-30,408.8298034667969,438.510009765625,440.05999755859375,437.7699890136719,437.9100036621094,68951200
2021-08-02,407.9720764160156,437.5899963378906,440.92999267578125,437.2099914550781,440.3399963378906,58783300
2021-08-03,411.29107666015625,441.1499938964844,441.2799987792969,436.1000061035156,438.44000244140625,58053900
2021-08-04,409.26788330078125,438.9800109863281,441.1199951171875,438.7300109863281,439.7799987792969,46732200
2021-08-05,411.85980224609375,441.760009765625,441.8500061035156,439.8800048828125,440.2200012207031,38969700
2021-08-06,412.5403747558594,442.489990234375,442.94000244140625,441.79998779296875,442.1000061035156,46930000
2021-08-09,412.2046813964844,442.1300048828125,442.79998779296875,441.30999755859375,442.4599914550781,41222600
2021-08-10,412.7174987792969,442.67999267578125,443.44000244140625,441.8800048828125,442.6099853515625,43339300
2021-08-11,413.7430114746094,443.7799987792969,443.8800048828125,442.6199951171875,443.82000732421875,44034300
2021-08-12,414.9830017089844,445.1099853515625,445.260009765625,442.6600036621094,443.6199951171875,38909400
2021-08-13,415.73822021484375,445.9200134277344,445.94000244140625,445.07000732421875,445.5899963378906,39470300
2021-08-16,416.7171630859375,446.9700012207031,447.1099853515625,442.8699951171875,444.5299987792969,73740000
2021-08-17,413.9854431152344,444.0400085449219,444.9599914550781,440.8500061035156,444.239990234375,92673900
2021-08-18,409.4543762207031,439.17999267578125,444.6300048828125,438.9200134277344,442.9599914550781,89351900
2021-08-19,410.08837890625,439.8599853515625,441.1400146484375,436.1199951171875,436.2699890136719,92812200
2021-08-20,413.3514709472656,443.3599853515625,443.7099914550781,439.7099914550781,440.2300109863281,72008700
2021-08-23,416.9874572753906,447.260009765625,448.2300109863281,443.44000244140625,445.1600036621094,54973000
2021-08-24,417.6494445800781,447.9700012207031,448.5400085449219,447.4200134277344,447.9700012207031,38744700
2021-08-25,418.5258483886719,448.9100036621094,449.4599914550781,447.7699890136719,448.1700134277344,40529700
2021-08-26,416.05511474609375,446.260009765625,448.8599853515625,446.1600036621094,448.6099853515625,57829600
2021-08-27,419.7750549316406,450.25,450.6499938964844,447.05999755859375,447.1199951171875,77235100
2021-08-30,421.62109375,452.2300109863281,453.07000732421875,450.7099914550781,450.9700012207031,48357400
2021-08-31,420.9964599609375,451.55999755859375,452.489990234375,450.9200134277344,452.1300048828125,59300200
2021-09-01,421.22021484375,451.79998779296875,453.1099853515625,451.54998779296875,452.55999755859375,48721400
2021-09-02,422.51605224609375,453.19000244140625,454.04998779296875,451.9100036621094,453.32000732421875,42501000
2021-09-03,422.4134826660156,453.0799865722656,453.6300048828125,451.54998779296875,451.9800109863281,47170500
2021-09-07,420.9032287597656,451.4599914550781,452.80999755859375,450.739990234375,452.7099914550781,51671500
2021-09-08,420.39044189453125,450.9100036621094,451.6700134277344,448.8599853515625,450.8900146484375,56181900
2021-09-09,418.591064453125,448.9800109863281,452.57000732421875,448.7200012207031,450.70001220703125,57970400
2021-09-10,415.2906494140625,445.44000244140625,451.489990234375,445.30999755859375,451.0400085449219,89948200
2021-09-13,416.35345458984375,446.5799865722656,448.9200134277344,444.1099853515625,448.6400146484375,83738600
2021-09-14,414.10662841796875,444.1700134277344,448.3399963378906,443.2200012207031,448.1199951171875,78197100
2021-09-15,417.5655212402344,447.8800048828125,448.4100036621094,443.44000244140625,444.6199951171875,78792200
2021-09-16,416.9036560058594,447.1700134277344,448.3599853515625,444.0199890136719,447.32000732421875,77786700
2021-09-17,412.84246826171875,441.3999938964844,445.3699951171875,441.0199890136719,444.9200134277344,118425000
2021-09-20,405.95867919921875,434.0400085449219,436.55999755859375,428.8599853515625,434.8800048828125,166445500
2021-09-21,405.57513427734375,433.6300048828125,437.9100036621094,433.07000732421875,436.5299987792969,92526100
2021-09-22,409.5315246582031,437.8599853515625,440.0299987792969,433.75,436.04998779296875,102350100
2021-09-23,414.50732421875,443.17999267578125,444.8900146484375,439.6000061035156,439.8500061035156,76396000
2021-09-24,415.1900939941406,443.9100036621094,444.6700134277344,441.2099914550781,441.44000244140625,62094800
2021-09-27,414.0022888183594,442.6400146484375,444.04998779296875,441.8999938964844,442.80999755859375,61371100
2021-09-28,405.65936279296875,433.7200012207031,440.0400085449219,432.94000244140625,439.69000244140625,130436300
2021-09-29,406.3421936035156,434.45001220703125,437.0400085449219,433.8500061035156,435.19000244140625,82329200
2021-09-30,401.3756408691406,429.1400146484375,436.7699890136719,428.7799987792969,436.0199890136719,140506000
2021-10-01,406.14569091796875,434.239990234375,436.0299987792969,427.2300109863281,430.9800109863281,129240100
2021-10-04,400.9080505371094,428.6400146484375,433.9599914550781,426.3599853515625,433.0,128570000
2021-10-05,405.0794982910156,433.1000061035156,435.489990234375,429.3900146484375,430.239990234375,90682500
2021-10-06,406.7630615234375,434.8999938964844,435.1199951171875,427.5400085449219,429.2699890136719,113032200
2021-10-07,410.2796936035156,438.6600036621094,441.67999267578125,438.20001220703125,438.3900146484375,72437500
2021-10-08,409.5315246582031,437.8599853515625,439.8900146484375,437.19000244140625,439.4800109863281,74557400
2021-10-11,406.5666809082031,434.69000244140625,440.260009765625,434.6199951171875,437.1600036621094,65233300
2021-10-12,405.5657958984375,433.6199951171875,436.1000061035156,432.7799987792969,435.6700134277344,71181200
2021-10-13,407.02484130859375,435.17999267578125,436.04998779296875,431.5400085449219,434.7099914550781,72974000
2021-10-14,413.871337890625,442.5,442.6600036621094,438.5799865722656,439.0799865722656,70236800
2021-10-15,417.0233154296875,445.8699951171875,446.260009765625,444.0899963378906,444.75,66260200
2021-10-18,418.2579650878906,447.19000244140625,447.54998779296875,443.2699890136719,443.9700012207031,62213200
2021-10-19,421.48468017578125,450.6400146484375,450.7099914550781,448.2699890136719,448.9200134277344,46996800
2021-10-20,423.14019775390625,452.4100036621094,452.7300109863281,451.010009765625,451.1300048828125,49571600
2021-10-21,424.2438049316406,453.5899963378906,453.8299865722656,451.30999755859375,451.7699890136719,41305400
2021-10-22,423.80426025390625,453.1199951171875,454.6700134277344,451.04998779296875,453.1300048828125,58845100
2021-10-25,426.0770263671875,455.54998779296875,455.8999938964844,452.3900146484375,454.2799987792969,45214500
2021-10-26,426.46044921875,455.9599914550781,458.489990234375,455.55999755859375,457.20001220703125,56075100
2021-10-27,424.5712585449219,453.94000244140625,457.1600036621094,453.8599853515625,456.45001220703125,72438000
2021-10-28,428.6678466796875,458.32000732421875,458.3999938964844,455.45001220703125,455.4599914550781,51437900
2021-10-29,429.53765869140625,459.25,459.55999755859375,455.55999755859375,455.8699951171875,70162400
2021-11-01,430.276611328125,460.0400085449219,460.70001220703125,458.20001220703125,460.29998779296875,48433600
2021-11-02,432.01617431640625,461.8999938964844,462.2300109863281,460.0799865722656,460.2200012207031,48908400
2021-11-03,434.6537170410156,464.7200012207031,465.1499938964844,460.8299865722656,461.29998779296875,52509800
2021-11-04,436.7021179199219,466.9100036621094,467.0,464.989990234375,465.3599853515625,52847100
2021-11-05,438.2172546386719,468.5299987792969,470.6499938964844,466.9200134277344,469.2799987792969,66390600
2021-11-08,438.5913391113281,468.92999267578125,470.2300109863281,468.20001220703125,469.70001220703125,50405200
2021-11-09,437.1416015625,467.3800048828125,469.57000732421875,465.8800048828125,469.32000732421875,51149100
2021-11-10,433.62493896484375,463.6199951171875,467.3800048828125,462.0400085449219,465.5799865722656,69429700
2021-11-11,433.76519775390625,463.7699890136719,465.2900085449219,463.75,465.2099914550781,34848500
2021-11-12,437.0387268066406,467.2699890136719,467.8599853515625,464.1099853515625,465.1199951171875,53466700
2021-11-15,437.18841552734375,467.42999267578125,468.80999755859375,466.2300109863281,468.6400146484375,46980500
2021-11-16,438.9187316894531,469.2799987792969,470.489990234375,467.07000732421875,467.1499938964844,48857500
2021-11-17,437.85247802734375,468.1400146484375,469.19000244140625,467.4800109863281,469.0,47858300
2021-11-18,439.33966064453125,469.7300109863281,470.010009765625,466.3399963378906,469.239990234375,50625600
2021-11-19,438.5539855957031,468.8900146484375,470.94000244140625,468.5,469.6099853515625,57315600
2021-11-22,437.31939697265625,467.57000732421875,473.5400085449219,467.3500061035156,470.8900146484375,72762000
2021-11-23,437.89923095703125,468.19000244140625,469.1000061035156,464.45001220703125,467.2200012207031,73206500
2021-11-24,439.06842041015625,469.44000244140625,469.57000732421875,465.19000244140625,466.05999755859375,61858800
2021-11-26,429.2757873535156,458.9700012207031,463.8999938964844,457.7699890136719,462.3399963378906,112669600
2021-11-29,434.54156494140625,464.6000061035156,466.55999755859375,461.7300109863281,464.07000732421875,86268800
2021-11-30,426.0863952636719,455.55999755859375,464.0299987792969,455.29998779296875,462.0,148559600
2021-12-01,421.3536682128906,450.5,464.6700134277344,450.2900085449219,461.6400146484375,131939200
2021-12-02,427.80731201171875,457.3999938964844,459.07000732421875,450.30999755859375,450.7300109863281,127637800
2021-12-03,424.0848693847656,453.4200134277344,460.29998779296875,448.9200134277344,459.1700134277344,137331600
2021-12-06,429.107421875,458.7900085449219,460.7900085449219,453.55999755859375,456.1300048828125,98977500
2021-12-07,437.98345947265625,468.2799987792969,468.8800048828125,458.6499938964844,464.4100036621094,95484700
2021-12-08,439.1431579589844,469.5199890136719,470.0,466.8299865722656,468.70001220703125,72238800
2021-12-09,436.1782531738281,466.3500061035156,469.6300048828125,466.1400146484375,468.1499938964844,61272600
2021-12-10,440.2843017578125,470.739990234375,470.8999938964844,466.510009765625,469.2300109863281,77159800
2021-12-13,436.3840637207031,466.57000732421875,470.55999755859375,466.2699890136719,470.19000244140625,87724700
2021-12-14,433.3817138671875,463.3599853515625,465.739990234375,460.25,463.0899963378906,97264100
2021-12-15,440.15338134765625,470.6000061035156,470.8599853515625,460.739990234375,463.4200134277344,116899300
2021-12-16,436.2718811035156,466.45001220703125,472.8699951171875,464.79998779296875,472.57000732421875,116568600
2021-12-17,431.628662109375,459.8699951171875,464.739990234375,458.05999755859375,461.54998779296875,135511600
2021-12-20,427.0389404296875,454.9800109863281,455.3999938964844,451.1400146484375,454.4800109863281,107134800
2021-12-21,434.6227722167969,463.05999755859375,463.2099914550781,456.30999755859375,458.6099853515625,69806300
2021-12-22,438.9684143066406,467.69000244140625,467.80999755859375,462.5799865722656,462.7900085449219,58890200
2021-12-23,441.6996765136719,470.6000061035156,472.19000244140625,468.6400146484375,468.75,56439700
2021-12-27,447.9507141113281,477.260009765625,477.30999755859375,472.010009765625,472.05999755859375,56808600
2021-12-28,447.5846252441406,476.8699951171875,478.80999755859375,476.05999755859375,477.7200012207031,47274600
2021-12-29,448.1571960449219,477.4800109863281,478.55999755859375,475.9200134277344,476.9800109863281,54503000
2021-12-30,446.91827392578125,476.1600036621094,479.0,475.6700134277344,477.92999267578125,55329000
2021-12-31,445.79193115234375,474.9599914550781,476.8599853515625,474.6700134277344,475.6400146484375,65237400
2022-01-03,448.3730773925781,477.7099914550781,477.8500061035156,473.8500061035156,476.29998779296875,72668200
2022-01-04,448.22283935546875,477.54998779296875,479.9800109863281,475.5799865722656,479.2200012207031,71178700
2022-01-05,439.6160583496094,468.3800048828125,477.9800109863281,468.2799987792969,477.1600036621094,104538900
2022-01-06,439.203125,467.94000244140625,470.82000732421875,465.42999267578125,467.8900146484375,86858900
2022-01-07,437.4666442871094,466.0899963378906,469.20001220703125,464.6499938964844,467.95001220703125,85111600
2022-01-10,436.9222717285156,465.510009765625,465.739990234375,456.6000061035156,462.70001220703125,119362000
2022-01-11,440.90191650390625,469.75,469.8500061035156,462.04998779296875,465.2300109863281,74303100
2022-01-12,442.0938720703125,471.0199890136719,473.20001220703125,468.94000244140625,471.5899963378906,67605400
2022-01-13,436.00244140625,464.5299987792969,472.8800048828125,463.44000244140625,472.19000244140625,91173100
2022-01-14,436.1807556152344,464.7200012207031,465.0899963378906,459.8999938964844,461.19000244140625,95890900
2022-01-18,428.45623779296875,456.489990234375,459.9599914550781,455.30999755859375,459.739990234375,109709100
2022-01-19,424.00738525390625,451.75,459.6099853515625,451.4599914550781,458.1300048828125,109357600
2022-01-20,419.3143615722656,446.75,458.739990234375,444.5,453.75,122379700
2022-01-21,411.08294677734375,437.9800109863281,448.05999755859375,437.95001220703125,445.55999755859375,202271200
2022-01-24,412.82867431640625,439.8399963378906,440.3800048828125,420.760009765625,432.0299987792969,251783900
2022-01-25,407.78851318359375,434.4700012207031,439.7200012207031,427.1499938964844,433.05999755859375,167997300
2022-01-26,406.7654724121094,433.3800048828125,444.0400085449219,428.8599853515625,440.7200012207031,186391100
2022-01-27,404.7568359375,431.239990234375,441.5899963378906,429.45001220703125,438.260009765625,149878300
2022-01-28,414.8092041015625,441.95001220703125,442.0,427.82000732421875,432.67999267578125,164457400
2022-01-31,422.2802734375,449.9100036621094,450.2799987792969,439.80999755859375,441.239990234375,152251400
2022-02-01,425.13360595703125,452.95001220703125,453.6300048828125,446.94000244140625,450.67999267578125,123155400
2022-02-02,429.2633361816406,457.3500061035156,458.1199951171875,453.04998779296875,455.5,117361000
2022-02-03,419.1736145019531,446.6000061035156,452.9700012207031,445.7099914550781,450.95001220703125,118024400
2022-02-04,421.1445617675781,448.70001220703125,452.7799987792969,443.8299865722656,446.3500061035156,118454400
2022-02-07,419.79296875,447.260009765625,450.989990234375,445.8500061035156,449.510009765625,84472900
2022-02-08,423.2470397949219,450.94000244140625,451.9200134277344,445.2200012207031,446.7300109863281,81012000
2022-02-09,429.44171142578125,457.5400085449219,457.8800048828125,455.010009765625,455.2200012207031,92589900
2022-02-10,421.7264709472656,449.32000732421875,457.7099914550781,447.20001220703125,451.3399963378906,140103700
2022-02-11,413.41064453125,440.4599914550781,451.6099853515625,438.94000244140625,449.4100036621094,153214600
2022-02-14,412.0590515136719,439.0199890136719,441.6000061035156,435.3399963378906,439.9200134277344,123006300
2022-02-15,418.7042236328125,446.1000061035156,446.2799987792969,443.17999267578125,443.7300109863281,88482700
2022-02-16,419.1736145019531,446.6000061035156,448.05999755859375,441.94000244140625,443.92999267578125,84863600
2022-02-17,410.2194519042969,437.05999755859375,446.57000732421875,436.4200134277344,443.2200012207031,102259100
2022-02-18,407.563232421875,434.2300109863281,438.6600036621094,431.82000732421875,437.3299865722656,132642900
2022-02-22,403.1894226074219,429.57000732421875,435.5,425.8599853515625,431.8900146484375,124391800
2022-02-23,396.0373840332031,421.95001220703125,433.260009765625,421.3500061035156,432.6600036621094,132578000
2022-02-24,401.9973449707031,428.29998779296875,428.760009765625,410.6400146484375,411.0199890136719,213942900
2022-02-25,410.8670654296875,437.75,437.8399963378906,427.8599853515625,429.6099853515625,121804500
2022-02-28,409.81585693359375,436.6300048828125,438.20001220703125,430.70001220703125,432.0299987792969,145615000
2022-03-01,403.5741882324219,429.9800109863281,437.1700134277344,427.1099853515625,435.0400085449219,137785900
2022-03-02,410.99847412109375,437.8900146484375,439.7200012207031,431.57000732421875,432.3699951171875,117726500
2022-03-03,408.9522705078125,435.7099914550781,441.1099853515625,433.79998779296875,440.4700012207031,105501700
2022-03-04,405.6297912597656,432.1700134277344,433.3699951171875,427.8800048828125,431.75,113978200
2022-03-07,393.6721496582031,419.42999267578125,432.29998779296875,419.3599853515625,431.54998779296875,137896600
2022-03-08,390.6873779296875,416.25,427.2099914550781,415.1199951171875,419.6199951171875,164772700
2022-03-09,401.1620178222656,427.4100036621094,429.510009765625,422.82000732421875,425.1400146484375,116990800
2022-03-10,399.3506164550781,425.4800109863281,426.42999267578125,420.44000244140625,422.5199890136719,93972700
2022-03-11,394.2728271484375,420.07000732421875,428.7699890136719,419.5299987792969,428.1199951171875,95636300
2022-03-14,391.39129638671875,417.0,424.54998779296875,415.7900085449219,420.8900146484375,95729200
2022-03-15,399.9981689453125,426.1700134277344,426.8399963378906,418.4200134277344,419.7699890136719,106219100
2022-03-16,408.86785888671875,435.6199951171875,435.67999267578125,424.79998779296875,429.8900146484375,144954800
2022-03-17,413.9831848144531,441.07000732421875,441.07000732421875,433.19000244140625,433.5899963378906,102676900
2022-03-18,418.5174560546875,444.5199890136719,444.8599853515625,437.2200012207031,438.0,106345500
2022-03-21,418.39508056640625,444.3900146484375,446.4599914550781,440.67999267578125,444.3399963378906,88349800
2022-03-22,423.29083251953125,449.5899963378906,450.5799865722656,445.8599853515625,445.8599853515625,74650400
2022-03-23,417.83953857421875,443.79998779296875,448.489990234375,443.7099914550781,446.9100036621094,79426100
2022-03-24,424.13824462890625,450.489990234375,450.5,444.760009765625,445.94000244140625,64736900
2022-03-25,426.2095031738281,452.69000244140625,452.9800109863281,448.42999267578125,451.1600036621094,77101300
2022-03-28,429.2411804199219,455.9100036621094,455.9100036621094,450.05999755859375,452.05999755859375,68529800
2022-03-29,434.55120849609375,461.54998779296875,462.07000732421875,457.17999267578125,460.0199890136719,86581500
2022-03-30,431.86798095703125,458.70001220703125,461.20001220703125,456.4700012207031,460.3399963378906,79666900
2022-03-31,425.220947265625,451.6400146484375,458.760009765625,451.1600036621094,457.8900146484375,121699900
2022-04-01,426.4261779785156,452.9200134277344,453.4599914550781,449.1400146484375,453.30999755859375,89048800
2022-04-04,430.07916259765625,456.79998779296875,456.9100036621094,452.260009765625,453.1300048828125,59601000
2022-04-05,424.6466369628906,451.0299987792969,457.8299865722656,449.82000732421875,455.2200012207031,74214500
2022-04-06,420.4004211425781,446.5199890136719,448.92999267578125,443.4700012207031,446.8900146484375,106898000
2022-04-07,422.518798828125,448.7699890136719,450.69000244140625,443.5299987792969,445.5899963378906,78097200
2022-04-08,421.3890380859375,447.57000732421875,450.6300048828125,445.94000244140625,447.9700012207031,79272700
2022-04-11,414.1865539550781,439.9200134277344,445.0,439.3900146484375,444.1099853515625,89770500
2022-04-12,412.6518859863281,438.2900085449219,445.75,436.6499938964844,443.0799865722656,84363600
2022-04-13,417.3782653808594,443.30999755859375,444.1099853515625,437.8399963378906,438.0299987792969,74070400
2022-04-14,412.18115234375,437.7900085449219,444.7300109863281,437.67999267578125,443.54998779296875,97869500
2022-04-18,412.3506164550781,437.9700012207031,439.75,435.6099853515625,436.80999755859375,66002500
2022-04-19,419.0070495605469,445.0400085449219,445.79998779296875,437.67999267578125,437.8599853515625,77821000
2022-04-20,418.6962585449219,444.7099914550781,447.57000732421875,443.4800109863281,446.9200134277344,65224400
2022-04-21,412.435302734375,438.05999755859375,450.010009765625,437.1000061035156,448.5400085449219,85417300
2022-04-22,401.1184997558594,426.0400085449219,438.0799865722656,425.44000244140625,436.9100036621094,132471800
2022-04-25,403.4440002441406,428.510009765625,428.69000244140625,418.8399963378906,423.6700134277344,119647700
2022-04-26,391.7598571777344,416.1000061035156,426.0400085449219,416.07000732421875,425.8299865722656,103996300
2022-04-27,392.8614196777344,417.2699890136719,422.9200134277344,415.010009765625,417.239990234375,122030000
2022-04-28,402.784912109375,427.80999755859375,429.6400146484375,417.6000061035156,422.2900085449219,105449100
2022-04-29,387.89971923828125,412.0,425.8699951171875,411.2099914550781,423.5899963378906,145491100
2022-05-02,390.23468017578125,414.4800109863281,415.9200134277344,405.0199890136719,412.07000732421875,158312500
2022-05-03,392.0235290527344,416.3800048828125,418.92999267578125,413.3599853515625,415.010009765625,100028200
2022-05-04,403.9618225097656,429.05999755859375,429.6600036621094,413.7099914550781,417.0799865722656,144247900
2022-05-05,389.6037902832031,413.80999755859375,425.0,409.44000244140625,424.54998779296875,172929100
2022-05-06,387.2784423828125,411.3399963378906,414.79998779296875,405.7300109863281,411.1000061035156,151770800
2022-05-09,374.8787841796875,398.1700134277344,406.4100036621094,396.5,405.1000061035156,155586100
2022-05-10,375.74493408203125,399.0899963378906,406.0799865722656,394.82000732421875,404.489990234375,132497200
2022-05-11,369.7757873535156,392.75,404.0400085449219,391.9599914550781,398.07000732421875,142361000
2022-05-12,369.3898010253906,392.3399963378906,395.79998779296875,385.1499938964844,389.3699951171875,125090800
2022-05-13,378.22119140625,401.7200012207031,403.17999267578125,395.6099853515625,396.7099914550781,104174400
2022-05-16,376.6864013671875,400.0899963378906,403.9700012207031,397.6000061035156,399.9800109863281,78622400
2022-05-17,384.4349670410156,408.32000732421875,408.57000732421875,402.5799865722656,406.5299987792969,83029700
2022-05-18,368.93780517578125,391.8599853515625,403.79998779296875,390.54998779296875,403.5,117674500
2022-05-19,366.67822265625,389.4599914550781,394.1400146484375,387.1099853515625,388.6199951171875,98510700
2022-05-20,366.8383483886719,389.6300048828125,397.0299987792969,380.5400085449219,393.25,131432200
2022-05-23,373.70184326171875,396.9200134277344,397.7300109863281,390.3800048828125,392.8299865722656,76414900
2022-05-24,370.8490905761719,393.8900146484375,395.1499938964844,386.9599914550781,392.55999755859375,91448800
2022-05-25,374.12548828125,397.3699951171875,399.45001220703125,391.8900146484375,392.30999755859375,91472900
2022-05-26,381.60107421875,405.30999755859375,407.0400085449219,398.45001220703125,398.6700134277344,82168300
2022-05-27,390.968994140625,415.260009765625,415.3800048828125,407.70001220703125,407.9100036621094,84768700
2022-05-31,388.7752990722656,412.92999267578125,416.4599914550781,410.0299987792969,413.54998779296875,95937000
2022-06-01,385.6307373046875,409.5899963378906,416.239990234375,406.92999267578125,415.1700134277344,86585800
2022-06-02,392.9744873046875,417.3900146484375,417.44000244140625,407.0400085449219,409.4200134277344,79609600
2022-06-03,386.5251159667969,410.5400085449219,414.0400085449219,409.510009765625,412.3999938964844,71874300
2022-06-06,387.7019958496094,411.7900085449219,416.6099853515625,410.54998779296875,414.7799987792969,57508900
2022-06-07,391.4209899902344,415.739990234375,416.2200012207031,407.6099853515625,408.1000061035156,59272400
2022-06-08,387.16534423828125,411.2200012207031,415.82000732421875,410.3800048828125,413.92999267578125,64350000
2022-06-09,377.9574890136719,401.44000244140625,411.739990234375,401.44000244140625,409.3399963378906,86289800
2022-06-10,366.9983215332031,389.79998779296875,395.7799987792969,389.75,394.8800048828125,132893900
2022-06-13,353.06402587890625,375.0,381.80999755859375,373.29998779296875,379.8500061035156,170004900
2022-06-14,352.0001525878906,373.8699951171875,377.94000244140625,370.5899963378906,376.8500061035156,104011800
2022-06-15,357.0184326171875,379.20001220703125,383.8999938964844,372.1199951171875,377.3599853515625,125666800
2022-06-16,345.2025146484375,366.6499938964844,370.94000244140625,364.0799865722656,370.510009765625,134473300
2022-06-17,345.9466857910156,365.8599853515625,369.3800048828125,362.1700134277344,365.510009765625,111113900
2022-06-21,354.65545654296875,375.07000732421875,376.5299987792969,371.80999755859375,371.8900146484375,76811900
2022-06-22,354.0124206542969,374.3900146484375,378.7200012207031,370.17999267578125,370.6199951171875,90059400
2022-06-23,357.4826965332031,378.05999755859375,378.8299865722656,372.8900146484375,376.6400146484375,79292100
2022-06-24,368.8484191894531,390.0799865722656,390.0899963378906,381.3699951171875,381.3999938964844,98050300
2022-06-27,367.4395446777344,388.5899963378906,391.3599853515625,387.44000244140625,391.04998779296875,66009600
2022-06-28,359.9316711425781,380.6499938964844,393.1600036621094,380.5299987792969,390.2300109863281,86548900
2022-06-29,359.6385192871094,380.3399963378906,382.2699890136719,378.4200134277344,381.2300109863281,65676000
2022-06-30,356.7167663574219,377.25,380.6600036621094,372.55999755859375,376.239990234375,112508300
2022-07-01,360.48956298828125,381.239990234375,381.70001220703125,373.79998779296875,376.55999755859375,74839700
2022-07-05,361.1704406738281,381.9599914550781,381.9800109863281,372.8999938964844,375.8800048828125,81438000
2022-07-06,362.3901672363281,383.25,385.8699951171875,379.6000061035156,382.1099853515625,70426200
2022-07-07,367.8177795410156,388.989990234375,389.8299865722656,383.2699890136719,385.1199951171875,64525900
2022-07-08,367.5151672363281,388.6700134277344,390.6400146484375,385.6600036621094,387.2699890136719,72397800
2022-07-11,363.3168640136719,384.2300109863281,386.8699951171875,383.5,385.8500061035156,58366900
2022-07-12,360.1018981933594,380.8299865722656,386.1600036621094,378.989990234375,383.6499938964844,62219200
2022-07-13,358.2107238769531,378.8299865722656,381.9200134277344,374.6600036621094,375.1000061035156,84224600
2022-07-14,357.3408508300781,377.9100036621094,379.04998779296875,371.0400085449219,373.6099853515625,89704800
2022-07-15,364.1678161621094,385.1300048828125,385.25,380.5400085449219,382.54998779296875,79060400
2022-07-18,361.1609802246094,381.95001220703125,389.0899963378906,380.6600036621094,388.3800048828125,63203600
2022-07-19,370.919189453125,392.2699890136719,392.8699951171875,385.3900146484375,386.0799865722656,78506000
2022-07-20,373.28314208984375,394.7699890136719,396.260009765625,391.0299987792969,392.4700012207031,71843800
2022-07-21,377.08441162109375,398.7900085449219,398.8399963378906,391.6300048828125,394.1600036621094,64903900
2022-07-22,373.58575439453125,395.0899963378906,400.17999267578125,392.75,398.9200134277344,72197300
2022-07-25,374.0395812988281,395.57000732421875,396.4700012207031,393.2099914550781,395.75,53631500
2022-07-26,369.6143493652344,390.8900146484375,394.05999755859375,389.95001220703125,393.8399963378906,52946400
2022-07-27,379.2119445800781,401.0400085449219,402.8800048828125,394.04998779296875,394.3599853515625,82342100
2022-07-28,383.9681396484375,406.07000732421875,406.79998779296875,398.1499938964844,401.8900146484375,73966600
2022-07-29,389.5658874511719,411.989990234375,413.0299987792969,406.7699890136719,407.5799865722656,87003700
2022-08-01,388.4123229980469,410.7699890136719,413.4100036621094,408.3999938964844,409.1499938964844,69997500
2022-08-02,385.8497009277344,408.05999755859375,413.0,406.82000732421875,409.1199951171875,63435400
2022-08-03,391.8920593261719,414.45001220703125,415.67999267578125,410.0,410.29998779296875,67820600
2022-08-04,391.6272277832031,414.1700134277344,415.0899963378906,412.44000244140625,414.3699951171875,45656600
2022-08-05,390.9653625488281,413.4700012207031,414.1499938964844,409.6000061035156,409.6600036621094,56814900
2022-08-08,390.511474609375,412.989990234375,417.6199951171875,411.8299865722656,415.25,53886100
2022-08-09,388.96075439453125,411.3500061035156,412.75,410.2200012207031,412.2200012207031,44931800
2022-08-10,397.1304626464844,419.989990234375,420.1400146484375,416.7200012207031,418.7799987792969,68665700
2022-08-11,397.1304626464844,419.989990234375,424.95001220703125,419.2099914550781,422.989990234375,59489700
2022-08-12,403.8534851074219,427.1000061035156,427.2099914550781,421.0299987792969,422.0299987792969,61694500
2022-08-15,405.5176696777344,428.8599853515625,429.4100036621094,424.7099914550781,424.7699890136719,54048300
2022-08-16,406.31195068359375,429.70001220703125,431.7300109863281,426.8800048828125,427.7300109863281,59289000
2022-08-17,403.42791748046875,426.6499938964844,429.5,424.5400085449219,425.9100036621094,63563400
2022-08-18,404.6004943847656,427.8900146484375,428.6099853515625,425.5,426.8599853515625,49023200
2022-08-19,399.1634216308594,422.1400146484375,425.260009765625,421.2200012207031,424.9800109863281,68016900
2022-08-22,390.85186767578125,413.3500061035156,417.2300109863281,412.3999938964844,417.04998779296875,77695600
2022-08-23,389.90631103515625,412.3500061035156,415.4200134277344,411.7699890136719,412.8999938964844,49105200
2022-08-24,391.15447998046875,413.6700134277344,415.1099853515625,411.3900146484375,412.1099853515625,49177800
2022-08-25,396.6765441894531,419.510009765625,419.55999755859375,414.0899963378906,415.239990234375,50942300
2022-08-26,383.24945068359375,405.30999755859375,419.9599914550781,405.25,419.3900146484375,103087000
2022-08-29,380.71533203125,402.6300048828125,405.8399963378906,401.20001220703125,402.20001220703125,65370800
2022-08-30,376.5359191894531,398.2099914550781,404.1000061035156,396.0,403.8500061035156,85652400
2022-08-31,373.6707763671875,395.17999267578125,401.239990234375,395.0400085449219,399.92999267578125,76029700
2022-09-01,374.84332275390625,396.4200134277344,396.7799987792969,390.0400085449219,392.8900146484375,78740100
2022-09-02,370.8908996582031,392.239990234375,401.55999755859375,390.3299865722656,400.2799987792969,99632100
2022-09-06,369.491455078125,390.760009765625,394.1199951171875,388.4200134277344,393.1300048828125,76637400
2022-09-07,376.1293640136719,397.7799987792969,398.5899963378906,390.20001220703125,390.42999267578125,70964200
2022-09-08,378.5877685546875,400.3800048828125,400.8599853515625,394.1199951171875,395.3900146484375,80821700
2022-09-09,384.46929931640625,406.6000061035156,407.510009765625,402.4599914550781,402.739990234375,76706900
2022-09-12,388.60137939453125,410.9700012207031,411.7300109863281,408.4599914550781,408.7799987792969,69256300
2022-09-13,371.70404052734375,393.1000061035156,403.1000061035156,391.9200134277344,401.8299865722656,122947100
2022-09-14,373.12237548828125,394.6000061035156,396.20001220703125,391.1199951171875,394.4700012207031,85023700
2022-09-15,368.88623046875,390.1199951171875,395.9599914550781,388.7799987792969,392.9599914550781,87633800
2022-09-16,366.072021484375,385.55999755859375,386.25,382.1099853515625,384.1400146484375,103084800
2022-09-19,368.910888671875,388.54998779296875,388.54998779296875,382.17999267578125,382.260009765625,73278500
2022-09-20,364.6763610839844,384.0899963378906,386.1199951171875,381.20001220703125,385.05999755859375,77274900
2022-09-21,358.3150329589844,377.3900146484375,389.30999755859375,377.3800048828125,386.1099853515625,106746600
2022-09-22,355.3052062988281,374.2200012207031,378.29998779296875,373.44000244140625,376.5799865722656,89472600
2022-09-23,349.3521728515625,367.95001220703125,370.6199951171875,363.2900085449219,370.5799865722656,122346900
2022-09-26,345.8961181640625,364.30999755859375,370.2099914550781,363.0299987792969,366.4100036621094,92581200
2022-09-27,345.0131530761719,363.3800048828125,370.3999938964844,360.8699951171875,368.0199890136719,108294100
2022-09-28,351.8017272949219,370.5299987792969,372.29998779296875,362.6000061035156,364.3800048828125,110802200
2022-09-29,344.4530334472656,362.7900085449219,367.1099853515625,359.70001220703125,366.80999755859375,112952300
2022-09-30,339.12646484375,357.17999267578125,365.9100036621094,357.0400085449219,361.79998779296875,153711200
2022-10-03,348.0798645019531,366.6099853515625,368.54998779296875,359.2099914550781,361.0799865722656,89756500
2022-10-04,358.86566162109375,377.9700012207031,378.0,366.57000732421875,372.3999938964844,103602800
2022-10-05,358.0301513671875,377.0899963378906,379.4599914550781,370.95001220703125,373.3900146484375,88065700
2022-10-06,354.3367919921875,373.20001220703125,378.7200012207031,372.67999267578125,375.6199951171875,82333500
2022-10-07,344.4530334472656,362.7900085449219,373.2900085449219,360.94000244140625,368.9700012207031,107789500
2022-10-10,341.82293701171875,360.0199890136719,364.2099914550781,357.6700134277344,363.9599914550781,76042800
2022-10-11,339.658203125,357.739990234375,363.0299987792969,355.7099914550781,358.239990234375,92482800
2022-10-12,338.5378723144531,356.55999755859375,359.82000732421875,356.29998779296875,358.1700134277344,76991800
2022-10-13,347.4721984863281,365.9700012207031,367.510009765625,348.1099853515625,349.2099914550781,147254500
2022-10-14,339.5537414550781,357.6300048828125,370.260009765625,356.9599914550781,368.54998779296875,123737000
2022-10-17,348.2792663574219,366.82000732421875,367.9800109863281,357.2799987792969,364.010009765625,93168200
2022-10-18,352.3714599609375,371.1300048828125,375.45001220703125,367.5199890136719,375.1300048828125,97162900
2022-10-19,349.87445068359375,368.5,371.8500061035156,365.54998779296875,368.989990234375,79746900
2022-10-20,346.9404602050781,365.4100036621094,372.6700134277344,364.6099853515625,368.0299987792969,88283100
2022-10-21,355.37164306640625,374.2900085449219,374.79998779296875,363.5400085449219,365.1199951171875,131038400
2022-10-24,359.72021484375,378.8699951171875,380.05999755859375,373.1099853515625,375.8900146484375,85436900
2022-10-25,365.46441650390625,384.9200134277344,385.25,378.6700134277344,378.7900085449219,78846300
2022-10-26,362.7109680175781,382.0199890136719,387.5799865722656,381.3500061035156,381.6199951171875,104087300
2022-10-27,360.77410888671875,379.9800109863281,385.0,379.3299865722656,383.07000732421875,81971800
2022-10-28,369.3571472167969,389.0199890136719,389.5199890136719,379.67999267578125,379.8699951171875,100302000
2022-10-31,366.689208984375,386.2099914550781,388.3999938964844,385.260009765625,386.44000244140625,96631300
2022-11-01,365.0846252441406,384.5199890136719,390.3900146484375,383.2900085449219,390.1400146484375,85407600
2022-11-02,355.9223937988281,374.8699951171875,388.6300048828125,374.760009765625,383.8999938964844,126990400
2022-11-03,352.25750732421875,371.010009765625,374.20001220703125,368.7900085449219,371.4700012207031,87100100
2022-11-04,357.32757568359375,376.3500061035156,378.8699951171875,370.0,377.0,103505200
2022-11-07,360.7455749511719,379.95001220703125,380.57000732421875,375.5299987792969,377.7099914550781,68286900
2022-11-08,362.6920166015625,382.0,385.1199951171875,377.7200012207031,381.1099853515625,84641100
2022-11-09,355.21978759765625,374.1300048828125,381.1400146484375,373.6099853515625,379.92999267578125,78495500
2022-11-10,374.7405700683594,394.69000244140625,395.0400085449219,385.6400146484375,388.04998779296875,141455800
2022-11-11,378.3675231933594,398.510009765625,399.3500061035156,393.6099853515625,395.5899963378906,93839900
2022-11-14,375.1488342285156,395.1199951171875,400.17999267578125,394.8299865722656,396.6600036621094,71903500
2022-11-15,378.3485412597656,398.489990234375,402.30999755859375,394.489990234375,401.1499938964844,93194500
2022-11-16,375.46221923828125,395.45001220703125,397.7799987792969,394.7900085449219,396.7799987792969,68508500
2022-11-17,374.3133544921875,394.239990234375,394.95001220703125,390.1400146484375,390.4599914550781,74496300
2022-11-18,376.01287841796875,396.0299987792969,397.80999755859375,393.0400085449219,397.739990234375,92922500
2022-11-21,374.6455993652344,394.5899963378906,395.82000732421875,392.6600036621094,394.6400146484375,51243200
2022-11-22,379.687255859375,399.8999938964844,400.07000732421875,395.1499938964844,396.6300048828125,60429000
2022-11-23,382.0798645019531,402.4200134277344,402.92999267578125,399.30999755859375,399.54998779296875,68261600
2022-11-25,381.9944152832031,402.3299865722656,402.9100036621094,401.5400085449219,401.8299865722656,30545400
2022-11-28,375.8989562988281,395.9100036621094,400.80999755859375,395.1099853515625,399.0899963378906,67881600
2022-11-29,375.2533264160156,395.2300109863281,397.29998779296875,393.29998779296875,396.04998779296875,52310000
2022-11-30,387.0740051269531,407.67999267578125,407.67999267578125,393.4800109863281,395.489990234375,144566700
2022-12-01,386.7891540527344,407.3800048828125,410.0,404.75,408.7699890136719,76398200
2022-12-02,386.3428955078125,406.9100036621094,407.8599853515625,402.1400146484375,402.25,85342700
2022-12-05,379.3929138183594,399.5899963378906,404.92999267578125,398.1700134277344,403.95001220703125,77289800
2022-12-06,373.92401123046875,393.8299865722656,399.989990234375,391.6400146484375,399.4200134277344,77972200
2022-12-07,373.2879638671875,393.1600036621094,395.6400146484375,391.9700012207031,392.94000244140625,65927900
2022-12-08,376.2122802734375,396.239990234375,397.3599853515625,393.2699890136719,395.1400146484375,60737900
2022-12-09,373.40185546875,393.2799987792969,397.6199951171875,393.1499938964844,394.94000244140625,81447700
2022-12-12,378.7852783203125,398.95001220703125,398.95001220703125,393.4100036621094,394.1099853515625,75405800
2022-12-13,381.65264892578125,401.9700012207031,410.489990234375,399.07000732421875,410.2200012207031,123782500
2022-12-14,379.2125244140625,399.3999938964844,405.5,396.30999755859375,401.6099853515625,108111300
2022-12-15,369.9363708496094,389.6300048828125,395.25,387.8900146484375,394.29998779296875,117705900
2022-12-16,365.56884765625,383.2699890136719,386.5799865722656,381.0400085449219,385.17999267578125,119858000
2022-12-19,362.46893310546875,380.0199890136719,383.82000732421875,378.2799987792969,383.4700012207031,79878100
2022-12-20,362.9649353027344,380.5400085449219,382.2300109863281,377.8500061035156,379.2300109863281,74427200
2022-12-21,368.39208984375,386.2300109863281,387.4100036621094,382.69000244140625,383.25,78167400
2022-12-22,363.1366271972656,380.7200012207031,386.2099914550781,374.7699890136719,383.04998779296875,100120900
2022-12-23,365.2254333496094,382.9100036621094,383.05999755859375,378.0299987792969,379.6499938964844,59857300
2022-12-27,363.7851257324219,381.3999938964844,383.1499938964844,379.6499938964844,382.7900085449219,51638200
2022-12-28,359.2641296386719,376.6600036621094,383.3900146484375,376.4200134277344,381.3299865722656,70911500
2022-12-29,365.7309875488281,383.44000244140625,384.3500061035156,379.0799865722656,379.6300048828125,66970900
2022-12-30,364.7677001953125,382.42999267578125,382.5799865722656,378.42999267578125,380.6400146484375,84022200
2023-01-03,363.23199462890625,380.82000732421875,386.42999267578125,377.8299865722656,384.3699951171875,74850700
2023-01-04,366.0361633300781,383.760009765625,385.8800048828125,380.0,383.17999267578125,85934100
2023-01-05,361.85845947265625,379.3800048828125,381.8399963378906,378.760009765625,381.7200012207031,76970500
2023-01-06,370.1566467285156,388.0799865722656,389.25,379.4100036621094,382.6099853515625,104189600
2023-01-09,369.9468688964844,387.8599853515625,393.70001220703125,387.6700134277344,390.3699951171875,73978100
2023-01-10,372.5411682128906,390.5799865722656,390.6499938964844,386.2699890136719,387.25,65358100
2023-01-11,377.2530212402344,395.5199890136719,395.6000061035156,391.3800048828125,392.2300109863281,68881100
2023-01-12,378.6264953613281,396.9599914550781,398.489990234375,392.4200134277344,396.6700134277344,90157700
2023-01-13,380.09539794921875,398.5,399.1000061035156,393.3399963378906,393.6199951171875,63903900
2023-01-17,379.3991394042969,397.7699890136719,400.2300109863281,397.05999755859375,398.4800109863281,62677300
2023-01-18,373.4091796875,391.489990234375,400.1199951171875,391.2799987792969,399.010009765625,99632300
2023-01-19,370.6907958984375,388.6400146484375,391.0799865722656,387.260009765625,389.3599853515625,86958900
2023-01-20,377.5964660644531,395.8800048828125,396.0400085449219,388.3800048828125,390.1000061035156,91806400
2023-01-23,382.12713623046875,400.6300048828125,402.6499938964844,395.7200012207031,396.7200012207031,84178800
2023-01-24,381.7169494628906,400.20001220703125,401.1499938964844,397.6400146484375,398.8800048828125,59524900
2023-01-25,381.8599853515625,400.3500061035156,400.70001220703125,393.55999755859375,395.95001220703125,84800300
2023-01-26,386.05682373046875,404.75,404.9200134277344,400.0299987792969,403.1300048828125,72287400
2023-01-27,386.9438171386719,405.67999267578125,408.1600036621094,403.44000244140625,403.6600036621094,68346200
2023-01-30,382.08892822265625,400.5899963378906,405.1300048828125,400.2799987792969,402.79998779296875,74202000
2023-01-31,387.7069091796875,406.4800109863281,406.5299987792969,400.7699890136719,401.1300048828125,86811800
2023-02-01,391.8273620605469,410.79998779296875,413.6700134277344,402.3500061035156,405.2099914550781,101459200
2023-02-02,397.5312194824219,416.7799987792969,418.30999755859375,412.8800048828125,414.8599853515625,101654500
2023-02-03,393.3057556152344,412.3500061035156,416.9700012207031,411.0899963378906,411.5899963378906,94736800
2023-02-06,390.9021911621094,409.8299865722656,411.2900085449219,408.1000061035156,409.7900085449219,60295300
2023-02-07,396.0146484375,415.19000244140625,416.489990234375,407.57000732421875,408.8699951171875,90990700
2023-02-08,391.68426513671875,410.6499938964844,414.5299987792969,409.92999267578125,413.1300048828125,76227500
2023-02-09,388.2886657714844,407.0899963378906,414.57000732421875,405.80999755859375,414.4100036621094,78694900
2023-02-10,389.1947937011719,408.0400085449219,408.44000244140625,405.010009765625,405.8599853515625,70769700
2023-02-13,393.7635803222656,412.8299865722656,412.9700012207031,408.239990234375,408.7200012207031,64913500
2023-02-14,393.58245849609375,412.6400146484375,415.04998779296875,408.510009765625,411.239990234375,88389300
2023-02-15,394.86053466796875,413.9800109863281,414.05999755859375,409.4700012207031,410.3500061035156,61555700
2023-02-16,389.4236755371094,408.2799987792969,412.9100036621094,408.1400146484375,408.7900085449219,76431500
2023-02-17,388.4508972167969,407.260009765625,407.510009765625,404.04998779296875,406.05999755859375,89257800
2023-02-21,380.658203125,399.0899963378906,404.1600036621094,398.82000732421875,403.05999755859375,82655900
2023-02-22,380.1335754394531,398.5400085449219,401.1300048828125,397.0199890136719,399.5199890136719,83742300
2023-02-23,382.1556701660156,400.6600036621094,402.20001220703125,396.25,401.55999755859375,96242400
2023-02-24,378.0733337402344,396.3800048828125,397.25,393.6400146484375,395.4200134277344,108194400
2023-02-27,379.3609924316406,397.7300109863281,401.2900085449219,396.75,399.8699951171875,80444700
2023-02-28,377.9588928222656,396.260009765625,399.2799987792969,396.1499938964844,397.2300109863281,96438600
2023-03-01,376.50909423828125,394.739990234375,396.69000244140625,393.3800048828125,395.4100036621094,99706800
2023-03-02,379.437255859375,397.80999755859375,398.69000244140625,392.3299865722656,392.67999267578125,85127800
2023-03-03,385.522705078125,404.19000244140625,404.45001220703125,399.0299987792969,399.7099914550781,90120000
2023-03-06,385.78973388671875,404.4700012207031,407.45001220703125,404.010009765625,405.04998779296875,72795900
2023-03-07,379.8760986328125,398.2699890136719,404.6700134277344,397.6300048828125,404.4200134277344,108310600
2023-03-08,380.4960632324219,398.9200134277344,399.7099914550781,396.5899963378906,398.3900146484375,74746600
2023-03-09,373.4759521484375,391.55999755859375,401.4800109863281,390.5299987792969,399.739990234375,111945300
2023-03-10,368.0868835449219,385.9100036621094,393.1600036621094,384.32000732421875,390.989990234375,189253000
2023-03-13,367.5622863769531,385.3599853515625,390.3900146484375,380.6499938964844,381.80999755859375,157790000
2023-03-14,373.6381530761719,391.7300109863281,393.45001220703125,387.04998779296875,390.5,149752400
2023-03-15,371.30126953125,389.2799987792969,389.489990234375,383.7099914550781,385.8900146484375,172996900
2023-03-16,377.8157653808594,396.1099853515625,396.4700012207031,386.2900085449219,386.82000732421875,143254200
2023-03-17,373.3981018066406,389.989990234375,394.3999938964844,388.54998779296875,393.2200012207031,140553400
2023-03-20,376.9885559082031,393.739990234375,394.1700134277344,390.07000732421875,390.79998779296875,93055800
2023-03-21,381.9386291503906,398.9100036621094,399.4100036621094,395.5799865722656,397.239990234375,91524200
2023-03-22,375.42791748046875,392.1099853515625,402.489990234375,392.07000732421875,398.7300109863281,111746600
2023-03-23,376.44287109375,393.1700134277344,399.2900085449219,390.3500061035156,395.0899963378906,119351300
2023-03-24,378.9130554199219,395.75,395.8399963378906,389.3999938964844,391.8399963378906,107682400
2023-03-27,379.6215515136719,396.489990234375,398.9200134277344,395.55999755859375,398.1199951171875,74010400
2023-03-28,378.7694091796875,395.6000061035156,396.489990234375,393.69000244140625,395.7699890136719,62871700
2023-03-29,384.27484130859375,401.3500061035156,401.6000061035156,398.67999267578125,399.92999267578125,77497900
2023-03-30,386.52484130859375,403.70001220703125,404.3500061035156,401.760009765625,404.0899963378906,69840000
2023-03-31,391.9727783203125,409.3900146484375,409.70001220703125,404.54998779296875,404.6600036621094,112062600
2023-04-03,393.4664001464844,410.95001220703125,411.3699951171875,408.44000244140625,408.8500061035156,67391100
2023-04-04,391.2834167480469,408.6700134277344,411.9200134277344,407.239990234375,411.6199951171875,66601500
2023-04-05,390.25885009765625,407.6000061035156,408.70001220703125,405.8800048828125,407.9100036621094,65200200
2023-04-06,391.7812194824219,409.19000244140625,409.4800109863281,405.67999267578125,406.7699890136719,63743300
2023-04-10,392.1834411621094,409.6099853515625,409.69000244140625,405.9700012207031,406.6099853515625,63681000
2023-04-11,392.2887268066406,409.7200012207031,411.17999267578125,408.9200134277344,410.260009765625,59297900
2023-04-12,390.6897277832031,408.04998779296875,412.1700134277344,407.44000244140625,411.8699951171875,86420400
2023-04-13,395.87921142578125,413.4700012207031,413.8399963378906,407.989990234375,409.17999267578125,85814800
2023-04-14,394.9122009277344,412.4599914550781,415.0899963378906,410.05999755859375,412.80999755859375,78161500
2023-04-17,396.3292236328125,413.94000244140625,413.9599914550781,411.0899963378906,412.3699951171875,66436400
2023-04-18,396.58770751953125,414.2099914550781,415.7200012207031,412.7799987792969,415.5799865722656,63560000
2023-04-19,396.5207214355469,414.1400146484375,415.0799865722656,412.1600036621094,412.2200012207031,55227300
2023-04-20,394.35687255859375,411.8800048828125,413.70001220703125,410.2699890136719,411.2099914550781,75840400
2023-04-21,394.66326904296875,412.20001220703125,412.67999267578125,410.1700134277344,412.19000244140625,73457400
2023-04-24,395.074951171875,412.6300048828125,413.07000732421875,410.6000061035156,411.989990234375,64332100
2023-04-25,388.8035583496094,406.0799865722656,411.1600036621094,406.0199890136719,410.5799865722656,97766700
2023-04-26,387.15679931640625,404.3599853515625,407.8399963378906,403.7799987792969,406.7200012207031,80447000
2023-04-27,394.8642578125,412.4100036621094,412.69000244140625,406.739990234375,407.0,92968400
2023-04-28,398.2344665527344,415.92999267578125,415.94000244140625,411.42999267578125,411.489990234375,89433100
2023-05-01,397.8323974609375,415.510009765625,417.6199951171875,415.2699890136719,415.4700012207031,62122300
2023-05-02,393.3610534667969,410.8399963378906,414.82000732421875,407.82000732421875,414.7699890136719,103998500
2023-05-03,390.6610412597656,408.0199890136719,413.8699951171875,407.7699890136719,411.3599853515625,91531800
2023-05-04,387.8940124511719,405.1300048828125,407.2699890136719,403.739990234375,406.92999267578125,94901900
2023-05-05,395.074951171875,412.6300048828125,413.7200012207031,408.6400146484375,408.9100036621094,87891800
2023-05-08,395.1802673339844,412.739990234375,413.239990234375,411.2799987792969,412.9700012207031,50046800
2023-05-09,393.4472351074219,410.92999267578125,412.0899963378906,410.69000244140625,411.1300048828125,49220100
2023-05-10,395.2856140136719,412.8500061035156,414.5400085449219,408.8699951171875,413.8800048828125,96142900
2023-05-11,394.59625244140625,412.1300048828125,412.42999267578125,409.9700012207031,411.95001220703125,70157100
2023-05-12,394.0791931152344,411.5899963378906,413.6400146484375,409.07000732421875,413.4200134277344,70481500
2023-05-15,395.4388427734375,413.010009765625,413.42999267578125,410.2300109863281,412.2200012207031,54289400
2023-05-16,392.7962341308594,410.25,412.82000732421875,410.239990234375,411.8599853515625,57705500
2023-05-17,397.5643310546875,415.2300109863281,415.8599853515625,410.6400146484375,412.3500061035156,87287000
2023-05-18,401.39410400390625,419.2300109863281,419.6700134277344,414.6700134277344,414.8999938964844,97177200
2023-05-19,400.8100891113281,418.6199951171875,420.7200012207031,417.3500061035156,420.1700134277344,103793300
2023-05-22,400.9728088378906,418.7900085449219,420.3900146484375,417.3500061035156,418.6400146484375,60745400
2023-05-23,396.4727783203125,414.0899963378906,418.7200012207031,413.67999267578125,417.0799865722656,86383500
2023-05-24,393.6004638671875,411.0899963378906,412.82000732421875,409.8800048828125,412.4200134277344,89213700
2023-05-25,397.0089416503906,414.6499938964844,416.1600036621094,412.4100036621094,414.739990234375,90961600
2023-05-26,402.1505126953125,420.0199890136719,420.7699890136719,415.25,415.3299865722656,93830000
2023-05-30,402.30364990234375,420.17999267578125,422.5799865722656,418.739990234375,422.0299987792969,72216000
2023-05-31,400.0727844238281,417.8500061035156,419.2200012207031,416.2200012207031,418.2799987792969,110811800
2023-06-01,403.87396240234375,421.82000732421875,422.9200134277344,416.7900085449219,418.0899963378906,88865000
2023-06-02,409.7144775390625,427.9200134277344,428.739990234375,423.95001220703125,424.5,91426200
2023-06-05,408.92926025390625,427.1000061035156,429.6199951171875,426.3699951171875,428.2799987792969,65460200
2023-06-06,409.8197021484375,428.0299987792969,428.5799865722656,425.989990234375,426.6700134277344,64022200
2023-06-07,408.4026794433594,426.54998779296875,429.6199951171875,426.1099853515625,428.44000244140625,85373300
2023-06-08,410.8729248046875,429.1300048828125,429.6000061035156,425.82000732421875,426.6199951171875,61952800
2023-06-09,411.61016845703125,429.8999938964844,431.989990234375,428.8699951171875,429.9599914550781,85742800
2023-06-12,415.3442687988281,433.79998779296875,433.8800048828125,430.1700134277344,430.9200134277344,76104300
2023-06-13,418.0825500488281,436.6600036621094,437.3299865722656,434.6300048828125,435.32000732421875,95899700
2023-06-14,418.5804443359375,437.17999267578125,439.05999755859375,433.5899963378906,437.010009765625,100612100
2023-06-15,423.76983642578125,442.6000061035156,443.8999938964844,436.2300109863281,436.3299865722656,110303100
2023-06-16,422.326416015625,439.4599914550781,443.6099853515625,438.9700012207031,443.0199890136719,114165800
2023-06-20,420.13531494140625,437.17999267578125,438.3699951171875,435.0299987792969,437.45001220703125,76160400
2023-06-21,417.982666015625,434.94000244140625,436.989990234375,434.3299865722656,436.1600036621094,76982300
2023-06-22,419.4914855957031,436.510009765625,436.6199951171875,433.6000061035156,433.95001220703125,70637200
2023-06-23,416.320068359375,433.2099914550781,435.05999755859375,432.4700012207031,432.92999267578125,92074500
2023-06-26,414.619140625,431.44000244140625,434.6099853515625,431.19000244140625,432.6199951171875,72823600
2023-06-27,419.1647033691406,436.1700134277344,436.80999755859375,431.8800048828125,432.3500061035156,72813700
2023-06-28,419.3760986328125,436.3900146484375,437.44000244140625,434.4100036621094,435.04998779296875,75636000
2023-06-29,421.0290222167969,438.1099853515625,438.2799987792969,435.5400085449219,435.9599914550781,67882300
2023-06-30,425.99755859375,443.2799987792969,444.29998779296875,441.1099853515625,441.44000244140625,104964000
2023-07-03,426.48760986328125,443.7900085449219,444.0799865722656,442.6300048828125,442.9200134277344,32793400
2023-07-05,425.8533935546875,443.1300048828125,443.8900146484375,441.8999938964844,441.9100036621094,58418400
2023-07-06,422.5186462402344,439.6600036621094,440.1000061035156,437.05999755859375,439.4200134277344,80658300
2023-07-07,421.4518737792969,438.54998779296875,442.6400146484375,438.29998779296875,438.6300048828125,86134200
2023-07-10,422.5186462402344,439.6600036621094,439.8399963378906,437.5899963378906,438.17999267578125,62443500
2023-07-11,425.20947265625,442.4599914550781,442.9700012207031,439.44000244140625,440.45001220703125,64463800
2023-07-12,428.63067626953125,446.0199890136719,447.4800109863281,444.9100036621094,446.3900146484375,91924500
2023-07-13,432.0326232910156,449.55999755859375,450.3800048828125,447.45001220703125,447.8999938964844,72425200
2023-07-14,431.7635192871094,449.2799987792969,451.3599853515625,448.489990234375,450.4800109863281,69815800
2023-07-17,433.2626953125,450.8399963378906,451.92999267578125,449.0799865722656,449.1300048828125,52680200
2023-07-18,436.4821472167969,454.19000244140625,454.8599853515625,450.04998779296875,450.5,80668200
2023-07-19,437.4527893066406,455.20001220703125,456.42999267578125,454.1099853515625,455.010009765625,65891700
2023-07-20,434.550537109375,452.17999267578125,455.1000061035156,451.44000244140625,454.1700134277344,70591600
2023-07-21,434.550537109375,452.17999267578125,454.1700134277344,452.1700134277344,453.9599914550781,71275600
2023-07-24,436.49176025390625,454.20001220703125,455.0400085449219,452.29998779296875,453.3699951171875,54023400
2023-07-25,437.6833801269531,455.44000244140625,456.739990234375,453.8699951171875,453.9200134277344,55191200
2023-07-26,437.750732421875,455.510009765625,456.989990234375,453.3800048828125,454.4700012207031,71052900
2023-07-27,434.848388671875,452.489990234375,459.44000244140625,451.54998779296875,459.0199890136719,92194400
2023-07-28,439.1057434082031,456.9200134277344,457.7799987792969,452.489990234375,455.8800048828125,80011800
2023-07-31,439.9418029785156,457.7900085449219,458.1600036621094,456.04998779296875,457.4100036621094,62040400
2023-08-01,438.68292236328125,456.4800109863281,457.25,455.489990234375,456.2699890136719,55291500
2023-08-02,432.58038330078125,450.1300048828125,453.5199890136719,449.3500061035156,453.25,93933400
2023-08-03,431.34075927734375,448.8399963378906,450.7900085449219,447.3699951171875,448.0400085449219,64276100
2023-08-04,429.3898620605469,446.80999755859375,452.8999938964844,446.2699890136719,450.7200012207031,100128900
2023-08-07,433.1377868652344,450.7099914550781,450.8699951171875,447.989990234375,448.7099914550781,58357500
2023-08-08,431.25421142578125,448.75,450.70001220703125,445.2699890136719,448.0799865722656,71361300
2023-08-09,428.37115478515625,445.75,449.20001220703125,444.9599914550781,449.0299987792969,78789600
2023-08-10,428.5249328613281,445.9100036621094,451.70001220703125,444.70001220703125,448.19000244140625,93005500
2023-08-11,428.2750549316406,445.6499938964844,446.70001220703125,443.3500061035156,443.9700012207031,68690900
2023-08-14,430.6391296386719,448.1099853515625,448.1099853515625,444.3800048828125,444.70001220703125,47867400
2023-08-15,425.6227722167969,442.8900146484375,446.6400146484375,442.29998779296875,446.2699890136719,75707500
2023-08-16,422.49945068359375,439.6400146484375,444.17999267578125,439.5299987792969,442.4599914550781,80107200
2023-08-17,419.2799987792969,436.2900085449219,441.42999267578125,435.75,441.1600036621094,95711300
2023-08-18,419.4818420410156,436.5,437.57000732421875,433.010009765625,433.3699951171875,98852000
2023-08-21,422.2110900878906,439.3399963378906,440.1099853515625,435.32000732421875,437.54998779296875,68719000
2023-08-22,421.0675048828125,438.1499938964844,441.17999267578125,437.57000732421875,441.17999267578125,64994200
2023-08-23,425.7572326660156,443.0299987792969,443.6700134277344,439.1000061035156,439.25,68441000
2023-08-24,419.8566589355469,436.8900146484375,445.2200012207031,436.8599853515625,444.69000244140625,88517300
2023-08-25,422.8165588378906,439.9700012207031,441.29998779296875,435.0,438.67999267578125,102325100
2023-08-28,425.49774169921875,442.760009765625,443.3999938964844,439.9700012207031,442.239990234375,61595400
2023-08-29,431.6482238769531,449.1600036621094,449.45001220703125,442.4599914550781,442.6499938964844,83081900
2023-08-30,433.4261169433594,451.010009765625,451.6700134277344,448.7799987792969,449.510009765625,69053900
2023-08-31,432.7918395996094,450.3500061035156,452.8299865722656,450.1600036621094,451.6499938964844,66084600
2023-09-01,433.5991516113281,451.19000244140625,453.6700134277344,449.67999267578125,453.1700134277344,58944100
2023-09-05,431.72515869140625,449.239990234375,451.05999755859375,449.1700134277344,450.7300109863281,55166200
2023-09-06,428.8228454589844,446.2200012207031,448.510009765625,443.80999755859375,448.3999938964844,70758500
2023-09-07,427.5063171386719,444.8500061035156,445.54998779296875,442.75,443.1099853515625,70355400
2023-09-08,428.1501770019531,445.5199890136719,447.1099853515625,444.5299987792969,444.8999938964844,61659700
2023-09-11,430.9659118652344,448.45001220703125,448.7699890136719,446.4700012207031,448.239990234375,60180100
2023-09-12,428.6018371582031,445.989990234375,448.5299987792969,445.3900146484375,446.95001220703125,67565400
2023-09-13,429.1015319824219,446.510009765625,447.7099914550781,445.0799865722656,446.2200012207031,60199300
2023-09-14,432.8014221191406,450.3599853515625,451.0799865722656,447.7200012207031,449.07000732421875,83430800
2023-09-15,427.5869445800781,443.3699951171875,447.4800109863281,442.9200134277344,447.1400146484375,111848900
2023-09-18,427.8376770019531,443.6300048828125,444.9700012207031,442.55999755859375,443.04998779296875,55752200
2023-09-19,426.9504699707031,442.7099914550781,443.2900085449219,439.94000244140625,442.67999267578125,66514600
2023-09-20,423.0252990722656,438.6400146484375,444.44000244140625,438.42999267578125,444.010009765625,82562600
2023-09-21,416.0334167480469,431.3900146484375,435.9700012207031,431.2300109863281,435.70001220703125,104095800
2023-09-22,415.09796142578125,430.4200134277344,434.1000061035156,429.989990234375,432.45001220703125,100829700
2023-09-25,416.843505859375,432.2300109863281,432.2699890136719,428.7200012207031,429.1700134277344,70874500
2023-09-26,410.71954345703125,425.8800048828125,429.82000732421875,425.0199890136719,429.0899963378906,96168400
2023-09-27,410.8834533691406,426.04998779296875,427.6700134277344,422.2900085449219,427.0899963378906,104705800
2023-09-28,413.2655334472656,428.5199890136719,430.25,424.8699951171875,425.4800109863281,92258300
2023-09-29,412.2625732421875,427.4800109863281,431.8500061035156,425.9100036621094,431.6700134277344,115111300
2023-10-02,412.0986022949219,427.30999755859375,428.6000061035156,424.4599914550781,426.6199951171875,83798600
2023-10-03,406.5822448730469,421.5899963378906,427.3699951171875,420.17999267578125,425.05999755859375,103760600
2023-10-04,409.54296875,424.6600036621094,425.42999267578125,420.55999755859375,422.07000732421875,87453000
2023-10-05,409.38861083984375,424.5,425.3699951171875,421.1700134277344,424.3599853515625,70142700
2023-10-06,414.249267578125,429.5400085449219,431.1300048828125,420.6000061035156,421.9700012207031,113273300
2023-10-09,416.9013977050781,432.2900085449219,432.8800048828125,427.010009765625,427.5799865722656,80374400
2023-10-10,419.0712585449219,434.5400085449219,437.2200012207031,432.5299987792969,432.94000244140625,78607300
2023-10-11,420.78790283203125,436.32000732421875,436.5799865722656,433.17999267578125,435.6400146484375,62451700
2023-10-12,418.22259521484375,433.6600036621094,437.3399963378906,431.2300109863281,436.95001220703125,81154200
2023-10-13,416.1395568847656,431.5,436.45001220703125,429.8800048828125,435.2099914550781,95143100
2023-10-16,420.5178527832031,436.0400085449219,437.1400146484375,433.57000732421875,433.82000732421875,75433200
2023-10-17,420.49853515625,436.0199890136719,438.1400146484375,432.45001220703125,432.80999755859375,75324700
2023-10-18,414.89532470703125,430.2099914550781,435.17999267578125,429.0899963378906,434.19000244140625,93559800
2023-10-19,411.2499084472656,426.42999267578125,432.82000732421875,425.7300109863281,430.95001220703125,121323000
2023-10-20,406.1965637207031,421.19000244140625,426.5400085449219,421.0799865722656,425.9800109863281,123919900
2023-10-23,405.49249267578125,420.4599914550781,424.45001220703125,417.79998779296875,419.6099853515625,92035100
2023-10-24,408.5496826171875,423.6300048828125,424.82000732421875,420.739990234375,422.6499938964844,78564200
2023-10-25,402.68609619140625,417.54998779296875,421.9200134277344,417.0199890136719,421.8900146484375,94223200
2023-10-26,397.86407470703125,412.54998779296875,417.3299865722656,411.6000061035156,416.45001220703125,115156800
2023-10-27,396.0606689453125,410.67999267578125,414.6000061035156,409.2099914550781,414.19000244140625,107367700
2023-10-30,400.7958984375,415.5899963378906,416.67999267578125,412.2200012207031,413.55999755859375,86562700
2023-10-31,403.31298828125,418.20001220703125,418.5299987792969,414.2099914550781,416.17999267578125,79665200
2023-11-01,407.6141662597656,422.6600036621094,423.5,418.6499938964844,419.20001220703125,98068100
2023-11-02,415.4258728027344,430.760009765625,430.9200134277344,426.55999755859375,426.5799865722656,94938900
2023-11-03,419.2159423828125,434.69000244140625,436.2900085449219,433.010009765625,433.1400146484375,100167800
2023-11-06,420.1802978515625,435.69000244140625,436.1499938964844,433.67999267578125,435.4700012207031,67831700
2023-11-07,421.3761291503906,436.92999267578125,437.5899963378906,434.510009765625,435.69000244140625,64256100
2023-11-08,421.6847839355469,437.25,438.0899963378906,434.8699951171875,437.54998779296875,61746000
2023-11-09,418.39617919921875,433.8399963378906,438.4700012207031,433.3999938964844,438.42999267578125,83174400
2023-11-10,424.9251708984375,440.6099853515625,440.92999267578125,433.8299865722656,435.9800109863281,89462200
2023-11-13,424.5201110839844,440.19000244140625,441.3299865722656,438.4200134277344,439.2300109863281,52236100
2023-11-14,432.756103515625,448.7300109863281,450.05999755859375,446.0899963378906,446.32000732421875,97176900
2023-11-15,433.6722412109375,449.67999267578125,451.3800048828125,448.79998779296875,450.1099853515625,77327600
2023-11-16,434.2027282714844,450.2300109863281,450.55999755859375,448.1199951171875,449.2200012207031,66665800
2023-11-17,434.7427978515625,450.7900085449219,451.4200134277344,449.2900085449219,450.239990234375,83133200
2023-11-20,438.0892639160156,454.260009765625,455.1300048828125,450.5199890136719,450.5299987792969,69936200
2023-11-21,437.134521484375,453.2699890136719,454.1300048828125,451.9599914550781,453.17999267578125,49244600
2023-11-22,438.82220458984375,455.0199890136719,456.3800048828125,453.8900146484375,454.9800109863281,59394900
2023-11-24,439.0922546386719,455.29998779296875,455.5,454.7300109863281,455.07000732421875,29737400
2023-11-27,438.30145263671875,454.4800109863281,455.489990234375,454.0799865722656,454.6499938964844,50506000
2023-11-28,438.7354431152344,454.92999267578125,456.2699890136719,453.5,454.0799865722656,62115000
2023-11-29,438.4267578125,454.6099853515625,458.32000732421875,454.20001220703125,457.1499938964844,63146000
2023-11-30,440.1531066894531,456.3999938964844,456.760009765625,453.3399963378906,455.4800109863281,79752700
2023-12-01,442.7569580078125,459.1000061035156,459.6499938964844,455.1600036621094,455.7699890136719,89183400
2023-12-04,440.4328308105469,456.69000244140625,459.1199951171875,454.3399963378906,455.6000061035156,72430900
2023-12-05,440.34600830078125,456.6000061035156,457.5899963378906,454.8699951171875,455.260009765625,69793500
2023-12-06,438.5715026855469,454.760009765625,458.8399963378906,454.30999755859375,458.80999755859375,69124700
2023-12-07,441.9179382324219,458.2300109863281,458.8999938964844,456.2900085449219,456.9100036621094,66995400
2023-12-08,443.81781005859375,460.20001220703125,460.75,457.2099914550781,457.4599914550781,83194400
2023-12-11,445.5440673828125,461.989990234375,462.1700134277344,459.4700012207031,459.69000244140625,65002200
2023-12-12,447.5789794921875,464.1000061035156,464.20001220703125,460.6000061035156,461.6300048828125,68327600
2023-12-13,453.7511291503906,470.5,470.760009765625,464.1199951171875,464.489990234375,93278000
2023-12-14,455.2074279785156,472.010009765625,473.7300109863281,469.25,472.5,119026000
2023-12-15,454.4579162597656,469.3299865722656,470.70001220703125,467.42999267578125,469.489990234375,141553700
2023-12-18,457.0142517089844,471.9700012207031,472.9800109863281,469.8900146484375,470.9800109863281,70375300
2023-12-19,459.7933044433594,474.8399963378906,474.9200134277344,472.45001220703125,472.5299987792969,55761800
2023-12-20,453.42181396484375,468.260009765625,475.8999938964844,467.82000732421875,473.9599914550781,102921000
2023-12-21,457.72119140625,472.70001220703125,472.9800109863281,468.8399963378906,471.3299865722656,86667500
2023-12-22,458.6410217285156,473.6499938964844,475.3800048828125,471.70001220703125,473.8599853515625,67160400
2023-12-26,460.5776672363281,475.6499938964844,476.5799865722656,473.989990234375,474.07000732421875,55387000
2023-12-27,461.410400390625,476.510009765625,476.6600036621094,474.8900146484375,475.44000244140625,68000300
2023-12-28,461.5846862792969,476.69000244140625,477.54998779296875,476.260009765625,476.8800048828125,77158100
2023-12-29,460.2484130859375,475.30999755859375,477.0299987792969,473.29998779296875,476.489990234375,122283100
2024-01-02,457.6727294921875,472.6499938964844,473.6700134277344,470.489990234375,472.1600036621094,123623700
2024-01-03,453.9350280761719,468.7900085449219,471.19000244140625,468.1700134277344,470.42999267578125,103585900
2024-01-04,452.4728698730469,467.2799987792969,470.9599914550781,467.04998779296875,468.29998779296875,84232200
2024-01-05,453.0926818847656,467.9200134277344,470.44000244140625,466.42999267578125,467.489990234375,86118900
2024-01-08,459.56097412109375,474.6000061035156,474.75,468.29998779296875,468.42999267578125,74879100
2024-01-09,458.8638000488281,473.8800048828125,474.92999267578125,471.3500061035156,471.8699951171875,65931400
2024-01-10,461.4588317871094,476.55999755859375,477.45001220703125,473.8699951171875,474.1600036621094,67310600
2024-01-11,461.2554626464844,476.3500061035156,478.1199951171875,472.260009765625,477.5899963378906,77940700
2024-01-12,461.57501220703125,476.67999267578125,478.6000061035156,475.2300109863281,477.8399963378906,58026400
2024-01-16,459.8804626464844,474.92999267578125,476.6099853515625,473.05999755859375,475.260009765625,85014900
2024-01-17,457.3241271972656,472.2900085449219,472.7900085449219,469.8699951171875,471.82000732421875,68843900
2024-01-18,461.39105224609375,476.489990234375,477.05999755859375,472.4200134277344,474.010009765625,91856200
2024-01-19,467.1427917480469,482.42999267578125,482.7200012207031,476.5400085449219,477.6499938964844,110834500
2024-01-22,468.1304931640625,483.45001220703125,485.2200012207031,482.7799987792969,484.010009765625,75844900
2024-01-23,469.4958190917969,484.8599853515625,485.1099853515625,482.8900146484375,484.010009765625,49945300
2024-01-24,470.009033203125,485.3900146484375,488.7699890136719,484.8800048828125,487.80999755859375,81765000
2024-01-25,472.5653991699219,488.0299987792969,488.30999755859375,485.3900146484375,487.5799865722656,72525000
2024-01-26,471.96502685546875,487.4100036621094,489.1199951171875,486.5400085449219,487.5899963378906,76641600
2024-01-29,475.70263671875,491.2699890136719,491.4200134277344,487.1700134277344,487.7300109863281,61322800
2024-01-30,475.33477783203125,490.8900146484375,491.6199951171875,490.1099853515625,490.55999755859375,58618400
2024-01-31,467.5785217285156,482.8800048828125,489.0799865722656,482.8599853515625,488.6199951171875,126011100
2024-02-01,473.69830322265625,489.20001220703125,489.2300109863281,483.79998779296875,484.6300048828125,91891600
2024-02-02,478.6850891113281,494.3500061035156,496.04998779296875,489.29998779296875,489.6499938964844,99228200
2024-02-05,476.9421081542969,492.54998779296875,494.3800048828125,490.2300109863281,493.70001220703125,75757100
2024-02-06,478.3268127441406,493.9800109863281,494.32000732421875,492.04998779296875,493.5199890136719,55918600
2024-02-07,482.3163146972656,498.1000061035156,498.5299987792969,495.3599853515625,496.2900085449219,70556500
2024-02-08,482.5293273925781,498.32000732421875,498.7099914550781,497.260009765625,498.1000061035156,52343600
2024-02-09,485.31805419921875,501.20001220703125,501.6499938964844,498.489990234375,498.8399963378906,63979400
2024-02-12,485.10504150390625,500.9800109863281,503.5,500.239990234375,501.1700134277344,56502300
2024-02-13,478.4236145019531,494.0799865722656,497.0899963378906,490.7200012207031,494.5299987792969,113099200
2024-02-14,482.77142333984375,498.57000732421875,499.07000732421875,494.3999938964844,496.7900085449219,68387800
2024-02-15,486.1023864746094,502.010009765625,502.20001220703125,498.79998779296875,499.2900085449219,61683000
2024-02-16,483.68157958984375,499.510009765625,502.8699951171875,498.75,501.70001220703125,75532900
2024-02-20,481.0187072753906,496.760009765625,498.4100036621094,494.45001220703125,497.7200012207031,71736700
2024-02-21,481.4544677734375,497.2099914550781,497.3699951171875,493.55999755859375,495.4200134277344,59293400
2024-02-22,491.41845703125,507.5,508.489990234375,503.0199890136719,504.010009765625,76402500
2024-02-23,491.75732421875,507.8500061035156,510.1300048828125,507.1000061035156,509.2699890136719,61321800
2024-02-26,489.95623779296875,505.989990234375,508.75,505.8599853515625,508.29998779296875,50386700
2024-02-27,490.866455078125,506.92999267578125,507.1600036621094,504.75,506.70001220703125,48854500
2024-02-28,490.21771240234375,506.260009765625,506.8599853515625,504.9599914550781,505.3299865722656,56506600
2024-02-29,491.97998046875,508.0799865722656,509.739990234375,505.3500061035156,508.07000732421875,83924800
2024-03-01,496.5988464355469,512.8499755859375,513.2899780273438,508.55999755859375,508.9800109863281,76844800
2024-03-04,496.0663146972656,512.2999877929688,514.2000122070312,512.0,512.030029296875,49799300
2024-03-05,491.1085510253906,507.17999267578125,510.70001220703125,504.9100036621094,510.239990234375,72855600
2024-03-06,493.59710693359375,509.75,512.0700073242188,508.4200134277344,510.54998779296875,68382400
2024-03-07,498.4967346191406,514.8099975585938,515.8900146484375,509.80999755859375,513.1400146484375,58652100
2024-03-08,495.504638671875,511.7200012207031,518.219970703125,511.1300048828125,515.4600219726562,86532500
2024-03-11,495.07861328125,511.2799987792969,511.8800048828125,508.5,510.4800109863281,62557200
2024-03-12,500.4043884277344,516.780029296875,517.3800048828125,510.8599853515625,513.4500122070312,73114400
2024-03-13,499.6200256347656,515.969970703125,517.2899780273438,514.489990234375,517.1099853515625,55104100
2024-03-14,498.63226318359375,514.9500122070312,517.1300048828125,511.82000732421875,516.969970703125,110171800
2024-03-15,495.2083740234375,509.8299865722656,511.70001220703125,508.1199951171875,510.2099914550781,107646300
2024-03-18,498.15155029296875,512.8599853515625,515.47998046875,512.4400024414062,514.0,88893300
2024-03-19,500.9198303222656,515.7100219726562,516.0,511.1199951171875,512.1500244140625,60755300
2024-03-20,505.55291748046875,520.47998046875,520.6199951171875,515.0800170898438,515.77001953125,69594600
2024-03-21,507.2237548828125,522.2000122070312,524.1099853515625,521.9099731445312,523.3900146484375,60256100
2024-03-22,506.2621154785156,521.2100219726562,522.6099853515625,520.969970703125,522.1099853515625,79070800
2024-03-25,504.8633728027344,519.77001953125,520.9500122070312,519.6099853515625,519.7999877929688,48512100
2024-03-26,503.9309387207031,518.8099975585938,521.5800170898438,518.4000244140625,521.22998046875,65463700
2024-03-27,508.1657409667969,523.1699829101562,523.2100219726562,519.489990234375,521.7100219726562,82999800
2024-03-28,508.0686950683594,523.0700073242188,524.6099853515625,522.780029296875,523.2100219726562,96294900
2024-04-01,507.184814453125,522.1599731445312,524.3800048828125,520.969970703125,523.8300170898438,62477500
2024-04-02,503.96002197265625,518.8400268554688,518.97998046875,516.47998046875,518.239990234375,74230300
2024-04-03,504.51373291015625,519.4099731445312,520.9500122070312,517.6699829101562,517.719970703125,59155800
2024-04-04,498.35552978515625,513.0700073242188,523.8699951171875,512.760009765625,523.52001953125,96858100
2024-04-05,503.561767578125,518.4299926757812,520.4400024414062,514.010009765625,514.4600219726562,74546500
2024-04-08,503.8433837890625,518.719970703125,520.1799926757812,517.8900146484375,519.1500244140625,48401800
2024-04-09,504.42620849609375,519.3200073242188,520.75,514.3499755859375,520.5,68049200
2024-04-10,499.3753967285156,514.1199951171875,516.1599731445312,512.0900268554688,513.47998046875,82652800
2024-04-11,503.14410400390625,518.0,519.47998046875,512.0800170898438,515.6799926757812,70099000
2024-04-12,496.1991882324219,510.8500061035156,515.8200073242188,509.0799865722656,514.3699951171875,92561100
2024-04-15,489.98272705078125,504.45001220703125,515.2999877929688,503.5799865722656,515.1300048828125,92101400
2024-04-16,489.089111328125,503.5299987792969,506.5,502.2099914550781,504.94000244140625,73484000
2024-04-17,486.194580078125,500.54998779296875,506.2200012207031,499.1199951171875,506.04998779296875,75910300
2024-04-18,485.194091796875,499.5199890136719,504.1300048828125,498.55999755859375,501.9800109863281,74548100
2024-04-19,480.95916748046875,495.1600036621094,500.4599914550781,493.8599853515625,499.44000244140625,102212600
2024-04-22,485.3883972167969,499.7200012207031,502.3800048828125,495.42999267578125,497.8299865722656,67961000
2024-04-23,491.1483154296875,505.6499938964844,506.0899963378906,499.5299987792969,501.7799987792969,64633600
2024-04-24,490.91522216796875,505.4100036621094,507.3699951171875,503.1300048828125,506.55999755859375,55928100
2024-04-25,489.0502624511719,503.489990234375,504.2699890136719,497.489990234375,499.17999267578125,69122400
2024-04-26,493.6834716796875,508.260009765625,509.8800048828125,505.70001220703125,506.3500061035156,64306100
2024-04-29,495.43182373046875,510.05999755859375,510.75,507.25,510.0899963378906,46415400
2024-04-30,487.58355712890625,501.9800109863281,509.55999755859375,501.9800109863281,508.55999755859375,77483600
2024-05-01,486.0003356933594,500.3500061035156,508.19000244140625,499.8699951171875,501.3800048828125,80242800
2024-05-02,490.5460510253906,505.0299987792969,505.8900146484375,499.54998779296875,504.1499938964844,62550200
2024-05-03,496.62652587890625,511.2900085449219,512.5499877929688,508.55999755859375,511.1600036621094,72756700
2024-05-06,501.755126953125,516.5700073242188,516.6099853515625,513.2999877929688,513.75,47264700
2024-05-07,502.3087158203125,517.1400146484375,518.5700073242188,516.4500122070312,517.5599975585938,52561300
2024-05-08,502.3573303222656,517.1900024414062,517.739990234375,515.1400146484375,515.260009765625,42047200
2024-05-09,505.25189208984375,520.1699829101562,520.2100219726562,516.7100219726562,517.3800048828125,43643700
2024-05-10,505.9027099609375,520.8400268554688,522.6400146484375,519.5900268554688,521.8099975585938,52233200
2024-05-13,505.9705810546875,520.9099731445312,522.6699829101562,519.739990234375,522.5599975585938,36716400
2024-05-14,508.2921142578125,523.2999877929688,523.8300170898438,520.5599975585938,521.1099853515625,57535900
2024-05-15,514.5862426757812,529.780029296875,530.0800170898438,525.1799926757812,525.8300170898438,59504900
2024-05-16,513.5274658203125,528.6900024414062,531.52001953125,528.5399780273438,529.8800048828125,50244800
2024-05-17,514.2656860351562,529.4500122070312,529.52001953125,527.3200073242188,528.8099975585938,59187600
2024-05-20,514.8582153320312,530.0599975585938,531.5599975585938,529.1699829101562,529.5700073242188,37764200
2024-05-21,516.1210327148438,531.3599853515625,531.52001953125,529.0700073242188,529.280029296875,33437000
2024-05-22,514.6348266601562,529.8300170898438,531.3800048828125,527.5999755859375,530.6500244140625,48390000
2024-05-23,510.87591552734375,525.9600219726562,533.0700073242188,524.719970703125,532.9600219726562,57211200
2024-05-24,514.2560424804688,529.4400024414062,530.27001953125,526.8800048828125,527.8499755859375,41291100
2024-05-28,514.6154174804688,529.8099975585938,530.510009765625,527.1099853515625,530.27001953125,36269600
2024-05-29,511.0118408203125,526.0999755859375,527.3099975585938,525.3699951171875,525.6799926757812,45190300
2024-05-30,507.6218566894531,522.6099853515625,525.2000122070312,521.3300170898438,524.52001953125,46377600
2024-05-31,512.2454833984375,527.3699951171875,527.5,518.3599853515625,523.5900268554688,90785800
2024-06-03,512.6630249023438,527.7999877929688,529.3099975585938,522.5999755859375,529.02001953125,46835700
2024-06-04,513.2360229492188,528.3900146484375,529.1500244140625,524.9600219726562,526.4600219726562,34632700
2024-06-05,519.3359375,534.6699829101562,534.6900024414062,528.72998046875,530.77001953125,47610400
2024-06-06,519.3262939453125,534.6599731445312,535.4199829101562,532.6799926757812,534.97998046875,30808500
2024-06-07,518.6950073242188,534.010009765625,536.8900146484375,532.5399780273438,533.6599731445312,43224500
2024-06-10,520.297607421875,535.6599731445312,535.989990234375,532.5700073242188,533.1799926757812,35686100
2024-06-11,521.5505981445312,536.9500122070312,537.010009765625,532.0499877929688,534.0700073242188,36383400
2024-06-12,525.8341064453125,541.3599853515625,544.1199951171875,540.2999877929688,541.6300048828125,63251300
2024-06-13,526.8929443359375,542.4500122070312,543.3300170898438,539.5900268554688,543.1500244140625,44760900
2024-06-14,527.2135009765625,542.780029296875,542.8099975585938,539.8499755859375,540.8800048828125,40089900
2024-06-17,531.4094848632812,547.0999755859375,548.530029296875,541.6099853515625,542.0800170898438,55839500
2024-06-18,532.759765625,548.489990234375,548.6199951171875,546.72998046875,547.1599731445312,41376400
2024-06-20,531.3124389648438,547.0,550.1199951171875,545.1799926757812,549.4400024414062,70328200
2024-06-21,530.6000366210938,544.510009765625,545.6500244140625,543.02001953125,544.4000244140625,64338600
2024-06-24,528.8753662109375,542.739990234375,546.9500122070312,542.6199951171875,544.3300170898438,45528700
2024-06-25,530.9119262695312,544.8300170898438,545.2000122070312,542.4400024414062,543.989990234375,37936200
2024-06-26,531.5746459960938,545.510009765625,546.239990234375,543.030029296875,543.6900024414062,38550600
2024-06-27,532.4125366210938,546.3699951171875,546.9600219726562,544.6099853515625,545.3699951171875,35041500
2024-06-28,530.3174438476562,544.219970703125,550.280029296875,542.9500122070312,547.1599731445312,76144500
2024-07-01,531.408935546875,545.3400268554688,545.8800048828125,542.52001953125,545.6300048828125,40297800
2024-07-02,534.985107421875,549.010009765625,549.010009765625,543.6500244140625,543.7000122070312,40434800
2024-07-03,537.37255859375,551.4600219726562,551.8300170898438,548.6500244140625,548.6900024414062,32789900
2024-07-05,540.4712524414062,554.6400146484375,555.0499877929688,551.1199951171875,551.77001953125,41488400
2024-07-08,541.0950927734375,555.280029296875,556.25,554.1900024414062,555.4400024414062,36110500
2024-07-09,541.6211547851562,555.8200073242188,557.1799926757812,555.52001953125,556.260009765625,27289700
2024-07-10,546.9805908203125,561.3200073242188,561.6699829101562,556.77001953125,557.0700073242188,38701200
2024-07-11,542.2642822265625,556.47998046875,562.3300170898438,555.8300170898438,561.4400024414062,53054200
2024-07-12,545.6845703125,559.989990234375,563.6699829101562,557.1500244140625,557.6300048828125,53084400
2024-07-15,547.185302734375,561.530029296875,564.8400268554688,559.6300048828125,562.030029296875,40584300
2024-07-16,550.43017578125,564.8599853515625,565.1599731445312,562.0999755859375,562.8699951171875,36475300
2024-07-17,542.7125244140625,556.9400024414062,560.510009765625,556.6099853515625,558.7999877929688,57119000
2024-07-18,538.5418090820312,552.6599731445312,559.52001953125,550.4299926757812,558.510009765625,56270400
2024-07-19,534.965576171875,548.989990234375,554.0800170898438,547.9099731445312,552.4199829101562,65509100
2024-07-22,540.4811401367188,554.6500244140625,555.27001953125,551.02001953125,553.0,43346700
2024-07-23,539.63330078125,553.780029296875,556.739990234375,553.280029296875,554.5399780273438,34439600
2024-07-24,527.4039306640625,541.22998046875,549.1699829101562,540.2899780273438,548.8599853515625,74515300
2024-07-25,524.6558837890625,538.4099731445312,547.4600219726562,537.4500122070312,541.3499755859375,61158300
2024-07-26,530.531982421875,544.4400024414062,547.1900024414062,541.489990234375,542.280029296875,53763800
2024-07-29,530.8436889648438,544.760009765625,547.0499877929688,542.719970703125,546.02001953125,39515800
2024-07-30,528.1541137695312,542.0,547.3400268554688,538.52001953125,546.260009765625,46853600
2024-07-31,536.7391967773438,550.8099975585938,553.5,547.5800170898438,548.97998046875,65663400
2024-08-01,529.1385498046875,543.010009765625,554.8699951171875,539.4299926757812,552.5700073242188,76428700
2024-08-02,519.2867431640625,532.9000244140625,536.989990234375,528.5999755859375,535.75,82789100
2024-08-05,504.1631774902344,517.3800048828125,523.5800170898438,510.2699890136719,511.6400146484375,146267400
2024-08-06,508.8114013671875,522.1500244140625,529.75,517.8699951171875,519.219970703125,84826300
2024-08-07,505.4104309082031,518.6599731445312,531.5900268554688,518.0499877929688,528.469970703125,70698300
2024-08-08,517.0941162109375,530.6500244140625,531.2899780273438,521.8400268554688,523.9099731445312,63276600
2024-08-09,519.3744506835938,532.989990234375,534.510009765625,528.5599975585938,529.8099975585938,45619600
2024-08-12,519.6472778320312,533.27001953125,535.72998046875,530.9500122070312,534.2100219726562,42542100
2024-08-13,528.193115234375,542.0399780273438,542.280029296875,536.280029296875,536.530029296875,52333100
2024-08-14,529.8595581054688,543.75,544.9600219726562,540.1199951171875,542.8499755859375,42446900
2024-08-15,538.9414672851562,553.0700073242188,553.3599853515625,548.8800048828125,549.5,60846800
2024-08-16,540.1497802734375,554.3099975585938,555.02001953125,551.260009765625,551.4199829101562,44430700
2024-08-19,545.3143310546875,559.6099853515625,559.6099853515625,553.8599853515625,554.72998046875,39121800
2024-08-20,544.4276123046875,558.7000122070312,560.8400268554688,557.3300170898438,559.1500244140625,33732300
2024-08-21,546.2984619140625,560.6199951171875,562.1099853515625,554.72998046875,559.77001953125,41514600
2024-08-22,542.010986328125,556.219970703125,563.1799926757812,554.97998046875,562.5599975585938,56121500
2024-08-23,547.77001953125,562.1300048828125,563.0900268554688,557.2899780273438,559.530029296875,50639400
2024-08-26,546.464111328125,560.7899780273438,563.9099731445312,559.0499877929688,563.1799926757812,35788600
2024-08-27,547.214599609375,561.5599975585938,562.0599975585938,558.3200073242188,559.489990234375,32693900
2024-08-28,544.037841796875,558.2999877929688,561.6500244140625,555.0399780273438,561.2100219726562,41066000
2024-08-29,544.0866088867188,558.3499755859375,563.6799926757812,557.1799926757812,560.3099975585938,38715200
2024-08-30,549.2803955078125,563.6799926757812,564.2000122070312,557.1400146484375,560.77001953125,62700100
2024-09-03,537.9767456054688,552.0800170898438,560.8099975585938,549.510009765625,560.469970703125,60600100
2024-09-04,536.8755493164062,550.9500122070312,554.4299926757812,549.4600219726562,550.2000122070312,47224900
2024-09-05,535.5697021484375,549.6099853515625,553.7999877929688,547.0999755859375,550.8900146484375,44264300
2024-09-06,526.55615234375,540.3599853515625,551.5999755859375,539.4400024414062,549.9400024414062,68493800
2024-09-09,532.4515380859375,546.4099731445312,547.7100219726562,542.6799926757812,544.6500244140625,40445800
2024-09-10,534.7706909179688,548.7899780273438,549.1500244140625,543.3800048828125,548.3599853515625,36394600
2024-09-11,540.2568969726562,554.4199829101562,555.3599853515625,539.9600219726562,548.7000122070312,75248600
2024-09-12,544.8076782226562,559.0900268554688,559.4000244140625,552.739990234375,555.010009765625,51819600
2024-09-13,547.6529541015625,562.010009765625,563.030029296875,559.4500122070312,559.7100219726562,39310500
2024-09-16,548.4618530273438,562.8400268554688,563.1099853515625,559.9000244140625,561.739990234375,36656100
2024-09-17,548.6859130859375,563.0700073242188,566.5800170898438,560.7899780273438,565.0999755859375,49321000
2024-09-18,547.05859375,561.4000244140625,568.6900024414062,560.8300170898438,563.739990234375,59044900
2024-09-19,556.3939208984375,570.97998046875,572.8800048828125,568.0800170898438,571.010009765625,75315500
2024-09-20,555.4320678710938,568.25,569.3099975585938,565.1699829101562,567.8400268554688,77503100
2024-09-23,556.820068359375,569.6699829101562,570.3300170898438,568.0999755859375,569.3400268554688,44116900
2024-09-24,558.413330078125,571.2999877929688,571.3599853515625,567.5999755859375,570.47998046875,46805700
2024-09-25,557.1817626953125,570.0399780273438,571.8900146484375,568.9099731445312,571.1400146484375,38428600
2024-09-26,559.3907470703125,572.2999877929688,574.7100219726562,569.9000244140625,574.3800048828125,48336000
2024-09-27,558.5794677734375,571.469970703125,574.219970703125,570.4199829101562,573.3900146484375,42100900
2024-09-30,560.8177490234375,573.760009765625,574.3800048828125,568.0800170898438,570.4199829101562,63557400
2024-10-01,555.793701171875,568.6199951171875,574.0599975585938,566.0,573.4000244140625,72668800
2024-10-02,556.0282592773438,568.8599853515625,569.9000244140625,565.27001953125,567.7100219726562,38097800
2024-10-03,555.0117797851562,567.8200073242188,569.7999877929688,565.489990234375,567.3599853515625,40846500
2024-10-04,560.0553588867188,572.97998046875,573.3599853515625,568.0999755859375,572.3499755859375,42939100
2024-10-07,554.9921875,567.7999877929688,571.9600219726562,566.6300048828125,571.2999877929688,49964700
2024-10-08,560.2410278320312,573.1699829101562,573.780029296875,569.530029296875,570.4199829101562,37398700
2024-10-09,564.1215209960938,577.1400146484375,577.7100219726562,572.5499877929688,573.1599731445312,37912200
2024-10-10,563.1343994140625,576.1300048828125,577.5800170898438,574.489990234375,575.77001953125,44138100
2024-10-11,566.5065307617188,579.5800170898438,580.3300170898438,575.9099731445312,576.0499877929688,42268000
2024-10-14,571.1396484375,584.3200073242188,585.27001953125,580.72998046875,581.219970703125,36217200
2024-10-15,566.7020874023438,579.780029296875,584.9000244140625,578.5399780273438,584.5900268554688,54203600
2024-10-16,569.1651611328125,582.2999877929688,582.8300170898438,578.9600219726562,579.780029296875,30725400
2024-10-17,569.214111328125,582.3499755859375,586.1199951171875,582.1599731445312,585.9099731445312,34393700
2024-10-18,571.4036865234375,584.5900268554688,585.3900146484375,582.5800170898438,584.0700073242188,37416800
2024-10-21,570.4652099609375,583.6300048828125,584.8499755859375,580.5999755859375,583.8499755859375,36439000
2024-10-22,570.162109375,583.3200073242188,584.5,580.3800048828125,581.0499877929688,34183800
2024-10-23,564.9523315429688,577.989990234375,581.7100219726562,574.4199829101562,581.260009765625,49314600
2024-10-24,566.1741943359375,579.239990234375,580.0599975585938,576.5700073242188,579.97998046875,34979900
2024-10-25,565.9785766601562,579.0399780273438,584.4600219726562,578.0800170898438,581.510009765625,47268200
2024-10-28,567.728271484375,580.8300170898438,582.7100219726562,580.52001953125,582.5800170898438,30174700
2024-10-29,568.6471557617188,581.77001953125,582.9099731445312,578.4299926757812,579.8499755859375,42899700
2024-10-30,566.9268798828125,580.010009765625,583.3200073242188,579.2899780273438,581.2899780273438,41435800
2024-10-31,555.8132934570312,568.6400146484375,575.6300048828125,568.4400024414062,575.5599975585938,60182500
2024-11-01,558.1591186523438,571.0399780273438,575.5499877929688,570.6199951171875,571.3200073242188,45667500
2024-11-04,556.9569702148438,569.8099975585938,572.5,567.8900146484375,571.1799926757812,38217000
2024-11-05,563.6914672851562,576.7000122070312,576.739990234375,570.52001953125,570.739990234375,39478300
2024-11-06,577.7080078125,591.0399780273438,591.9299926757812,585.3900146484375,589.2000122070312,68182000
2024-11-07,582.175048828125,595.6099853515625,596.6500244140625,593.0,593.0800170898438,47233200
2024-11-08,584.69677734375,598.1900024414062,599.6400146484375,596.1699829101562,596.1699829101562,46444900
2024-11-11,585.2539672851562,598.760009765625,600.1699829101562,597.0,599.8099975585938,37586800
2024-11-12,583.4358520507812,596.9000244140625,599.2899780273438,594.3699951171875,598.6799926757812,43006100
2024-11-13,583.7192993164062,597.1900024414062,599.22998046875,594.9600219726562,597.3699951171875,47388600
2024-11-14,579.9658813476562,593.3499755859375,597.8099975585938,592.6500244140625,597.3200073242188,38904100
2024-11-15,572.5374145507812,585.75,590.2000122070312,583.8599853515625,589.719970703125,75988800
2024-11-18,574.8832397460938,588.1500244140625,589.489990234375,585.3400268554688,586.219970703125,37001700
2024-11-19,576.9846801757812,590.2999877929688,591.0399780273438,584.030029296875,584.7100219726562,49412000
2024-11-20,577.18017578125,590.5,590.7899780273438,584.6300048828125,590.3800048828125,50032600
2024-11-21,580.2786254882812,593.6699829101562,595.1199951171875,587.4500122070312,593.4000244140625,46750300
2024-11-22,582.0771484375,595.510009765625,596.1500244140625,593.1500244140625,593.6599731445312,38226400
2024-11-25,584.0516357421875,597.530029296875,600.8599853515625,595.2000122070312,599.52001953125,42441400
2024-11-26,587.1011962890625,600.6500244140625,601.3300170898438,598.0700073242188,598.7999877929688,45621300
2024-11-27,585.3223876953125,598.8300170898438,600.8499755859375,597.280029296875,600.4600219726562,34000200
2024-11-29,588.9583740234375,602.5499877929688,603.3499755859375,599.3800048828125,599.6599731445312,30177400
2024-12-02,590.0140380859375,603.6300048828125,604.3200073242188,602.469970703125,602.969970703125,31746000
2024-12-03,590.2876586914062,603.9099731445312,604.1599731445312,602.3400268554688,603.3900146484375,26906600
2024-12-04,593.9530639648438,607.6599731445312,607.9099731445312,604.9500122070312,605.6300048828125,42787600
2024-12-05,592.9756469726562,606.6599731445312,608.47998046875,606.2999877929688,607.6599731445312,28762200
2024-12-06,594.0997314453125,607.8099975585938,609.0700073242188,607.02001953125,607.4400024414062,31241500
2024-12-09,591.0404052734375,604.6799926757812,607.8599853515625,604.0800170898438,607.6900024414062,34742700
2024-12-10,589.2026977539062,602.7999877929688,605.7999877929688,602.1300048828125,605.3699951171875,37234500
2024-12-11,593.7576293945312,607.4600219726562,608.4299926757812,605.5,605.780029296875,28677700
2024-12-12,590.6982421875,604.3300170898438,607.1599731445312,604.3300170898438,606.5800170898438,31543800
2024-12-13,590.5809936523438,604.2100219726562,607.1300048828125,602.8099975585938,606.4000244140625,35904700
2024-12-16,593.1028442382812,606.7899780273438,607.780029296875,605.2100219726562,606.0,43695200
2024-12-17,590.6591186523438,604.2899780273438,605.1699829101562,602.8900146484375,604.1900024414062,55773500
2024-12-18,573.0554809570312,586.280029296875,606.4099731445312,585.8900146484375,603.97998046875,108248700
2024-12-19,572.8795166015625,586.0999755859375,593.0,585.8499755859375,591.3599853515625,85919500
2024-12-20,579.7603149414062,591.1500244140625,595.75,580.9099731445312,581.77001953125,125716700
2024-12-23,583.2320556640625,594.6900024414062,595.2999877929688,587.6599731445312,590.8900146484375,57635800
2024-12-24,589.7147216796875,601.2999877929688,601.3400268554688,595.469970703125,596.0599975585938,33160100
2024-12-26,589.7539672851562,601.3400268554688,602.47998046875,598.0800170898438,599.5,41219100
2024-12-27,583.5458984375,595.010009765625,597.780029296875,590.760009765625,597.5399780273438,64969300
2024-12-30,576.88671875,588.219970703125,591.739990234375,584.4099731445312,587.8900146484375,56578800
2024-12-31,574.7880249023438,586.0800170898438,590.6400146484375,584.4199829101562,589.9099731445312,57052700
2025-01-02,573.3756713867188,584.6400146484375,591.1300048828125,580.5,589.3900146484375,50204000
2025-01-03,580.5448608398438,591.9500122070312,592.5999755859375,586.4299926757812,587.530029296875,37888500
2025-01-06,583.8892211914062,595.3599853515625,599.7000122070312,593.5999755859375,596.27001953125,47679400
2025-01-07,577.2888793945312,588.6300048828125,597.75,586.780029296875,597.4199829101562,60393100
2025-01-08,578.13232421875,589.489990234375,590.5800170898438,585.2000122070312,588.7000122070312,47304700
2025-01-10,569.3056030273438,580.489990234375,585.9500122070312,578.5499877929688,585.8800048828125,73105000
2025-01-13,570.1883544921875,581.3900146484375,581.75,575.3499755859375,575.77001953125,47910100
2025-01-14,570.9729614257812,582.1900024414062,585.0,578.3499755859375,584.3599853515625,48420600
2025-01-15,581.35888671875,592.780029296875,593.9400024414062,589.2000122070312,590.3300170898438,56900200
2025-01-16,580.2408447265625,591.6400146484375,594.3499755859375,590.9299926757812,594.1699829101562,43319700
2025-01-17,586.0664672851562,597.5800170898438,599.3599853515625,595.6099853515625,596.9600219726562,58070600
2025-01-21,591.430908203125,603.0499877929688,603.0599975585938,598.6699829101562,600.6699829101562,42532900
2025-01-22,594.7556762695312,606.4400024414062,607.8200073242188,605.3599853515625,605.9199829101562,48196000
2025-01-23,598.0018310546875,609.75,609.75,605.52001953125,605.7999877929688,41152100
2025-01-24,596.2561645507812,607.969970703125,610.780029296875,606.7999877929688,609.8099975585938,34604700
2025-01-27,587.8218994140625,599.3699951171875,599.6900024414062,594.6400146484375,594.8099975585938,70361100
2025-01-28,592.8726806640625,604.52001953125,605.3699951171875,597.25,600.6199951171875,44433300
2025-01-29,590.2149047851562,601.8099975585938,604.1300048828125,599.219970703125,603.719970703125,37177400
2025-01-30,593.3825073242188,605.0399780273438,606.5999755859375,600.719970703125,603.9600219726562,39281300
2025-01-31,590.2246704101562,601.8200073242188,609.9600219726562,601.0499877929688,607.5,66566900
2025-02-03,586.2527465820312,597.77001953125,600.2899780273438,590.489990234375,592.6699829101562,65857200
2025-02-04,590.1854858398438,601.780029296875,602.2999877929688,597.280029296875,597.8300170898438,33457800
2025-02-05,592.5784301757812,604.219970703125,604.3699951171875,598.5800170898438,600.6400146484375,30653100
2025-02-06,594.6380615234375,606.3200073242188,606.4500122070312,602.6300048828125,605.989990234375,35771500
2025-02-07,589.1950073242188,600.77001953125,608.1300048828125,600.0499877929688,606.8900146484375,50788500
2025-02-10,593.1962280273438,604.8499755859375,605.5,602.739990234375,604.030029296875,26048700
2025-02-11,593.6473388671875,605.3099975585938,605.8599853515625,602.4299926757812,602.5499877929688,30056700
2025-02-12,591.7350463867188,603.3599853515625,604.5499877929688,598.510009765625,599.2000122070312,45076100
2025-02-13,597.9822387695312,609.72998046875,609.9400024414062,603.2000122070312,604.47998046875,40921300
2025-02-14,597.952880859375,609.7000122070312,610.989990234375,609.0700073242188,609.9400024414062,26910400
2025-02-18,599.7083740234375,611.489990234375,611.489990234375,608.3800048828125,610.8800048828125,26749000
2025-02-19,601.1206665039062,612.9299926757812,613.22998046875,609.5599975585938,610.0800170898438,31011100
2025-02-20,598.6198120117188,610.3800048828125,611.6799926757812,607.02001953125,611.5399780273438,36554000
2025-02-21,588.3809204101562,599.9400024414062,610.2999877929688,599.469970703125,610.1599731445312,76519800
2025-02-24,585.7034912109375,597.2100219726562,603.030029296875,596.489990234375,602.02001953125,50737200
2025-02-25,582.7907104492188,594.239990234375,597.8900146484375,589.5599975585938,597.1500244140625,58266500
2025-02-26,583.0848999023438,594.5399780273438,599.5800170898438,591.8599853515625,595.9299926757812,43321600
2025-02-27,573.7777099609375,585.0499877929688,598.02001953125,584.6500244140625,596.8499755859375,74196700
2025-02-28,582.73193359375,594.1799926757812,594.719970703125,582.4400024414062,585.5599975585938,88744100
2025-03-03,572.5225219726562,583.77001953125,597.3400268554688,579.9000244140625,596.1799926757812,74249200
2025-03-04,565.74560546875,576.8599853515625,585.3900146484375,572.25,579.7100219726562,109648200
2025-03-05,571.826171875,583.0599975585938,584.8800048828125,573.0800170898438,576.6900024414062,71230500
2025-03-06,561.6755981445312,572.7100219726562,580.1699829101562,570.1199951171875,575.47998046875,80094900
2025-03-07,564.8236694335938,575.9199829101562,577.3900146484375,565.6300048828125,570.9000244140625,81158800
2025-03-10,549.779296875,560.5800170898438,569.5399780273438,555.5900268554688,567.5900268554688,99326600
2025-03-11,545.208984375,555.9199829101562,564.02001953125,552.02001953125,559.4000244140625,88102100
2025-03-12,548.1021728515625,558.8699951171875,563.1099853515625,553.6900024414062,562.1699829101562,69588200
2025-03-13,540.7957153320312,551.4199829101562,559.1099853515625,549.6799926757812,558.489990234375,74079400
2025-03-14,551.9662475585938,562.8099975585938,563.8300170898438,551.489990234375,556.1099853515625,62660300
2025-03-17,556.2227172851562,567.1500244140625,569.7100219726562,562.3499755859375,562.7899780273438,49008700
2025-03-18,550.2108764648438,561.02001953125,565.02001953125,559.0599975585938,564.7999877929688,66041400
2025-03-19,556.2030639648438,567.1300048828125,570.9500122070312,561.6300048828125,562.8300170898438,66556000
2025-03-20,554.5946655273438,565.489990234375,570.5700073242188,562.5999755859375,563.3300170898438,62958200
2025-03-21,554.777587890625,563.97998046875,564.8900146484375,558.030029296875,559.280029296875,83763000
2025-03-24,564.7128295898438,574.0800170898438,575.1500244140625,570.2000122070312,570.7999877929688,58766800
2025-03-25,566.0702514648438,575.4600219726562,576.4099731445312,573.6900024414062,575.2999877929688,38355700
2025-03-26,559.3124389648438,568.5900268554688,576.3300170898438,567.1900024414062,575.1900024414062,51848300
2025-03-27,557.8270874023438,567.0800170898438,570.9000244140625,564.9400024414062,567.1799926757812,42164200
2025-03-28,546.5934448242188,555.6599731445312,566.27001953125,555.0700073242188,565.530029296875,71662700
2025-03-31,550.2626342773438,559.3900146484375,560.7100219726562,546.8699951171875,549.8300170898438,95328200
2025-04-01,551.8167724609375,560.969970703125,562.9400024414062,553.6799926757812,557.4500122070312,54609600
2025-04-02,555.308837890625,564.52001953125,567.4199829101562,554.8099975585938,555.0499877929688,76014500
2025-04-03,527.9427490234375,536.7000122070312,547.969970703125,536.7000122070312,545.1099853515625,125986000
2025-04-04,497.03546142578125,505.2799987792969,525.8699951171875,505.05999755859375,523.6699829101562,217965100
2025-04-07,496.1501770019531,504.3800048828125,523.1699829101562,481.79998779296875,489.19000244140625,256611400
2025-04-08,488.3790283203125,496.4800109863281,524.97998046875,489.1600036621094,521.8599853515625,165816600
2025-04-09,539.6682739257812,548.6199951171875,548.6199951171875,493.04998779296875,493.44000244140625,241867300
2025-04-10,516.0205078125,524.5800170898438,533.5,509.32000732421875,532.1699829101562,162331200
2025-04-11,525.227783203125,533.9400024414062,536.4299926757812,520.0700073242188,523.010009765625,97866300
2025-04-14,530.3232421875,539.1199951171875,544.280029296875,533.8599853515625,544.0499877929688,68034000
2025-04-15,528.8378295898438,537.6099853515625,543.22998046875,536.8099975585938,539.6699829101562,56892900
2025-04-16,517.0828857421875,525.6599731445312,537.8900146484375,520.2899780273438,531.6799926757812,83484800
2025-04-17,517.8206787109375,526.4099731445312,531.1699829101562,523.9099731445312,527.6400146484375,79868100
2025-04-21,505.4951477050781,513.8800048828125,521.7000122070312,508.4599914550781,521.1599731445312,69368100
2025-04-22,518.6469116210938,527.25,529.2999877929688,519.1900024414062,520.1400146484375,75948100
2025-04-23,526.6836547851562,535.4199829101562,545.4299926757812,533.8800048828125,540.4299926757812,90590700
2025-04-24,537.769775390625,546.6900024414062,547.4299926757812,535.4500122070312,536.719970703125,64150400
2025-04-25,541.6553344726562,550.6400146484375,551.0499877929688,543.6900024414062,546.6500244140625,61119600
2025-04-28,541.86181640625,550.8499755859375,553.5499877929688,545.02001953125,551.3900146484375,47613800
2025-04-29,545.2753295898438,554.3200073242188,555.4500122070312,548.5499877929688,548.9099731445312,47775100
2025-04-30,545.4916381835938,554.5399780273438,556.52001953125,541.52001953125,547.5700073242188,93101500
2025-05-01,549.3575439453125,558.469970703125,564.0700073242188,557.8599853515625,560.3699951171875,63186100
2025-05-02,557.5122680664062,566.760009765625,568.3800048828125,562.3800048828125,564.72998046875,60717300
2025-05-05,554.3153076171875,563.510009765625,566.6500244140625,561.7000122070312,562.5700073242188,38659200
2025-05-06,549.68212890625,558.7999877929688,563.3499755859375,556.9600219726562,557.9299926757812,48264700
2025-05-07,551.9938354492188,561.1500244140625,563.8200073242188,556.0399780273438,560.1500244140625,55588000
2025-05-08,555.8399658203125,565.0599975585938,570.3099975585938,561.7000122070312,565.239990234375,65130800
2025-05-09,555.1317749023438,564.3400268554688,567.5,562.760009765625,566.47998046875,37603400
2025-05-12,573.4775390625,582.989990234375,583.0,577.0399780273438,581.469970703125,78993600
2025-05-13,577.2646484375,586.8400268554688,589.0800170898438,582.8400268554688,583.4099731445312,67947200
2025-05-14,578.00244140625,587.5900268554688,588.97998046875,585.5399780273438,587.8099975585938,66283500
2025-05-15,580.8255615234375,590.4600219726562,590.969970703125,585.0999755859375,585.5599975585938,71268100
2025-05-16,584.5045776367188,594.2000122070312,594.5,589.280029296875,591.25,76052100
2025-05-19,585.1439819335938,594.8499755859375,595.5399780273438,588.0999755859375,588.0999755859375,68168500
2025-05-20,583.1765747070312,592.8499755859375,594.0499877929688,589.5999755859375,593.0900268554688,60614500
2025-05-21,573.349609375,582.8599853515625,592.5800170898438,581.8200073242188,588.4400024414062,95197700
2025-05-22,573.5758666992188,583.0900268554688,586.6199951171875,581.4099731445312,582.6599731445312,70860400
2025-05-23,569.6607666015625,579.1099853515625,581.8099975585938,575.5999755859375,575.97998046875,76029000
2025-05-27,581.5043334960938,591.1500244140625,591.3099975585938,578.4299926757812,586.0700073242188,72588500
2025-05-28,578.14013671875,587.72998046875,592.77001953125,586.989990234375,591.5599975585938,68445500
2025-05-29,580.4222412109375,590.0499877929688,593.2000122070312,586.0700073242188,593.0599975585938,69973300
2025-05-30,579.7730102539062,589.3900146484375,591.1300048828125,583.239990234375,588.9299926757812,90601200
2025-06-02,583.0388793945312,592.7100219726562,592.7899780273438,585.0599975585938,587.760009765625,61630500
2025-06-03,586.36376953125,596.0900268554688,597.0800170898438,591.8499755859375,592.3400268554688,63606200
2025-06-04,586.206298828125,595.9299926757812,597.9500122070312,595.489990234375,596.9600219726562,57314200
2025-06-05,583.3733520507812,593.0499877929688,599.0,591.0499877929688,597.6300048828125,92278700
2025-06-06,589.3639526367188,599.1400146484375,600.8300170898438,596.8599853515625,598.6599731445312,66588700
2025-06-09,589.8950805664062,599.6799926757812,601.25,598.489990234375,599.719970703125,53016400
2025-06-10,593.23974609375,603.0800170898438,603.469970703125,599.0900268554688,600.219970703125,66247000
2025-06-11,591.5476684570312,601.3599853515625,605.0599975585938,599.27001953125,604.1900024414062,73658200
2025-06-12,593.8988037109375,603.75,603.75,599.52001953125,600.010009765625,64129000
2025-06-13,587.2589721679688,597.0,601.8499755859375,595.47998046875,598.5,89506000
2025-06-16,592.8461303710938,602.6799926757812,604.4500122070312,600.219970703125,600.4000244140625,79984100
2025-06-17,587.7802734375,597.530029296875,601.75,596.760009765625,600.2100219726562,82209400
2025-06-18,587.691650390625,597.4400024414062,601.219970703125,596.469970703125,598.4400024414062,76605000
2025-06-20,586.3115234375,594.280029296875,599.4600219726562,592.8599853515625,598.3800048828125,94051400
2025-06-23,592.1027221679688,600.1500244140625,600.5399780273438,591.8900146484375,595.0399780273438,87426000
2025-06-24,598.6438598632812,606.780029296875,607.8499755859375,603.4099731445312,604.3300170898438,67735300
2025-06-25,598.9793090820312,607.1199951171875,608.6099853515625,605.5399780273438,607.9099731445312,62114800
2025-06-26,603.6655883789062,611.8699951171875,612.3099975585938,608.3699951171875,608.989990234375,78548400
2025-06-27,606.664794921875,614.9099731445312,616.3900146484375,610.8300170898438,612.8800048828125,86258400
2025-06-30,609.5653686523438,617.8499755859375,619.219970703125,615.0399780273438,617.3800048828125,92502500
2025-07-01,609.3681030273438,617.6500244140625,618.8300170898438,615.52001953125,616.3599853515625,70030100
2025-07-02,612.1305541992188,620.4500122070312,620.489990234375,616.6099853515625,617.239990234375,66510400
2025-07-03,616.9550170898438,625.3400268554688,626.280029296875,622.4299926757812,622.4500122070312,51065800
2025-07-07,612.357421875,620.6799926757812,624.030029296875,617.8699951171875,623.3599853515625,74814500
2025-07-08,612.0220336914062,620.3400268554688,622.1099853515625,619.52001953125,621.3499755859375,59024600
2025-07-09,615.692138671875,624.0599975585938,624.719970703125,620.9099731445312,622.77001953125,66113300
2025-07-10,617.4285278320312,625.8200073242188,626.8699951171875,623.010009765625,624.2000122070312,57529000
2025-07-11,615.258056640625,623.6199951171875,624.8599853515625,621.530029296875,622.739990234375,63670200
2025-07-14,616.4320678710938,624.8099975585938,625.1599731445312,621.7999877929688,623.1599731445312,51898500
2025-07-15,613.7978515625,622.1400146484375,627.8599853515625,622.0599975585938,627.52001953125,74317300
2025-07-16,615.8499755859375,624.219970703125,624.72998046875,618.0499877929688,623.739990234375,88987500
2025-07-17,619.6187133789062,628.0399780273438,628.4000244140625,624.1799926757812,624.4000244140625,68885700
2025-07-18,619.1649169921875,627.5800170898438,629.469970703125,626.4600219726562,629.2999877929688,65621600
2025-07-21,620.3389892578125,628.77001953125,631.5399780273438,628.3400268554688,628.77001953125,63375000
2025-07-22,620.4277954101562,628.8599853515625,629.72998046875,626.1900024414062,629.0999755859375,60046300
2025-07-23,625.7059936523438,634.2100219726562,634.2100219726562,629.72998046875,631.5499877929688,70511000
2025-07-24,625.9132690429688,634.4199829101562,636.1500244140625,633.989990234375,634.5999755859375,71307100
2025-07-25,628.5572509765625,637.0999755859375,637.5800170898438,634.8400268554688,635.0900268554688,56865400
2025-07-28,628.3994140625,636.9400024414062,638.0399780273438,635.5399780273438,637.47998046875,54917100
2025-07-29,626.7420043945312,635.260009765625,638.6699829101562,634.3400268554688,638.3499755859375,60556300
2025-07-30,625.9526977539062,634.4600219726562,637.6799926757812,631.5399780273438,635.9199829101562,80418900
2025-07-31,623.6045532226562,632.0800170898438,639.8499755859375,630.77001953125,639.4600219726562,103385200
2025-08-01,613.3834228515625,621.719970703125,626.3400268554688,619.2899780273438,626.2999877929688,140103600
2025-08-04,622.7067260742188,631.1699829101562,631.219970703125,625.5800170898438,625.6699829101562,73218000
2025-08-05,619.5496826171875,627.969970703125,632.6099853515625,627.0399780273438,631.7899780273438,68051400
2025-08-06,624.2952270507812,632.780029296875,633.4400024414062,628.1300048828125,629.0499877929688,64357500
2025-08-07,623.7722778320312,632.25,636.97998046875,629.1099853515625,636.239990234375,74205800
2025-08-08,628.6361694335938,637.1799926757812,637.6500244140625,633.739990234375,634.0599975585938,64051600
2025-08-11,627.39306640625,635.9199829101562,638.9500122070312,634.6599731445312,637.4600219726562,58742300
2025-08-12,634.072265625,642.6900024414062,642.8499755859375,636.7899780273438,638.2899780273438,64730800
2025-08-13,636.2427978515625,644.8900146484375,646.1900024414062,642.6799926757812,644.9099731445312,60092800
2025-08-14,636.302001953125,644.9500122070312,645.6199951171875,642.3400268554688,642.7899780273438,59327500
2025-08-15,634.812255859375,643.4400024414062,646.0900268554688,642.52001953125,645.989990234375,68592500
2025-08-18,634.6741943359375,643.2999877929688,644.0,642.1799926757812,642.8599853515625,43804900
2025-08-19,631.23095703125,639.8099975585938,644.1099853515625,638.47998046875,643.1199951171875,69750700
2025-08-20,629.5537719726562,638.1099853515625,639.6599731445312,632.9500122070312,639.4000244140625,88890300
2025-08-21,627.028076171875,635.5499877929688,637.969970703125,633.8099975585938,636.280029296875,54805800
2025-08-22,636.6572265625,645.3099975585938,646.5,637.25,637.760009765625,84083200
2025-08-25,633.8552856445312,642.469970703125,645.2899780273438,642.3499755859375,644.0399780273438,51274300
2025-08-26,636.5091552734375,645.1599731445312,645.510009765625,641.5700073242188,642.2000122070312,51581600
2025-08-27,637.9595336914062,646.6300048828125,647.3699951171875,644.4199829101562,644.5700073242188,48341100
2025-08-28,640.21875,648.9199829101562,649.47998046875,645.3400268554688,647.239990234375,61519500
2025-08-29,636.400634765625,645.0499877929688,647.8400268554688,643.1400146484375,647.469970703125,74522200
2025-09-02,631.6847534179688,640.27001953125,640.489990234375,634.9199829101562,637.5,81983500
2025-09-03,635.108154296875,643.739990234375,644.2100219726562,640.4600219726562,642.6699829101562,70820900
2025-09-04,640.4161987304688,649.1199951171875,649.1500244140625,643.510009765625,644.4199829101562,65219200
2025-09-05,638.561279296875,647.239990234375,652.2100219726562,643.3300170898438,651.47998046875,85178900
2025-09-08,640.1300048828125,648.8300170898438,649.8400268554688,647.22998046875,648.6199951171875,63133100
2025-09-09,641.60986328125,650.3300170898438,650.8599853515625,647.219970703125,648.969970703125,66133900
2025-09-10,643.4646606445312,652.2100219726562,654.5499877929688,650.6300048828125,653.6199951171875,78034500
2025-09-11,648.8119506835938,657.6300048828125,658.3300170898438,653.5900268554688,654.1799926757812,69934400
2025-09-12,648.5949096679688,657.4099731445312,659.1099853515625,656.9000244140625,657.5999755859375,72780100
2025-09-15,652.0480346679688,660.9099731445312,661.0399780273438,659.3400268554688,659.6400146484375,63772400
2025-09-16,651.150146484375,660.0,661.780029296875,659.2100219726562,661.469970703125,61169000
2025-09-17,650.3412475585938,659.1799926757812,661.719970703125,654.2999877929688,660.010009765625,101952200
2025-09-18,653.3799438476562,662.260009765625,664.8900146484375,660.27001953125,661.8900146484375,90459200
2025-09-19,656.6160278320312,663.7000122070312,664.5499877929688,660.3699951171875,662.3300170898438,97945600
2025-09-22,659.7225341796875,666.8400268554688,667.2899780273438,662.1699829101562,662.2000122070312,69452200
2025-09-23,656.1312866210938,663.2100219726562,667.3400268554688,661.97998046875,666.719970703125,81708900
2025-09-24,654.043701171875,661.0999755859375,664.6099853515625,659.6699829101562,664.510009765625,68082200
2025-09-25,651.0263061523438,658.0499877929688,659.4099731445312,654.4099731445312,657.9400024414062,89622100
2025-09-26,654.756103515625,661.8200073242188,662.3699951171875,657.8800048828125,659.510009765625,69179200
2025-09-29,656.5962524414062,663.6799926757812,665.280029296875,661.8599853515625,664.3599853515625,73499000
2025-09-30,659.0694580078125,666.1799926757812,666.6500244140625,661.6099853515625,662.9299926757812,86288000
2025-10-01,661.3153686523438,668.4500122070312,669.3699951171875,663.0599975585938,663.1699829101562,72545400
2025-10-02,662.0769653320312,669.219970703125,670.5700073242188,666.780029296875,670.4500122070312,56896000
2025-10-03,662.0671997070312,669.2100219726562,672.6799926757812,668.1599731445312,669.989990234375,70494400
2025-10-06,664.4415893554688,671.6099853515625,672.510009765625,669.4600219726562,671.6199951171875,54623300
2025-10-07,661.9780883789062,669.1199951171875,672.989990234375,667.6699829101562,672.5399780273438,72020100
2025-10-08,665.925537109375,673.1099853515625,673.2100219726562,669.4199829101562,670.25,60702200
2025-10-09,663.9963989257812,671.1599731445312,673.9400024414062,669.2100219726562,673.530029296875,66501900
2025-10-10,646.0499877929688,653.02001953125,673.9500122070312,652.8400268554688,672.1300048828125,159422600
2025-10-13,655.9630126953125,663.0399780273438,665.1300048828125,659.77001953125,660.6500244140625,79560500
2025-10-14,655.1616821289062,662.22998046875,665.8300170898438,653.1699829101562,657.1699829101562,88779600
2025-10-15,658.0703125,665.1699829101562,670.22998046875,658.9299926757812,666.8200073242188,81702600
2025-10-16,653.5886840820312,660.6400146484375,668.7100219726562,657.1099853515625,666.8200073242188,110563300
2025-10-17,657.2986450195312,664.3900146484375,665.760009765625,658.1400146484375,659.5,96500900
2025-10-20,664.1348266601562,671.2999877929688,672.2100219726562,667.27001953125,667.3200073242188,60493400
2025-10-21,664.1249389648438,671.2899780273438,672.989990234375,669.97998046875,671.4400024414062,56249000
2025-10-22,660.6721801757812,667.7999877929688,672.0,663.2999877929688,672.0,80564000
2025-10-23,664.5900268554688,671.760009765625,672.7100219726562,667.7999877929688,668.1199951171875,65604500
2025-10-24,670.0213623046875,677.25,678.469970703125,675.6500244140625,676.4600219726562,74356500
2025-10-27,677.926025390625,685.239990234375,685.5399780273438,682.1199951171875,682.72998046875,63339800
2025-10-28,679.7266845703125,687.0599975585938,688.9099731445312,684.8300170898438,687.0499877929688,61738100
2025-10-29,680.0531005859375,687.3900146484375,689.7000122070312,682.8699951171875,688.719970703125,85657100
2025-10-30,672.5738525390625,679.8300170898438,685.9400024414062,679.8300170898438,683.9000244140625,76335800
2025-10-31,674.780029296875,682.0599975585938,685.0800170898438,679.239990234375,685.0399780273438,87164100
2025-11-03,676.04638671875,683.3400268554688,685.7999877929688,679.9400024414062,685.6699829101562,57315000
2025-11-04,668.0328369140625,675.239990234375,679.9600219726562,674.5800170898438,676.1099853515625,78427000
2025-11-05,670.3478393554688,677.5800170898438,680.8599853515625,674.1699829101562,674.97998046875,74402400
2025-11-06,663.1553955078125,670.3099975585938,677.3800048828125,668.719970703125,676.469970703125,85035300
2025-11-07,663.8084106445312,670.969970703125,671.0800170898438,661.2100219726562,667.9099731445312,100592400
2025-11-10,674.1666259765625,681.4400024414062,682.1799926757812,675.030029296875,677.239990234375,75842900
2025-11-11,675.7099609375,683.0,683.5700073242188,678.72998046875,679.9500122070312,58953400
2025-11-12,676.0859375,683.3800048828125,684.9600219726562,680.9500122070312,684.7899780273438,62312500
2025-11-13,664.866943359375,672.0399780273438,680.8599853515625,670.52001953125,680.5,103457800
2025-11-14,664.7581787109375,671.9299926757812,675.6599731445312,663.27001953125,665.3800048828125,96846700
2025-11-17,658.5650024414062,665.6699829101562,673.7100219726562,662.1699829101562,669.7000122070312,90456100
2025-11-18,653.03466796875,660.0800170898438,665.1199951171875,655.8599853515625,662.0999755859375,114467500
2025-11-19,655.5574340820312,662.6300048828125,667.3400268554688,658.75,660.780029296875,94703000
2025-11-20,645.5652465820312,652.530029296875,675.5599975585938,651.8900146484375,672.9099731445312,165293500
2025-11-21,651.9959106445312,659.030029296875,664.5499877929688,650.8499755859375,655.0499877929688,123956200
2025-11-24,661.59228515625,668.72998046875,670.0599975585938,661.5900268554688,662.6900024414062,80437900
2025-11-25,667.815185546875,675.02001953125,676.2100219726562,664.47998046875,668.6300048828125,81077100
2025-11-26,672.4254150390625,679.6799926757812,681.7000122070312,676.719970703125,677.6300048828125,71879600
2025-11-28,676.0958251953125,683.3900146484375,683.6699829101562,680.5,680.8599853515625,49212000
2025-12-01,673.0090942382812,680.27001953125,682.989990234375,678.739990234375,678.8099975585938,61201200
2025-12-02,674.2556762695312,681.530029296875,683.8200073242188,679.3300170898438,681.9199829101562,62953800
2025-12-03,676.5905151367188,683.8900146484375,684.9099731445312,679.6900024414062,680.5700073242188,57238500
2025-12-04,677.085205078125,684.3900146484375,685.3699951171875,681.3400268554688,685.2999877929688,61970300
2025-12-05,678.3712158203125,685.6900024414062,688.3900146484375,684.5800170898438,685.469970703125,79241000
2025-12-08,676.3333129882812,683.6300048828125,686.6400146484375,681.5700073242188,686.5900268554688,55231500
2025-12-09,675.74951171875,683.0399780273438,685.3900146484375,682.5900268554688,683.1500244140625,58310100
2025-12-10,680.2312622070312,687.5700073242188,688.969970703125,681.3099975585938,682.5599975585938,85671300
2025-12-11,681.8140869140625,689.1699829101562,689.25,682.1699829101562,685.1400146484375,86173700
2025-12-12,674.4832153320312,681.760009765625,688.8800048828125,679.1699829101562,688.1699829101562,113160300
2025-12-15,673.4642333984375,680.72998046875,685.760009765625,679.25,685.739990234375,90811000
2025-12-16,671.6240844726562,678.8699951171875,681.0800170898438,674.97998046875,679.22998046875,122030600
2025-12-17,664.2338256835938,671.4000244140625,680.4400024414062,671.2000122070312,679.8900146484375,110625200
2025-12-18,669.2495727539062,676.469970703125,680.739990234375,674.9000244140625,677.5999755859375,108650100
2025-12-19,675.3153686523438,680.5900268554688,681.0900268554688,676.469970703125,676.5900268554688,103599500
2025-12-22,679.5225219726562,684.8300170898438,685.3599853515625,680.5900268554688,683.9400024414062,69556700
2025-12-23,682.6282348632812,687.9600219726562,688.2000122070312,683.8699951171875,683.9199829101562,64840000
2025-12-24,685.0294799804688,690.3800048828125,690.8300170898438,687.7999877929688,687.9500122070312,39445600
2025-12-26,684.9600219726562,690.3099975585938,691.6599731445312,689.27001953125,690.6400146484375,41613300
2025-12-29,682.51904296875,687.8499755859375,689.2000122070312,686.0700073242188,687.5399780273438,62559500
2025-12-30,681.685546875,687.010009765625,688.5599975585938,686.5800170898438,687.4500122070312,47160700
2025-12-31,676.635009765625,681.9199829101562,687.3599853515625,681.7100219726562,687.1400146484375,74144800
2026-01-02,677.8753051757812,683.1699829101562,686.8699951171875,679.8200073242188,685.7100219726562,89377200
2026-01-05,682.3900756835938,687.719970703125,689.4299926757812,686.3800048828125,686.5399780273438,71927200
2026-01-06,686.4484252929688,691.8099975585938,692.3200073242188,687.780029296875,687.9299926757812,69273800
2026-01-07,684.2356567382812,689.5800170898438,693.9600219726562,689.3200073242188,692.1900024414062,75588300
2026-01-08,684.1661987304688,689.510009765625,690.6199951171875,687.489990234375,688.8200073242188,64019200
2026-01-09,688.69091796875,694.0700073242188,695.3099975585938,689.1799926757812,690.6300048828125,80125500
2026-01-12,689.7723999023438,695.1599731445312,696.0900268554688,690.6300048828125,690.6799926757812,63976000
2026-01-13,688.3931884765625,693.77001953125,696.0900268554688,691.3499755859375,695.489990234375,78309700
2026-01-14,685.009521484375,690.3599853515625,691.719970703125,686.0399780273438,691.0,94676700
2026-01-15,686.875,692.239990234375,695.4500122070312,691.25,694.5700073242188,77862000
2026-01-16,686.299560546875,691.6599731445312,694.25,690.0999755859375,693.6599731445312,79289200
2026-01-20,672.3286743164062,677.5800170898438,684.77001953125,676.5700073242188,681.489990234375,111623300
2026-01-21,680.088134765625,685.4000244140625,688.739990234375,678.1300048828125,679.6500244140625,127844500
2026-01-22,683.6402587890625,688.97998046875,691.1300048828125,686.9199829101562,689.8499755859375,77112200
2026-01-23,683.8883056640625,689.22998046875,690.9600219726562,687.1599731445312,688.1500244140625,63059600
2026-01-26,687.3612060546875,692.72998046875,694.1300048828125,689.9199829101562,690.489990234375,60473800
2026-01-27,690.099853515625,695.489990234375,696.530029296875,693.5700073242188,694.1799926757812,55506100
2026-01-28,690.0303955078125,695.4199829101562,697.8400268554688,693.9400024414062,697.0499877929688,61172200
2026-01-29,688.6610717773438,694.0399780273438,697.0599975585938,684.8300170898438,696.3900146484375,97486200
2026-01-30,686.6071166992188,691.969970703125,694.2100219726562,687.1199951171875,691.7899780273438,101835100
2026-02-02,690.0203857421875,695.4099731445312,696.9299926757812,689.4199829101562,689.5800170898438,79286500
2026-02-03,684.18603515625,689.530029296875,696.9600219726562,684.030029296875,696.2100219726562,107904600
2026-02-04,680.8719482421875,686.1900024414062,691.4500122070312,681.760009765625,690.3499755859375,105204600
2026-02-05,672.3682861328125,677.6199951171875,683.6900024414062,675.7899780273438,680.9400024414062,113610800
2026-02-06,685.2676391601562,690.6199951171875,692.3099975585938,680.8499755859375,681.4600219726562,89127600
2026-02-09,688.5718383789062,693.9500122070312,695.8699951171875,688.3400268554688,689.4199829101562,73885200
2026-02-10,686.7559814453125,692.1199951171875,696.5399780273438,691.6599731445312,694.9500122070312,65185700
2026-02-11,686.5972290039062,691.9600219726562,697.1400146484375,689.1799926757812,696.3900146484375,76353900
2026-02-12,675.9900512695312,681.27001953125,695.3499755859375,680.3699951171875,694.239990234375,118829000
2026-02-13,676.4663696289062,681.75,686.280029296875,677.52001953125,681.6900024414062,96267500
2026-02-17,677.5578002929688,682.8499755859375,684.9400024414062,675.780029296875,680.1400146484375,81354700
2026-02-18,680.9711303710938,686.2899780273438,689.1500244140625,682.8300170898438,684.02001953125,73570300
2026-02-19,679.1751098632812,684.47998046875,686.1799926757812,681.5499877929688,683.8400268554688,58649400
2026-02-20,684.0867919921875,689.4299926757812,690.0599975585938,681.72998046875,682.3200073242188,100034000
2026-02-23,677.1013793945312,682.3900146484375,690.0,680.3699951171875,687.8300170898438,90558100
2026-02-24,682.02294921875,687.3499755859375,688.3499755859375,680.0,681.9000244140625,73798700
2026-02-25,687.7779541015625,693.1500244140625,693.6799926757812,690.0999755859375,690.1799926757812,56369500
2026-02-26,683.957763671875,689.2999877929688,693.2999877929688,684.3499755859375,693.280029296875,71671000
2026-02-27,680.6734619140625,685.989990234375,686.8599853515625,681.6400146484375,683.0900268554688,83308900
2026-03-02,681.0604858398438,686.3800048828125,688.6199951171875,678.02001953125,678.7000122070312,87477200
2026-03-03,675.057373046875,680.3300170898438,682.6099853515625,669.6599731445312,675.0599975585938,105003100
2026-03-04,679.8201904296875,685.1300048828125,687.0900268554688,679.6199951171875,681.6300048828125,79182200
2026-03-05,676.0297241210938,681.3099975585938,685.530029296875,675.6099853515625,682.0800170898438,106606500
2026-03-06,667.1690063476562,672.3800048828125,676.1099853515625,669.760009765625,673.4099731445312,100687000
2026-03-09,673.0133056640625,678.27001953125,679.9199829101562,662.3900146484375,666.3900146484375,102667700
2026-03-10,671.9317016601562,677.1799926757812,683.3599853515625,674.760009765625,677.719970703125,81505300
2026-03-11,671.08837890625,676.3300170898438,680.0800170898438,673.3400268554688,677.5800170898438,68441700
2026-03-12,660.89794921875,666.0599975585938,671.6500244140625,665.8699951171875,671.1599731445312,108882200
2026-03-13,657.1571655273438,662.2899780273438,672.3400268554688,661.3599853515625,669.27001953125,97200200
2026-03-16,663.8449096679688,669.030029296875,672.0700073242188,667.1199951171875,668.3800048828125,82023100
2026-03-17,665.5912475585938,670.7899780273438,674.4400024414062,669.7000122070312,672.3900146484375,87128000
2026-03-18,656.3038330078125,661.4299926757812,669.719970703125,661.1900024414062,668.3599853515625,82062600
2026-03-19,654.6864624023438,659.7999877929688,662.97998046875,655.1699829101562,656.969970703125,111272500
2026-03-20,645.3009643554688,648.5700073242188,656.6900024414062,644.719970703125,656.510009765625,163617500
2026-03-23,652.07666015625,655.3800048828125,662.6199951171875,653.9400024414062,658.0700073242188,134802700
2026-03-24,649.8877563476562,653.1799926757812,657.030029296875,649.8800048828125,651.3200073242188,96457500
2026-03-25,653.5094604492188,656.8200073242188,660.8900146484375,654.239990234375,658.6699829101562,90653800
2026-03-26,641.838623046875,645.0900268554688,654.8499755859375,644.8200073242188,652.0599975585938,96494400
2026-03-27,630.89404296875,634.0900268554688,642.6599731445312,633.1099853515625,642.5,103649400
2026-03-30,628.78466796875,631.969970703125,640.3699951171875,629.280029296875,640.1099853515625,99275900
2026-03-31,647.0621337890625,650.3400268554688,651.5399780273438,637.97998046875,638.9400024414062,152534100
2026-04-01,651.9373779296875,655.239990234375,658.52001953125,653.0,653.9000244140625,97841500
2026-04-02,652.5244750976562,655.8300170898438,658.2000122070312,645.1099853515625,646.4199829101562,68358700
2026-04-06,655.6087646484375,658.9299926757812,659.719970703125,655.52001953125,655.8599853515625,39105800
2026-04-07,655.8972778320312,659.219970703125,659.6099853515625,651.0599975585938,656.6500244140625,69980400
2026-04-08,672.6027221679688,676.010009765625,677.0800170898438,671.4600219726562,676.3900146484375,93606100
2026-04-09,676.4830322265625,679.9099731445312,681.1599731445312,673.77001953125,674.8400268554688,57134400
2026-04-10,676.0353393554688,679.4600219726562,682.030029296875,678.4500122070312,681.3200073242188,42253500
2026-04-13,682.6417846679688,686.0999755859375,686.2999877929688,676.5800170898438,677.4099731445312,54185800
2026-04-14,690.959716796875,694.4600219726562,694.5800170898438,687.6599731445312,687.6900024414062,63480500
2026-04-15,696.412109375,699.9400024414062,700.280029296875,694.2000122070312,695.260009765625,58240400
2026-04-16,698.1234130859375,701.6599731445312,702.780029296875,698.530029296875,701.0599975585938,49972400
2026-04-17,706.5607299804688,710.1400146484375,712.3900146484375,705.760009765625,706.1400146484375,70661900
2026-04-20,705.1477661132812,708.719970703125,709.9099731445312,706.1400146484375,708.780029296875,43546800
2026-04-21,700.53125,704.0800170898438,711.280029296875,702.6400146484375,710.280029296875,58941400
2026-04-22,707.6253051757812,711.2100219726562,711.4500122070312,708.219970703125,709.1500244140625,42518500
2026-04-23,704.8792114257812,708.4500122070312,712.3599853515625,702.280029296875,709.5,56174000
2026-04-24,710.3414916992188,713.9400024414062,714.469970703125,709.010009765625,710.75,45182000
2026-04-27,711.5653686523438,715.1699829101562,715.6300048828125,712.2999877929688,713.1699829101562,33135900
2026-04-28,708.1029052734375,711.6900024414062,712.8800048828125,709.25,711.8200073242188,43117400
2026-04-29,707.993408203125,711.5800170898438,712.2000122070312,708.3699951171875,711.0,41859200
2026-04-30,715.0377197265625,718.6599731445312,719.7899780273438,710.4500122070312,714.6300048828125,67240900
2026-05-01,717.0177001953125,720.6500244140625,724.8699951171875,720.469970703125,721.25,43049800
2026-05-04,714.3909912109375,718.010009765625,722.1199951171875,714.989990234375,720.0700073242188,51950600
2026-05-05,720.1220092773438,723.77001953125,725.0399780273438,721.489990234375,721.77001953125,36933200
2026-05-06,730.1312866210938,733.8300170898438,734.5900268554688,727.8200073242188,728.1599731445312,53288900
2026-05-07,727.8926391601562,731.5800170898438,736.1300048828125,729.75,735.0499877929688,51724600
2026-05-08,733.9021606445312,737.6199951171875,738.0800170898438,734.5700073242188,734.9299926757812,47227100
2026-05-11,735.5736694335938,739.2999877929688,740.7899780273438,736.4500122070312,736.4500122070312,44024000
2026-05-12,734.4593505859375,738.1799926757812,738.8400268554688,731.8300170898438,736.8900146484375,54185300
2026-05-13,738.5685424804688,742.3099975585938,743.9099731445312,735.469970703125,738.469970703125,44200200
2026-05-14,744.3989868164062,748.1699829101562,749.530029296875,743.5599975585938,743.6500244140625,45307600
2026-05-15,735.4443969726562,739.1699829101562,743.4600219726562,737.9600219726562,741.7899780273438,60410800
2026-05-18,734.927001953125,738.6500244140625,741.4199829101562,733.3900146484375,739.8300170898438,47843900
2026-05-19,730.03173828125,733.72998046875,737.6500244140625,731.530029296875,734.780029296875,54255900
2026-05-20,737.5138549804688,741.25,741.8699951171875,733.8900146484375,735.7100219726562,45768000
2026-05-21,738.9764404296875,742.719970703125,744.8699951171875,737.030029296875,738.6400146484375,43332200
2026-05-22,741.8817749023438,745.6400146484375,748.9400024414062,744.47998046875,746.239990234375,41762000
2026-05-26,746.8068237304688,750.5900268554688,752.1300048828125,748.3699951171875,750.010009765625,41123600
2026-05-27,746.6774291992188,750.4600219726562,751.3800048828125,748.219970703125,750.8800048828125,42106300
2026-05-28,750.7965698242188,754.5999755859375,755.1500244140625,749.22998046875,750.25,41562600
2026-05-29,752.6671142578125,756.47998046875,758.0800170898438,754.6900024414062,755.9000244140625,55075700
2026-06-01,754.7166748046875,758.5399780273438,760.280029296875,754.6900024414062,755.3599853515625,43634900
2026-06-02,755.7415771484375,759.5700073242188,760.4000244140625,756.75,757.030029296875,31581900
2026-06-03,750.4384155273438,754.239990234375,758.7999877929688,753.5700073242188,758.1500244140625,51402500
2026-06-04,753.2740478515625,757.0900268554688,758.3099975585938,751.469970703125,752.0999755859375,49923000
2026-06-05,733.83251953125,737.5499877929688,752.8200073242188,735.530029296875,752.3099975585938,93989400
2026-06-08,735.4940795898438,739.219970703125,745.3400268554688,738.1900024414062,743.3599853515625,49319100
2026-06-09,733.3350830078125,737.0499877929688,746.9000244140625,722.5900268554688,743.6300048828125,87683500
2026-06-10,721.7736206054688,725.4299926757812,738.3800048828125,725.3300170898438,733.3900146484375,60341300
2026-06-11,734.04150390625,737.760009765625,740.0,724.4099731445312,728.760009765625,86330500
2026-06-12,738.0113525390625,741.75,744.4400024414062,735.030029296875,740.7100219726562,57079500
2026-06-15,751.0254516601562,754.8300170898438,756.6799926757812,751.760009765625,751.8499755859375,60176400
2026-06-16,746.5481567382812,750.3300170898438,755.4400024414062,749.8800048828125,754.5499877929688,67093100
2026-06-17,737.225341796875,740.9600219726562,752.1500244140625,739.219970703125,751.2899780273438,85945200
2026-06-18,744.8902587890625,746.739990234375,748.22998046875,743.8599853515625,747.760009765625,80875700
2026-06-22,742.546142578125,744.3900146484375,750.1799926757812,743.1300048828125,747.7000122070312,46628100
2026-06-23,731.7628784179688,733.5800170898438,739.6300048828125,732.2999877929688,733.8099975585938,66846800
2026-06-24,731.4237060546875,733.239990234375,739.9500122070312,730.8400268554688,735.1699829101562,57439500
2026-06-25,732.4810791015625,734.2999877929688,739.3699951171875,729.5999755859375,738.9099731445312,53934400
2026-06-26,727.1842651367188,728.989990234375,736.530029296875,716.5800170898438,728.9500122070312,71034000
2026-06-29,739.1644897460938,741.0,741.5599975585938,732.0900268554688,736.530029296875,58035200
2026-06-30,744.9202270507812,746.77001953125,748.02001953125,740.8900146484375,741.2899780273438,55626000
2026-07-01,743.9127197265625,745.760009765625,749.4400024414062,742.3800048828125,745.0,47100900
2026-07-02,742.9351806640625,744.780029296875,751.3099975585938,740.030029296875,747.4000244140625,57447800
2026-07-06,749.4190673828125,751.280029296875,752.4099731445312,747.4099731445312,748.739990234375,50673300
2026-07-07,745.85791015625,747.7100219726562,750.9600219726562,745.2100219726562,750.219970703125,43721500
2026-07-08,743.5536499023438,745.4000244140625,746.1500244140625,739.510009765625,743.1599731445312,43767400
2026-07-09,749.8480224609375,751.7100219726562,751.969970703125,745.5900268554688,747.3499755859375,41441700
2026-07-10,753.0799560546875,754.9500122070312,755.4199829101562,748.0999755859375,752.0499877929688,42191300
2026-07-13,747.3142700195312,749.1699829101562,753.9099731445312,748.0,752.469970703125,44013600
2026-07-14,749.9677124023438,751.8300170898438,753.3400268554688,748.6599731445312,750.9099731445312,35143100
2026-07-15,752.9403076171875,754.8099975585938,755.5800170898438,750.2000122070312,754.239990234375,43844800
2026-07-16,748.8604125976562,750.719970703125,754.5700073242188,747.8800048828125,752.760009765625,46409800
2026-07-17,741.4487915039062,743.2899780273438,747.2899780273438,740.7999877929688,742.0800170898438,62651000
2026-07-20,740.2518310546875,742.0900268554688,748.72998046875,741.510009765625,747.0599975585938,50422300
2026-07-21,746.426513671875,748.280029296875,749.0399780273438,744.1799926757812,746.2899780273438,34324300
2026-07-22,745.55859375,747.4099731445312,750.02001953125,746.3699951171875,746.6199951171875,32836200
2026-07-23,736.3515014648438,738.1799926757812,742.5599975585938,735.2100219726562,739.3699951171875,55437300
2026-07-24,737.099609375,738.9299926757812,743.719970703125,737.2899780273438,738.510009765625,44782000
2026-07-27,737.25927734375,739.0900268554688,745.530029296875,735.8699951171875,744.9099731445312,41461200
2026-07-28,739.0248413085938,740.8599853515625,742.7899780273438,735.97998046875,739.1900024414062,47322200
2026-07-29,727.6531372070312,729.4600219726562,742.6799926757812,729.0999755859375,739.969970703125,70697200
2026-07-30,739.852783203125,741.6900024414062,742.4500122070312,734.5900268554688,736.0499877929688,66811300
2026-07-31,745.1796264648438,747.030029296875,748.9000244140625,737.6799926757812,744.6799926757812,62445900
2026-08-03,755.793212890625,757.6699829101562,758.5800170898438,748.7999877929688,749.4400024414062,59927500
2026-08-04,769.4193725585938,771.3300170898438,773.4099731445312,760.52001953125,760.6300048828125,69154800
2026-08-05,767.8831787109375,769.7899780273438,776.8499755859375,769.510009765625,775.8499755859375,44689100
2026-08-06,766.65625,768.5599975585938,771.8200073242188,767.4600219726562,770.2100219726562,38416900
2026-08-07,771.3446044921875,773.260009765625,773.9199829101562,769.6099853515625,771.02001953125,43586300
2026-08-10,771.1151733398438,773.030029296875,775.0499877929688,771.6199951171875,772.5999755859375,39249500
2026-08-11,768.6513061523438,770.5599975585938,774.6099853515625,769.2000122070312,774.530029296875,36740600
2026-08-12,770.5764770507812,772.489990234375,774.9000244140625,771.280029296875,774.7100219726562,33179100
2026-08-13,775.9531860351562,777.8800048828125,779.3699951171875,774.1099853515625,774.8699951171875,35634500
2026-08-14,774.4169921875,776.3400268554688,778.7999877929688,775.4299926757812,778.5399780273438,31367900
2026-08-17,770.7560424804688,772.6699829101562,776.780029296875,772.510009765625,776.1799926757812,34356600
2026-08-18,765.5490112304688,767.4500122070312,769.5,766.9199829101562,768.7000122070312,43920900
2026-08-19,767.1549682617188,769.0599975585938,772.469970703125,768.0999755859375,770.3599853515625,40306000
2026-08-20,760.7109985351562,762.5999755859375,768.1500244140625,762.0399780273438,765.9600219726562,45520300
2026-08-21,763.8232421875,765.719970703125,767.8499755859375,764.1699829101562,766.0499877929688,39188700
2026-08-24,761.5787963867188,763.469970703125,765.219970703125,762.0800170898438,764.780029296875,32430900
2026-08-25,764.0127563476562,765.9099731445312,766.780029296875,763.0499877929688,766.1599731445312,27422300
2026-08-26,764.182373046875,766.0800170898438,767.3499755859375,763.9299926757812,764.72998046875,28751600
2026-08-27,769.18994140625,771.0999755859375,772.3599853515625,767.1599731445312,768.5,34557100
2026-08-28,767.4442749023438,769.3499755859375,775.2999877929688,768.3099975585938,771.760009765625,36744300
2026-08-31,765.1499633789062,767.0499877929688,768.0,764.719970703125,767.3300170898438,38810800
2026-09-01,759.89306640625,761.780029296875,764.6699829101562,759.47998046875,762.010009765625,41126300
2026-09-02,763.2646484375,765.1599731445312,766.4299926757812,761.72998046875,762.4500122070312,29566200
2026-09-03,771.2548217773438,773.1699829101562,774.030029296875,767.4500122070312,767.9000244140625,43531600
2026-09-04,768.2822265625,770.1900024414062,772.8699951171875,769.0,772.010009765625,34054200
2026-09-08,764.0626831054688,765.9600219726562,769.7000122070312,765.1400146484375,769.0700073242188,44746100
2026-09-09,760.5115356445312,762.4000244140625,764.469970703125,760.9400024414062,764.0800170898438,32812400
2026-09-10,755.9528198242188,757.8300170898438,760.1099853515625,756.6400146484375,758.030029296875,42740400
2026-09-11,762.3967895507812,764.2899780273438,766.3800048828125,763.5999755859375,764.719970703125,45512700
2026-09-14,758.9952392578125,760.8800048828125,763.52001953125,757.9299926757812,759.0,43992400
2026-09-15,755.513916015625,757.3900146484375,760.3499755859375,756.1500244140625,760.1199951171875,46195000
2026-09-16,752.1821899414062,754.0499877929688,761.6699829101562,749.5999755859375,759.5,59217700
2026-09-17,760.7109985351562,762.5999755859375,763.5700073242188,759.9600219726562,763.1500244140625,49652800
2026-09-18,761.6900024414062,761.6900024414062,762.0,757.969970703125,761.3099975585938,65395100
2026-09-21,773.5,773.5,774.8900146484375,766.030029296875,766.25,50484700
2026-09-22,773.3800048828125,773.3800048828125,775.1400146484375,772.5700073242188,774.030029296875,34802300
2026-09-23,767.8099975585938,767.8099975585938,773.0499877929688,766.5,772.7899780273438,54931700
2026-09-24,767.1799926757812,767.1799926757812,768.9500122070312,763.25,764.0700073242188,43983700
2026-09-25,771.3499755859375,771.3499755859375,772.280029296875,766.2899780273438,768.780029296875,36666700
2026-09-28,765.6099853515625,765.6099853515625,769.5399780273438,763.719970703125,768.3499755859375,42694500
2026-09-29,764.2000122070312,764.2000122070312,766.97998046875,762.3499755859375,766.8300170898438,36910500
2026-09-30,762.6300048828125,762.6300048828125,769.4099731445312,762.1799926757812,766.4500122070312,62110000
2026-10-01,763.989990234375,763.989990234375,765.6500244140625,758.7899780273438,764.3599853515625,47708100
2026-10-02,769.6400146484375,769.6400146484375,772.6500244140625,767.1500244140625,770.5800170898438,46306400
