Date,Adj Close,Close,High,Low,Open,Volume
2010-01-04,54.849910736083984,89.80999755859375,90.0999984741211,89.58000183105469,89.83999633789062,2829100
2010-01-05,55.20411682128906,90.38999938964844,90.62999725341797,90.0,90.05000305175781,2841600
2010-01-06,54.465145111083984,89.18000030517578,90.26000213623047,89.12000274658203,90.16999816894531,4099600
2010-01-07,54.55673599243164,89.33000183105469,89.63999938964844,89.12000274658203,89.22000122070312,2793200
2010-01-08,54.5323486328125,89.29000091552734,89.55999755859375,88.76000213623047,89.51000213623047,2910700
2010-01-11,54.23307800292969,88.80000305175781,89.36000061035156,88.7699966430664,88.98999786376953,2181300
2010-01-12,55.161376953125,90.31999969482422,90.38999938964844,89.83999633789062,90.16000366210938,4321200
2010-01-13,54.5201416015625,89.2699966430664,90.27999877929688,89.22000122070312,89.93000030517578,4755000
2010-01-14,55.28350830078125,90.5199966430664,90.5199966430664,89.54000091552734,89.69000244140625,4188800
2010-01-15,55.62550735473633,91.08000183105469,91.33000183105469,90.9800033569336,91.02999877929688,4142800
2010-01-19,55.46675491333008,90.81999969482422,91.12000274658203,90.41999816894531,90.72000122070312,2496000
2010-01-20,56.028648376464844,91.73999786376953,91.7699966430664,91.2699966430664,91.31999969482422,2800500
2010-01-21,56.28511047363281,92.16000366210938,92.38999938964844,91.45999908447266,91.55000305175781,4363100
2010-01-22,56.18741226196289,92.0,92.30999755859375,91.7699966430664,92.08999633789062,3666900
2010-01-25,55.930870056152344,91.58000183105469,91.91999816894531,91.48999786376953,91.54000091552734,2419500
2010-01-26,55.94923400878906,91.61000061035156,92.11000061035156,91.30999755859375,92.0199966430664,3138100
2010-01-27,55.91866683959961,91.55999755859375,92.08999633789062,91.37000274658203,91.75,3325700
2010-01-28,55.88814926147461,91.51000213623047,91.69999694824219,91.05999755859375,91.12999725341797,3058200
2010-01-29,56.37671661376953,92.30999755859375,92.36000061035156,91.25,91.41000366210938,4930600
2010-02-01,55.864994049072266,91.1500015258789,91.7300033569336,91.05000305175781,91.70999908447266,3598500
2010-02-02,56.024314880371094,91.41000366210938,91.44999694824219,91.04000091552734,91.18000030517578,3047500
2010-02-03,55.374656677246094,90.3499984741211,90.97000122070312,90.2699966430664,90.80999755859375,5343700
2010-02-04,56.2511100769043,91.77999877929688,91.81999969482422,90.9000015258789,90.98999786376953,6095000
2010-02-05,56.37363815307617,91.9800033569336,92.41999816894531,91.20999908447266,91.37000274658203,6875800
2010-02-08,56.44721984863281,92.0999984741211,92.1500015258789,91.6500015258789,91.87000274658203,3386000
2010-02-09,55.88337707519531,91.18000030517578,92.22000122070312,91.13999938964844,91.73999786376953,4790000
2010-02-10,55.3501091003418,90.30999755859375,91.5999984741211,90.19999694824219,91.31999969482422,5068000
2010-02-11,55.049827575683594,89.81999969482422,90.27999877929688,89.37999725341797,90.19999694824219,5087500
2010-02-12,55.27658462524414,90.19000244140625,90.41999816894531,89.94999694824219,90.30999755859375,2833800
2010-02-16,55.38079071044922,90.36000061035156,90.44000244140625,89.7300033569336,89.7300033569336,2440900
2010-02-17,54.749515533447266,89.33000183105469,90.08999633789062,89.08000183105469,89.91999816894531,4368200
2010-02-18,54.52886962890625,88.97000122070312,89.5,88.51000213623047,89.45999908447266,5121800
2010-02-19,54.823089599609375,89.44999694824219,89.51000213623047,88.9000015258789,89.23999786376953,3502500
2010-02-22,54.596336364746094,89.08000183105469,89.31999969482422,88.91999816894531,89.12000274658203,3382600
2010-02-23,55.448204040527344,90.47000122070312,90.54000091552734,89.30000305175781,89.33999633789062,5474500
2010-02-24,55.583011627197266,90.69000244140625,90.87999725341797,90.18000030517578,90.55000305175781,4423200
2010-02-25,55.895606994628906,91.19999694824219,91.29000091552734,90.9000015258789,91.18000030517578,3707700
2010-02-26,56.183692932128906,91.66999816894531,92.05999755859375,91.41000366210938,91.45999908447266,4349100
2010-03-01,56.159061431884766,91.33999633789062,91.52999877929688,90.95999908447266,91.33000183105469,2415200
2010-03-02,56.085289001464844,91.22000122070312,91.27999877929688,90.69999694824219,90.87999725341797,2260600
2010-03-03,55.943904876708984,90.98999786376953,91.08000183105469,90.69999694824219,91.01000213623047,2156100
2010-03-04,56.2390022277832,91.47000122070312,91.68000030517578,90.83000183105469,90.95999908447266,2374700
2010-03-05,55.501224517822266,90.2699966430664,90.87000274658203,90.12000274658203,90.83000183105469,3823200
2010-03-08,55.212257385253906,89.80000305175781,89.97000122070312,89.69999694824219,89.9000015258789,2850400
2010-03-09,55.224552154541016,89.81999969482422,90.0,89.4000015258789,89.9800033569336,2573700
2010-03-10,55.08312225341797,89.58999633789062,89.69999694824219,89.19000244140625,89.48999786376953,3216200
2010-03-11,55.286041259765625,89.91999816894531,90.13999938964844,89.37000274658203,89.38999938964844,2621000
2010-03-12,55.63031005859375,90.4800033569336,90.6500015258789,89.7300033569336,89.7699966430664,3099100
2010-03-15,55.55655288696289,90.36000061035156,90.47000122070312,90.05000305175781,90.3499984741211,1936800
2010-03-16,55.99922180175781,91.08000183105469,91.08999633789062,90.54000091552734,90.55999755859375,3932600
2010-03-17,56.2390022277832,91.47000122070312,91.47000122070312,91.06999969482422,91.30999755859375,3481200
2010-03-18,56.054542541503906,91.16999816894531,91.4800033569336,91.01000213623047,91.41999816894531,2750300
2010-03-19,56.10988235473633,91.26000213623047,91.58000183105469,90.87000274658203,91.26000213623047,2976300
2010-03-22,56.17137908935547,91.36000061035156,91.48999786376953,91.22000122070312,91.3499984741211,2452300
2010-03-23,55.90700149536133,90.93000030517578,91.31999969482422,90.91000366210938,91.06999969482422,2910000
2010-03-24,54.8863639831543,89.2699966430664,90.25,89.05999755859375,89.83999633789062,8049300
2010-03-25,54.53593063354492,88.69999694824219,89.23999786376953,88.37000274658203,89.12999725341797,8268400
2010-03-26,54.68963623046875,88.94999694824219,89.12000274658203,88.48999786376953,88.54000091552734,4110700
2010-03-29,54.48057556152344,88.61000061035156,88.8499984741211,88.30999755859375,88.77999877929688,3245100
2010-03-30,54.65272521972656,88.88999938964844,88.94999694824219,88.2699966430664,88.5199966430664,3254600
2010-03-31,55.027801513671875,89.5,89.5199966430664,88.94999694824219,89.22000122070312,4263900
2010-04-01,54.89326477050781,88.94999694824219,89.02999877929688,88.43000030517578,88.7699966430664,2912400
2010-04-05,53.979881286621094,87.47000122070312,88.13999938964844,87.41000366210938,87.9800033569336,5652000
2010-04-06,54.06630325317383,87.61000061035156,87.8499984741211,87.3499984741211,87.80000305175781,3584600
2010-04-07,54.75751495361328,88.7300033569336,88.91999816894531,87.30000305175781,87.44999694824219,6389900
2010-04-08,54.782196044921875,88.7699966430664,89.12999725341797,88.4800033569336,88.88999938964844,3797600
2010-04-09,54.9117546081543,88.9800033569336,89.05999755859375,88.41000366210938,88.61000061035156,2311300
2010-04-12,55.20180130004883,89.44999694824219,89.55999755859375,89.08999633789062,89.16999816894531,2939600
2010-04-13,55.38081359863281,89.73999786376953,89.94999694824219,89.5199966430664,89.88999938964844,3090900
2010-04-14,54.99201202392578,89.11000061035156,89.87000274658203,89.11000061035156,89.76000213623047,3570100
2010-04-15,55.053707122802734,89.20999908447266,89.5,88.68000030517578,88.8499984741211,3698000
2010-04-16,55.45484924316406,89.86000061035156,89.98999786376953,89.23999786376953,89.4000015258789,8303900
2010-04-19,55.31904220581055,89.63999938964844,90.02999877929688,89.5199966430664,89.87000274658203,3211500
2010-04-20,55.516571044921875,89.95999908447266,89.98999786376953,89.63999938964844,89.8499984741211,2285000
2010-04-21,55.97322463989258,90.69999694824219,90.83000183105469,90.26000213623047,90.2699966430664,4162200
2010-04-22,55.806644439697266,90.43000030517578,91.08999633789062,90.33000183105469,90.9000015258789,2841400
2010-04-23,55.60911560058594,90.11000061035156,90.36000061035156,89.87000274658203,90.20999908447266,4776000
2010-04-26,55.67082977294922,90.20999908447266,90.6500015258789,89.94000244140625,90.51000213623047,4753900
2010-04-27,56.45459747314453,91.4800033569336,91.91999816894531,90.69999694824219,90.8499984741211,13199200
2010-04-28,55.97322463989258,90.69999694824219,91.3499984741211,90.4800033569336,91.12999725341797,8379500
2010-04-29,56.207740783691406,91.08000183105469,91.22000122070312,90.5199966430664,90.86000061035156,4067200
2010-04-30,56.855716705322266,92.12999725341797,92.16999816894531,91.11000061035156,91.27999877929688,6924800
2010-05-03,56.78139877319336,91.69000244140625,92.0199966430664,91.27999877929688,91.41999816894531,4211800
2010-05-04,57.8032341003418,93.33999633789062,93.47000122070312,92.55999755859375,92.80999755859375,11054800
2010-05-05,58.143795013427734,93.88999938964844,94.8499984741211,93.3499984741211,94.05999755859375,12219100
2010-05-06,59.939701080322266,96.79000091552734,100.0,93.77999877929688,94.16000366210938,19578200
2010-05-07,59.19038391113281,95.58000183105469,98.08999633789062,95.2699966430664,95.87999725341797,18740600
2010-05-10,57.964202880859375,93.5999984741211,93.94000244140625,93.08999633789062,93.16000366210938,10240100
2010-05-11,57.81558609008789,93.36000061035156,94.0199966430664,92.98999786376953,93.9800033569336,7729100
2010-05-12,57.37591552734375,92.6500015258789,93.26000213623047,92.61000061035156,93.13999938964844,5530800
2010-05-13,57.75367736816406,93.26000213623047,93.55000305175781,92.19999694824219,93.26000213623047,6849700
2010-05-14,58.7568473815918,94.87999725341797,95.5,94.08999633789062,94.12000274658203,9796500
2010-05-17,58.54014587402344,94.52999877929688,95.70999908447266,94.47000122070312,94.72000122070312,6302200
2010-05-18,59.4381103515625,95.9800033569336,96.16999816894531,94.7699966430664,94.9000015258789,9904100
2010-05-19,59.63629150390625,96.30000305175781,96.94999694824219,95.93000030517578,95.94000244140625,14121200
2010-05-20,60.89337921142578,98.33000183105469,98.56999969482422,97.52999877929688,97.91000366210938,17666900
2010-05-21,60.9553108215332,98.43000030517578,99.75,97.86000061035156,99.61000061035156,18670600
2010-05-24,60.744747161865234,98.08999633789062,98.87000274658203,97.9000015258789,98.73999786376953,7721100
2010-05-25,61.04204559326172,98.56999969482422,99.88999938964844,98.4000015258789,99.6500015258789,12952700
2010-05-26,60.86864471435547,98.29000091552734,98.4000015258789,97.4000015258789,98.22000122070312,12644800
2010-05-27,59.48768615722656,96.05999755859375,96.98999786376953,95.87999725341797,96.83000183105469,7653200
2010-05-28,59.760128021240234,96.5,96.77999877929688,96.0199966430664,96.48999786376953,5805500
2010-06-01,60.18013381958008,96.8499984741211,97.29000091552734,96.25,97.2300033569336,5536200
2010-06-02,59.608516693115234,95.93000030517578,97.19000244140625,95.81999969482422,96.98999786376953,5656400
2010-06-03,59.173519134521484,95.2300033569336,95.91000366210938,95.0999984741211,95.20999908447266,8499500
2010-06-04,60.7642822265625,97.79000091552734,97.94999694824219,96.69999694824219,96.94000244140625,7479600
2010-06-07,61.23031997680664,98.54000091552734,98.58999633789062,97.33000183105469,97.5199966430664,5288200
2010-06-08,60.925804138183594,98.05000305175781,98.51000213623047,97.76000213623047,97.93000030517578,5510800
2010-06-09,60.857460021972656,97.94000244140625,98.12000274658203,97.20999908447266,97.5999984741211,5598000
2010-06-10,59.77006530761719,96.19000244140625,97.29000091552734,96.08999633789062,97.19999694824219,6075100
2010-06-11,60.52812957763672,97.41000366210938,97.80999755859375,96.61000061035156,97.08999633789062,6266700
2010-06-14,60.217437744140625,96.91000366210938,97.04000091552734,96.22000122070312,96.31999969482422,5310400
2010-06-15,59.968902587890625,96.51000213623047,97.25,96.05000305175781,97.11000061035156,4920100
2010-06-16,60.31062698364258,97.05999755859375,97.22000122070312,96.38999938964844,97.19000244140625,4011100
2010-06-17,60.801509857177734,97.8499984741211,98.2300033569336,97.06999969482422,97.1500015258789,5650900
2010-06-18,60.70210266113281,97.69000244140625,98.11000061035156,97.56999969482422,97.88999938964844,4171700
2010-06-21,60.52812957763672,97.41000366210938,97.55000305175781,96.41000366210938,96.45999908447266,5740900
2010-06-22,61.24898147583008,98.56999969482422,98.5999984741211,97.41999816894531,97.68000030517578,5658900
2010-06-23,61.66526794433594,99.23999786376953,99.56999969482422,98.56999969482422,98.61000061035156,9137800
2010-06-24,61.298622131347656,98.6500015258789,99.58999633789062,98.3499984741211,99.3499984741211,6184600
2010-06-25,61.54714584350586,99.05000305175781,99.33000183105469,98.16000366210938,98.31999969482422,5148300
2010-06-28,62.12508773803711,99.9800033569336,100.0,99.41999816894531,99.5999984741211,5436000
2010-06-29,62.80235290527344,101.06999969482422,101.12999725341797,100.16000366210938,100.31999969482422,7334200
2010-06-30,63.224918365478516,101.75,101.79000091552734,100.80000305175781,101.41000366210938,7205700
2010-07-01,63.32462692260742,101.5999984741211,102.66000366210938,101.37999725341797,101.56999969482422,12893400
2010-07-02,62.81976318359375,100.79000091552734,101.44000244140625,100.16000366210938,101.11000061035156,6297600
2010-07-06,63.33708572387695,101.62000274658203,101.75,100.73999786376953,100.83000183105469,6620400
2010-07-07,62.59538269042969,100.43000030517578,101.51000213623047,100.33999633789062,101.45999908447266,5727800
2010-07-08,62.196441650390625,99.79000091552734,100.16000366210938,99.55000305175781,99.81999969482422,6260600
2010-07-09,61.84122085571289,99.22000122070312,99.63999938964844,99.18000030517578,99.4000015258789,4286000
2010-07-12,61.81629943847656,99.18000030517578,99.83999633789062,99.04000091552734,99.33000183105469,4062100
2010-07-13,61.2865104675293,98.33000183105469,98.88999938964844,98.18000030517578,98.8499984741211,5842500
2010-07-14,61.9035530090332,99.31999969482422,99.48999786376953,98.38999938964844,98.72000122070312,5417300
2010-07-15,62.520652770996094,100.30999755859375,100.58999633789062,99.69999694824219,99.73999786376953,6996100
2010-07-16,62.82602310180664,100.80000305175781,101.12999725341797,100.2699966430664,100.30999755859375,7512400
2010-07-19,62.4395866394043,100.18000030517578,100.75,99.9800033569336,100.55999755859375,4305800
2010-07-20,62.533084869384766,100.33000183105469,100.9000015258789,100.18000030517578,100.66999816894531,5076600
2010-07-21,63.5926513671875,102.02999877929688,102.27999877929688,100.41000366210938,100.44999694824219,7894200
2010-07-22,62.8571662902832,100.8499984741211,101.5199966430664,100.81999969482422,101.51000213623047,5759700
2010-07-23,62.19024658203125,99.77999877929688,100.97000122070312,99.69000244140625,100.80000305175781,6259100
2010-07-26,62.08429718017578,99.61000061035156,99.80999755859375,99.0,99.62999725341797,4856400
2010-07-27,61.485965728759766,98.6500015258789,99.18000030517578,98.56999969482422,98.77999877929688,5328000
2010-07-28,61.68540954589844,98.97000122070312,99.19000244140625,98.2699966430664,98.48999786376953,5507200
2010-07-29,61.66667938232422,98.94000244140625,99.0199966430664,97.91999816894531,98.0999984741211,6305500
2010-07-30,62.626583099365234,100.4800033569336,100.61000061035156,99.8499984741211,100.19999694824219,7683200
2010-08-02,61.747398376464844,98.75,99.33000183105469,98.75,99.23999786376953,5769200
2010-08-03,62.10377502441406,99.31999969482422,99.66000366210938,98.93000030517578,99.19999694824219,4363500
2010-08-04,61.628543853759766,98.55999755859375,99.51000213623047,98.55999755859375,99.5,3820400
2010-08-05,61.91624069213867,99.0199966430664,99.48999786376953,98.83999633789062,99.33999633789062,3704200
2010-08-06,62.591514587402344,100.0999984741211,100.20999908447266,99.48999786376953,99.79000091552734,6042400
2010-08-09,62.36022186279297,99.7300033569336,99.9800033569336,99.61000061035156,99.73999786376953,2578500
2010-08-10,62.49150848388672,99.94000244140625,101.01000213623047,99.47000122070312,100.05999755859375,11251000
2010-08-11,63.32937240600586,101.27999877929688,101.38999938964844,100.30999755859375,100.30999755859375,6778300
2010-08-12,63.17306900024414,101.02999877929688,101.94000244140625,100.87000274658203,101.58000183105469,7590100
2010-08-13,63.96097183227539,102.29000091552734,102.44999694824219,101.4800033569336,101.62000274658203,7843600
2010-08-16,65.56169128417969,104.8499984741211,104.88999938964844,104.06999969482422,104.20999908447266,7976200
2010-08-17,65.18648529052734,104.25,104.86000061035156,104.0,104.8499984741211,6756800
2010-08-18,65.36156463623047,104.52999877929688,105.6500015258789,104.48999786376953,105.0,7721600
2010-08-19,66.38078308105469,106.16000366210938,106.61000061035156,104.63999938964844,104.79000091552734,13128500
2010-08-20,66.30579376220703,106.04000091552734,106.83000183105469,105.83999633789062,106.41000366210938,7040300
2010-08-23,66.31822204589844,106.05999755859375,106.19000244140625,105.25,105.6500015258789,6360100
2010-08-24,67.38129425048828,107.76000213623047,108.12999725341797,106.66999816894531,107.04000091552734,9812100
2010-08-25,67.16239929199219,107.41000366210938,109.33999633789062,107.06999969482422,108.80000305175781,13299800
2010-08-26,67.7939224243164,108.41999816894531,108.48999786376953,107.29000091552734,107.55999755859375,7039900
2010-08-27,65.87432861328125,105.3499984741211,108.33000183105469,105.19999694824219,107.7699966430664,13514000
2010-08-30,67.13736724853516,107.37000274658203,107.4000015258789,105.81999969482422,106.20999908447266,5535300
2010-08-31,67.88150787353516,108.55999755859375,108.6500015258789,107.62000274658203,108.22000122070312,8397000
2010-09-01,66.47792053222656,106.0,107.05000305175781,105.08999633789062,107.0199966430664,12480700
2010-09-02,65.7755126953125,104.87999725341797,105.30000305175781,104.4000015258789,105.19999694824219,8167600
2010-09-03,64.96022033691406,103.58000183105469,103.94000244140625,102.69999694824219,102.72000122070312,9210700
2010-09-07,66.289794921875,105.69999694824219,105.77999877929688,104.80999755859375,105.08999633789062,6018400
2010-09-08,65.7629623413086,104.86000061035156,105.20999908447266,104.36000061035156,105.08999633789062,6698400
2010-09-09,64.46480560302734,102.79000091552734,103.83999633789062,102.63999938964844,103.69999694824219,8588900
2010-09-10,64.17005920410156,102.31999969482422,102.69999694824219,101.8499984741211,102.25,6910300
2010-09-13,64.48358917236328,102.81999969482422,103.05000305175781,101.7699966430664,101.80000305175781,7054800
2010-09-14,65.10447692871094,103.80999755859375,103.81999969482422,102.97000122070312,103.02999877929688,5978100
2010-09-15,64.13861846923828,102.2699966430664,103.26000213623047,102.13999938964844,102.75,7919100
2010-09-16,63.505252838134766,101.26000213623047,101.81999969482422,100.8499984741211,101.52999877929688,17116200
2010-09-17,63.762386322021484,101.66999816894531,102.16000366210938,101.31999969482422,101.83000183105469,9203600
2010-09-20,64.1324234008789,102.26000213623047,102.44999694824219,101.69000244140625,102.1500015258789,5277800
2010-09-21,65.02294158935547,103.68000030517578,104.0199966430664,102.26000213623047,102.66999816894531,12664000
2010-09-22,65.60620880126953,104.61000061035156,105.06999969482422,103.8499984741211,104.55000305175781,8229400
2010-09-23,65.79436492919922,104.91000366210938,105.45999908447266,104.23999786376953,105.41000366210938,7412200
2010-09-24,64.91004943847656,103.5,104.11000061035156,103.5,103.95999908447266,8942500
2010-09-27,66.03893280029297,105.30000305175781,105.44999694824219,104.4800033569336,104.52999877929688,7061600
2010-09-28,66.49047088623047,106.0199966430664,106.31999969482422,105.33999633789062,105.37999725341797,8262900
2010-09-29,66.21453094482422,105.58000183105469,106.2699966430664,105.3499984741211,106.16999816894531,5507100
2010-09-30,66.1706314086914,105.51000213623047,105.58999633789062,104.02999877929688,105.4000015258789,10618400
2010-10-01,65.85082244873047,104.61000061035156,105.13999938964844,103.9800033569336,104.2300033569336,9368400
2010-10-04,66.02082061767578,104.87999725341797,104.93000030517578,104.41000366210938,104.62000274658203,4422700
2010-10-05,65.62422180175781,104.25,104.80999755859375,103.93000030517578,104.7300033569336,8491800
2010-10-06,66.44886016845703,105.55999755859375,106.0999984741211,104.86000061035156,104.9000015258789,6476100
2010-10-07,65.8948974609375,104.68000030517578,105.37999725341797,104.66999816894531,105.16999816894531,5780700
2010-10-08,65.6053466796875,104.22000122070312,105.45999908447266,104.22000122070312,104.87000274658203,6128700
2010-10-11,65.61795806884766,104.23999786376953,104.43000030517578,103.94000244140625,104.11000061035156,1474200
2010-10-12,64.96957397460938,103.20999908447266,104.76000213623047,103.18000030517578,104.41000366210938,6122400
2010-10-13,64.86888122558594,103.05000305175781,103.12000274658203,102.04000091552734,102.3499984741211,8168400
2010-10-14,63.899436950683594,101.51000213623047,103.6500015258789,101.47000122070312,103.29000091552734,10945000
2010-10-15,63.11885452270508,100.2699966430664,101.05000305175781,99.88999938964844,100.5999984741211,12694700
2010-10-18,63.62873458862305,101.08000183105469,101.44999694824219,100.77999877929688,101.19999694824219,5592200
2010-10-19,64.01274108886719,101.69000244140625,102.08999633789062,100.55000305175781,100.58000183105469,8017500
2010-10-20,64.15117645263672,101.91000366210938,102.27999877929688,101.20999908447266,101.37000274658203,5515800
2010-10-21,63.38955307006836,100.69999694824219,101.91000366210938,100.69000244140625,101.69000244140625,6836100
2010-10-22,63.817588806152344,101.37999725341797,101.47000122070312,100.41000366210938,100.44000244140625,4770700
2010-10-25,64.00018310546875,101.66999816894531,102.29000091552734,101.55000305175781,102.12000274658203,5632300
2010-10-26,63.011837005615234,100.0999984741211,101.05999755859375,100.05000305175781,100.86000061035156,8432000
2010-10-27,62.45793533325195,99.22000122070312,100.16999816894531,99.22000122070312,99.68000030517578,9245200
2010-10-28,62.627830505371094,99.48999786376953,99.83000183105469,99.16000366210938,99.58000183105469,8052600
2010-10-29,63.21330261230469,100.41999816894531,100.45999908447266,99.62000274658203,99.81999969482422,6753800
2010-11-01,62.941097259521484,99.66999816894531,100.80999755859375,99.48999786376953,100.80000305175781,5921000
2010-11-02,63.768402099609375,100.9800033569336,101.08999633789062,100.41999816894531,100.45999908447266,6537400
2010-11-03,62.467464447021484,98.91999816894531,102.2699966430664,98.43000030517578,101.7300033569336,25541800
2010-11-04,62.95376968383789,99.69000244140625,99.87000274658203,99.08000183105469,99.16999816894531,13246500
2010-11-05,61.873878479003906,97.9800033569336,98.80000305175781,97.9800033569336,98.3499984741211,12435000
2010-11-08,62.151771545410156,98.41999816894531,98.91999816894531,97.81999969482422,98.58999633789062,6795200
2010-11-09,60.781394958496094,96.25,98.5199966430664,96.19000244140625,98.48999786376953,15061700
2010-11-10,60.86348342895508,96.37999725341797,96.73999786376953,95.0,96.3499984741211,18540400
2010-11-11,60.831939697265625,96.33000183105469,96.62999725341797,96.13999938964844,96.44999694824219,3368100
2010-11-12,60.503562927246094,95.80999755859375,96.73999786376953,95.80999755859375,96.20999908447266,11739500
2010-11-15,59.24053192138672,93.80999755859375,95.72000122070312,93.80999755859375,95.33000183105469,14978700
2010-11-16,60.71193313598633,96.13999938964844,96.25,93.98999786376953,94.91000366210938,19901300
2010-11-17,60.37727355957031,95.61000061035156,96.76000213623047,95.33999633789062,95.80000305175781,9915600
2010-11-18,60.62352752685547,96.0,96.0,94.80000305175781,95.68000030517578,12424800
2010-11-19,60.99609375,96.58999633789062,96.58999633789062,95.79000091552734,96.08999633789062,8359500
2010-11-22,61.25506591796875,97.0,97.62000274658203,96.23999786376953,97.37000274658203,10413500
2010-11-23,61.5581169128418,97.4800033569336,97.94999694824219,97.23999786376953,97.66999816894531,9566900
2010-11-24,60.45937728881836,95.73999786376953,96.98999786376953,95.58000183105469,96.80999755859375,11467600
2010-11-26,61.299224853515625,97.06999969482422,97.12000274658203,96.55000305175781,96.72000122070312,4848900
2010-11-29,61.8233642578125,97.9000015258789,97.94999694824219,97.08999633789062,97.55999755859375,8950000
2010-11-30,62.14542007446289,98.41000366210938,99.2699966430664,98.11000061035156,99.20999908447266,11947600
2010-12-01,60.763999938964844,95.88999938964844,97.11000061035156,95.88999938964844,96.6500015258789,15441200
2010-12-02,60.6055793762207,95.63999938964844,96.54000091552734,95.52999877929688,95.95999908447266,9318700
2010-12-03,60.130348205566406,94.88999938964844,96.33000183105469,94.8499984741211,96.27999877929688,10194800
2010-12-06,60.979461669921875,96.2300033569336,96.25,95.30999755859375,95.5199966430664,7001800
2010-12-07,59.674102783203125,94.16999816894531,94.91999816894531,93.16000366210938,94.72000122070312,18533100
2010-12-08,59.09738540649414,93.26000213623047,93.80000305175781,92.11000061035156,93.72000122070312,19275900
2010-12-09,59.38893127441406,93.72000122070312,94.2699966430664,92.7300033569336,93.5999984741211,17477100
2010-12-10,59.02772521972656,93.1500015258789,93.86000061035156,93.13999938964844,93.29000091552734,7078500
2010-12-13,59.24950408935547,93.5,94.02999877929688,92.55999755859375,93.05000305175781,12399900
2010-12-14,58.38765335083008,92.13999938964844,93.0199966430664,91.44000244140625,92.4000015258789,23516400
2010-12-15,57.62726974487305,90.94000244140625,92.23999786376953,90.47000122070312,92.08000183105469,26084000
2010-12-16,58.026451110839844,91.56999969482422,91.58000183105469,90.56999969482422,91.02999877929688,17939000
2010-12-17,59.084716796875,93.23999786376953,93.7699966430664,91.86000061035156,91.87999725341797,16849700
2010-12-20,59.02139663696289,93.13999938964844,94.2300033569336,92.63999938964844,93.75,13703500
2010-12-21,59.43326950073242,93.79000091552734,93.79000091552734,92.48999786376953,93.12999725341797,8985100
2010-12-22,59.00868606567383,93.12000274658203,93.55000305175781,92.93000030517578,93.47000122070312,6440900
2010-12-23,58.88826370239258,92.93000030517578,93.2300033569336,92.52999877929688,93.18000030517578,7091800
2010-12-27,59.41426467895508,93.76000213623047,93.87999725341797,92.30000305175781,92.76000213623047,5285900
2010-12-28,58.25065994262695,91.61000061035156,93.06999969482422,91.30999755859375,92.93000030517578,13972100
2010-12-29,59.236228942871094,93.16000366210938,93.5199966430664,91.47000122070312,91.76000213623047,13115400
2010-12-30,59.19171142578125,93.08999633789062,93.27999877929688,92.41000366210938,92.87999725341797,7029900
2010-12-31,59.84662628173828,94.12000274658203,94.69999694824219,93.44000244140625,93.51000213623047,8516000
2011-01-03,59.39521026611328,93.41000366210938,94.30999755859375,92.94999694824219,93.19999694824219,13799400
2011-01-04,59.46515655517578,93.5199966430664,93.7699966430664,92.91000366210938,93.41000366210938,10466900
2011-01-05,58.15530014038086,91.45999908447266,92.69000244140625,91.19000244140625,92.48999786376953,17568000
2011-01-06,58.40962219238281,91.86000061035156,92.12000274658203,91.16000366210938,91.54000091552734,9317500
2011-01-07,58.72117614746094,92.3499984741211,92.62999725341797,91.02999877929688,91.51000213623047,12694600
2011-01-10,59.039093017578125,92.8499984741211,92.98999786376953,92.18000030517578,92.58000183105469,8295200
2011-01-11,58.70844650268555,92.33000183105469,92.5999984741211,91.69000244140625,92.48999786376953,9495400
2011-01-12,58.25065994262695,91.61000061035156,92.16999816894531,91.44999694824219,91.73999786376953,9522900
2011-01-13,58.77206039428711,92.43000030517578,92.7699966430664,91.44999694824219,91.62000274658203,14502400
2011-01-14,58.396888732910156,91.83999633789062,92.9000015258789,91.76000213623047,92.77999877929688,8960700
2011-01-18,58.123443603515625,91.41000366210938,91.70999908447266,90.7300033569336,91.29000091552734,10663600
2011-01-19,58.543113708496094,92.06999969482422,92.06999969482422,91.36000061035156,91.41000366210938,8886900
2011-01-20,57.73562240600586,90.80000305175781,91.61000061035156,90.38999938964844,91.5,14203400
2011-01-21,58.19343185424805,91.5199966430664,91.5199966430664,90.51000213623047,90.69000244140625,9085600
2011-01-24,58.21884536743164,91.55999755859375,91.9000015258789,91.37999725341797,91.87000274658203,7700200
2011-01-25,58.77206039428711,92.43000030517578,92.9000015258789,91.31999969482422,91.94000244140625,13438100
2011-01-26,57.88184356689453,91.02999877929688,92.26000213623047,90.88999938964844,92.22000122070312,13322900
2011-01-27,58.142547607421875,91.44000244140625,91.6500015258789,90.66999816894531,91.06999969482422,10868700
2011-01-28,58.44774627685547,91.91999816894531,92.27999877929688,90.7699966430664,90.80999755859375,11993200
2011-01-31,58.00264358520508,91.22000122070312,91.9800033569336,91.05000305175781,91.66000366210938,8647600
2011-02-01,57.71549987792969,90.44999694824219,90.83999633789062,90.13999938964844,90.55000305175781,11508400
2011-02-02,57.728248596191406,90.47000122070312,91.0,89.9000015258789,90.9000015258789,13624600
2011-02-03,57.24969482421875,89.72000122070312,90.56999969482422,89.70999908447266,89.95999908447266,12785800
2011-02-04,56.669097900390625,88.80999755859375,89.6500015258789,88.7699966430664,89.5,17172200
2011-02-07,56.96257781982422,89.2699966430664,89.30000305175781,88.56999969482422,88.69999694824219,8554800
2011-02-08,56.439300537109375,88.44999694824219,89.54000091552734,88.36000061035156,89.30999755859375,10454200
2011-02-09,56.930633544921875,89.22000122070312,89.66000366210938,88.13999938964844,88.69000244140625,13078600
2011-02-10,56.2734260559082,88.19000244140625,89.13999938964844,88.18000030517578,88.9000015258789,10486800
2011-02-11,57.08382034301758,89.45999908447266,89.52999877929688,88.73999786376953,89.02999877929688,11333400
2011-02-14,57.1220703125,89.5199966430664,89.93000030517578,89.30999755859375,89.30999755859375,8033500
2011-02-15,57.377342224121094,89.91999816894531,89.97000122070312,89.37000274658203,89.55999755859375,7298000
2011-02-16,57.1922721862793,89.62999725341797,90.31999969482422,89.33999633789062,89.87000274658203,8446300
2011-02-17,57.2816047668457,89.7699966430664,90.18000030517578,89.66000366210938,90.0199966430664,6732500
2011-02-18,57.10294723510742,89.48999786376953,89.55000305175781,89.08000183105469,89.41999816894531,6080700
2011-02-22,57.958011627197266,90.83000183105469,90.94000244140625,89.70999908447266,89.91000366210938,11905700
2011-02-23,58.168575286865234,91.16000366210938,91.55000305175781,90.73999786376953,91.0999984741211,14522600
2011-02-24,58.538673400878906,91.73999786376953,92.04000091552734,91.44000244140625,91.62999725341797,12110900
2011-02-25,58.88322067260742,92.27999877929688,92.27999877929688,91.63999938964844,91.73999786376953,6841700
2011-02-28,58.95978927612305,92.4000015258789,92.5199966430664,92.08000183105469,92.30000305175781,9682500
2011-03-01,59.13068771362305,92.37000274658203,92.4000015258789,91.47000122070312,91.5199966430664,8048700
2011-03-02,58.22167205810547,90.94999694824219,91.98999786376953,90.94000244140625,91.83999633789062,8526400
2011-03-03,57.651947021484375,90.05999755859375,90.77999877929688,89.9800033569336,90.52999877929688,10607600
2011-03-04,58.132080078125,90.80999755859375,90.8499984741211,90.0,90.0999984741211,9316200
2011-03-07,57.760826110839844,90.2300033569336,90.86000061035156,89.8499984741211,90.0199966430664,7522300
2011-03-08,57.40871810913086,89.68000030517578,90.33999633789062,89.6500015258789,90.11000061035156,8498700
2011-03-09,57.96561813354492,90.55000305175781,90.81999969482422,89.8499984741211,90.08999633789062,8904800
2011-03-10,58.938682556152344,92.06999969482422,92.0999984741211,90.63999938964844,90.87000274658203,13385800
2011-03-11,58.6058235168457,91.55000305175781,92.08000183105469,91.33000183105469,92.04000091552734,8407600
2011-03-14,58.58018112182617,91.51000213623047,91.91999816894531,91.31999969482422,91.4800033569336,6765200
2011-03-15,59.4571647644043,92.87999725341797,93.05000305175781,92.36000061035156,92.80000305175781,14893800
2011-03-16,60.12934875488281,93.93000030517578,94.94000244140625,93.08000183105469,93.37000274658203,24294200
2011-03-17,59.668453216552734,93.20999908447266,93.61000061035156,92.76000213623047,93.23999786376953,10528500
2011-03-18,59.828495025634766,93.45999908447266,93.4800033569336,92.69000244140625,92.75,7260900
2011-03-21,59.47637176513672,92.91000366210938,93.18000030517578,92.56999969482422,93.12999725341797,10542900
2011-03-22,59.67488098144531,93.22000122070312,93.29000091552734,92.73999786376953,92.80999755859375,6904700
2011-03-23,59.59803009033203,93.0999984741211,93.87999725341797,92.93000030517578,93.8499984741211,8358000
2011-03-24,59.14993667602539,92.4000015258789,92.87999725341797,92.38999938964844,92.76000213623047,9477600
2011-03-25,59.00269317626953,92.16999816894531,92.95999908447266,92.0199966430664,92.86000061035156,6447200
2011-03-28,59.085906982421875,92.30000305175781,92.66999816894531,92.0,92.12000274658203,3996800
2011-03-29,58.631385803222656,91.58999633789062,92.5,91.56999969482422,91.9800033569336,6487200
2011-03-30,59.09870910644531,92.31999969482422,92.31999969482422,91.55999755859375,91.72000122070312,5048300
2011-03-31,58.97706985473633,92.12999725341797,92.72000122070312,91.61000061035156,92.66999816894531,9654300
2011-04-01,59.2637939453125,92.19000244140625,92.2699966430664,91.41999816894531,91.5,7860400
2011-04-04,59.328067779541016,92.29000091552734,92.58000183105469,92.12999725341797,92.19999694824219,4469100
2011-04-05,59.090171813964844,91.91999816894531,92.37999725341797,91.66999816894531,92.16000366210938,9951600
2011-04-06,58.20309829711914,90.54000091552734,91.79000091552734,90.54000091552734,91.7699966430664,9090900
2011-04-07,58.087406158447266,90.36000061035156,90.76000213623047,90.12999725341797,90.52999877929688,9265100
2011-04-08,57.778839111328125,89.87999725341797,90.31999969482422,89.8499984741211,89.93000030517578,7605700
2011-04-11,57.83024597167969,89.95999908447266,90.22000122070312,89.6500015258789,89.83000183105469,5734000
2011-04-12,58.45381546020508,90.93000030517578,91.23999786376953,90.55999755859375,90.61000061035156,7686500
2011-04-13,58.82025146484375,91.5,91.5,90.44000244140625,90.54000091552734,7959300
2011-04-14,58.77522659301758,91.43000030517578,91.7699966430664,91.22000122070312,91.54000091552734,7609600
2011-04-15,59.5723762512207,92.66999816894531,92.70999908447266,92.06999969482422,92.26000213623047,10222900
2011-04-18,59.707305908203125,92.87999725341797,93.0999984741211,91.44999694824219,91.98999786376953,12036700
2011-04-19,59.964473724365234,93.27999877929688,93.27999877929688,92.76000213623047,92.86000061035156,5295100
2011-04-20,59.578773498535156,92.68000030517578,93.26000213623047,92.61000061035156,93.06999969482422,6754100
2011-04-21,59.52731704711914,92.5999984741211,93.2300033569336,92.55999755859375,92.88999938964844,3365600
2011-04-25,59.75239944458008,92.94999694824219,92.97000122070312,92.5,92.62999725341797,3626900
2011-04-26,60.33090591430664,93.8499984741211,93.87000274658203,93.18000030517578,93.2699966430664,7506300
2011-04-27,59.71379852294922,92.88999938964844,93.56999969482422,92.75,93.44000244140625,8869300
2011-04-28,60.17020797729492,93.5999984741211,93.5999984741211,92.97000122070312,93.22000122070312,8110200
2011-04-29,60.356632232666016,93.88999938964844,93.91999816894531,93.3499984741211,93.47000122070312,5900000
2011-05-02,60.45347595214844,93.63999938964844,93.68000030517578,93.16999816894531,93.31999969482422,5285100
2011-05-03,60.79558563232422,94.16999816894531,94.16999816894531,93.58000183105469,93.95999908447266,6486600
2011-05-04,61.06681442260742,94.58999633789062,94.72000122070312,94.2699966430664,94.30999755859375,7406300
2011-05-05,61.64781951904297,95.48999786376953,95.62999725341797,94.80999755859375,94.91999816894531,9600000
2011-05-06,61.37666320800781,95.06999969482422,95.48999786376953,94.3499984741211,94.51000213623047,9451500
2011-05-09,61.312110900878906,94.97000122070312,95.19999694824219,94.83999633789062,94.9000015258789,3731200
2011-05-10,60.873046875,94.29000091552734,94.88999938964844,94.29000091552734,94.69999694824219,5458300
2011-05-11,61.22173309326172,94.83000183105469,95.08999633789062,94.18000030517578,94.31999969482422,6078700
2011-05-12,60.83436584472656,94.2300033569336,95.11000061035156,93.91000366210938,94.94999694824219,8015800
2011-05-13,61.383094787597656,95.08000183105469,95.48999786376953,94.52999877929688,94.6500015258789,8380000
2011-05-16,61.72528076171875,95.61000061035156,95.79000091552734,94.76000213623047,95.02999877929688,6053600
2011-05-17,62.35794448852539,96.58999633789062,96.5999984741211,95.9800033569336,96.02999877929688,9826900
2011-05-18,61.531593322753906,95.30999755859375,96.38999938964844,95.27999877929688,96.2699966430664,7707600
2011-05-19,61.505802154541016,95.2699966430664,95.31999969482422,94.45999908447266,94.45999908447266,8052400
2011-05-20,61.53801727294922,95.31999969482422,95.41000366210938,94.72000122070312,95.0199966430664,5602300
2011-05-23,61.83502960205078,95.77999877929688,96.19000244140625,95.58999633789062,95.7300033569336,6300000
2011-05-24,62.0674934387207,96.13999938964844,96.13999938964844,95.45999908447266,95.63999938964844,5549100
2011-05-25,61.77692413330078,95.69000244140625,96.27999877929688,95.54000091552734,96.1500015258789,5664500
2011-05-26,62.30634307861328,96.51000213623047,96.55000305175781,95.88999938964844,95.97000122070312,8307900
2011-05-27,62.280521392822266,96.47000122070312,96.51000213623047,95.87999725341797,96.12999725341797,5390600
2011-05-31,62.422515869140625,96.69000244140625,96.76000213623047,96.08999633789062,96.18000030517578,7003900
2011-06-01,63.26613235473633,97.63999938964844,97.72000122070312,96.88999938964844,96.91999816894531,12746400
2011-06-02,62.060970306396484,95.77999877929688,96.91000366210938,95.77999877929688,96.48999786376953,15738700
2011-06-03,62.417335510253906,96.33000183105469,96.5999984741211,95.56999969482422,96.58000183105469,10644100
2011-06-06,61.944305419921875,95.5999984741211,95.98999786376953,95.20999908447266,95.47000122070312,8776900
2011-06-07,62.229454040527344,96.04000091552734,96.05999755859375,95.12000274658203,95.2300033569336,7399200
2011-06-08,62.71541213989258,96.79000091552734,96.83999633789062,96.16999816894531,96.26000213623047,7401800
2011-06-09,62.46271896362305,96.4000015258789,97.33000183105469,95.93000030517578,97.0999984741211,9963000
2011-06-10,62.942203521728516,97.13999938964844,97.38999938964844,96.80000305175781,96.91000366210938,7710800
2011-06-13,62.62464141845703,96.6500015258789,97.29000091552734,96.63999938964844,96.73999786376953,5540000
2011-06-14,61.67864227294922,95.19000244140625,95.9000015258789,95.12999725341797,95.73999786376953,8672400
2011-06-15,62.79963684082031,96.91999816894531,96.94000244140625,95.37000274658203,95.37999725341797,12979100
2011-06-16,63.084712982177734,97.36000061035156,97.52999877929688,96.80000305175781,97.0999984741211,10961200
2011-06-17,62.78669357299805,96.9000015258789,97.1500015258789,96.63999938964844,96.86000061035156,9622900
2011-06-20,62.86444854736328,97.0199966430664,97.36000061035156,96.58999633789062,97.33000183105469,6613800
2011-06-21,62.58578872680664,96.58999633789062,97.02999877929688,96.2699966430664,96.69999694824219,7894900
2011-06-22,62.62464141845703,96.6500015258789,97.05999755859375,96.41000366210938,96.95999908447266,5503700
2011-06-23,63.10420608520508,97.38999938964844,97.73999786376953,97.1500015258789,97.23999786376953,8586800
2011-06-24,62.83852005004883,96.9800033569336,97.69000244140625,96.9800033569336,97.36000061035156,7960900
2011-06-27,61.97671127319336,95.6500015258789,96.87000274658203,95.55000305175781,96.8499984741211,9331300
2011-06-28,61.47780990600586,94.87999725341797,95.68000030517578,94.72000122070312,95.4800033569336,12634300
2011-06-29,61.0695915222168,94.25,95.19999694824219,94.0199966430664,94.94999694824219,11084900
2011-06-30,60.9724006652832,94.0999984741211,94.30999755859375,93.13999938964844,94.2300033569336,11555600
2011-07-01,60.874881744384766,93.62999725341797,94.2300033569336,93.36000061035156,94.12999725341797,6637200
2011-07-05,61.01139450073242,93.83999633789062,94.16999816894531,93.69000244140625,94.04000091552734,4615600
2011-07-06,61.323490142822266,94.31999969482422,94.44999694824219,93.83999633789062,94.19000244140625,5652700
2011-07-07,61.141422271728516,94.04000091552734,94.13999938964844,93.55000305175781,93.83000183105469,6823700
2011-07-08,62.00619125366211,95.37000274658203,95.61000061035156,94.83000183105469,94.83999633789062,12129300
2011-07-11,62.93592834472656,96.80000305175781,96.80000305175781,95.75,96.04000091552734,9760800
2011-07-12,63.150447845458984,97.12999725341797,97.30999755859375,96.55999755859375,97.30000305175781,9083900
2011-07-13,63.32600784301758,97.4000015258789,97.43000030517578,96.11000061035156,96.70999908447266,13112200
2011-07-14,62.422298431396484,96.01000213623047,97.9000015258789,96.01000213623047,96.62000274658203,11471500
2011-07-15,62.52630615234375,96.16999816894531,96.19999694824219,95.23999786376953,95.29000091552734,7086200
2011-07-18,61.9216423034668,95.23999786376953,96.16999816894531,95.19999694824219,96.05999755859375,8206500
2011-07-19,63.208953857421875,97.22000122070312,97.2699966430664,95.16999816894531,95.31999969482422,15249400
2011-07-20,62.4612922668457,96.06999969482422,96.83999633789062,95.87000274658203,96.72000122070312,9673300
2011-07-21,61.980140686035156,95.33000183105469,95.86000061035156,94.9000015258789,95.23999786376953,11099200
2011-07-22,62.448272705078125,96.05000305175781,96.08999633789062,95.52999877929688,95.69000244140625,4974500
2011-07-25,61.765594482421875,95.0,96.05000305175781,94.83000183105469,94.97000122070312,10869400
2011-07-26,62.188167572021484,95.6500015258789,95.87000274658203,95.23999786376953,95.30000305175781,7682800
2011-07-27,62.1947135925293,95.66000366210938,95.83999633789062,95.0999984741211,95.33999633789062,11224200
2011-07-28,62.42876434326172,96.0199966430664,96.30999755859375,95.70999908447266,96.11000061035156,7081600
2011-07-29,63.66408920288086,97.91999816894531,98.52999877929688,96.77999877929688,96.88999938964844,19582400
2011-08-01,64.30668640136719,98.58000183105469,98.94000244140625,97.3499984741211,97.38999938964844,14348200
2011-08-02,66.23751831054688,101.54000091552734,101.56999969482422,98.88999938964844,99.22000122070312,20850600
2011-08-03,66.36799621582031,101.73999786376953,103.41999816894531,101.36000061035156,101.56999969482422,21179700
2011-08-04,68.72940063476562,105.36000061035156,105.55000305175781,102.2699966430664,102.37999725341797,34076600
2011-08-05,66.74632263183594,102.31999969482422,105.5,102.27999877929688,103.44000244140625,41677700
2011-08-08,68.85337829589844,105.55000305175781,105.79000091552734,102.94999694824219,103.18000030517578,38259500
2011-08-09,69.0621337890625,105.87000274658203,109.37000274658203,103.0,105.01000213623047,39881400
2011-08-10,71.116943359375,109.0199966430664,109.06999969482422,106.94000244140625,107.62999725341797,46221000
2011-08-11,67.52911376953125,103.5199966430664,107.80999755859375,103.19999694824219,107.33999633789062,37790100
2011-08-12,68.86641693115234,105.56999969482422,105.66000366210938,104.06999969482422,104.44000244140625,15590800
2011-08-15,68.16842651367188,104.5,105.4800033569336,104.47000122070312,104.94000244140625,10051700
2011-08-16,69.29696655273438,106.2300033569336,106.63999938964844,104.62999725341797,104.66000366210938,15993200
2011-08-17,70.51029968261719,108.08999633789062,108.0999984741211,105.7699966430664,106.31999969482422,15906600
2011-08-18,71.95842742919922,110.30999755859375,112.13999938964844,109.27999877929688,110.08999633789062,27274600
2011-08-19,72.5390396118164,111.19999694824219,111.41000366210938,110.2300033569336,110.6500015258789,15708400
2011-08-22,72.35639190673828,110.91999816894531,111.26000213623047,110.38999938964844,110.45999908447266,13157700
2011-08-23,71.35831451416016,109.38999938964844,111.16999816894531,109.3499984741211,109.76000213623047,16017800
2011-08-24,69.32958984375,106.27999877929688,109.41000366210938,106.1500015258789,109.29000091552734,14621600
2011-08-25,70.07976531982422,107.43000030517578,107.9000015258789,106.36000061035156,106.69000244140625,10565900
2011-08-26,70.7712173461914,108.48999786376953,109.2699966430664,107.33000183105469,108.69000244140625,11504800
2011-08-29,69.79271697998047,106.98999786376953,107.4000015258789,106.5999984741211,106.69999694824219,6764300
2011-08-30,70.91473388671875,108.70999908447266,109.1500015258789,108.25,108.43000030517578,9508700
2011-08-31,69.81879425048828,107.02999877929688,108.95999908447266,107.02999877929688,108.80999755859375,12186000
2011-09-01,71.29881286621094,108.97000122070312,108.9800033569336,106.08000183105469,107.47000122070312,10686600
2011-09-02,73.61506652832031,112.51000213623047,112.58000183105469,110.66000366210938,111.38999938964844,16557100
2011-09-06,74.38054656982422,113.68000030517578,114.93000030517578,113.38999938964844,114.41999816894531,14016200
2011-09-07,72.9607925415039,111.51000213623047,112.37000274658203,111.30999755859375,112.27999877929688,11524300
2011-09-08,73.61506652832031,112.51000213623047,112.62999725341797,111.33999633789062,112.30000305175781,11480900
2011-09-09,74.40023040771484,113.70999908447266,114.18000030517578,112.20999908447266,112.54000091552734,11492700
2011-09-12,74.47874450683594,113.83000183105469,114.25,113.0999984741211,113.56999969482422,7602200
2011-09-13,73.41875457763672,112.20999908447266,113.58999633789062,112.11000061035156,113.4000015258789,9282400
2011-09-14,74.04036712646484,113.16000366210938,113.3499984741211,111.81999969482422,111.97000122070312,11948500
2011-09-15,72.90838623046875,111.43000030517578,112.48999786376953,111.43000030517578,111.9800033569336,8884000
2011-09-16,73.43836975097656,112.23999786376953,112.58999633789062,111.25,111.30999755859375,10053500
2011-09-19,74.83858489990234,114.37999725341797,115.19000244140625,114.12000274658203,114.19999694824219,13033500
2011-09-20,75.15264129638672,114.86000061035156,114.87000274658203,114.05000305175781,114.37000274658203,6360600
2011-09-21,77.63896179199219,118.66000366210938,118.79000091552734,114.19999694824219,114.62999725341797,18687100
2011-09-22,80.5571060180664,123.12000274658203,123.87000274658203,121.2300033569336,121.41000366210938,25041400
2011-09-23,79.05879974365234,120.83000183105469,123.36000061035156,120.83000183105469,123.12000274658203,15173800
2011-09-26,77.78944396972656,118.88999938964844,120.56999969482422,118.58000183105469,120.12000274658203,15110100
2011-09-27,76.59864807128906,117.06999969482422,117.30000305175781,116.26000213623047,116.75,13589600
2011-09-28,76.5724868774414,117.02999877929688,117.11000061035156,115.76000213623047,116.9000015258789,12642600
2011-09-29,77.10246276855469,117.83999633789062,118.81999969482422,117.08999633789062,117.61000061035156,12341800
2011-09-30,79.03917694091797,120.80000305175781,120.91000366210938,118.98999786376953,120.0199966430664,13546400
2011-10-03,81.21436309814453,123.80999755859375,123.80999755859375,121.11000061035156,121.87999725341797,15882000
2011-10-04,80.18449401855469,122.23999786376953,125.02999877929688,122.18000030517578,124.37000274658203,17301400
2011-10-05,79.60723876953125,121.36000061035156,121.77999877929688,120.66000366210938,121.66000366210938,14275000
2011-10-06,78.13787078857422,119.12000274658203,121.01000213623047,119.12000274658203,120.63999938964844,9681600
2011-10-07,77.5606460571289,118.23999786376953,119.05000305175781,116.8499984741211,117.75,11564600
2011-10-10,76.4652099609375,116.56999969482422,116.91000366210938,115.80000305175781,116.81999969482422,3567600
2011-10-11,76.20933532714844,116.18000030517578,117.36000061035156,115.9000015258789,117.29000091552734,7520200
2011-10-12,75.10078430175781,114.48999786376953,115.12000274658203,113.4800033569336,114.69999694824219,14033400
2011-10-13,75.84859466552734,115.62999725341797,116.55000305175781,114.95999908447266,115.02999877929688,11263300
2011-10-14,74.74658203125,113.94999694824219,114.61000061035156,113.61000061035156,113.87999725341797,8411000
2011-10-17,76.03883361816406,115.91999816894531,115.97000122070312,114.22000122070312,114.30000305175781,9664000
2011-10-18,75.56653594970703,115.19999694824219,116.81999969482422,114.30000305175781,116.13999938964844,12495600
2011-10-19,75.54027557373047,115.16000366210938,115.73999786376953,114.16000366210938,114.54000091552734,6629300
2011-10-20,75.00236511230469,114.33999633789062,115.66999816894531,114.06999969482422,114.45999908447266,7832100
2011-10-21,74.20870208740234,113.12999725341797,114.19999694824219,113.12999725341797,113.86000061035156,9906300
2011-10-24,74.33332824707031,113.31999969482422,114.08000183105469,113.05000305175781,113.93000030517578,6344500
2011-10-25,76.22248840332031,116.19999694824219,116.3499984741211,113.3499984741211,113.37999725341797,11791200
2011-10-26,74.89085388183594,114.16999816894531,116.20999908447266,114.06999969482422,115.38999938964844,12747000
2011-10-27,72.35232543945312,110.30000305175781,112.8499984741211,109.81999969482422,112.5199966430664,19471400
2011-10-28,73.11325073242188,111.45999908447266,111.95999908447266,110.76000213623047,110.9000015258789,10127900
2011-10-31,76.01258087158203,115.87999725341797,115.87999725341797,113.45999908447266,113.61000061035156,15242100
2011-11-01,78.55704498291016,119.44999694824219,119.48999786376953,117.16999816894531,118.70999908447266,24400600
2011-11-02,77.57711791992188,117.95999908447266,118.36000061035156,116.41999816894531,116.62999725341797,13181100
2011-11-03,76.51172637939453,116.33999633789062,117.3499984741211,115.98999786376953,116.33999633789062,8386700
2011-11-04,76.603759765625,116.4800033569336,117.05000305175781,115.52999877929688,115.72000122070312,7583700
2011-11-07,77.09046173095703,117.22000122070312,118.3499984741211,116.31999969482422,116.63999938964844,9279700
2011-11-08,76.10401153564453,115.72000122070312,117.54000091552734,115.5,116.75,7539400
2011-11-09,77.682373046875,118.12000274658203,119.12999725341797,117.06999969482422,118.26000213623047,13004500
2011-11-10,76.52488708496094,116.36000061035156,117.61000061035156,115.20999908447266,116.77999877929688,11644600
2011-11-11,76.05792999267578,115.6500015258789,116.16999816894531,115.5,115.83000183105469,2483900
2011-11-14,77.28118133544922,117.51000213623047,117.5999984741211,116.20999908447266,116.38999938964844,9252600
2011-11-15,77.17599487304688,117.3499984741211,118.45999908447266,116.72000122070312,117.69999694824219,7587500
2011-11-16,77.87965393066406,118.41999816894531,118.43000030517578,117.18000030517578,117.95999908447266,7470000
2011-11-17,78.50443267822266,119.37000274658203,120.16000366210938,118.04000091552734,118.04000091552734,9907900
2011-11-18,78.48473358154297,119.33999633789062,119.55000305175781,118.31999969482422,119.18000030517578,6792600
2011-11-21,78.95162963867188,120.05000305175781,120.7300033569336,119.91000366210938,120.37999725341797,7345600
2011-11-22,79.83289337158203,121.38999938964844,121.41000366210938,119.8499984741211,120.3499984741211,7866300
2011-11-23,80.6155014038086,122.58000183105469,123.05000305175781,121.02999877929688,121.16000366210938,10129300
2011-11-25,79.44489288330078,120.80000305175781,121.87000274658203,120.73999786376953,121.80000305175781,4311900
2011-11-28,79.40542602539062,120.73999786376953,121.1500015258789,118.58000183105469,118.62999725341797,7661900
2011-11-29,78.75434875488281,119.75,120.91999816894531,119.08000183105469,120.02999877929688,8952800
2011-11-30,77.52449798583984,117.87999725341797,118.55999755859375,117.26000213623047,118.33999633789062,11806800
2011-12-01,77.13557434082031,117.0,117.23999786376953,115.80000305175781,116.29000091552734,9647200
2011-12-02,78.21675872802734,118.63999938964844,118.68000030517578,116.55999755859375,116.62000274658203,7764900
2011-12-05,78.05851745605469,118.4000015258789,118.83000183105469,116.87999725341797,117.0,7862800
2011-12-06,77.31356811523438,117.2699966430664,118.29000091552734,116.7699966430664,117.80999755859375,8506300
2011-12-07,77.59046936035156,117.69000244140625,118.23999786376953,116.8499984741211,117.33000183105469,6588300
2011-12-08,78.55960845947266,119.16000366210938,119.33000183105469,117.41000366210938,117.72000122070312,8800500
2011-12-09,76.94441223144531,116.70999908447266,119.12999725341797,116.62999725341797,119.06999969482422,9855100
2011-12-12,77.80142211914062,118.01000213623047,118.48999786376953,117.61000061035156,117.91000366210938,5734600
2011-12-13,78.5266342163086,119.11000061035156,119.62999725341797,117.16000366210938,117.27999877929688,8901800
2011-12-14,80.010009765625,121.36000061035156,121.38999938964844,119.48999786376953,119.79000091552734,11247700
2011-12-15,79.71337890625,120.91000366210938,121.31999969482422,120.37000274658203,120.66000366210938,5438700
2011-12-16,80.64287567138672,122.31999969482422,122.62000274658203,121.29000091552734,121.37999725341797,9321900
2011-12-19,81.66480255126953,123.87000274658203,124.0199966430664,122.26000213623047,122.31999969482422,7845100
2011-12-20,79.62764739990234,120.77999877929688,122.66999816894531,120.61000061035156,122.66000366210938,13945400
2011-12-21,78.52002716064453,119.0999984741211,120.83000183105469,119.06999969482422,120.62999725341797,11600100
2011-12-22,78.84965515136719,119.5999984741211,120.41999816894531,119.3499984741211,120.0,5247400
2011-12-23,77.97282409667969,118.2699966430664,118.70999908447266,117.73999786376953,118.55999755859375,5409700
2011-12-27,78.34324645996094,118.44999694824219,118.44999694824219,117.62000274658203,117.94000244140625,4270300
2011-12-28,79.79167938232422,120.63999938964844,121.05000305175781,118.44999694824219,118.73999786376953,8302300
2011-12-29,79.93721771240234,120.86000061035156,121.08999633789062,120.05999755859375,120.4800033569336,4305000
2011-12-30,80.19513702392578,121.25,121.76000213623047,120.88999938964844,121.11000061035156,5948800
2012-01-03,78.99137878417969,119.43000030517578,120.19999694824219,118.93000030517578,119.41999816894531,9076900
2012-01-04,78.05220031738281,118.01000213623047,119.27999877929688,117.68000030517578,119.26000213623047,8417100
2012-01-05,77.91328430175781,117.80000305175781,119.0999984741211,117.56999969482422,118.16999816894531,6465800
2012-01-06,78.5284194946289,118.7300033569336,118.95999908447266,117.70999908447266,117.75,7348500
2012-01-09,78.3895034790039,118.5199966430664,119.54000091552734,118.30000305175781,118.47000122070312,5582400
2012-01-10,78.25727844238281,118.31999969482422,118.87000274658203,117.68000030517578,117.7300033569336,8932500
2012-01-11,79.27579498291016,119.86000061035156,120.05999755859375,118.9800033569336,119.04000091552734,8634500
2012-01-12,79.16334533691406,119.69000244140625,120.19000244140625,119.23999786376953,119.94999694824219,7205400
2012-01-13,79.95045471191406,120.87999725341797,121.63999938964844,120.80999755859375,121.0999984741211,9819000
2012-01-17,80.32081604003906,121.44000244140625,121.62999725341797,120.83000183105469,120.94999694824219,5449900
2012-01-18,79.34854888916016,119.97000122070312,121.61000061035156,119.91000366210938,121.52999877929688,5804000
2012-01-19,78.25727844238281,118.31999969482422,119.55999755859375,117.91999816894531,119.33000183105469,8625700
2012-01-20,77.3709945678711,116.9800033569336,117.95999908447266,116.97000122070312,117.70999908447266,6548200
2012-01-23,76.88153076171875,116.23999786376953,116.63999938964844,115.55000305175781,116.12999725341797,7274800
2012-01-24,77.02040100097656,116.44999694824219,116.70999908447266,115.77999877929688,116.70999908447266,5776500
2012-01-25,76.835205078125,116.16999816894531,118.52999877929688,115.88999938964844,116.05999755859375,12867600
2012-01-26,77.85379791259766,117.70999908447266,117.70999908447266,116.58999633789062,116.6500015258789,7638500
2012-01-27,78.09850311279297,118.08000183105469,118.33000183105469,117.01000213623047,117.83000183105469,5165300
2012-01-30,79.01781463623047,119.47000122070312,120.38999938964844,119.33999633789062,119.83999633789062,8388400
2012-01-31,79.93062591552734,120.8499984741211,120.91000366210938,119.19000244140625,119.26000213623047,7998300
2012-02-01,79.01504516601562,119.18000030517578,119.9000015258789,118.80999755859375,119.75,7925200
2012-02-02,78.98188018798828,119.12999725341797,119.4800033569336,118.63999938964844,118.95999908447266,5596900
2012-02-03,77.2846450805664,116.56999969482422,116.80000305175781,115.97000122070312,116.45999908447266,12467400
2012-02-06,78.05366516113281,117.7300033569336,117.80000305175781,116.33999633789062,116.69000244140625,6180600
2012-02-07,77.08572387695312,116.2699966430664,116.87999725341797,115.7699966430664,116.62000274658203,8794800
2012-02-08,77.14534759521484,116.36000061035156,116.79000091552734,115.9800033569336,116.19999694824219,7613400
2012-02-09,76.56855773925781,115.48999786376953,116.04000091552734,114.62000274658203,115.86000061035156,11477700
2012-02-10,77.56304931640625,116.98999786376953,117.33000183105469,116.5199966430664,116.80000305175781,7193100
2012-02-13,77.66254425048828,117.13999938964844,117.37000274658203,116.43000030517578,116.5999984741211,6422900
2012-02-14,78.07357025146484,117.76000213623047,118.27999877929688,117.2300033569336,117.44000244140625,8271200
2012-02-15,77.93437957763672,117.55000305175781,118.2699966430664,117.48999786376953,117.66000366210938,6846100
2012-02-16,77.31114196777344,116.61000061035156,117.5999984741211,116.12999725341797,117.2699966430664,9036200
2012-02-17,77.29122924804688,116.58000183105469,116.61000061035156,115.76000213623047,115.86000061035156,6338000
2012-02-21,76.43597412109375,115.29000091552734,115.91999816894531,114.94999694824219,115.7699966430664,8338300
2012-02-22,77.39732360839844,116.73999786376953,116.76000213623047,115.80999755859375,115.88999938964844,7736800
2012-02-23,77.39732360839844,116.73999786376953,117.22000122070312,115.93000030517578,116.13999938964844,5163900
2012-02-24,77.90119171142578,117.5,117.58000183105469,116.94999694824219,117.2300033569336,5676900
2012-02-27,78.59070587158203,118.54000091552734,118.8499984741211,118.12000274658203,118.5,8180700
2012-02-28,78.33212280273438,118.1500015258789,119.13999938964844,117.94000244140625,118.87000274658203,6615700
2012-02-29,77.85475158691406,117.43000030517578,118.41999816894531,116.95999908447266,118.37000274658203,14235000
2012-03-01,77.12187957763672,116.05999755859375,116.68000030517578,115.54000091552734,116.16999816894531,12265600
2012-03-02,77.84616088867188,117.1500015258789,117.4800033569336,116.55000305175781,116.5999984741211,6669600
2012-03-05,77.22813415527344,116.22000122070312,117.44000244140625,116.22000122070312,116.95999908447266,6921900
2012-03-06,78.16512298583984,117.62999725341797,118.11000061035156,117.44000244140625,117.44999694824219,6299700
2012-03-07,77.68665313720703,116.91000366210938,117.61000061035156,116.80999755859375,117.45999908447266,5567500
2012-03-08,76.9091796875,115.73999786376953,116.56999969482422,115.63999938964844,116.31999969482422,7982100
2012-03-09,77.06202697753906,115.97000122070312,115.98999786376953,114.9000015258789,115.48999786376953,6975600
2012-03-12,77.04874420166016,115.94999694824219,116.5199966430664,115.87000274658203,116.31999969482422,5280000
2012-03-13,75.69318389892578,113.91000366210938,115.41000366210938,113.88999938964844,115.2699966430664,14413600
2012-03-14,73.78604125976562,111.04000091552734,112.75,110.94999694824219,112.69999694824219,24515300
2012-03-15,73.89897155761719,111.20999908447266,111.73999786376953,110.87999725341797,110.9000015258789,14154000
2012-03-16,74.04522705078125,111.43000030517578,111.44000244140625,110.19999694824219,110.5,13427200
2012-03-19,73.16140747070312,110.0999984741211,111.4800033569336,109.69000244140625,111.36000061035156,14011400
2012-03-20,73.45381927490234,110.54000091552734,110.87000274658203,109.8499984741211,110.43000030517578,9443800
2012-03-21,74.28445434570312,111.79000091552734,111.88999938964844,110.80999755859375,110.86000061035156,10242000
2012-03-22,74.52361297607422,112.1500015258789,112.37000274658203,111.87000274658203,112.29000091552734,8009800
2012-03-23,75.22801208496094,113.20999908447266,113.38999938964844,112.66000366210938,112.69000244140625,8465300
2012-03-26,74.84259796142578,112.62999725341797,113.01000213623047,111.80000305175781,112.83000183105469,8118600
2012-03-27,75.380859375,113.44000244140625,113.69999694824219,112.69999694824219,112.77999877929688,6972300
2012-03-28,75.27449798583984,113.27999877929688,113.94000244140625,112.8499984741211,112.91999816894531,7886000
2012-03-29,75.83930969238281,114.12999725341797,114.19000244140625,113.58000183105469,114.0199966430664,7692900
2012-03-30,74.55686950683594,112.19999694824219,114.2699966430664,112.19000244140625,114.20999908447266,9467500
2012-04-02,74.96993255615234,112.52999877929688,113.30000305175781,112.19999694824219,113.0,8944000
2012-04-03,73.67080688476562,110.58000183105469,113.44000244140625,110.56999969482422,113.01000213623047,14774300
2012-04-04,74.6834716796875,112.0999984741211,112.12000274658203,111.41000366210938,111.7699966430664,10095600
2012-04-05,75.22311401367188,112.91000366210938,113.06999969482422,112.33000183105469,113.0,6364100
2012-04-09,76.98188018798828,115.55000305175781,115.7699966430664,115.23999786376953,115.54000091552734,14374600
2012-04-10,77.85464477539062,116.86000061035156,117.29000091552734,115.77999877929688,115.94999694824219,14421300
2012-04-11,76.92195892333984,115.45999908447266,116.05999755859375,115.3499984741211,115.70999908447266,8713000
2012-04-12,76.60216522216797,114.9800033569336,115.75,114.81999969482422,115.66999816894531,9008500
2012-04-13,77.84133911132812,116.83999633789062,116.9000015258789,116.12000274658203,116.1500015258789,8607700
2012-04-16,77.72808837890625,116.66999816894531,117.5999984741211,116.56999969482422,116.69999694824219,7735000
2012-04-17,77.68144989013672,116.5999984741211,116.83000183105469,116.25,116.52999877929688,5398600
2012-04-18,77.907958984375,116.94000244140625,117.12000274658203,116.7300033569336,117.05000305175781,4074400
2012-04-19,77.98124694824219,117.05000305175781,117.47000122070312,117.0199966430664,117.25,5374300
2012-04-20,77.99455261230469,117.06999969482422,117.12999725341797,116.33000183105469,116.55999755859375,5043300
2012-04-23,78.56085968017578,117.91999816894531,118.41000366210938,117.79000091552734,118.11000061035156,5170100
2012-04-24,78.00788879394531,117.08999633789062,117.76000213623047,117.08000183105469,117.61000061035156,4336600
2012-04-25,77.60811614990234,116.48999786376953,117.31999969482422,115.69000244140625,116.41000366210938,8859500
2012-04-26,78.07452392578125,117.19000244140625,117.45999908447266,116.58999633789062,117.41999816894531,5133000
2012-04-27,78.14107513427734,117.29000091552734,117.36000061035156,116.79000091552734,117.0199966430664,3112900
2012-04-30,78.1611328125,117.31999969482422,117.75,117.19000244140625,117.56999969482422,4198400
2012-05-01,77.75578308105469,116.43000030517578,117.62000274658203,116.06999969482422,117.43000030517578,7214300
2012-05-02,78.3033676147461,117.25,117.31999969482422,116.80000305175781,117.22000122070312,3565700
2012-05-03,78.28336334228516,117.22000122070312,117.37000274658203,116.55999755859375,116.63999938964844,3522900
2012-05-04,78.89778137207031,118.13999938964844,118.19000244140625,117.4000015258789,117.4800033569336,6367300
2012-05-07,78.9111328125,118.16000366210938,118.45999908447266,118.0199966430664,118.31999969482422,3228200
2012-05-08,79.3318099975586,118.79000091552734,119.51000213623047,118.66000366210938,118.69000244140625,6051600
2012-05-09,79.38524627685547,118.87000274658203,119.56999969482422,118.44000244140625,119.44999694824219,5828900
2012-05-10,79.15155792236328,118.5199966430664,118.62000274658203,117.44000244140625,118.0199966430664,6300000
2012-05-11,79.80599975585938,119.5,119.5999984741211,118.95999908447266,119.48999786376953,5234300
2012-05-14,80.9212646484375,121.16999816894531,121.30000305175781,120.5999984741211,120.87000274658203,8789400
2012-05-15,81.24855041503906,121.66000366210938,121.7300033569336,120.81999969482422,121.08999633789062,6766400
2012-05-16,81.48224639892578,122.01000213623047,122.18000030517578,120.72000122070312,120.9800033569336,6462300
2012-05-17,82.92481994628906,124.16999816894531,124.27999877929688,122.0199966430664,122.02999877929688,14863400
2012-05-18,82.9448013305664,124.19999694824219,124.44000244140625,123.11000061035156,123.2699966430664,10137700
2012-05-21,82.7711181640625,123.94000244140625,124.44999694824219,123.62000274658203,123.9000015258789,9583500
2012-05-22,81.84955596923828,122.55999755859375,122.87999725341797,122.05999755859375,122.75,12475500
2012-05-23,82.417236328125,123.41000366210938,124.5199966430664,123.36000061035156,123.55000305175781,11744900
2012-05-24,82.10335540771484,122.94000244140625,123.79000091552734,122.75,123.2300033569336,10256200
2012-05-25,82.4105224609375,123.4000015258789,123.54000091552734,123.13999938964844,123.43000030517578,4723600
2012-05-29,82.15673065185547,123.0199966430664,123.80999755859375,123.0,123.38999938964844,5874100
2012-05-30,84.24040222167969,126.13999938964844,126.31999969482422,125.30000305175781,125.31999969482422,17170800
2012-05-31,85.21546936035156,127.5999984741211,129.0800018310547,126.66999816894531,127.02999877929688,31174500
2012-06-01,87.23847198486328,130.36000061035156,130.3800048828125,128.52999877929688,128.8699951171875,23526000
2012-06-04,86.5492172241211,129.3300018310547,130.17999267578125,128.94000244140625,129.30999755859375,11681200
2012-06-05,85.39144134521484,127.5999984741211,128.63999938964844,127.58999633789062,128.52999877929688,12482800
2012-06-06,83.6849365234375,125.05000305175781,127.5999984741211,125.05000305175781,127.55999755859375,20806700
2012-06-07,83.81210327148438,125.23999786376953,125.73999786376953,124.38999938964844,124.6500015258789,18898200
2012-06-08,83.79203033447266,125.20999908447266,126.94999694824219,124.56999969482422,126.75,11239600
2012-06-11,84.17346954345703,125.77999877929688,126.20999908447266,124.7699966430664,124.79000091552734,10693800
2012-06-12,83.40387725830078,124.62999725341797,125.62999725341797,124.5,124.97000122070312,10921700
2012-06-13,84.22701263427734,125.86000061035156,126.27999877929688,124.37999725341797,124.8499984741211,11100000
2012-06-14,84.11995697021484,125.69999694824219,126.27999877929688,125.19000244140625,125.94999694824219,7688200
2012-06-15,84.58837890625,126.4000015258789,126.8499984741211,126.13999938964844,126.58000183105469,6421400
2012-06-18,85.04342651367188,127.08000183105469,127.33999633789062,126.26000213623047,127.1500015258789,6698400
2012-06-19,83.93254089355469,125.41999816894531,126.37000274658203,125.33000183105469,126.27999877929688,8227900
2012-06-20,84.3475112915039,126.04000091552734,126.51000213623047,124.08999633789062,124.56999969482422,13720300
2012-06-21,84.79586029052734,126.70999908447266,127.25,125.88999938964844,125.94999694824219,9776600
2012-06-22,83.6648941040039,125.0199966430664,126.22000122070312,125.01000213623047,125.9000015258789,7830400
2012-06-25,84.88286590576172,126.83999633789062,127.0199966430664,126.2699966430664,126.36000061035156,6113800
2012-06-26,84.5482177734375,126.33999633789062,126.94999694824219,125.94000244140625,126.11000061035156,5359700
2012-06-27,84.68209075927734,126.54000091552734,126.79000091552734,126.02999877929688,126.55999755859375,5860700
2012-06-28,84.88953399658203,126.8499984741211,127.4800033569336,126.79000091552734,127.30000305175781,5257800
2012-06-29,83.78533935546875,125.19999694824219,125.62999725341797,124.62999725341797,125.02999877929688,8881900
2012-07-02,84.64978790283203,126.22000122070312,127.20999908447266,125.37000274658203,125.44999694824219,7818500
2012-07-03,83.999267578125,125.25,126.0,125.20999908447266,125.94999694824219,5773100
2012-07-05,84.42845153808594,125.88999938964844,126.31999969482422,125.25,125.3499984741211,5974700
2012-07-06,85.21315002441406,127.05999755859375,127.20999908447266,126.61000061035156,126.66999816894531,5818300
2012-07-09,85.96430969238281,128.17999267578125,128.25999450683594,127.11000061035156,127.37999725341797,5647000
2012-07-10,86.13868713378906,128.44000244140625,128.74000549316406,127.72000122070312,127.86000061035156,4288000
2012-07-11,86.2459487915039,128.60000610351562,129.47000122070312,128.25999450683594,128.58999633789062,5960900
2012-07-12,86.85621643066406,129.50999450683594,129.55999755859375,128.89999389648438,129.0500030517578,6421000
2012-07-13,86.62821197509766,129.1699981689453,129.24000549316406,128.60000610351562,129.22999572753906,4175300
2012-07-16,87.0306396484375,129.77000427246094,130.61000061035156,129.61000061035156,130.3000030517578,5283500
2012-07-17,86.34656524658203,128.75,129.82000732421875,128.63999938964844,129.25999450683594,5590900
2012-07-18,86.39347839355469,128.82000732421875,129.33999633789062,128.7899932861328,129.25999450683594,4011000
2012-07-19,86.17217254638672,128.49000549316406,129.10000610351562,128.11000061035156,128.4600067138672,5246300
2012-07-20,87.22509765625,130.05999755859375,130.3000030517578,129.4199981689453,129.60000610351562,6365900
2012-07-23,87.71463775634766,130.7899932861328,131.44000244140625,130.50999450683594,131.30999755859375,6141100
2012-07-24,88.40548706054688,131.82000732421875,132.0399932861328,130.27999877929688,130.35000610351562,6748800
2012-07-25,88.63348388671875,132.16000366210938,132.2100067138672,131.47999572753906,131.6300048828125,5328000
2012-07-26,87.82197570800781,130.9499969482422,131.77999877929688,130.89999389648438,131.52999877929688,6606200
2012-07-27,86.16545867919922,128.47999572753906,130.00999450683594,126.95999908447266,129.88999938964844,14685100
2012-07-30,86.80931854248047,129.44000244140625,129.47999572753906,128.25,128.38999938964844,6025300
2012-07-31,86.98367309570312,129.6999969482422,129.8800048828125,128.5800018310547,129.80999755859375,7448600
2012-08-01,86.5488510131836,128.77999877929688,129.74000549316406,128.14999389648438,128.52999877929688,7972000
2012-08-02,87.03945922851562,129.50999450683594,130.69000244140625,129.1300048828125,129.58999633789062,7972000
2012-08-03,85.6348876953125,127.41999816894531,128.02999877929688,126.7699966430664,127.83999633789062,9084800
2012-08-06,85.6684341430664,127.47000122070312,128.13999938964844,127.37000274658203,127.66999816894531,3673600
2012-08-07,84.5663070678711,125.83000183105469,126.12999725341797,125.43000030517578,125.95999908447266,6613600
2012-08-08,84.11599731445312,125.16000366210938,126.38999938964844,125.04000091552734,126.16000366210938,7250700
2012-08-09,84.05548858642578,125.06999969482422,125.30000305175781,123.75,124.7699966430664,7553500
2012-08-10,84.47886657714844,125.69999694824219,126.31999969482422,125.5999984741211,126.19999694824219,4670500
2012-08-13,84.33771514892578,125.48999786376953,126.37999725341797,125.48999786376953,126.11000061035156,3543700
2012-08-14,83.19522857666016,123.79000091552734,124.41000366210938,123.75,123.95999908447266,7994000
2012-08-15,82.02587127685547,122.05000305175781,123.19999694824219,121.9000015258789,123.0199966430664,11191000
2012-08-16,81.32694244384766,121.01000213623047,122.5,120.5199966430664,122.20999908447266,13240000
2012-08-17,81.72341918945312,121.5999984741211,122.12000274658203,121.31999969482422,121.4000015258789,6341100
2012-08-20,81.89141845703125,121.8499984741211,122.19000244140625,121.5,121.55000305175781,4427100
2012-08-21,82.25434875488281,122.38999938964844,122.44999694824219,120.66000366210938,121.47000122070312,9532700
2012-08-22,83.61197662353516,124.41000366210938,124.51000213623047,123.20999908447266,123.5199966430664,11384400
2012-08-23,83.9614028930664,124.93000030517578,125.13999938964844,124.6500015258789,124.73999786376953,7139100
2012-08-24,83.88074493408203,124.80999755859375,125.55999755859375,124.66999816894531,125.47000122070312,5001400
2012-08-27,84.37137603759766,125.54000091552734,125.80000305175781,125.2699966430664,125.33999633789062,3906100
2012-08-28,84.572998046875,125.83999633789062,126.36000061035156,125.58999633789062,125.75,3412600
2012-08-29,84.203369140625,125.29000091552734,125.62999725341797,124.94999694824219,125.61000061035156,3762700
2012-08-30,84.64018249511719,125.94000244140625,126.44000244140625,125.7300033569336,126.2699966430664,3886400
2012-08-31,85.83643341064453,127.72000122070312,127.72000122070312,125.7300033569336,125.77999877929688,9192600
2012-09-04,85.75022888183594,127.31999969482422,127.62999725341797,126.76000213623047,126.91999816894531,6009300
2012-09-05,85.34617614746094,126.72000122070312,127.19000244140625,126.55000305175781,126.81999969482422,3466700
2012-09-06,83.92509460449219,124.61000061035156,125.52999877929688,124.55000305175781,125.52999877929688,6505100
2012-09-07,83.53443908691406,124.02999877929688,126.18000030517578,123.91999816894531,126.13999938964844,7335300
2012-09-10,83.73648834228516,124.33000183105469,124.33000183105469,123.51000213623047,123.69000244140625,4912100
2012-09-11,83.2111587524414,123.55000305175781,124.0999984741211,123.29000091552734,124.0199966430664,3523300
2012-09-12,82.1739273071289,122.01000213623047,122.41000366210938,121.68000030517578,122.22000122070312,7040900
2012-09-13,81.85067749023438,121.52999877929688,123.08999633789062,120.2699966430664,122.38999938964844,12280200
2012-09-14,79.67525482177734,118.30000305175781,119.8499984741211,118.05000305175781,119.76000213623047,16871600
2012-09-17,80.6316146850586,119.72000122070312,119.9000015258789,118.80000305175781,118.87000274658203,5573300
2012-09-18,81.0357894897461,120.31999969482422,120.9000015258789,119.95999908447266,120.70999908447266,5366200
2012-09-19,81.5678482055664,121.11000061035156,121.37999725341797,120.61000061035156,121.33999633789062,5903300
2012-09-20,81.7698745727539,121.41000366210938,122.31999969482422,120.9800033569336,122.13999938964844,4604200
2012-09-21,81.86419677734375,121.55000305175781,121.63999938964844,120.66999816894531,120.75,4144300
2012-09-24,82.50397491455078,122.5,122.69999694824219,122.18000030517578,122.25,3627400
2012-09-25,83.31893157958984,123.70999908447266,123.73999786376953,122.12999725341797,122.80000305175781,5893500
2012-09-26,84.21466827392578,125.04000091552734,125.08999633789062,124.44999694824219,124.55999755859375,7193400
2012-09-27,83.61522674560547,124.1500015258789,124.80000305175781,123.7699966430664,124.55000305175781,5147700
2012-09-28,83.66239166259766,124.22000122070312,125.23999786376953,123.80999755859375,124.75,7173400
2012-10-01,83.97286224365234,124.41999816894531,124.47000122070312,123.37999725341797,123.97000122070312,4842600
2012-10-02,83.85808563232422,124.25,124.5199966430664,123.80999755859375,123.91000366210938,3540100
2012-10-03,83.8851318359375,124.29000091552734,124.30000305175781,123.62000274658203,123.86000061035156,3800900
2012-10-04,82.83899688720703,122.73999786376953,123.80000305175781,122.56999969482422,123.45999908447266,6214800
2012-10-05,81.76587677001953,121.1500015258789,121.68000030517578,120.91999816894531,121.56999969482422,8340700
2012-10-08,82.45430755615234,122.16999816894531,122.2699966430664,121.69000244140625,121.9800033569336,1568400
2012-10-09,82.30577850341797,121.94999694824219,122.18000030517578,121.37999725341797,121.47000122070312,4752700
2012-10-10,82.88626861572266,122.80999755859375,122.95999908447266,121.26000213623047,121.45999908447266,5429800
2012-10-11,83.45990753173828,123.66000366210938,123.66000366210938,121.88999938964844,121.95999908447266,5194100
2012-10-12,83.66915130615234,123.97000122070312,124.77999877929688,123.77999877929688,124.06999969482422,4934900
2012-10-15,83.48017883300781,123.69000244140625,124.13999938964844,123.43000030517578,123.77999877929688,3036100
2012-10-16,82.32608032226562,121.9800033569336,122.94000244140625,121.94000244140625,122.9000015258789,5398700
2012-10-17,81.5634536743164,120.8499984741211,121.26000213623047,120.56999969482422,121.16999816894531,6932500
2012-10-18,81.06400299072266,120.11000061035156,121.52999877929688,119.87000274658203,121.12000274658203,8558600
2012-10-19,82.16407012939453,121.73999786376953,121.80999755859375,120.27999877929688,120.33999633789062,7616700
2012-10-22,81.63764953613281,120.95999908447266,121.83999633789062,120.94000244140625,121.43000030517578,6910600
2012-10-23,82.80529022216797,122.69000244140625,122.7300033569336,122.0199966430664,122.0999984741211,5760600
2012-10-24,81.98860168457031,121.4800033569336,122.29000091552734,121.4800033569336,121.86000061035156,6824500
2012-10-25,81.5701675415039,120.86000061035156,121.54000091552734,120.33000183105469,120.55999755859375,5292500
2012-10-26,82.77149200439453,122.63999938964844,122.6500015258789,121.2699966430664,121.44000244140625,5889400
2012-10-31,83.25740051269531,123.36000061035156,123.69999694824219,122.62999725341797,122.68000030517578,5025600
2012-11-01,82.57579803466797,122.3499984741211,122.87999725341797,122.08000183105469,122.7699966430664,3659700
2012-11-02,82.51502227783203,122.26000213623047,122.30999755859375,121.23999786376953,121.27999877929688,3527800
2012-11-05,82.98072052001953,122.94999694824219,123.25,122.79000091552734,122.81999969482422,2935700
2012-11-06,82.19786071777344,121.79000091552734,122.86000061035156,121.77999877929688,122.55000305175781,4484600
2012-11-07,83.68940734863281,124.0,124.52999877929688,123.76000213623047,123.94999694824219,10071000
2012-11-08,84.93126678466797,125.83999633789062,125.86000061035156,123.43000030517578,123.79000091552734,8579500
2012-11-09,85.02571105957031,125.9800033569336,125.9800033569336,125.18000030517578,125.62999725341797,5036900
2012-11-12,85.16748809814453,126.19000244140625,126.37999725341797,125.79000091552734,125.83999633789062,2072200
2012-11-13,85.45091247558594,126.61000061035156,126.81999969482422,125.98999786376953,126.80000305175781,2863800
2012-11-14,85.5318832397461,126.7300033569336,126.79000091552734,125.5999984741211,125.72000122070312,4694600
2012-11-15,85.36318969726562,126.4800033569336,127.0199966430664,126.0,126.0999984741211,5549600
2012-11-16,85.28893280029297,126.37000274658203,127.19000244140625,126.27999877929688,126.36000061035156,4591100
2012-11-19,84.80975341796875,125.66000366210938,125.80999755859375,125.30000305175781,125.45999908447266,3621600
2012-11-20,83.95936584472656,124.4000015258789,125.66999816894531,124.37999725341797,125.4800033569336,4659300
2012-11-21,83.91213989257812,124.33000183105469,124.41999816894531,124.0199966430664,124.19000244140625,2422800
2012-11-23,83.83112335205078,124.20999908447266,124.44999694824219,124.11000061035156,124.30000305175781,987200
2012-11-26,84.22932434082031,124.80000305175781,125.5199966430664,124.75,125.16000366210938,2799000
2012-11-27,84.56002044677734,125.29000091552734,125.38999938964844,124.69999694824219,124.94000244140625,2544400
2012-11-28,84.43850708007812,125.11000061035156,126.19999694824219,125.08999633789062,125.97000122070312,3569700
2012-11-29,84.45203399658203,125.12999725341797,125.44000244140625,124.66000366210938,124.86000061035156,2761000
2012-11-30,84.22257232666016,124.79000091552734,125.54000091552734,124.70999908447266,125.4800033569336,3702300
2012-12-03,84.30033874511719,124.66000366210938,124.79000091552734,123.62000274658203,123.72000122070312,5427800
2012-12-04,84.7872314453125,125.37999725341797,125.41000366210938,124.83999633789062,125.0199966430664,2586300
2012-12-05,84.7467041015625,125.31999969482422,125.80999755859375,125.16999816894531,125.4000015258789,1978200
2012-12-06,84.92924499511719,125.58999633789062,126.08000183105469,125.51000213623047,125.86000061035156,2301200
2012-12-07,84.14484405517578,124.43000030517578,124.95999908447266,124.33999633789062,124.5,4020900
2012-12-10,84.51673889160156,124.9800033569336,125.08000183105469,124.54000091552734,124.95999908447266,2134300
2012-12-11,83.87434387207031,124.02999877929688,124.30999755859375,123.83000183105469,124.26000213623047,3777900
2012-12-12,82.90052032470703,122.58999633789062,124.33999633789062,122.56999969482422,123.83000183105469,7119700
2012-12-13,82.96138000488281,122.68000030517578,123.18000030517578,122.12999725341797,122.29000091552734,6381500
2012-12-14,83.58354949951172,123.5999984741211,123.70999908447266,123.08000183105469,123.19000244140625,3832800
2012-12-17,82.33245849609375,121.75,123.5199966430664,121.70999908447266,123.5,6870000
2012-12-18,81.49398040771484,120.51000213623047,121.77999877929688,119.9000015258789,121.4000015258789,12024200
2012-12-19,81.76446533203125,120.91000366210938,121.6500015258789,120.72000122070312,120.97000122070312,4880500
2012-12-20,81.77798461914062,120.93000030517578,121.63999938964844,120.62000274658203,121.29000091552734,4567900
2012-12-21,82.67068481445312,122.25,122.43000030517578,121.94999694824219,122.30999755859375,6087700
2012-12-24,82.5218276977539,122.02999877929688,122.08000183105469,121.87000274658203,122.0,1071100
2012-12-26,82.81867980957031,122.19999694824219,122.20999908447266,121.80999755859375,121.94999694824219,2247800
2012-12-27,83.09652709960938,122.61000061035156,123.29000091552734,121.83000183105469,121.87999725341797,4262700
2012-12-28,83.57093811035156,123.30999755859375,123.33999633789062,122.77999877929688,123.13999938964844,3928200
2012-12-31,82.12739562988281,121.18000030517578,122.97000122070312,120.91000366210938,122.87000274658203,6423000
2013-01-02,81.02947998046875,119.55999755859375,119.9000015258789,119.41000366210938,119.76000213623047,7472700
2013-01-03,79.93159484863281,117.94000244140625,119.48999786376953,117.9000015258789,119.37999725341797,10004300
2013-01-04,80.24329376220703,118.4000015258789,118.44000244140625,117.36000061035156,117.66000366210938,9574600
2013-01-07,80.2772445678711,118.44999694824219,118.7300033569336,118.0,118.37000274658203,4193100
2013-01-08,80.80584716796875,119.2300033569336,119.29000091552734,118.81999969482422,119.04000091552734,4380900
2013-01-09,80.73127746582031,119.12000274658203,119.54000091552734,118.87000274658203,119.25,3870300
2013-01-10,80.50761413574219,118.79000091552734,119.30000305175781,118.36000061035156,118.62999725341797,5602800
2013-01-11,81.22603607177734,119.8499984741211,119.86000061035156,118.3499984741211,118.5199966430664,4770700
2013-01-14,81.00233459472656,119.5199966430664,120.27999877929688,119.37000274658203,120.04000091552734,3064600
2013-01-15,81.37511444091797,120.06999969482422,120.69999694824219,119.97000122070312,120.61000061035156,5357800
2013-01-16,81.54459381103516,120.31999969482422,120.68000030517578,120.01000213623047,120.62999725341797,4286100
2013-01-17,80.73127746582031,119.12000274658203,119.55000305175781,118.75,119.33000183105469,7019200
2013-01-18,81.35479736328125,120.04000091552734,120.20999908447266,119.45999908447266,119.56999969482422,4660000
2013-01-22,81.5106201171875,120.2699966430664,120.30000305175781,119.37999725341797,119.55000305175781,3874100
2013-01-23,81.38866424560547,120.08999633789062,120.58000183105469,119.94999694824219,120.33999633789062,2848800
2013-01-24,81.10401916503906,119.66999816894531,119.97000122070312,119.26000213623047,119.87000274658203,4178900
2013-01-25,79.9925308227539,118.02999877929688,118.5999984741211,117.7699966430664,118.41999816894531,8750700
2013-01-28,79.70112609863281,117.5999984741211,117.72000122070312,117.0,117.0199966430664,6059900
2013-01-29,79.26060485839844,116.94999694824219,118.08000183105469,116.87000274658203,117.62000274658203,5553900
2013-01-30,79.12504577636719,116.75,116.95999908447266,116.16000366210938,116.66999816894531,9586800
2013-01-31,79.5113296508789,117.31999969482422,117.33999633789062,116.55000305175781,117.02999877929688,6789200
2013-02-01,78.47896575927734,115.54000091552734,117.8499984741211,115.51000213623047,117.7300033569336,10928600
2013-02-04,79.48414611816406,117.0199966430664,117.27999877929688,116.41999816894531,116.58999633789062,9291900
2013-02-05,78.7778091430664,115.9800033569336,116.43000030517578,115.86000061035156,116.2699966430664,6676500
2013-02-06,79.42306518554688,116.93000030517578,116.97000122070312,116.05000305175781,116.5199966430664,5892000
2013-02-07,79.24646759033203,116.66999816894531,117.58999633789062,116.62000274658203,116.7699966430664,5951700
2013-02-08,79.55211639404297,117.12000274658203,117.16000366210938,116.2300033569336,116.80000305175781,5603400
2013-02-11,79.49101257324219,117.02999877929688,117.37999725341797,116.91999816894531,117.05000305175781,3679900
2013-02-12,79.29408264160156,116.73999786376953,117.0199966430664,116.45999908447266,116.69000244140625,4513700
2013-02-13,78.6487045288086,115.79000091552734,116.2699966430664,115.55000305175781,115.80000305175781,6586400
2013-02-14,79.3619155883789,116.83999633789062,117.04000091552734,115.98999786376953,116.29000091552734,7096000
2013-02-15,79.13097381591797,116.5,116.73999786376953,116.06999969482422,116.66000366210938,5861800
2013-02-19,78.73700714111328,115.91999816894531,116.9000015258789,115.83999633789062,116.86000061035156,7383600
2013-02-20,78.97474670410156,116.2699966430664,116.37000274658203,115.56999969482422,115.69000244140625,9603900
2013-02-21,79.43663024902344,116.94999694824219,117.30999755859375,116.73999786376953,116.9000015258789,8297400
2013-02-22,79.49101257324219,117.02999877929688,117.33999633789062,116.87999725341797,116.9800033569336,5316900
2013-02-25,81.05326080322266,119.33000183105469,119.3499984741211,116.29000091552734,116.3499984741211,15948700
2013-02-26,80.58454895019531,118.63999938964844,119.66999816894531,118.58999633789062,118.7300033569336,9822100
2013-02-27,80.34681701660156,118.29000091552734,119.54000091552734,118.0,119.48999786376953,7459600
2013-02-28,80.4962158203125,118.51000213623047,118.66000366210938,117.9800033569336,118.43000030517578,6023400
2013-03-01,80.93463134765625,118.9000015258789,119.20999908447266,118.54000091552734,118.83999633789062,7786800
2013-03-04,80.50577545166016,118.2699966430664,118.97000122070312,118.26000213623047,118.79000091552734,4511400
2013-03-05,80.27434539794922,117.93000030517578,118.19999694824219,117.68000030517578,118.06999969482422,6539300
2013-03-06,79.5459976196289,116.86000061035156,117.5,116.8499984741211,117.11000061035156,6514900
2013-03-07,78.93336486816406,115.95999908447266,116.51000213623047,115.91000366210938,116.41000366210938,8526700
2013-03-08,78.10975646972656,114.75,115.36000061035156,114.62000274658203,114.87000274658203,15423600
2013-03-11,78.18460083007812,114.86000061035156,115.2300033569336,114.73999786376953,115.12000274658203,5815800
2013-03-12,78.74957275390625,115.69000244140625,115.79000091552734,115.2300033569336,115.25,9264200
2013-03-13,78.66790008544922,115.56999969482422,115.73999786376953,115.02999877929688,115.23999786376953,7371500
2013-03-14,78.42967987060547,115.22000122070312,115.63999938964844,114.9800033569336,115.08999633789062,9352100
2013-03-15,78.79719543457031,115.76000213623047,115.87999725341797,115.30000305175781,115.33000183105469,9673400
2013-03-18,79.39624786376953,116.63999938964844,116.87999725341797,116.1500015258789,116.83000183105469,9152200
2013-03-19,79.93402862548828,117.43000030517578,117.88999938964844,116.69999694824219,116.77999877929688,11986200
2013-03-20,79.04231262207031,116.12000274658203,116.98999786376953,116.08000183105469,116.70999908447266,8543900
2013-03-21,79.80460357666016,117.23999786376953,117.25,116.52999877929688,116.86000061035156,6119400
2013-03-22,79.86592864990234,117.33000183105469,117.5,116.7699966430664,117.30000305175781,6323800
2013-03-25,79.79103088378906,117.22000122070312,117.77999877929688,116.66999816894531,116.7699966430664,5839800
2013-03-26,79.88634490966797,117.36000061035156,117.91000366210938,116.77999877929688,116.87000274658203,5093200
2013-03-27,80.56705474853516,118.36000061035156,118.7699966430664,118.18000030517578,118.30000305175781,7742900
2013-03-28,80.15863800048828,117.76000213623047,118.44999694824219,117.68000030517578,118.12000274658203,5826400
2013-04-01,80.7623291015625,118.38999938964844,118.41999816894531,117.48999786376953,117.5199966430664,6113800
2013-04-02,80.43490600585938,117.91000366210938,118.13999938964844,117.75,118.06999969482422,5438000
2013-04-03,81.15802764892578,118.97000122070312,119.29000091552734,118.25,118.30999755859375,9527400
2013-04-04,82.126708984375,120.38999938964844,120.41000366210938,119.47000122070312,119.58999633789062,9365700
2013-04-05,83.78437042236328,122.81999969482422,123.43000030517578,122.62999725341797,122.87999725341797,18626200
2013-04-08,83.14311218261719,121.87999725341797,122.87000274658203,121.77999877929688,122.66999816894531,8020300
2013-04-09,82.93846893310547,121.58000183105469,122.23999786376953,121.37999725341797,122.02999877929688,7176100
2013-04-10,81.79926300048828,119.91000366210938,120.66000366210938,119.9000015258789,120.58999633789062,10765200
2013-04-11,81.95613098144531,120.13999938964844,120.48999786376953,119.88999938964844,120.16999816894531,7501800
2013-04-12,83.17723846435547,121.93000030517578,121.94000244140625,120.9000015258789,121.33000183105469,9253000
2013-04-15,83.90030670166016,122.98999786376953,123.02999877929688,121.87000274658203,122.12999725341797,12948400
2013-04-16,83.21131896972656,121.9800033569336,122.5199966430664,121.87999725341797,121.91999816894531,6553500
2013-04-17,83.76390075683594,122.79000091552734,123.52999877929688,122.30000305175781,122.30000305175781,9020900
2013-04-18,83.96856689453125,123.08999633789062,123.22000122070312,122.5999984741211,122.80999755859375,7009500
2013-04-19,83.79117584228516,122.83000183105469,122.9800033569336,122.62999725341797,122.94000244140625,5474300
2013-04-22,83.85254669189453,122.91999816894531,123.29000091552734,122.66999816894531,122.83999633789062,4519400
2013-04-23,83.55923461914062,122.48999786376953,123.79000091552734,122.37999725341797,123.26000213623047,8042900
2013-04-24,83.7707290649414,122.80000305175781,122.81999969482422,122.30000305175781,122.47000122070312,3673600
2013-04-25,83.40917205810547,122.2699966430664,122.37000274658203,122.0999984741211,122.25,4297800
2013-04-26,84.17317962646484,123.38999938964844,123.51000213623047,123.01000213623047,123.19999694824219,4898800
2013-04-29,83.86620330810547,122.94000244140625,123.7300033569336,122.76000213623047,123.58000183105469,4916000
2013-04-30,83.9139633178711,123.01000213623047,123.69000244140625,122.66999816894531,123.26000213623047,4477400
2013-05-01,84.77605438232422,124.01000213623047,124.26000213623047,123.43000030517578,123.45999908447266,10724600
2013-05-02,84.66667938232422,123.8499984741211,123.97000122070312,123.51000213623047,123.58999633789062,4171800
2013-05-03,82.67047119140625,120.93000030517578,122.19000244140625,120.83000183105469,122.16000366210938,11283600
2013-05-06,82.46538543701172,120.62999725341797,121.25,120.31999969482422,121.1500015258789,5121900
2013-05-07,82.14408111572266,120.16000366210938,120.5,120.05000305175781,120.19000244140625,5049200
2013-05-08,82.27397155761719,120.3499984741211,120.83000183105469,120.16999816894531,120.2699966430664,5732900
2013-05-09,82.06201934814453,120.04000091552734,121.31999969482422,119.9800033569336,120.51000213623047,7527000
2013-05-10,81.18019104003906,118.75,119.79000091552734,117.8499984741211,119.76000213623047,11689000
2013-05-13,80.55807495117188,117.83999633789062,118.19000244140625,117.62999725341797,117.87999725341797,8050800
2013-05-14,79.68303680419922,116.55999755859375,118.44000244140625,116.54000091552734,118.3499984741211,9236100
2013-05-15,80.21621704101562,117.33999633789062,117.72000122070312,116.41999816894531,117.52999877929688,14608600
2013-05-16,81.05025482177734,118.55999755859375,118.94000244140625,117.93000030517578,117.97000122070312,8458400
2013-05-17,80.02485656738281,117.05999755859375,118.1500015258789,116.9800033569336,117.94999694824219,7435500
2013-05-20,79.92916107177734,116.91999816894531,117.66999816894531,116.79000091552734,117.62999725341797,5839800
2013-05-21,80.55807495117188,117.83999633789062,117.87000274658203,116.41999816894531,116.93000030517578,7781800
2013-05-22,79.36170959472656,116.08999633789062,118.55000305175781,115.80000305175781,118.0199966430664,18361500
2013-05-23,79.73771667480469,116.63999938964844,117.23999786376953,115.7699966430664,117.1500015258789,9207100
2013-05-24,79.84711456298828,116.80000305175781,117.41999816894531,116.70999908447266,116.9800033569336,5357600
2013-05-28,77.8236083984375,113.83999633789062,116.2699966430664,113.81999969482422,116.08999633789062,13567500
2013-05-29,78.6986312866211,115.12000274658203,115.18000030517578,114.45999908447266,114.62000274658203,11298600
2013-05-30,78.50724029541016,114.83999633789062,115.37000274658203,114.52999877929688,115.25,10011800
2013-05-31,78.2406234741211,114.44999694824219,115.0199966430664,113.16999816894531,114.97000122070312,18158800
2013-06-03,78.65516662597656,114.77999877929688,115.48999786376953,113.69999694824219,113.77999877929688,15564500
2013-06-04,77.92878723144531,113.72000122070312,114.48999786376953,113.66000366210938,113.95999908447266,7504300
2013-06-05,79.00467681884766,115.29000091552734,115.31999969482422,114.12999725341797,114.29000091552734,8056100
2013-06-06,78.95674133300781,115.22000122070312,116.79000091552734,114.41000366210938,114.87999725341797,8925200
2013-06-07,77.54508209228516,113.16000366210938,114.83000183105469,113.16000366210938,114.22000122070312,10459300
2013-06-10,77.17498779296875,112.62000274658203,113.12000274658203,112.37999725341797,112.69999694824219,7892600
2013-06-11,78.09329986572266,113.95999908447266,113.95999908447266,112.12000274658203,112.2699966430664,12841200
2013-06-12,76.97626495361328,112.33000183105469,113.83000183105469,112.2699966430664,113.0,10193200
2013-06-13,78.18233489990234,114.08999633789062,114.16999816894531,112.88999938964844,113.06999969482422,12506300
2013-06-14,77.99736022949219,113.81999969482422,114.66000366210938,113.81999969482422,114.0999984741211,6679100
2013-06-17,77.5861587524414,113.22000122070312,114.08000183105469,113.0,114.0199966430664,5982100
2013-06-18,77.62723541259766,113.27999877929688,113.68000030517578,112.72000122070312,112.8499984741211,5192700
2013-06-19,76.82551574707031,112.11000061035156,113.79000091552734,111.62000274658203,113.73999786376953,17138200
2013-06-20,75.56462860107422,110.2699966430664,111.20999908447266,109.27999877929688,110.75,27898500
2013-06-21,74.28317260742188,108.4000015258789,110.41000366210938,108.37000274658203,110.1500015258789,19781000
2013-06-24,74.591552734375,108.8499984741211,109.38999938964844,107.76000213623047,107.83000183105469,24588900
2013-06-25,73.92684173583984,107.87999725341797,109.0199966430664,107.86000061035156,108.9000015258789,11078000
2013-06-26,74.40650939941406,108.58000183105469,109.05000305175781,108.04000091552734,109.0,13582200
2013-06-27,75.16718292236328,109.69000244140625,109.97000122070312,108.94999694824219,109.54000091552734,12026000
2013-06-28,75.68113708496094,110.44000244140625,110.4800033569336,108.72000122070312,109.01000213623047,12017000
2013-07-01,75.83362579345703,110.41000366210938,110.5,109.43000030517578,109.7300033569336,5500400
2013-07-02,75.78553771972656,110.33999633789062,110.80000305175781,110.23999786376953,110.5,5333900
2013-07-03,75.5588607788086,110.01000213623047,110.6500015258789,110.01000213623047,110.30999755859375,3839000
2013-07-05,72.98323822021484,106.26000213623047,107.5,106.16999816894531,107.27999877929688,14511900
2013-07-08,73.69070434570312,107.29000091552734,107.55999755859375,106.94999694824219,107.06999969482422,8044200
2013-07-09,73.76620483398438,107.4000015258789,107.62000274658203,107.06999969482422,107.48999786376953,4700400
2013-07-10,73.18928527832031,106.55999755859375,107.38999938964844,106.30000305175781,107.38999938964844,10792200
2013-07-11,74.04776763916016,107.80999755859375,107.87000274658203,106.94000244140625,107.44999694824219,10035500
2013-07-12,73.98600006103516,107.72000122070312,108.47000122070312,107.33999633789062,108.33999633789062,4730800
2013-07-15,74.37751007080078,108.29000091552734,108.31999969482422,107.69999694824219,107.80000305175781,4574800
2013-07-16,74.63162994384766,108.66000366210938,108.76000213623047,108.2699966430664,108.43000030517578,3650200
2013-07-17,74.76900482177734,108.86000061035156,109.36000061035156,108.66000366210938,109.19000244140625,5932000
2013-07-18,73.83484649658203,107.5,108.66999816894531,107.4800033569336,108.61000061035156,9066400
2013-07-19,75.0025405883789,109.19999694824219,109.20999908447266,108.25,108.30999755859375,8523800
2013-07-22,75.11239624023438,109.36000061035156,109.69000244140625,109.12999725341797,109.36000061035156,3972600
2013-07-23,74.79645538330078,108.9000015258789,109.0,108.31999969482422,108.66999816894531,5015500
2013-07-24,73.84864807128906,107.5199966430664,107.88999938964844,106.79000091552734,107.6500015258789,8853100
2013-07-25,73.82119750976562,107.4800033569336,107.5999984741211,106.80999755859375,106.97000122070312,6443400
2013-07-26,74.27444458007812,108.13999938964844,108.27999877929688,107.63999938964844,108.04000091552734,6795500
2013-07-29,73.7318344116211,107.3499984741211,107.81999969482422,107.06999969482422,107.6500015258789,6397800
2013-07-30,73.70442962646484,107.30999755859375,107.76000213623047,107.05000305175781,107.70999908447266,3635400
2013-07-31,73.97222900390625,107.69999694824219,107.91999816894531,105.8499984741211,106.05999755859375,10483100
2013-08-01,72.54695129394531,105.36000061035156,106.48999786376953,105.0,106.48999786376953,13568600
2013-08-02,73.34568786621094,106.5199966430664,106.61000061035156,105.9800033569336,106.01000213623047,9568400
2013-08-05,72.78104400634766,105.69999694824219,106.25,105.54000091552734,106.19000244140625,6611800
2013-08-06,72.99454498291016,106.01000213623047,106.01000213623047,105.33999633789062,105.52999877929688,4589000
2013-08-07,73.53848266601562,106.80000305175781,106.94000244140625,106.16999816894531,106.16999816894531,7183400
2013-08-08,73.7381362915039,107.08999633789062,107.5999984741211,106.79000091552734,106.9800033569336,5510900
2013-08-09,73.85526275634766,107.26000213623047,107.2699966430664,106.4800033569336,106.5999984741211,3623400
2013-08-12,73.35255432128906,106.52999877929688,107.62999725341797,106.47000122070312,107.61000061035156,7562800
2013-08-13,72.29217529296875,104.98999786376953,105.36000061035156,104.80000305175781,105.33000183105469,11485600
2013-08-14,72.40235900878906,105.1500015258789,105.36000061035156,104.87000274658203,104.94000244140625,6431600
2013-08-15,71.42454528808594,103.7300033569336,104.62999725341797,103.69000244140625,104.0999984741211,11846300
2013-08-16,71.17668914794922,103.37000274658203,103.97000122070312,102.66999816894531,103.95999908447266,10175900
2013-08-19,70.55699157714844,102.47000122070312,103.01000213623047,102.20999908447266,102.93000030517578,9022000
2013-08-20,71.1009750366211,103.26000213623047,103.36000061035156,102.8499984741211,102.88999938964844,10050100
2013-08-21,70.32289123535156,102.12999725341797,103.19999694824219,102.11000061035156,102.7699966430664,13248800
2013-08-22,71.03898620605469,103.16999816894531,103.2300033569336,102.23999786376953,102.45999908447266,8751200
2013-08-23,71.81017303466797,104.29000091552734,104.38999938964844,102.73999786376953,103.01000213623047,17441200
2013-08-26,72.16822052001953,104.80999755859375,104.88999938964844,104.33000183105469,104.55999755859375,5879100
2013-08-27,73.07711029052734,106.12999725341797,106.25,105.04000091552734,105.29000091552734,11573300
2013-08-28,72.48495483398438,105.2699966430664,105.56999969482422,104.94000244140625,105.41000366210938,7497900
2013-08-29,73.0633773803711,106.11000061035156,106.30999755859375,104.79000091552734,104.87999725341797,6672400
2013-08-30,72.980712890625,105.98999786376953,106.68000030517578,105.73999786376953,106.0199966430664,8987600
2013-09-03,71.95140075683594,104.22000122070312,104.66999816894531,103.51000213623047,104.58999633789062,12084300
2013-09-04,71.79256439208984,103.98999786376953,104.6500015258789,103.94999694824219,104.44999694824219,4579600
2013-09-05,70.79151153564453,102.54000091552734,103.5999984741211,102.52999877929688,103.47000122070312,12290600
2013-09-06,71.14364624023438,103.05000305175781,103.81999969482422,102.80999755859375,103.25,9478400
2013-09-09,71.1781234741211,103.0999984741211,103.80999755859375,103.08000183105469,103.80000305175781,6874900
2013-09-10,70.68110656738281,102.37999725341797,103.33999633789062,102.36000061035156,102.7300033569336,8069000
2013-09-11,71.3093032836914,103.29000091552734,103.30999755859375,102.19000244140625,102.91999816894531,8962400
2013-09-12,71.21267700195312,103.1500015258789,104.0,103.05999755859375,103.8499984741211,6254400
2013-09-13,71.48883819580078,103.55000305175781,103.83000183105469,103.2300033569336,103.51000213623047,6106200
2013-09-16,71.01246643066406,102.86000061035156,104.41000366210938,102.8499984741211,104.33000183105469,8231600
2013-09-17,71.59928894042969,103.70999908447266,103.73999786376953,102.97000122070312,103.37000274658203,8795300
2013-09-18,72.48297119140625,104.98999786376953,105.55000305175781,102.9800033569336,103.62999725341797,19749200
2013-09-19,72.05494689941406,104.37000274658203,105.08999633789062,104.16000366210938,105.05000305175781,11627800
2013-09-20,72.43464660644531,104.91999816894531,105.18000030517578,104.44999694824219,104.69000244140625,8421000
2013-09-23,72.96626281738281,105.69000244140625,105.7300033569336,105.11000061035156,105.20999908447266,10242100
2013-09-24,73.75326538085938,106.83000183105469,106.83999633789062,105.83999633789062,105.98999786376953,11446600
2013-09-25,73.90514373779297,107.05000305175781,107.27999877929688,106.38999938964844,106.54000091552734,8130900
2013-09-26,73.38738250732422,106.30000305175781,106.62000274658203,106.19000244140625,106.4800033569336,5117100
2013-09-27,73.56687927246094,106.55999755859375,106.81999969482422,106.25,106.29000091552734,6460000
2013-09-30,73.45642852783203,106.4000015258789,106.9000015258789,106.18000030517578,106.66000366210938,8438800
2013-10-01,73.23353576660156,105.80000305175781,106.02999877929688,105.52999877929688,105.9000015258789,7592500
2013-10-02,73.34428405761719,105.95999908447266,106.4800033569336,105.76000213623047,105.93000030517578,5967200
2013-10-03,73.2265853881836,105.79000091552734,106.41000366210938,105.69999694824219,105.75,6648900
2013-10-04,73.17124938964844,105.70999908447266,105.77999877929688,105.3499984741211,105.66999816894531,5545300
2013-10-07,73.46886444091797,106.13999938964844,106.36000061035156,105.9800033569336,106.19999694824219,5761100
2013-10-08,73.48963928222656,106.16999816894531,106.51000213623047,105.83000183105469,105.9800033569336,5904000
2013-10-09,72.90127563476562,105.31999969482422,105.94000244140625,105.30000305175781,105.87000274658203,8439000
2013-10-10,73.01897430419922,105.48999786376953,105.52999877929688,104.51000213623047,104.80000305175781,9944100
2013-10-11,72.99817657470703,105.45999908447266,106.2300033569336,105.41000366210938,106.16000366210938,6500800
2013-10-14,72.40982818603516,104.61000061035156,105.63999938964844,104.33000183105469,105.38999938964844,4205600
2013-10-15,72.36139678955078,104.54000091552734,105.30000305175781,104.52999877929688,105.1500015258789,8291000
2013-10-16,73.26810455322266,105.8499984741211,105.86000061035156,104.2699966430664,104.47000122070312,14460200
2013-10-17,73.93260955810547,106.80999755859375,107.12000274658203,106.29000091552734,106.5199966430664,11303400
2013-10-18,74.09185028076172,107.04000091552734,107.4800033569336,106.9800033569336,107.11000061035156,9487800
2013-10-21,73.85648345947266,106.69999694824219,106.91999816894531,106.45999908447266,106.91000366210938,6161600
2013-10-22,74.68020629882812,107.88999938964844,108.12000274658203,107.55999755859375,107.5999984741211,9708500
2013-10-23,74.97093200683594,108.30999755859375,108.7300033569336,108.04000091552734,108.06999969482422,9163100
2013-10-24,74.68020629882812,107.88999938964844,108.66999816894531,107.87000274658203,108.61000061035156,7631400
2013-10-25,74.95707702636719,108.29000091552734,108.44999694824219,108.08000183105469,108.12999725341797,4429500
2013-10-28,74.70097351074219,107.91999816894531,108.37999725341797,107.91000366210938,108.01000213623047,6466400
2013-10-29,74.7978744506836,108.05999755859375,108.06999969482422,107.51000213623047,107.62000274658203,5270500
2013-10-30,74.34793853759766,107.41000366210938,108.20999908447266,107.20999908447266,107.93000030517578,10199300
2013-10-31,74.50716400146484,107.63999938964844,108.01000213623047,107.13999938964844,107.91000366210938,11452100
2013-11-01,73.70069122314453,106.19000244140625,107.0,106.13999938964844,106.97000122070312,11349500
2013-11-04,73.77008819580078,106.29000091552734,106.66999816894531,106.22000122070312,106.47000122070312,4733200
2013-11-05,72.8886489868164,105.0199966430664,105.83000183105469,104.98999786376953,105.79000091552734,8753400
2013-11-06,72.9233169555664,105.06999969482422,105.13999938964844,104.69000244140625,104.94000244140625,5643000
2013-11-07,73.54102325439453,105.95999908447266,106.05000305175781,104.97000122070312,105.05000305175781,7893700
2013-11-08,71.77124786376953,103.41000366210938,104.11000061035156,103.38999938964844,103.97000122070312,16889900
2013-11-11,71.50056457519531,103.0199966430664,103.58000183105469,102.95999908447266,103.52999877929688,4927200
2013-11-12,71.8336181640625,103.5,103.58999633789062,103.18000030517578,103.20999908447266,4839500
2013-11-13,72.0974349975586,103.87999725341797,104.04000091552734,103.73999786376953,103.87000274658203,5782900
2013-11-14,72.5416259765625,104.5199966430664,105.12000274658203,104.1500015258789,104.30999755859375,8895500
2013-11-15,72.68736267089844,104.7300033569336,104.73999786376953,104.30999755859375,104.66000366210938,6344800
2013-11-18,73.12460327148438,105.36000061035156,105.41000366210938,104.6500015258789,104.6500015258789,5451300
2013-11-19,72.56935119628906,104.55999755859375,105.13999938964844,104.41000366210938,104.94999694824219,7251100
2013-11-20,71.33397674560547,102.77999877929688,104.83999633789062,102.6500015258789,104.41999816894531,14190900
2013-11-21,71.4519271850586,102.94999694824219,103.19000244140625,102.16000366210938,102.51000213623047,8903000
2013-11-22,72.11820983886719,103.91000366210938,104.12999725341797,103.4800033569336,103.48999786376953,7950700
2013-11-25,72.32644653320312,104.20999908447266,104.41999816894531,103.83999633789062,103.83999633789062,3755500
2013-11-26,72.59711456298828,104.5999984741211,104.93000030517578,104.4800033569336,104.48999786376953,6659200
2013-11-27,72.47220611572266,104.41999816894531,104.69999694824219,103.95999908447266,104.68000030517578,6063000
2013-11-29,72.4930191040039,104.44999694824219,104.5999984741211,103.94999694824219,104.08000183105469,5084400
2013-12-02,71.92922973632812,103.33000183105469,103.91000366210938,103.22000122070312,103.80000305175781,7527800
2013-12-03,72.1937026977539,103.70999908447266,103.95999908447266,103.45999908447266,103.69999694824219,5076900
2013-12-04,71.50457763671875,102.72000122070312,103.05000305175781,102.37999725341797,102.75,8502700
2013-12-05,71.30268859863281,102.43000030517578,102.8499984741211,102.22000122070312,102.4800033569336,7445700
2013-12-06,71.6437759399414,102.91999816894531,102.98999786376953,102.36000061035156,102.55999755859375,7352000
2013-12-09,71.8108139038086,103.16000366210938,103.2300033569336,102.83000183105469,102.9000015258789,5678800
2013-12-10,72.32598876953125,103.9000015258789,103.94999694824219,103.44999694824219,103.83999633789062,7040400
2013-12-11,71.76909637451172,103.0999984741211,103.7699966430664,103.0199966430664,103.55000305175781,8190900
2013-12-12,71.49759674072266,102.70999908447266,103.16000366210938,102.62999725341797,103.02999877929688,6208600
2013-12-13,71.84564208984375,103.20999908447266,103.30000305175781,102.79000091552734,103.13999938964844,6471300
2013-12-16,71.58111572265625,102.83000183105469,103.69000244140625,102.7300033569336,103.58000183105469,6376400
2013-12-17,71.90131378173828,103.29000091552734,103.4000015258789,102.58999633789062,102.61000061035156,6014400
2013-12-18,71.53938293457031,102.7699966430664,103.72000122070312,102.45999908447266,102.83000183105469,12973200
2013-12-19,71.4697494506836,102.66999816894531,103.01000213623047,102.44999694824219,102.86000061035156,6708400
2013-12-20,72.569580078125,104.25,104.29000091552734,103.30000305175781,103.72000122070312,12425700
2013-12-23,72.15886688232422,103.66000366210938,104.41000366210938,103.66000366210938,104.05000305175781,6378600
2013-12-24,71.58111572265625,102.83000183105469,103.3499984741211,102.80000305175781,103.2300033569336,4897000
2013-12-26,71.30524444580078,102.0999984741211,102.36000061035156,102.01000213623047,102.3499984741211,4645300
2013-12-27,71.10275268554688,101.80999755859375,102.30999755859375,101.69000244140625,102.06999969482422,4755000
2013-12-30,71.59156799316406,102.51000213623047,102.58000183105469,102.08000183105469,102.1500015258789,4491700
2013-12-31,71.13762664794922,101.86000061035156,102.55000305175781,101.16999816894531,102.29000091552734,7218600
2014-01-02,71.35411834716797,102.16999816894531,102.38999938964844,101.69000244140625,101.72000122070312,8580800
2014-01-03,71.35411834716797,102.16999816894531,102.44999694824219,101.76000213623047,101.80999755859375,4083800
2014-01-06,71.65446472167969,102.5999984741211,103.0,102.37000274658203,102.37999725341797,7796200
2014-01-07,71.8360366821289,102.86000061035156,102.98999786376953,102.55999755859375,102.81999969482422,4428100
2014-01-08,71.64049530029297,102.58000183105469,102.69000244140625,102.0999984741211,102.44999694824219,8513000
2014-01-09,72.05949401855469,103.18000030517578,103.20999908447266,102.51000213623047,102.97000122070312,6991100
2014-01-10,72.91854858398438,104.41000366210938,104.54000091552734,103.69000244140625,103.7699966430664,13197400
2014-01-13,73.28170013427734,104.93000030517578,105.13999938964844,104.47000122070312,104.51000213623047,9667400
2014-01-14,72.94644165039062,104.44999694824219,104.83000183105469,104.38999938964844,104.6500015258789,10343100
2014-01-15,72.86962127685547,104.33999633789062,104.51000213623047,103.93000030517578,104.04000091552734,7507500
2014-01-16,73.35851287841797,105.04000091552734,105.06999969482422,104.72000122070312,104.8499984741211,7137700
2014-01-17,73.66581726074219,105.4800033569336,105.5199966430664,104.79000091552734,104.86000061035156,7588600
2014-01-21,73.7216567993164,105.55999755859375,105.73999786376953,105.4000015258789,105.44999694824219,6436000
2014-01-22,73.54010009765625,105.30000305175781,105.75,105.23999786376953,105.37000274658203,4646700
2014-01-23,74.58069610595703,106.79000091552734,107.08999633789062,105.87999725341797,105.87999725341797,12960600
2014-01-24,75.06261444091797,107.4800033569336,107.48999786376953,106.98999786376953,107.19000244140625,11122200
2014-01-27,74.53885650634766,106.7300033569336,107.5999984741211,106.69999694824219,107.22000122070312,9218200
2014-01-28,74.72042083740234,106.98999786376953,106.98999786376953,106.55000305175781,106.91000366210938,5661500
2014-01-29,75.3349380493164,107.87000274658203,108.1500015258789,106.98999786376953,107.37000274658203,11709400
2014-01-30,75.11842346191406,107.55999755859375,107.66999816894531,107.11000061035156,107.47000122070312,5956900
2014-01-31,75.62129974365234,108.27999877929688,108.41000366210938,107.8499984741211,108.19999694824219,14690900
2014-02-03,76.5427017211914,109.31999969482422,109.33999633789062,107.61000061035156,107.79000091552734,20780300
2014-02-04,75.73047637939453,108.16000366210938,108.66999816894531,107.97000122070312,108.5199966430664,9573500
2014-02-05,75.0303726196289,107.16000366210938,107.77999877929688,107.01000213623047,107.69000244140625,10312200
2014-02-06,74.7082748413086,106.69999694824219,107.0199966430664,106.5199966430664,106.97000122070312,5708700
2014-02-07,74.7712631225586,106.79000091552734,107.22000122070312,106.44000244140625,106.45999908447266,7039200
2014-02-10,74.98130798339844,107.08999633789062,107.12000274658203,106.56999969482422,106.61000061035156,4370500
2014-02-11,74.5472412109375,106.47000122070312,106.69000244140625,106.16000366210938,106.61000061035156,5904900
2014-02-12,74.16215515136719,105.91999816894531,106.20999908447266,105.62000274658203,106.16999816894531,6723300
2014-02-13,74.58224487304688,106.5199966430664,106.7300033569336,106.30000305175781,106.58999633789062,6874600
2014-02-14,74.62423706054688,106.58000183105469,106.63999938964844,106.2699966430664,106.56999969482422,4989100
2014-02-18,74.79231262207031,106.81999969482422,107.19999694824219,106.62000274658203,106.66000366210938,4855800
2014-02-19,74.47720336914062,106.37000274658203,107.18000030517578,106.30000305175781,107.18000030517578,5522500
2014-02-20,74.29518127441406,106.11000061035156,106.62999725341797,105.69000244140625,106.31999969482422,5103200
2014-02-21,74.68728637695312,106.66999816894531,106.68000030517578,105.94999694824219,105.94999694824219,5250700
2014-02-24,74.49822235107422,106.4000015258789,106.73999786376953,106.16999816894531,106.69999694824219,3816700
2014-02-25,75.16336059570312,107.3499984741211,107.36000061035156,106.88999938964844,106.91000366210938,6225400
2014-02-26,75.5625228881836,107.91999816894531,107.91999816894531,107.23999786376953,107.30999755859375,7203900
2014-02-27,75.97555541992188,108.51000213623047,108.55999755859375,108.0999984741211,108.27999877929688,5394700
2014-02-28,76.01758575439453,108.56999969482422,108.73999786376953,107.77999877929688,108.27999877929688,8462600
2014-03-03,76.52503967285156,109.02999877929688,109.18000030517578,108.63999938964844,108.87999725341797,11089400
2014-03-04,75.37397003173828,107.38999938964844,108.3499984741211,107.36000061035156,108.3499984741211,8068100
2014-03-05,75.5353775024414,107.62000274658203,107.77999877929688,107.19999694824219,107.33999633789062,4798500
2014-03-06,74.79142761230469,106.55999755859375,106.97000122070312,106.5199966430664,106.76000213623047,7418200
2014-03-07,74.32117462158203,105.88999938964844,106.16999816894531,105.5999984741211,105.63999938964844,8270300
2014-03-10,74.42646026611328,106.04000091552734,106.11000061035156,105.77999877929688,105.94000244140625,3744300
2014-03-11,74.62297058105469,106.31999969482422,106.33999633789062,105.77999877929688,105.9800033569336,3815700
2014-03-12,75.142333984375,107.05999755859375,107.26000213623047,106.77999877929688,106.91999816894531,6430500
2014-03-13,76.1530532836914,108.5,108.52999877929688,106.6500015258789,106.69999694824219,11815500
2014-03-14,76.16708374023438,108.5199966430664,108.9800033569336,108.31999969482422,108.97000122070312,9232800
2014-03-17,75.59860229492188,107.70999908447266,108.30000305175781,107.66999816894531,108.18000030517578,7381900
2014-03-18,75.87226867675781,108.0999984741211,108.1500015258789,107.5999984741211,107.68000030517578,4819500
2014-03-19,75.28272247314453,107.26000213623047,107.9800033569336,106.80999755859375,107.91999816894531,11557600
2014-03-20,75.14938354492188,107.06999969482422,107.62999725341797,106.98999786376953,107.08999633789062,5224400
2014-03-21,75.96356964111328,108.2300033569336,108.31999969482422,107.37000274658203,107.41000366210938,8986200
2014-03-24,76.50398254394531,109.0,109.08999633789062,107.94999694824219,108.05000305175781,7536400
2014-03-25,76.21625518798828,108.58999633789062,108.81999969482422,108.16999816894531,108.41000366210938,5032000
2014-03-26,76.81282806396484,109.44000244140625,109.4800033569336,108.4800033569336,108.55000305175781,7147200
2014-03-27,77.19881439208984,109.98999786376953,110.38999938964844,109.41999816894531,109.63999938964844,9772200
2014-03-28,76.76371002197266,109.37000274658203,109.88999938964844,109.0199966430664,109.86000061035156,6027000
2014-03-31,76.57418060302734,109.0999984741211,111.06999969482422,108.33999633789062,108.73999786376953,7488400
2014-04-01,75.91975402832031,107.88999938964844,108.36000061035156,107.83999633789062,108.26000213623047,9067300
2014-04-02,75.48348999023438,107.2699966430664,107.55000305175781,107.16999816894531,107.38999938964844,6887200
2014-04-03,75.8142318725586,107.73999786376953,107.94000244140625,107.44000244140625,107.5199966430664,4937400
2014-04-04,76.32083892822266,108.45999908447266,108.69000244140625,107.8499984741211,107.87000274658203,8977500
2014-04-07,76.77822875976562,109.11000061035156,109.29000091552734,108.5999984741211,108.62000274658203,7562500
2014-04-08,76.961181640625,109.37000274658203,109.47000122070312,108.72000122070312,109.02999877929688,4213800
2014-04-09,76.58122253417969,108.83000183105469,109.3499984741211,108.63999938964844,108.87999725341797,5771500
2014-04-10,77.29193878173828,109.83999633789062,110.22000122070312,108.9000015258789,108.91999816894531,12706400
2014-04-11,77.91820526123047,110.7300033569336,110.79000091552734,110.12999725341797,110.54000091552734,10267000
2014-04-14,77.71415710449219,110.44000244140625,110.69999694824219,110.30000305175781,110.4800033569336,4142600
2014-04-15,78.19966125488281,111.12999725341797,111.51000213623047,110.3499984741211,110.61000061035156,7752000
2014-04-16,78.29817962646484,111.2699966430664,111.2699966430664,110.37999725341797,110.43000030517578,5523000
2014-04-17,77.43966674804688,110.05000305175781,111.44999694824219,109.69999694824219,111.37000274658203,8622500
2014-04-21,77.37638092041016,109.95999908447266,110.62000274658203,109.83999633789062,110.37000274658203,4316300
2014-04-22,77.63677215576172,110.33000183105469,110.48999786376953,109.61000061035156,109.66000366210938,5748700
2014-04-23,78.08007049560547,110.95999908447266,111.05000305175781,110.52999877929688,110.5999984741211,5748600
2014-04-24,78.22781372070312,111.16999816894531,111.20999908447266,110.44999694824219,110.44999694824219,6337800
2014-04-25,78.34037780761719,111.33000183105469,111.98999786376953,111.31999969482422,111.48999786376953,5976500
2014-04-28,77.96041107177734,110.79000091552734,111.27999877929688,110.55000305175781,111.11000061035156,7606000
2014-04-29,77.85489654541016,110.63999938964844,110.7300033569336,110.04000091552734,110.16999816894531,5235200
2014-04-30,78.1786117553711,111.0999984741211,111.26000213623047,110.37999725341797,110.72000122070312,7721400
2014-05-01,79.0172119140625,112.0199966430664,112.08000183105469,110.83999633789062,110.87999725341797,11556500
2014-05-02,79.50396728515625,112.70999908447266,113.0999984741211,111.30000305175781,111.54000091552734,12702100
2014-05-05,79.0243148803711,112.02999877929688,112.80999755859375,111.88999938964844,112.76000213623047,8043000
2014-05-06,79.34170532226562,112.4800033569336,112.69999694824219,112.04000091552734,112.11000061035156,6522600
2014-05-07,79.05953979492188,112.08000183105469,112.56999969482422,111.94000244140625,112.30999755859375,8199200
2014-05-08,78.72100067138672,111.5999984741211,112.76000213623047,111.45999908447266,112.33999633789062,10878800
2014-05-09,78.467041015625,111.23999786376953,111.80999755859375,110.9800033569336,111.52999877929688,6000600
2014-05-12,78.1496353149414,110.79000091552734,111.12999725341797,110.54000091552734,111.01000213623047,4563800
2014-05-13,78.8268051147461,111.75,111.75,111.33000183105469,111.44000244140625,5501000
2014-05-14,79.68033599853516,112.95999908447266,113.2300033569336,112.55999755859375,112.62999725341797,8851400
2014-05-15,80.31517028808594,113.86000061035156,114.41000366210938,113.5999984741211,113.77999877929688,12627900
2014-05-16,80.08943939208984,113.54000091552734,114.0,113.41999816894531,113.61000061035156,5019200
2014-05-19,79.49693298339844,112.69999694824219,113.95999908447266,112.62000274658203,113.93000030517578,7403300
2014-05-20,79.67327117919922,112.94999694824219,113.4800033569336,112.58999633789062,112.5999984741211,6549800
2014-05-21,79.18653869628906,112.26000213623047,112.4000015258789,111.87000274658203,112.22000122070312,8224600
2014-05-22,79.0737075805664,112.0999984741211,112.4000015258789,111.79000091552734,112.26000213623047,6495700
2014-05-23,79.49693298339844,112.69999694824219,112.91000366210938,112.44999694824219,112.5199966430664,3835000
2014-05-27,79.96247100830078,113.36000061035156,113.4000015258789,112.4000015258789,112.8499984741211,6658300
2014-05-28,80.95003509521484,114.76000213623047,114.83999633789062,114.08999633789062,114.0999984741211,10361000
2014-05-29,80.51970672607422,114.1500015258789,115.19000244140625,114.12999725341797,114.87000274658203,10692000
2014-05-30,80.48443603515625,114.0999984741211,114.4000015258789,113.80999755859375,113.95999908447266,6518900
2014-06-02,79.88618469238281,112.95999908447266,113.68000030517578,112.55000305175781,113.04000091552734,11728200
2014-06-03,78.90315246582031,111.56999969482422,112.54000091552734,111.51000213623047,112.41000366210938,12694100
2014-06-04,78.8819580078125,111.54000091552734,111.81999969482422,111.2699966430664,111.76000213623047,7882000
2014-06-05,78.91731262207031,111.58999633789062,111.97000122070312,111.0199966430664,111.12999725341797,6915600
2014-06-06,78.91731262207031,111.58999633789062,112.41000366210938,111.48999786376953,112.12999725341797,7832800
2014-06-09,78.80412292480469,111.43000030517578,111.63999938964844,111.19999694824219,111.44999694824219,5162800
2014-06-10,78.5141830444336,111.0199966430664,111.2699966430664,110.83000183105469,111.04000091552734,5986000
2014-06-11,78.6556396484375,111.22000122070312,111.54000091552734,110.8499984741211,111.26000213623047,5569700
2014-06-12,79.35577392578125,112.20999908447266,112.3499984741211,111.0,111.30000305175781,9775900
2014-06-13,79.31330108642578,112.1500015258789,112.62000274658203,111.52999877929688,111.56999969482422,5412500
2014-06-16,79.5113296508789,112.43000030517578,112.62999725341797,112.0999984741211,112.20999908447266,5184600
2014-06-17,78.8819580078125,111.54000091552734,112.08999633789062,111.4800033569336,112.06999969482422,6668800
2014-06-18,79.49014282226562,112.4000015258789,112.76000213623047,111.55999755859375,111.80000305175781,11256500
2014-06-19,78.47176361083984,110.95999908447266,112.55999755859375,110.73999786376953,112.51000213623047,14215500
2014-06-20,79.06584930419922,111.80000305175781,111.80000305175781,110.9000015258789,110.97000122070312,7319100
2014-06-23,78.8182601928711,111.44999694824219,112.18000030517578,111.41000366210938,112.08000183105469,5821700
2014-06-24,79.617431640625,112.58000183105469,112.6500015258789,111.81999969482422,112.1500015258789,9698300
2014-06-25,79.82250213623047,112.87000274658203,113.36000061035156,112.69000244140625,113.0999984741211,5699300
2014-06-26,80.20436096191406,113.41000366210938,113.80000305175781,113.20999908447266,113.20999908447266,6628900
2014-06-27,80.08416748046875,113.23999786376953,113.81999969482422,113.16999816894531,113.68000030517578,7216500
2014-06-30,80.28221893310547,113.5199966430664,113.80000305175781,113.08999633789062,113.55999755859375,5593100
2014-07-01,79.61003875732422,112.27999877929688,112.73999786376953,112.19999694824219,112.5,8019200
2014-07-02,78.75919342041016,111.08000183105469,111.66999816894531,110.97000122070312,111.62999725341797,9382500
2014-07-03,78.47561645507812,110.68000030517578,110.86000061035156,110.33999633789062,110.37999725341797,6173900
2014-07-07,79.04994201660156,111.48999786376953,111.80999755859375,111.2300033569336,111.2699966430664,5928900
2014-07-08,79.93620300292969,112.73999786376953,112.86000061035156,112.23999786376953,112.23999786376953,6352100
2014-07-09,80.00003814697266,112.83000183105469,113.13999938964844,112.37999725341797,112.66000366210938,6395200
2014-07-10,80.02129364013672,112.86000061035156,113.66000366210938,112.81999969482422,113.54000091552734,7196900
2014-07-11,80.53179931640625,113.58000183105469,113.68000030517578,113.27999877929688,113.3499984741211,4676500
2014-07-14,80.18434143066406,113.08999633789062,113.41000366210938,112.93000030517578,113.27999877929688,4743300
2014-07-15,80.02129364013672,112.86000061035156,113.47000122070312,112.5,112.83000183105469,7720000
2014-07-16,80.44671630859375,113.45999908447266,113.58000183105469,112.94000244140625,113.0,4615800
2014-07-17,81.46061706542969,114.88999938964844,115.05000305175781,113.94000244140625,114.2300033569336,10901000
2014-07-18,81.1982421875,114.5199966430664,114.95999908447266,114.11000061035156,114.87999725341797,6677900
2014-07-21,81.60240936279297,115.08999633789062,115.62999725341797,115.01000213623047,115.01000213623047,5724100
2014-07-22,81.77259826660156,115.33000183105469,115.45999908447266,114.6500015258789,115.08999633789062,5753200
2014-07-23,81.66618347167969,115.18000030517578,115.62999725341797,115.16999816894531,115.51000213623047,3489600
2014-07-24,81.05646514892578,114.31999969482422,114.58000183105469,114.25,114.5199966430664,6609000
2014-07-25,82.01365661621094,115.66999816894531,115.68000030517578,115.16000366210938,115.33999633789062,7041800
2014-07-28,81.90019226074219,115.51000213623047,115.9000015258789,115.12000274658203,115.58999633789062,5138300
2014-07-29,82.197998046875,115.93000030517578,116.06999969482422,115.41999816894531,115.87000274658203,6579300
2014-07-30,81.05646514892578,114.31999969482422,115.37999725341797,114.16999816894531,115.1500015258789,12251200
2014-07-31,80.81539154052734,113.9800033569336,114.58000183105469,113.47000122070312,113.52999877929688,18254000
2014-08-01,81.44098663330078,114.55999755859375,114.87000274658203,113.05000305175781,113.58000183105469,14951200
2014-08-04,81.22773742675781,114.26000213623047,114.80999755859375,114.26000213623047,114.52999877929688,5183800
2014-08-05,81.49073791503906,114.62999725341797,114.80000305175781,113.68000030517578,114.06999969482422,8032000
2014-08-06,81.54051208496094,114.69999694824219,115.47000122070312,114.5999984741211,115.47000122070312,7289200
2014-08-07,82.30123901367188,115.7699966430664,115.7699966430664,114.56999969482422,114.83999633789062,9745500
2014-08-08,82.12342071533203,115.5199966430664,116.41999816894531,115.37999725341797,115.93000030517578,9536700
2014-08-11,82.1163558959961,115.51000213623047,115.81999969482422,115.29000091552734,115.6500015258789,6668800
2014-08-12,81.58317565917969,114.76000213623047,115.44000244140625,114.7300033569336,115.41000366210938,8122400
2014-08-13,82.1163558959961,115.51000213623047,115.5199966430664,114.77999877929688,114.87000274658203,8210500
2014-08-14,82.7774429321289,116.44000244140625,116.5,115.38999938964844,115.93000030517578,9028200
2014-08-15,83.68035125732422,117.70999908447266,118.36000061035156,116.69000244140625,116.70999908447266,17606700
2014-08-18,82.84855651855469,116.54000091552734,117.30000305175781,116.38999938964844,117.20999908447266,7595300
2014-08-19,82.59265899658203,116.18000030517578,117.1500015258789,115.9800033569336,117.08000183105469,5936900
2014-08-20,82.4576187133789,115.98999786376953,116.11000061035156,115.56999969482422,116.04000091552734,7275600
2014-08-21,82.91970825195312,116.63999938964844,116.76000213623047,116.0199966430664,116.06999969482422,6790700
2014-08-22,83.38177490234375,117.29000091552734,117.43000030517578,116.20999908447266,116.73999786376953,10149900
2014-08-25,83.69454956054688,117.7300033569336,117.77999877929688,117.20999908447266,117.44999694824219,5760700
2014-08-26,83.42440795898438,117.3499984741211,117.98999786376953,117.20999908447266,117.94000244140625,5487600
2014-08-27,84.13528442382812,118.3499984741211,118.41000366210938,117.4000015258789,117.69999694824219,7265800
2014-08-28,84.57609558105469,118.97000122070312,119.37000274658203,118.66999816894531,119.12999725341797,9463600
2014-08-29,84.63297271728516,119.05000305175781,119.43000030517578,118.75,118.91999816894531,8512900
2014-09-02,83.17300415039062,116.7300033569336,117.37999725341797,116.69999694824219,117.27999877929688,10506000
2014-09-03,83.63614654541016,117.37999725341797,117.37999725341797,116.30999755859375,116.4000015258789,6553900
2014-09-04,82.61721801757812,115.94999694824219,116.87999725341797,115.93000030517578,116.62000274658203,12528900
2014-09-05,82.46044158935547,115.7300033569336,116.5999984741211,115.44000244140625,116.44000244140625,6886000
2014-09-08,82.49605560302734,115.77999877929688,116.62999725341797,115.44999694824219,116.41000366210938,9326400
2014-09-09,82.43196868896484,115.69000244140625,115.88999938964844,115.44999694824219,115.48999786376953,5353100
2014-09-10,81.91178131103516,114.95999908447266,115.12000274658203,114.79000091552734,114.97000122070312,8729400
2014-09-11,81.64105987548828,114.58000183105469,115.54000091552734,114.56999969482422,115.26000213623047,9274800
2014-09-12,80.78600311279297,113.37999725341797,113.91999816894531,113.22000122070312,113.69000244140625,11114900
2014-09-15,80.90716552734375,113.55000305175781,114.06999969482422,113.36000061035156,113.8499984741211,5510700
2014-09-16,80.57938385009766,113.08999633789062,113.86000061035156,113.08000183105469,113.61000061035156,9304700
2014-09-17,80.37274169921875,112.80000305175781,113.83000183105469,112.7300033569336,113.52999877929688,12917000
2014-09-18,80.62931823730469,113.16000366210938,113.4800033569336,112.8499984741211,113.18000030517578,7031200
2014-09-19,81.65526580810547,114.5999984741211,114.68000030517578,113.19999694824219,113.58000183105469,13236900
2014-09-22,81.75504302978516,114.73999786376953,115.04000091552734,114.44000244140625,114.66000366210938,6617200
2014-09-23,82.26094818115234,115.44999694824219,115.47000122070312,114.7699966430664,114.91000366210938,6362400
2014-09-24,81.80493927001953,114.80999755859375,115.55000305175781,114.63999938964844,115.29000091552734,5223300
2014-09-25,82.7739486694336,116.16999816894531,116.18000030517578,115.30999755859375,115.30999755859375,8947800
2014-09-26,82.65286254882812,116.0,116.29000091552734,115.62000274658203,116.0199966430664,7799600
2014-09-29,83.31548309326172,116.93000030517578,117.16999816894531,116.66000366210938,117.0,6791800
2014-09-30,82.8451919555664,116.2699966430664,117.04000091552734,116.12999725341797,116.66000366210938,7277500
2014-10-01,84.45167541503906,118.2300033569336,118.26000213623047,116.83000183105469,116.88999938964844,17194900
2014-10-02,83.71592712402344,117.19999694824219,118.19999694824219,117.13999938964844,117.83000183105469,8251800
2014-10-03,84.07310485839844,117.69999694824219,117.7699966430664,116.83000183105469,117.0,8561500
2014-10-06,84.12312316894531,117.7699966430664,118.19000244140625,117.36000061035156,117.62000274658203,4485500
2014-10-07,85.25886535644531,119.36000061035156,119.43000030517578,118.18000030517578,118.30999755859375,8837700
2014-10-08,85.28025817871094,119.38999938964844,119.5199966430664,118.51000213623047,119.44999694824219,9391300
2014-10-09,84.9088363647461,118.87000274658203,119.66999816894531,118.77999877929688,119.2699966430664,10291700
2014-10-10,85.7516860961914,120.05000305175781,120.08000183105469,119.30999755859375,119.5199966430664,8774400
2014-10-13,86.27313232421875,120.77999877929688,121.16999816894531,120.05000305175781,120.16000366210938,6450700
2014-10-14,86.83744812011719,121.56999969482422,121.77999877929688,120.68000030517578,121.30999755859375,11285400
2014-10-15,87.52315521240234,122.52999877929688,127.68000030517578,121.83999633789062,124.58000183105469,37407500
2014-10-16,86.96604919433594,121.75,124.12999725341797,121.44000244140625,124.12000274658203,18096600
2014-10-17,86.48027038574219,121.06999969482422,121.70999908447266,120.4800033569336,121.19000244140625,8524300
2014-10-20,86.79457092285156,121.51000213623047,121.8499984741211,120.94000244140625,121.77999877929688,7742500
2014-10-21,86.10172271728516,120.54000091552734,121.23999786376953,120.52999877929688,120.83999633789062,9754700
2014-10-22,86.19454193115234,120.66999816894531,120.8499984741211,120.22000122070312,120.47000122070312,9260200
2014-10-23,85.43030548095703,119.5999984741211,120.18000030517578,119.05999755859375,120.04000091552734,10936300
2014-10-24,85.51598358154297,119.72000122070312,120.41000366210938,119.47000122070312,119.93000030517578,5704900
2014-10-27,85.67314910888672,119.94000244140625,120.2699966430664,119.66000366210938,119.88999938964844,3391900
2014-10-28,85.13740539550781,119.19000244140625,119.6500015258789,119.08000183105469,119.4800033569336,5141300
2014-10-29,85.33026123046875,119.45999908447266,119.81999969482422,118.41999816894531,118.95999908447266,9105100
2014-10-30,85.40172576904297,119.55999755859375,120.45999908447266,119.51000213623047,120.31999969482422,7024400
2014-10-31,85.18028259277344,119.25,119.70999908447266,118.83000183105469,119.33999633789062,6664200
2014-11-03,85.18029022216797,118.95999908447266,119.16000366210938,118.20999908447266,118.9000015258789,9726600
2014-11-04,85.4452133178711,119.33000183105469,119.91000366210938,119.08000183105469,119.41999816894531,3664800
2014-11-05,85.32350158691406,119.16000366210938,119.37000274658203,118.81999969482422,118.91000366210938,4799600
2014-11-06,84.77214050292969,118.38999938964844,118.93000030517578,118.30999755859375,118.5999984741211,5901900
2014-11-07,85.74594116210938,119.75,119.75,118.68000030517578,118.72000122070312,8550500
2014-11-10,84.95830535888672,118.6500015258789,119.58000183105469,118.55999755859375,119.58000183105469,4787300
2014-11-11,85.01554870605469,118.7300033569336,118.80999755859375,118.33999633789062,118.4800033569336,2416500
2014-11-12,84.94400024414062,118.62999725341797,119.52999877929688,118.44999694824219,119.19999694824219,4040800
2014-11-13,85.1445083618164,118.91000366210938,119.18000030517578,118.44000244140625,118.69999694824219,4475900
2014-11-14,85.55976104736328,119.48999786376953,119.58999633789062,118.68000030517578,118.83999633789062,5191200
2014-11-17,85.344970703125,119.19000244140625,119.79000091552734,118.87999725341797,119.77999877929688,4726200
2014-11-18,85.58126831054688,119.5199966430664,119.58000183105469,119.16000366210938,119.31999969482422,4471200
2014-11-19,85.03707885742188,118.76000213623047,119.58000183105469,118.76000213623047,118.87999725341797,5792500
2014-11-20,85.48096466064453,119.37999725341797,119.94999694824219,119.05999755859375,119.9000015258789,5683600
2014-11-21,85.99652099609375,120.0999984741211,120.16000366210938,119.5199966430664,119.56999969482422,3640100
2014-11-24,86.06818389892578,120.19999694824219,120.2699966430664,119.55000305175781,119.66999816894531,4033900
2014-11-25,86.78421020507812,121.19999694824219,121.2699966430664,120.30999755859375,120.37000274658203,6770000
2014-11-26,87.02050018310547,121.52999877929688,121.87000274658203,121.47000122070312,121.63999938964844,4339100
2014-11-28,87.70787811279297,122.48999786376953,122.66999816894531,122.12999725341797,122.12999725341797,4562200
2014-12-01,87.19618225097656,121.5,122.80999755859375,121.45999908447266,122.68000030517578,7728600
2014-12-02,86.3493423461914,120.31999969482422,120.8499984741211,120.29000091552734,120.83999633789062,5757200
2014-12-03,86.6866226196289,120.79000091552734,120.80000305175781,120.12999725341797,120.30000305175781,4868600
2014-12-04,87.41149139404297,121.80000305175781,121.80000305175781,120.62000274658203,120.75,4250500
2014-12-05,86.90193176269531,121.08999633789062,121.5999984741211,120.5199966430664,121.56999969482422,8030700
2014-12-08,87.96410369873047,122.56999969482422,122.83999633789062,121.13999938964844,121.41999816894531,6021800
2014-12-09,88.41624450683594,123.19999694824219,123.97000122070312,122.95999908447266,123.5999984741211,6639700
2014-12-10,89.06208801269531,124.0999984741211,124.4000015258789,123.08000183105469,123.18000030517578,6439200
2014-12-11,89.42816162109375,124.61000061035156,124.61000061035156,123.29000091552734,123.73999786376953,7863500
2014-12-12,90.64100646972656,126.30000305175781,126.3499984741211,125.0199966430664,125.44999694824219,9317400
2014-12-15,90.45436096191406,126.04000091552734,126.69999694824219,125.43000030517578,125.63999938964844,9387400
2014-12-16,91.57394409179688,127.5999984741211,127.72000122070312,126.36000061035156,127.36000061035156,7426400
2014-12-17,90.74861145019531,126.44999694824219,127.19000244140625,125.69999694824219,126.91000366210938,11558800
2014-12-18,89.13387298583984,124.19999694824219,125.0999984741211,124.19999694824219,124.93000030517578,12758200
2014-12-19,90.3323974609375,125.87000274658203,125.94999694824219,124.44000244140625,124.58000183105469,7894500
2014-12-22,90.45436096191406,126.04000091552734,126.19000244140625,125.31999969482422,125.44999694824219,4118800
2014-12-23,88.66023254394531,123.54000091552734,125.5999984741211,123.48999786376953,125.44999694824219,7406100
2014-12-24,89.1427993774414,123.94999694824219,124.05999755859375,122.93000030517578,123.05999755859375,4871400
2014-12-26,89.4736328125,124.41000366210938,124.58999633789062,124.0199966430664,124.55000305175781,2921300
2014-12-29,90.1424560546875,125.33999633789062,125.66000366210938,124.80999755859375,124.91000366210938,4070700
2014-12-30,90.3869857788086,125.68000030517578,126.20999908447266,125.52999877929688,125.9800033569336,4372600
2014-12-31,90.55960845947266,125.91999816894531,126.16999816894531,125.6500015258789,125.69999694824219,4993300
2015-01-02,91.56641387939453,127.31999969482422,127.66000366210938,126.1500015258789,126.29000091552734,9432000
2015-01-05,93.00482177734375,129.32000732421875,129.6300048828125,127.95999908447266,128.00999450683594,9789500
2015-01-06,94.68052673339844,131.64999389648438,132.49000549316406,130.19000244140625,130.6999969482422,18331300
2015-01-07,94.4935302734375,131.38999938964844,131.97000122070312,130.1699981689453,130.6999969482422,9762900
2015-01-08,93.2421875,129.64999389648438,130.3699951171875,129.4199981689453,130.36000061035156,8055300
2015-01-09,94.26341247558594,131.07000732421875,131.11000061035156,129.0399932861328,129.1999969482422,9398800
2015-01-12,94.80280303955078,131.82000732421875,132.30999755859375,130.9199981689453,131.0,6658100
2015-01-13,94.80280303955078,131.82000732421875,132.61000061035156,131.13999938964844,131.38999938964844,8260800
2015-01-14,95.52200317382812,132.82000732421875,134.1199951171875,132.6999969482422,133.72000122070312,12324500
2015-01-15,97.02510070800781,134.91000366210938,135.02999877929688,132.67999267578125,132.85000610351562,11454200
2015-01-16,95.78802490234375,133.19000244140625,134.67999267578125,133.02999877929688,134.3300018310547,9390500
2015-01-20,97.06098175048828,134.9600067138672,135.11000061035156,134.07000732421875,134.1300048828125,7758700
2015-01-21,95.93911743164062,133.39999389648438,135.58999633789062,132.9600067138672,135.1999969482422,9803900
2015-01-22,95.5938491821289,132.9199981689453,134.17999267578125,132.27999877929688,134.0,10200000
2015-01-23,96.92437744140625,134.77000427246094,135.1199951171875,134.14999389648438,134.3000030517578,7334600
2015-01-26,96.62948608398438,134.36000061035156,135.19000244140625,134.0500030517578,134.83999633789062,5966500
2015-01-27,96.78056335449219,134.57000732421875,136.1300048828125,134.14999389648438,135.72999572753906,8079600
2015-01-28,98.36271667480469,136.77000427246094,137.41000366210938,134.6999969482422,134.75,12230300
2015-01-29,97.7154541015625,135.8699951171875,136.6699981689453,135.4600067138672,136.1199951171875,8881400
2015-01-30,99.44871520996094,138.27999877929688,138.5,137.17999267578125,137.7100067138672,14871200
2015-02-02,99.07328033447266,137.47999572753906,137.9199981689453,136.66000366210938,136.6999969482422,13689900
2015-02-03,96.9762191772461,134.57000732421875,135.7899932861328,134.3699951171875,135.64999389648438,14008700
2015-02-04,97.14189910888672,134.8000030517578,134.99000549316406,133.1199951171875,133.49000549316406,11360400
2015-02-05,96.07539367675781,133.32000732421875,134.22999572753906,133.11000061035156,134.0,8334600
2015-02-06,94.37467193603516,130.9600067138672,132.35000610351562,130.58999633789062,132.0500030517578,13685600
2015-02-09,94.22334289550781,130.75,131.97999572753906,130.75,131.97000122070312,8025500
2015-02-10,93.47393035888672,129.7100067138672,130.47000122070312,129.44000244140625,130.13999938964844,8290700
2015-02-11,93.64686584472656,129.9499969482422,130.27000427246094,128.9600067138672,129.6999969482422,6506400
2015-02-12,93.33699798583984,129.52000427246094,130.5399932861328,129.4499969482422,129.66000366210938,12548300
2015-02-13,92.37850952148438,128.19000244140625,129.52999877929688,128.08999633789062,129.50999450683594,8325200
2015-02-17,90.98770141601562,126.26000213623047,127.93000030517578,125.91999816894531,127.80000305175781,14968800
2015-02-18,91.5281753540039,127.01000213623047,127.73999786376953,126.47000122070312,126.81999969482422,14009200
2015-02-19,90.92285919189453,126.16999816894531,127.44999694824219,126.16999816894531,126.77999877929688,8584800
2015-02-20,91.18948364257812,126.54000091552734,128.00999450683594,126.0,127.05000305175781,12502500
2015-02-23,92.2343978881836,127.98999786376953,128.1699981689453,127.16000366210938,127.19000244140625,7500500
2015-02-24,93.4450454711914,129.6699981689453,129.7899932861328,127.18000030517578,127.6500015258789,11958300
2015-02-25,93.8486328125,130.22999572753906,130.38999938964844,129.0800018310547,129.4600067138672,8019800
2015-02-26,92.56586456298828,128.4499969482422,130.3000030517578,128.39999389648438,129.6999969482422,11020500
2015-02-27,93.34420776367188,129.52999877929688,129.6199951171875,128.27000427246094,129.02000427246094,9225100
2015-03-02,91.6054916381836,126.87000274658203,129.07000732421875,126.7699966430664,129.0,11324000
2015-03-03,91.27335357666016,126.41000366210938,127.37000274658203,126.37999725341797,126.88999938964844,8599000
2015-03-04,91.3022232055664,126.44999694824219,127.04000091552734,126.16000366210938,126.94000244140625,6478900
2015-03-05,91.18671417236328,126.29000091552734,126.87999725341797,125.9000015258789,126.52999877929688,6045000
2015-03-06,89.17227172851562,123.5,124.83000183105469,122.97000122070312,124.66999816894531,20022900
2015-03-09,89.99536895751953,124.63999938964844,124.87000274658203,124.12999725341797,124.68000030517578,8889100
2015-03-10,91.17949676513672,126.27999877929688,126.44000244140625,125.76000213623047,125.97000122070312,9277900
2015-03-11,91.84378051757812,127.19999694824219,127.45999908447266,126.12000274658203,126.26000213623047,6663100
2015-03-12,91.7787857055664,127.11000061035156,128.1999969482422,126.72000122070312,128.1999969482422,10295900
2015-03-13,91.49720001220703,126.72000122070312,127.58999633789062,126.48999786376953,126.76000213623047,7247200
2015-03-16,92.3780746459961,127.94000244140625,128.14999389648438,127.2699966430664,127.94000244140625,6374600
2015-03-17,93.14344787597656,129.0,129.11000061035156,128.27999877929688,128.5500030517578,6314000
2015-03-18,94.94131469726562,131.49000549316406,131.52999877929688,128.61000061035156,129.91000366210938,13981900
2015-03-19,94.45757293701172,130.82000732421875,131.6199951171875,130.27000427246094,131.1999969482422,9543800
2015-03-20,94.95578002929688,131.50999450683594,131.6999969482422,131.13999938964844,131.22000122070312,5953800
2015-03-23,94.84025573730469,131.35000610351562,131.75,130.99000549316406,131.6999969482422,5555500
2015-03-24,95.75724792480469,132.6199951171875,132.63999938964844,131.47999572753906,131.8300018310547,6713000
2015-03-25,94.94855499267578,131.5,132.75999450683594,131.4600067138672,132.72000122070312,5635800
2015-03-26,93.46839904785156,129.4499969482422,131.13999938964844,129.17999267578125,131.0500030517578,9536300
2015-03-27,94.63086700439453,131.05999755859375,131.1300048828125,129.97999572753906,130.02999877929688,7907900
2015-03-30,94.16150665283203,130.41000366210938,131.0,130.08999633789062,130.89999389648438,7010600
2015-03-31,94.36369323730469,130.69000244140625,130.9600067138672,129.91000366210938,130.24000549316406,6844300
2015-04-01,95.60314178466797,132.1300048828125,132.47999572753906,131.3000030517578,131.3300018310547,9273900
2015-04-02,94.59017181396484,130.72999572753906,131.97000122070312,130.61000061035156,131.92999267578125,6663400
2015-04-06,94.06195831298828,130.0,131.47999572753906,129.72000122070312,131.42999267578125,5923800
2015-04-07,94.85066986083984,131.08999633789062,131.22000122070312,129.85000610351562,130.22999572753906,4764900
2015-04-08,94.87958526611328,131.1300048828125,131.36000061035156,130.02000427246094,131.02000427246094,5378900
2015-04-09,93.64957427978516,129.42999267578125,130.9199981689453,129.1300048828125,130.8699951171875,6484200
2015-04-10,93.78702545166016,129.6199951171875,130.4499969482422,129.5500030517578,130.32000732421875,4843000
2015-04-13,93.91729736328125,129.8000030517578,129.97999572753906,129.38999938964844,129.52999877929688,4010600
2015-04-14,94.58293151855469,130.72000122070312,131.86000061035156,130.47999572753906,131.30999755859375,6075500
2015-04-15,94.50334930419922,130.61000061035156,131.27000427246094,130.32000732421875,131.0500030517578,4425200
2015-04-16,94.03303527832031,129.9600067138672,130.86000061035156,129.41000366210938,130.8300018310547,7085500
2015-04-17,95.11112213134766,131.4499969482422,131.6999969482422,129.6999969482422,129.77000427246094,7268800
2015-04-20,94.27174377441406,130.2899932861328,131.00999450683594,129.92999267578125,130.94000244140625,4949400
2015-04-21,93.84496307373047,129.6999969482422,130.4499969482422,129.55999755859375,130.22999572753906,4563800
2015-04-22,92.41232299804688,127.72000122070312,129.5500030517578,127.54000091552734,129.5,9707600
2015-04-23,92.81022644042969,128.27000427246094,128.85000610351562,127.61000061035156,127.80000305175781,6843400
2015-04-24,93.38906860351562,129.07000732421875,129.42999267578125,128.58999633789062,128.63999938964844,4773000
2015-04-27,93.38906860351562,129.07000732421875,129.5,128.3699951171875,129.07000732421875,4334900
2015-04-28,92.10116577148438,127.29000091552734,128.74000549316406,127.26000213623047,128.1699981689453,7464300
2015-04-29,90.972412109375,125.7300033569336,126.44000244140625,125.27999877929688,125.80999755859375,11554800
2015-04-30,91.13160705566406,125.94999694824219,126.16999816894531,124.51000213623047,125.04000091552734,12876000
2015-05-01,89.90483093261719,124.0,125.04000091552734,123.69000244140625,124.7300033569336,12378500
2015-05-04,89.05655670166016,122.83000183105469,124.52999877929688,122.72000122070312,124.30000305175781,9144700
2015-05-05,88.93326568603516,122.66000366210938,123.02999877929688,121.69000244140625,122.86000061035156,13935500
2015-05-06,87.41069030761719,120.55999755859375,122.05999755859375,120.37000274658203,121.98999786376953,14355000
2015-05-07,88.58529663085938,122.18000030517578,122.56999969482422,121.3499984741211,121.43000030517578,11933700
2015-05-08,88.82454681396484,122.51000213623047,123.55000305175781,122.30999755859375,123.37999725341797,11716400
2015-05-11,86.66390228271484,119.52999877929688,121.6500015258789,119.5,121.62000274658203,13738600
2015-05-12,86.8886489868164,119.83999633789062,120.62999725341797,118.81999969482422,119.13999938964844,15861700
2015-05-13,86.19261169433594,118.87999725341797,120.72000122070312,118.63999938964844,120.6500015258789,15760000
2015-05-14,86.42462158203125,119.19999694824219,119.83000183105469,118.69000244140625,118.91999816894531,9128400
2015-05-15,88.1574935913086,121.58999633789062,121.91000366210938,120.29000091552734,120.37999725341797,12630600
2015-05-18,86.67840576171875,119.55000305175781,120.43000030517578,119.47000122070312,120.31999969482422,10208300
2015-05-19,85.90985107421875,118.48999786376953,119.83999633789062,118.12999725341797,118.2699966430664,8435300
2015-05-20,86.05488586425781,118.69000244140625,119.44999694824219,118.18000030517578,118.7699966430664,7789700
2015-05-21,87.25843048095703,120.3499984741211,120.61000061035156,119.44999694824219,119.58000183105469,11760700
2015-05-22,87.29467010498047,120.4000015258789,120.75,119.80000305175781,120.6500015258789,5417900
2015-05-26,88.78823852539062,122.45999908447266,122.55000305175781,120.73999786376953,120.83999633789062,10469700
2015-05-27,88.99124908447266,122.73999786376953,122.86000061035156,121.61000061035156,122.18000030517578,6490300
2015-05-28,88.7738037109375,122.44000244140625,123.02999877929688,122.22000122070312,122.5,6237600
2015-05-29,88.96952056884766,122.70999908447266,123.56999969482422,122.51000213623047,123.2300033569336,7912000
2015-06-01,88.0132827758789,121.12999725341797,122.37999725341797,120.69000244140625,122.11000061035156,13108100
2015-06-02,86.7853775024414,119.44000244140625,120.26000213623047,119.11000061035156,120.16999816894531,10076200
2015-06-03,85.39026641845703,117.5199966430664,118.5999984741211,117.19999694824219,118.38999938964844,14810900
2015-06-04,86.50200653076172,119.05000305175781,119.29000091552734,118.13999938964844,118.26000213623047,10859300
2015-06-05,85.44839477539062,117.5999984741211,118.56999969482422,117.37999725341797,117.83999633789062,11200200
2015-06-08,85.35396575927734,117.47000122070312,118.16000366210938,117.37000274658203,117.95999908447266,5334000
2015-06-09,84.67819213867188,116.54000091552734,117.12999725341797,116.11000061035156,117.05999755859375,12393900
2015-06-10,83.93706512451172,115.5199966430664,116.12999725341797,115.26000213623047,115.91999816894531,12183600
2015-06-11,85.7027359008789,117.94999694824219,117.97000122070312,116.23999786376953,116.55999755859375,13849300
2015-06-12,85.7027359008789,117.94999694824219,119.06999969482422,117.55000305175781,117.58999633789062,7863100
2015-06-15,85.84076690673828,118.13999938964844,119.05999755859375,117.73999786376953,118.88999938964844,8194200
2015-06-16,86.51651000976562,119.06999969482422,119.08000183105469,117.94000244140625,118.61000061035156,7046400
2015-06-17,85.84807586669922,118.1500015258789,118.62999725341797,117.25,118.5,13626100
2015-06-18,85.42659759521484,117.56999969482422,117.73999786376953,116.75,117.37000274658203,10123300
2015-06-19,86.52376556396484,119.08000183105469,119.19000244140625,118.48999786376953,118.51000213623047,10439200
2015-06-22,84.75812530517578,116.6500015258789,118.13999938964844,116.58999633789062,117.83999633789062,9769000
2015-06-23,84.24951934814453,115.94999694824219,116.95999908447266,115.69000244140625,115.7300033569336,8945100
2015-06-24,84.97608947753906,116.94999694824219,117.16999816894531,116.16000366210938,116.51000213623047,8600400
2015-06-25,84.67819213867188,116.54000091552734,117.08000183105469,116.19000244140625,116.58999633789062,8287800
2015-06-26,83.72636413574219,115.2300033569336,115.87000274658203,114.87999725341797,115.66999816894531,11673000
2015-06-29,85.94251251220703,118.27999877929688,118.66999816894531,116.45999908447266,116.95999908447266,17132900
2015-06-30,85.34668731689453,117.45999908447266,118.69999694824219,117.33000183105469,117.4000015258789,13469000
2015-07-01,84.19469451904297,115.62000274658203,116.36000061035156,115.43000030517578,115.81999969482422,12451500
2015-07-02,84.47138977050781,116.0,116.66000366210938,115.87999725341797,116.31999969482422,6682100
2015-07-06,86.03701782226562,118.1500015258789,118.6500015258789,117.05999755859375,118.05000305175781,10605800
2015-07-07,86.84534454345703,119.26000213623047,120.48999786376953,118.94999694824219,119.66000366210938,16160100
2015-07-08,87.59538269042969,120.29000091552734,120.56999969482422,119.5,120.0199966430664,9951800
2015-07-09,85.86958312988281,117.91999816894531,119.12000274658203,117.8499984741211,118.69999694824219,11108900
2015-07-10,84.5078125,116.05000305175781,116.72000122070312,115.76000213623047,116.04000091552734,13636600
2015-07-13,84.2456283569336,115.69000244140625,116.45999908447266,115.38999938964844,115.38999938964844,8006700
2015-07-14,84.52236938476562,116.06999969482422,116.2699966430664,115.66000366210938,116.0199966430664,4227800
2015-07-15,85.41803741455078,117.30000305175781,117.55000305175781,116.04000091552734,116.11000061035156,8720400
2015-07-16,86.0079116821289,118.11000061035156,118.16000366210938,116.87000274658203,116.88999938964844,7306500
2015-07-17,86.45209503173828,118.72000122070312,118.88999938964844,118.36000061035156,118.37000274658203,7404900
2015-07-20,86.0879898071289,118.22000122070312,118.6500015258789,117.9000015258789,118.29000091552734,5941000
2015-07-21,86.55404663085938,118.86000061035156,118.93000030517578,117.66000366210938,117.68000030517578,5627500
2015-07-22,87.09288024902344,119.5999984741211,119.9000015258789,118.94999694824219,119.01000213623047,6228900
2015-07-23,88.17792510986328,121.08999633789062,121.19999694824219,119.44999694824219,119.5999984741211,9087700
2015-07-24,88.39641571044922,121.38999938964844,121.55000305175781,120.91999816894531,121.5,7307900
2015-07-27,88.86969757080078,122.04000091552734,122.29000091552734,121.4800033569336,122.19000244140625,8172000
2015-07-28,88.22167205810547,121.1500015258789,121.56999969482422,120.9000015258789,121.16000366210938,9128200
2015-07-29,87.89392852783203,120.69999694824219,121.16999816894531,120.41999816894531,121.0199966430664,6706400
2015-07-30,88.57118225097656,121.62999725341797,121.94000244140625,121.1500015258789,121.20999908447266,6146600
2015-07-31,89.2265396118164,122.52999877929688,122.9000015258789,122.05999755859375,122.44000244140625,9178400
2015-08-03,90.165771484375,123.55000305175781,123.75,122.31999969482422,122.31999969482422,11753700
2015-08-04,89.45059967041016,122.56999969482422,123.31999969482422,122.45999908447266,123.16000366210938,6448800
2015-08-05,88.77920532226562,121.6500015258789,121.91000366210938,121.19000244140625,121.7699966430664,7574400
2015-08-06,89.56734466552734,122.7300033569336,122.87000274658203,122.0,122.0,6118100
2015-08-07,90.74230194091797,124.33999633789062,124.5,123.23999786376953,123.30000305175781,8317000
2015-08-10,89.61844635009766,122.80000305175781,123.56999969482422,122.5199966430664,123.41000366210938,7461700
2015-08-11,91.04155731201172,124.75,125.12999725341797,124.16000366210938,124.30000305175781,11145700
2015-08-12,90.54524993896484,124.06999969482422,125.70999908447266,124.0,124.93000030517578,8455200
2015-08-13,90.25331115722656,123.66999816894531,124.41999816894531,123.22000122070312,123.83000183105469,7691400
2015-08-14,90.46500396728516,123.95999908447266,124.37000274658203,123.19999694824219,123.47000122070312,4324700
2015-08-17,90.87374877929688,124.5199966430664,125.0999984741211,124.38999938964844,124.70999908447266,7880300
2015-08-18,90.15851593017578,123.54000091552734,124.29000091552734,123.37999725341797,123.80000305175781,5024300
2015-08-19,91.04888916015625,124.76000213623047,124.93000030517578,122.98999786376953,123.05999755859375,10736000
2015-08-20,91.96841430664062,126.0199966430664,126.0999984741211,125.18000030517578,125.37000274658203,9078300
2015-08-21,92.24571228027344,126.4000015258789,126.73999786376953,125.58999633789062,126.16000366210938,10718300
2015-08-24,92.21650695800781,126.36000061035156,128.9199981689453,125.81999969482422,128.30999755859375,16663400
2015-08-25,90.73502349853516,124.33000183105469,124.79000091552734,123.55999755859375,124.55000305175781,15354800
2015-08-26,88.9834976196289,121.93000030517578,123.51000213623047,121.36000061035156,123.0,16429900
2015-08-27,89.03460693359375,122.0,122.87000274658203,121.6500015258789,121.81999969482422,9127000
2015-08-28,89.29735565185547,122.36000061035156,123.47000122070312,122.2300033569336,123.1500015258789,9946200
2015-08-31,88.61131286621094,121.41999816894531,123.47000122070312,121.33999633789062,123.36000061035156,8617600
2015-09-01,89.24986267089844,122.02999877929688,122.08999633789062,120.9800033569336,121.63999938964844,15298200
2015-09-02,88.48186492919922,120.9800033569336,121.9800033569336,120.86000061035156,121.41999816894531,9515200
2015-09-03,88.91339874267578,121.56999969482422,121.66999816894531,120.70999908447266,121.37999725341797,7042500
2015-09-04,89.72520446777344,122.68000030517578,122.93000030517578,121.81999969482422,122.44999694824219,7951300
2015-09-08,88.40145111083984,120.87000274658203,121.55999755859375,120.76000213623047,121.37999725341797,7049500
2015-09-09,88.82559204101562,121.44999694824219,121.70999908447266,119.55999755859375,119.62999725341797,7441900
2015-09-10,88.22589874267578,120.62999725341797,121.19000244140625,120.44999694824219,121.0199966430664,6789700
2015-09-11,88.78175354003906,121.38999938964844,122.08000183105469,121.33000183105469,121.47000122070312,5890900
2015-09-14,88.92070770263672,121.58000183105469,122.1500015258789,121.27999877929688,121.94999694824219,4221700
2015-09-15,87.21659088134766,119.25,121.05000305175781,119.12000274658203,120.88999938964844,11895000
2015-09-16,86.88752746582031,118.80000305175781,119.44000244140625,118.55000305175781,118.95999908447266,6949800
2015-09-17,87.94795227050781,120.25,120.37000274658203,118.7300033569336,118.87999725341797,19843600
2015-09-18,89.30101776123047,122.0999984741211,122.19999694824219,121.12999725341797,121.20999908447266,14963300
2015-09-21,87.84562683105469,120.11000061035156,121.11000061035156,119.77999877929688,121.01000213623047,10085600
2015-09-22,89.0670166015625,121.77999877929688,122.38999938964844,121.13999938964844,121.44000244140625,9968200
2015-09-23,89.05966186523438,121.7699966430664,122.06999969482422,120.98999786376953,121.62000274658203,6769900
2015-09-24,89.66670227050781,122.5999984741211,123.68000030517578,122.48999786376953,123.16999816894531,9605800
2015-09-25,88.89144134521484,121.54000091552734,121.93000030517578,121.2699966430664,121.6500015258789,8383700
2015-09-28,90.41265106201172,123.62000274658203,123.7699966430664,122.19999694824219,122.19999694824219,9833400
2015-09-29,90.66868591308594,123.97000122070312,124.29000091552734,123.25,123.54000091552734,9006100
2015-09-30,90.35421752929688,123.54000091552734,123.80000305175781,123.12000274658203,123.41000366210938,9832600
2015-10-01,90.73969268798828,123.80999755859375,124.5199966430664,123.66000366210938,124.08000183105469,9069400
2015-10-02,91.28936004638672,124.55999755859375,126.20999908447266,124.18000030517578,125.58999633789062,13000400
2015-10-05,90.05078887939453,122.87000274658203,123.83000183105469,122.77999877929688,123.72000122070312,11362700
2015-10-06,90.4392318725586,123.4000015258789,123.5999984741211,122.41000366210938,122.55000305175781,5687800
2015-10-07,90.1386947631836,122.98999786376953,123.33000183105469,122.51000213623047,122.80999755859375,6712800
2015-10-08,89.38384246826172,121.95999908447266,123.37000274658203,121.66000366210938,123.29000091552734,12882300
2015-10-09,89.61836242675781,122.27999877929688,122.63999938964844,121.9000015258789,121.97000122070312,9038100
2015-10-12,90.29999542236328,123.20999908447266,123.43000030517578,122.91000366210938,123.02999877929688,4241000
2015-10-13,90.4538345336914,123.41999816894531,123.5999984741211,122.80000305175781,123.52999877929688,6147200
2015-10-14,91.24537658691406,124.5,124.55000305175781,123.30000305175781,123.69999694824219,9738100
2015-10-15,90.79830932617188,123.88999938964844,124.45999908447266,123.77999877929688,124.30999755859375,6924300
2015-10-16,90.8276138305664,123.93000030517578,124.47000122070312,123.87000274658203,124.25,8048300
2015-10-19,90.5784683227539,123.58999633789062,123.97000122070312,122.91000366210938,123.79000091552734,6238400
2015-10-20,90.02143859863281,122.83000183105469,122.97000122070312,122.55000305175781,122.80000305175781,6431300
2015-10-21,90.91558837890625,124.05000305175781,124.22000122070312,123.47000122070312,123.61000061035156,6603800
2015-10-22,91.06952667236328,124.26000213623047,124.77999877929688,123.51000213623047,124.0999984741211,6934100
2015-10-23,90.29264068603516,123.19999694824219,123.45999908447266,122.8499984741211,123.0999984741211,7058200
2015-10-26,90.89360046386719,124.0199966430664,124.19999694824219,123.80999755859375,123.87000274658203,5859800
2015-10-27,91.12078857421875,124.33000183105469,124.9000015258789,124.16000366210938,124.51000213623047,7156800
2015-10-28,90.75439453125,123.83000183105469,124.33999633789062,123.30000305175781,124.2699966430664,8468700
2015-10-29,89.31057739257812,121.86000061035156,123.22000122070312,121.69999694824219,123.18000030517578,12108000
2015-10-30,89.9848403930664,122.77999877929688,122.80999755859375,122.0199966430664,122.23999786376953,11861400
2015-11-02,89.57128143310547,121.94999694824219,122.18000030517578,121.68000030517578,121.77999877929688,8751000
2015-11-03,88.83680725097656,120.94999694824219,121.73999786376953,120.79000091552734,121.6500015258789,8921600
2015-11-04,88.93964385986328,121.08999633789062,121.54000091552734,120.69999694824219,121.0999984741211,5980800
2015-11-05,88.70458221435547,120.7699966430664,121.05999755859375,120.30000305175781,121.05000305175781,7268400
2015-11-06,87.40454864501953,119.0,119.52999877929688,118.73999786376953,119.48999786376953,10604700
2015-11-09,86.91243743896484,118.33000183105469,118.9000015258789,118.0,118.0999984741211,9159500
2015-11-10,87.16950988769531,118.68000030517578,119.20999908447266,118.37999725341797,118.5,6712500
2015-11-11,86.98587036132812,118.43000030517578,118.58000183105469,118.2699966430664,118.3499984741211,2857900
2015-11-12,87.40454864501953,119.0,119.44000244140625,118.69999694824219,118.75,6805700
2015-11-13,87.90400695800781,119.68000030517578,119.9000015258789,119.22000122070312,119.31999969482422,7906600
2015-11-16,87.8232421875,119.56999969482422,120.0,119.12999725341797,119.79000091552734,5485300
2015-11-17,87.97012329101562,119.7699966430664,120.12999725341797,118.66000366210938,119.0,5122900
2015-11-18,88.15374755859375,120.0199966430664,120.19000244140625,119.36000061035156,119.58000183105469,5233900
2015-11-19,88.7413101196289,120.81999969482422,121.1500015258789,120.68000030517578,120.87999725341797,6643000
2015-11-20,88.4695816040039,120.44999694824219,121.04000091552734,120.27999877929688,120.93000030517578,5971000
2015-11-23,88.7413101196289,120.81999969482422,121.12000274658203,120.31999969482422,120.52999877929688,5436300
2015-11-24,88.73395538330078,120.80999755859375,121.19999694824219,120.58000183105469,120.9000015258789,3371500
2015-11-25,88.93964385986328,121.08999633789062,121.41999816894531,120.94999694824219,121.16999816894531,3280900
2015-11-27,88.85149383544922,120.97000122070312,121.31999969482422,120.95999908447266,121.25,2570600
2015-11-30,89.20403289794922,121.44999694824219,121.52999877929688,121.05999755859375,121.0999984741211,5179800
2015-12-01,90.40894317626953,122.83000183105469,122.8499984741211,121.26000213623047,121.26000213623047,12766600
2015-12-02,90.43840789794922,122.87000274658203,123.04000091552734,122.19000244140625,122.66000366210938,7345800
2015-12-03,87.98001098632812,119.52999877929688,121.4000015258789,118.98999786376953,121.36000061035156,16612200
2015-12-04,88.75286865234375,120.58000183105469,120.93000030517578,119.47000122070312,119.52999877929688,11843800
2015-12-07,89.61400604248047,121.75,122.45999908447266,120.80000305175781,120.80999755859375,9016700
2015-12-08,89.65819549560547,121.80999755859375,122.43000030517578,121.44999694824219,122.27999877929688,7257500
2015-12-09,89.56253814697266,121.68000030517578,122.1500015258789,120.51000213623047,121.3499984741211,8993900
2015-12-10,89.68026733398438,121.83999633789062,122.02999877929688,121.48999786376953,121.79000091552734,5606900
2015-12-11,91.09349060058594,123.76000213623047,124.0999984741211,122.87000274658203,123.02999877929688,12300000
2015-12-14,89.91581726074219,122.16000366210938,123.1500015258789,121.75,123.08000183105469,10661100
2015-12-15,89.38585662841797,121.44000244140625,121.5999984741211,120.83000183105469,121.0199966430664,8795500
2015-12-16,89.19446563720703,121.18000030517578,122.16999816894531,120.5,121.06999969482422,10988600
2015-12-17,90.20287322998047,122.55000305175781,122.77999877929688,121.63999938964844,121.77999877929688,9923000
2015-12-18,90.70336151123047,123.2300033569336,123.5199966430664,122.81999969482422,123.08000183105469,10171700
2015-12-21,90.68128967285156,123.19999694824219,123.77999877929688,122.91999816894531,123.43000030517578,7494900
2015-12-22,90.0262222290039,122.30999755859375,122.80000305175781,121.98999786376953,122.6500015258789,5445800
2015-12-23,89.34907531738281,121.38999938964844,121.61000061035156,120.87000274658203,121.2300033569336,7287100
2015-12-24,89.86093139648438,121.83000183105469,121.87000274658203,121.4000015258789,121.47000122070312,3364600
2015-12-28,90.12648010253906,122.19000244140625,122.66999816894531,121.8499984741211,121.98999786376953,7586600
2015-12-29,88.62915802001953,120.16000366210938,121.73999786376953,120.01000213623047,121.69000244140625,7787500
2015-12-30,88.5406723022461,120.04000091552734,120.54000091552734,119.66999816894531,119.91999816894531,5508900
2015-12-31,88.93896484375,120.58000183105469,120.86000061035156,120.25,120.56999969482422,7897700
2016-01-04,89.58064270019531,121.44999694824219,122.44999694824219,121.31999969482422,121.93000030517578,10591900
2016-01-05,89.21923065185547,120.95999908447266,121.5,120.66000366210938,120.87999725341797,6242600
2016-01-06,90.42151641845703,122.58999633789062,122.62000274658203,122.05000305175781,122.30000305175781,8916900
2016-01-07,90.58381652832031,122.80999755859375,122.93000030517578,121.79000091552734,122.68000030517578,10202200
2016-01-08,90.98949432373047,123.36000061035156,123.47000122070312,122.2300033569336,122.43000030517578,9577200
2016-01-11,89.99369812011719,122.01000213623047,122.79000091552734,121.86000061035156,122.04000091552734,10040300
2016-01-12,91.29185485839844,123.7699966430664,124.31999969482422,122.1500015258789,122.33999633789062,12897700
2016-01-13,92.19171905517578,124.98999786376953,125.5,123.2699966430664,123.52999877929688,15577600
2016-01-14,91.3287353515625,123.81999969482422,124.97000122070312,123.33999633789062,124.47000122070312,12873800
2016-01-15,92.75233459472656,125.75,125.95999908447266,125.08000183105469,125.4000015258789,13976300
2016-01-19,92.46464538574219,125.36000061035156,126.06999969482422,124.94999694824219,125.12999725341797,8926600
2016-01-20,93.43827056884766,126.68000030517578,127.91999816894531,126.41999816894531,126.9800033569336,17283300
2016-01-21,92.8039321899414,125.81999969482422,127.29000091552734,125.66999816894531,126.94000244140625,11001600
2016-01-22,92.44989013671875,125.33999633789062,125.52999877929688,124.5199966430664,124.91000366210938,10164300
2016-01-25,92.95149230957031,126.0199966430664,126.2699966430664,125.6500015258789,125.94999694824219,5738200
2016-01-26,92.99571228027344,126.08000183105469,126.45999908447266,125.75,125.98999786376953,5692600
2016-01-27,92.97360229492188,126.05000305175781,126.29000091552734,125.19000244140625,125.75,7957800
2016-01-28,93.10633850097656,126.2300033569336,126.41000366210938,125.45999908447266,125.54000091552734,10575400
2016-01-29,93.89559173583984,127.30000305175781,127.86000061035156,126.91999816894531,127.41000366210938,13170700
2016-02-01,93.60810089111328,126.66999816894531,127.06999969482422,126.29000091552734,126.79000091552734,9948400
2016-02-02,95.3447494506836,129.02000427246094,129.0399932861328,128.0,128.10000610351562,10400000
2016-02-03,94.55406188964844,127.94999694824219,129.94000244140625,127.91999816894531,128.27999877929688,13309000
2016-02-04,95.01221466064453,128.57000732421875,128.58999633789062,127.51000213623047,128.22000122070312,9953500
2016-02-05,95.12303924560547,128.72000122070312,129.0,127.58999633789062,127.88999938964844,9200800
2016-02-08,97.17008209228516,131.49000549316406,131.6300048828125,129.67999267578125,129.72000122070312,14452200
2016-02-09,97.27354431152344,131.6300048828125,132.05999755859375,130.9600067138672,132.0399932861328,15232100
2016-02-10,98.13076782226562,132.7899932861328,132.83999633789062,131.11000061035156,131.6999969482422,12797100
2016-02-11,98.8179931640625,133.72000122070312,135.25,133.00999450683594,134.44000244140625,21620200
2016-02-12,97.17742919921875,131.5,133.1300048828125,130.92999267578125,132.63999938964844,13888400
2016-02-16,96.15025329589844,130.11000061035156,130.75,129.80999755859375,130.72000122070312,11766000
2016-02-17,95.5590591430664,129.30999755859375,129.8300018310547,128.7100067138672,129.63999938964844,13157300
2016-02-18,96.73403930664062,130.89999389648438,131.0,129.36000061035156,129.41000366210938,10196700
2016-02-19,96.81533813476562,131.00999450683594,131.82000732421875,130.72999572753906,130.94000244140625,8188700
2016-02-22,96.76361083984375,130.94000244140625,131.11000061035156,130.6999969482422,131.10000610351562,5054300
2016-02-23,97.1552734375,131.47000122070312,131.74000549316406,129.77999877929688,129.8800048828125,8320700
2016-02-24,96.96311950683594,131.2100067138672,133.38999938964844,130.9499969482422,132.39999389648438,9091200
2016-02-25,97.31045532226562,131.67999267578125,132.55999755859375,131.32000732421875,131.47999572753906,6097200
2016-02-26,96.37193298339844,130.41000366210938,130.80999755859375,130.0399932861328,130.30999755859375,9245000
2016-02-29,96.79314422607422,130.97999572753906,131.1699981689453,130.4199981689453,130.47000122070312,8016100
2016-03-01,95.08877563476562,128.42999267578125,130.85000610351562,128.32000732421875,130.82000732421875,13729100
2016-03-02,95.48119354248047,128.9600067138672,128.97000122070312,128.2100067138672,128.32000732421875,7047700
2016-03-03,95.82923126220703,129.42999267578125,129.94000244140625,128.77000427246094,129.07000732421875,6394800
2016-03-04,95.21465301513672,128.60000610351562,129.1300048828125,127.76000213623047,128.75,8687000
2016-03-07,95.18505859375,128.55999755859375,128.6699981689453,128.0500030517578,128.4499969482422,5493300
2016-03-08,96.23634338378906,129.97999572753906,130.99000549316406,129.9499969482422,130.35000610351562,7175400
2016-03-09,95.65148162841797,129.19000244140625,129.69000244140625,128.80999755859375,129.0800018310547,7194700
2016-03-10,95.25908660888672,128.66000366210938,129.83999633789062,127.91999816894531,129.5,10091600
2016-03-11,94.29657745361328,127.36000061035156,128.8800048828125,127.20999908447266,128.82000732421875,8927000
2016-03-14,94.59265899658203,127.76000213623047,128.38999938964844,127.66000366210938,127.81999969482422,5177000
2016-03-15,94.68155670166016,127.87999725341797,128.66000366210938,127.61000061035156,128.5,6413200
2016-03-16,94.96287536621094,128.25999450683594,128.52000427246094,127.37000274658203,127.75,9728900
2016-03-17,95.3553466796875,128.7899932861328,129.33999633789062,128.49000549316406,128.50999450683594,7805500
2016-03-18,95.55522155761719,129.05999755859375,129.50999450683594,128.6999969482422,129.0399932861328,8198600
2016-03-21,94.82221221923828,128.07000732421875,128.6199951171875,127.75,128.25,5514800
2016-03-22,94.8000259399414,128.0399932861328,129.02000427246094,127.91999816894531,128.8300018310547,4997900
2016-03-23,95.87361145019531,129.49000549316406,129.82000732421875,128.2899932861328,128.41000366210938,10628200
2016-03-24,95.91059875488281,129.5399932861328,130.63999938964844,129.0,130.5800018310547,6343300
2016-03-28,96.03652954101562,129.7100067138672,130.16000366210938,129.27999877929688,129.3800048828125,5058700
2016-03-29,97.04340362548828,131.07000732421875,131.08999633789062,130.02000427246094,130.3800048828125,9396700
2016-03-30,96.02171325683594,129.69000244140625,130.07000732421875,128.97999572753906,130.02999877929688,8478700
2016-03-31,96.70284271240234,130.61000061035156,130.80999755859375,129.7899932861328,129.97999572753906,7832300
2016-04-01,96.95512390136719,130.67999267578125,131.1300048828125,129.89999389648438,130.97999572753906,9341400
2016-04-04,97.01447296142578,130.75999450683594,130.97000122070312,130.27000427246094,130.7899932861328,5145100
2016-04-05,98.07540130615234,132.19000244140625,132.36000061035156,131.77999877929688,132.00999450683594,6482800
2016-04-06,97.36315155029297,131.22999572753906,131.6699981689453,130.74000549316406,131.52999877929688,6393700
2016-04-07,98.56507873535156,132.85000610351562,132.99000549316406,132.00999450683594,132.19000244140625,5963300
2016-04-08,97.94186401367188,132.00999450683594,132.39999389648438,131.63999938964844,132.1699981689453,5584800
2016-04-11,97.81574249267578,131.83999633789062,132.17999267578125,131.11000061035156,131.32000732421875,4805500
2016-04-12,97.14054107666016,130.92999267578125,131.5500030517578,130.52999877929688,131.0800018310547,4276000
2016-04-13,97.4818344116211,131.38999938964844,131.5800018310547,130.52000427246094,130.69000244140625,5207900
2016-04-14,97.01447296142578,130.75999450683594,131.30999755859375,130.49000549316406,130.91000366210938,6967000
2016-04-15,97.84539794921875,131.8800048828125,132.16000366210938,131.25,131.2899932861328,5831100
2016-04-18,97.42251586914062,131.30999755859375,131.44000244140625,130.66000366210938,131.3300018310547,4486600
2016-04-19,97.11833190917969,130.89999389648438,131.30999755859375,130.2899932861328,131.0800018310547,5212200
2016-04-20,96.04993438720703,129.4600067138672,131.64999389648438,129.27000427246094,131.16000366210938,10920700
2016-04-21,95.47865295410156,128.69000244140625,129.07000732421875,128.2899932861328,128.44000244140625,11154200
2016-04-22,95.23377990722656,128.36000061035156,128.91000366210938,128.24000549316406,128.85000610351562,5826400
2016-04-25,94.84056091308594,127.83000183105469,128.52000427246094,127.83000183105469,128.05999755859375,5539500
2016-04-26,94.4103012084961,127.25,127.76000213623047,127.12000274658203,127.76000213623047,7840000
2016-04-27,95.3525390625,128.52000427246094,128.82000732421875,127.62000274658203,127.91999816894531,8380100
2016-04-28,95.74576568603516,129.0500030517578,129.13999938964844,128.0399932861328,128.2100067138672,7974600
2016-04-29,95.9905776977539,129.3800048828125,129.7100067138672,128.1999969482422,128.4499969482422,7416300
2016-05-02,95.02412414550781,127.81999969482422,128.89999389648438,127.80000305175781,128.66000366210938,11035200
2016-05-03,96.2210693359375,129.42999267578125,130.02000427246094,129.35000610351562,129.5500030517578,10736700
2016-05-04,96.7488784790039,130.13999938964844,130.1699981689453,129.19000244140625,129.67999267578125,7211200
2016-05-05,97.39564514160156,131.00999450683594,131.07000732421875,129.6999969482422,130.05999755859375,7870400
2016-05-06,96.97935485839844,130.4499969482422,130.86000061035156,130.2899932861328,130.85000610351562,7232500
2016-05-09,97.28411865234375,130.86000061035156,130.88999938964844,130.32000732421875,130.4600067138672,4950800
2016-05-10,97.29153442382812,130.8699951171875,131.1199951171875,130.64999389648438,130.85000610351562,4331900
2016-05-11,97.84165954589844,131.61000061035156,132.0,130.66000366210938,130.8300018310547,9256000
2016-05-12,97.39564514160156,131.00999450683594,131.1699981689453,130.58999633789062,130.66000366210938,6087400
2016-05-13,98.33978271484375,132.27999877929688,132.32000732421875,131.22999572753906,131.47999572753906,8707300
2016-05-16,97.49227905273438,131.13999938964844,131.66000366210938,130.97999572753906,131.63999938964844,5137000
2016-05-17,97.65579986572266,131.36000061035156,131.8300018310547,131.2100067138672,131.2100067138672,4449100
2016-05-18,96.2656478881836,129.49000549316406,130.85000610351562,128.91000366210938,130.80999755859375,12681000
2016-05-19,96.68196105957031,130.0500030517578,130.3300018310547,129.64999389648438,129.67999267578125,6209400
2016-05-20,96.75631713867188,130.14999389648438,130.39999389648438,129.5500030517578,129.64999389648438,5348900
2016-05-23,96.97189331054688,130.44000244140625,130.72999572753906,129.9199981689453,130.36000061035156,6979700
2016-05-24,96.54068756103516,129.86000061035156,130.19000244140625,129.24000549316406,129.97000122070312,5968200
2016-05-25,96.17640686035156,129.3699951171875,130.25,129.30999755859375,129.8300018310547,6367400
2016-05-26,96.67456817626953,130.0399932861328,130.4499969482422,129.8000030517578,129.80999755859375,5419300
2016-05-27,96.53328704833984,129.85000610351562,130.25999450683594,129.6999969482422,130.07000732421875,5267600
2016-05-31,96.76374816894531,130.16000366210938,130.44000244140625,128.97999572753906,129.02000427246094,8344300
2016-06-01,97.15633392333984,130.4199981689453,131.27000427246094,130.11000061035156,130.6300048828125,9874900
2016-06-02,97.8565444946289,131.36000061035156,131.69000244140625,130.8699951171875,130.89999389648438,5835400
2016-06-03,99.24960327148438,133.22999572753906,133.22999572753906,132.60000610351562,132.86000061035156,11077200
2016-06-06,98.51213836669922,132.24000549316406,132.88999938964844,132.10000610351562,132.77999877929688,7573700
2016-06-07,98.75054168701172,132.55999755859375,132.97999572753906,132.5399932861328,132.63999938964844,4680200
2016-06-08,99.2793960571289,133.27000427246094,133.42999267578125,132.7100067138672,132.8699951171875,5313200
2016-06-09,99.92013549804688,134.1300048828125,134.5399932861328,133.92999267578125,134.32000732421875,6820300
2016-06-10,100.40425872802734,134.77999877929688,135.3300018310547,134.25999450683594,134.7899932861328,6984600
2016-06-13,100.85128784179688,135.3800048828125,135.38999938964844,134.77000427246094,135.08999633789062,7283300
2016-06-14,100.77677154541016,135.27999877929688,136.22000122070312,135.22000122070312,136.19000244140625,9012500
2016-06-15,101.16419982910156,135.8000030517578,136.22999572753906,135.30999755859375,135.52000427246094,7953200
2016-06-16,101.6559066772461,136.4600067138672,137.55999755859375,136.17999267578125,136.74000549316406,10372700
2016-06-17,101.02257537841797,135.61000061035156,136.27000427246094,135.25999450683594,136.1999969482422,8489900
2016-06-20,99.94244384765625,134.16000366210938,134.5500030517578,134.00999450683594,134.24000549316406,7365900
2016-06-21,99.4805679321289,133.5399932861328,134.5800018310547,133.4600067138672,134.2899932861328,6005800
2016-06-22,99.64446258544922,133.75999450683594,133.99000549316406,133.25,133.5,5773700
2016-06-23,98.50468444824219,132.22999572753906,133.32000732421875,132.0800018310547,132.61000061035156,9029100
2016-06-24,101.14923095703125,135.77999877929688,136.61000061035156,135.3000030517578,136.61000061035156,17155000
2016-06-27,103.67463684082031,139.1699981689453,139.58999633789062,138.39999389648438,138.44000244140625,16577100
2016-06-28,103.89069366455078,139.4600067138672,139.89999389648438,138.8800048828125,139.44000244140625,14006400
2016-06-29,103.09358978271484,138.38999938964844,140.1300048828125,138.25999450683594,139.67999267578125,12999800
2016-06-30,103.47348022460938,138.89999389648438,139.94000244140625,138.08999633789062,138.80999755859375,14698500
2016-07-01,104.91016387939453,140.57000732421875,140.82000732421875,139.19000244140625,140.80999755859375,15430200
2016-07-05,106.22372436523438,142.3300018310547,142.91000366210938,141.6999969482422,141.85000610351562,8840800
2016-07-06,106.39533233642578,142.55999755859375,143.0,141.9600067138672,142.7899932861328,14352800
2016-07-07,106.38787841796875,142.5500030517578,143.19000244140625,141.77999877929688,142.08999633789062,9676400
2016-07-08,107.17150115966797,143.60000610351562,143.6199951171875,142.36000061035156,142.9199981689453,10355300
2016-07-11,106.23114013671875,142.33999633789062,143.47000122070312,142.24000549316406,143.0500030517578,8099000
2016-07-12,104.48473358154297,140.0,140.86000061035156,139.63999938964844,140.4199981689453,15810600
2016-07-13,105.7162094116211,141.64999389648438,141.77000427246094,140.9499969482422,141.3699951171875,8181700
2016-07-14,104.17877960205078,139.58999633789062,139.83999633789062,139.08999633789062,139.27999877929688,10817000
2016-07-15,103.283203125,138.38999938964844,139.11000061035156,138.17999267578125,138.88999938964844,9958600
2016-07-18,103.18619537353516,138.25999450683594,139.25999450683594,137.72999572753906,139.07000732421875,5955900
2016-07-19,103.76830291748047,139.0399932861328,139.30999755859375,138.39999389648438,138.94000244140625,8073900
2016-07-20,103.20108795166016,138.27999877929688,138.50999450683594,137.91000366210938,138.22999572753906,6942500
2016-07-21,103.41008758544922,138.55999755859375,138.6199951171875,136.99000549316406,137.0399932861328,10398400
2016-07-22,103.58916473388672,138.8000030517578,139.24000549316406,137.8699951171875,137.92999267578125,5811400
2016-07-25,103.51458740234375,138.6999969482422,139.25999450683594,138.58999633789062,138.94000244140625,4243800
2016-07-26,103.6787338256836,138.9199981689453,139.52000427246094,138.4600067138672,139.52000427246094,5243400
2016-07-27,104.9698257446289,140.64999389648438,140.64999389648438,139.39999389648438,139.5500030517578,8508100
2016-07-28,104.77586364746094,140.38999938964844,140.83999633789062,139.7100067138672,139.8000030517578,7336100
2016-07-29,105.6490249633789,141.55999755859375,141.67999267578125,140.22000122070312,140.4499969482422,8766700
2016-08-01,104.50348663330078,139.77000427246094,140.5,139.61000061035156,139.77999877929688,9809300
2016-08-02,103.42692565917969,138.3300018310547,139.25999450683594,137.5,137.8300018310547,10051200
2016-08-03,103.48673248291016,138.41000366210938,138.77999877929688,137.91000366210938,138.60000610351562,4930600
2016-08-04,104.26429748535156,139.4499969482422,140.16000366210938,139.27000427246094,139.4600067138672,5646000
2016-08-05,103.18016052246094,138.0,139.17999267578125,137.82000732421875,139.0500030517578,7778600
2016-08-08,103.37458801269531,138.25999450683594,138.5399932861328,137.32000732421875,137.60000610351562,5185200
2016-08-09,104.39140319824219,139.6199951171875,139.72000122070312,138.6199951171875,138.7100067138672,5503200
2016-08-10,104.795166015625,140.16000366210938,140.50999450683594,139.47000122070312,139.89999389648438,5843500
2016-08-11,103.86058044433594,138.91000366210938,140.0800018310547,138.5399932861328,140.05999755859375,7624600
2016-08-12,104.73529052734375,140.0800018310547,140.86000061035156,139.8699951171875,140.41000366210938,7989600
2016-08-15,103.7483901977539,138.75999450683594,139.6300048828125,138.75,139.33999633789062,5108600
2016-08-16,103.47177124023438,138.38999938964844,139.14999389648438,138.22999572753906,138.97999572753906,6182700
2016-08-17,104.09234619140625,139.22000122070312,139.44000244140625,138.5,138.6300048828125,5002000
2016-08-18,104.25678253173828,139.44000244140625,139.75999450683594,138.7899932861328,139.1999969482422,3805200
2016-08-19,103.7110595703125,138.7100067138672,139.0500030517578,138.10000610351562,138.63999938964844,5516300
2016-08-22,104.5858383178711,139.8800048828125,140.13999938964844,139.3699951171875,139.64999389648438,5549700
2016-08-23,104.69796752929688,140.02999877929688,140.58999633789062,139.6699981689453,140.27000427246094,6841400
2016-08-24,104.45126342773438,139.6999969482422,140.19000244140625,139.38999938964844,140.10000610351562,6027800
2016-08-25,104.05499267578125,139.1699981689453,139.77999877929688,138.9600067138672,139.25999450683594,5855500
2016-08-26,103.44935607910156,138.36000061035156,140.69000244140625,138.22000122070312,139.72999572753906,12962500
2016-08-29,104.83256530761719,140.2100067138672,140.35000610351562,139.2100067138672,139.3800048828125,7310400
2016-08-30,104.42875671386719,139.6699981689453,140.25999450683594,139.6699981689453,140.1699981689453,5161800
2016-08-31,104.578369140625,139.8699951171875,140.1699981689453,139.33999633789062,139.66000366210938,7349700
2016-09-01,104.69361114501953,139.77000427246094,140.10000610351562,138.57000732421875,138.6199951171875,9149100
2016-09-02,103.83979797363281,138.6300048828125,139.0500030517578,138.1699981689453,138.9600067138672,8397000
2016-09-06,104.59637451171875,139.63999938964844,140.0800018310547,138.50999450683594,138.7100067138672,8542600
2016-09-07,104.52140808105469,139.5399932861328,140.4199981689453,139.5399932861328,140.3699951171875,5421800
2016-09-08,103.21056365966797,137.7899932861328,139.27000427246094,137.25999450683594,138.86000061035156,14301500
2016-09-09,101.51025390625,135.52000427246094,136.1199951171875,135.41000366210938,136.07000732421875,13347700
2016-09-12,101.56269836425781,135.58999633789062,135.8300018310547,135.16000366210938,135.32000732421875,9096600
2016-09-13,100.40917205810547,134.0500030517578,136.0,133.36000061035156,135.8699951171875,15645400
2016-09-14,100.55897521972656,134.25,134.91000366210938,134.0500030517578,134.0500030517578,7037700
2016-09-15,100.1244888305664,133.6699981689453,134.0500030517578,133.02999877929688,133.61000061035156,9874500
2016-09-16,100.93347930908203,134.75,134.80999755859375,134.22000122070312,134.5800018310547,7507900
2016-09-19,100.60395812988281,134.30999755859375,134.8699951171875,134.25,134.52000427246094,7105900
2016-09-20,100.95596313476562,134.77999877929688,135.5800018310547,134.6699981689453,135.14999389648438,6054800
2016-09-21,101.77245330810547,135.8699951171875,135.88999938964844,134.17999267578125,134.60000610351562,10698100
2016-09-22,102.5813980102539,136.9499969482422,137.2899932861328,136.5,136.6699981689453,12426200
2016-09-23,102.48401641845703,136.82000732421875,137.33999633789062,136.7100067138672,137.02999877929688,5928800
2016-09-26,103.1357192993164,137.69000244140625,137.8300018310547,137.02000427246094,137.07000732421875,8661300
2016-09-27,103.89226531982422,138.6999969482422,138.8000030517578,137.9499969482422,138.58999633789062,9450400
2016-09-28,103.66747283935547,138.39999389648438,139.14999389648438,138.22000122070312,138.5,7958700
2016-09-29,103.92969512939453,138.75,139.07000732421875,137.4499969482422,137.55999755859375,8319800
2016-09-30,103.00078582763672,137.50999450683594,138.63999938964844,136.8699951171875,138.5500030517578,11747100
2016-10-03,102.66095733642578,136.80999755859375,137.77000427246094,136.75999450683594,137.67999267578125,7588800
2016-10-04,101.46029663085938,135.2100067138672,136.83999633789062,135.16000366210938,136.6199951171875,12048700
2016-10-05,100.98761749267578,134.5800018310547,135.0800018310547,134.1199951171875,135.02000427246094,8917700
2016-10-06,100.42479705810547,133.8300018310547,134.69000244140625,133.67999267578125,133.97000122070312,7839900
2016-10-07,100.49234008789062,133.9199981689453,134.2899932861328,133.08999633789062,133.92999267578125,9953200
2016-10-10,99.89949798583984,133.1300048828125,133.16000366210938,132.50999450683594,132.85000610351562,6089100
2016-10-11,99.67439270019531,132.8300018310547,133.5500030517578,132.57000732421875,132.86000061035156,9670400
2016-10-12,99.77195739746094,132.9600067138672,133.02000427246094,132.24000549316406,132.6699981689453,7582400
2016-10-13,100.14714050292969,133.4600067138672,133.92999267578125,133.3699951171875,133.63999938964844,7080600
2016-10-14,98.74386596679688,131.58999633789062,132.9499969482422,131.52999877929688,132.27000427246094,11415100
2016-10-17,99.37420654296875,132.42999267578125,132.74000549316406,132.08999633789062,132.10000610351562,10595900
2016-10-18,99.69685363769531,132.86000061035156,132.88999938964844,131.8300018310547,131.86000061035156,7151000
2016-10-19,99.7794418334961,132.97000122070312,133.27000427246094,132.32000732421875,132.3699951171875,6941300
2016-10-20,99.88448333740234,133.11000061035156,133.75,132.89999389648438,133.63999938964844,6082300
2016-10-21,100.03461456298828,133.30999755859375,133.72000122070312,132.8699951171875,133.52000427246094,9222700
2016-10-24,99.59929656982422,132.72999572753906,133.4499969482422,132.2899932861328,133.41000366210938,6507500
2016-10-25,99.86199188232422,133.0800018310547,133.55999755859375,132.49000549316406,132.52999877929688,5134700
2016-10-26,99.1866226196289,132.17999267578125,132.8000030517578,131.99000549316406,132.4600067138672,5842500
2016-10-27,98.10606384277344,130.74000549316406,131.07000732421875,130.05999755859375,131.07000732421875,10044700
2016-10-28,97.88845825195312,130.4499969482422,130.92999267578125,130.3300018310547,130.38999938964844,7541000
2016-10-31,98.4887466430664,131.25,131.2899932861328,130.7100067138672,130.88999938964844,7047500
2016-11-01,98.49626159667969,131.00999450683594,131.60000610351562,129.8800048828125,130.16000366210938,12622400
2016-11-02,98.92477416992188,131.5800018310547,132.11000061035156,131.02999877929688,131.3000030517578,8666200
2016-11-03,98.1655044555664,130.57000732421875,131.0500030517578,130.44000244140625,130.75,6085400
2016-11-04,99.04511260986328,131.74000549316406,131.7899932861328,131.1300048828125,131.27000427246094,7622600
2016-11-07,98.20306396484375,130.6199951171875,131.0,130.44000244140625,130.75,5386700
2016-11-08,97.80458068847656,130.08999633789062,131.2100067138672,129.7100067138672,131.02000427246094,7576500
2016-11-09,93.6545639038086,124.56999969482422,127.37000274658203,124.22000122070312,127.22000122070312,31233500
2016-11-10,92.27119445800781,122.7300033569336,124.95999908447266,122.72000122070312,123.97000122070312,22961200
2016-11-11,91.75243377685547,122.04000091552734,123.05000305175781,121.6500015258789,122.95999908447266,10040200
2016-11-14,91.20360565185547,121.30999755859375,122.66000366210938,120.7300033569336,121.27999877929688,21174400
2016-11-15,91.65470123291016,121.91000366210938,122.80999755859375,121.77999877929688,122.22000122070312,11963700
2016-11-16,92.48173522949219,123.01000213623047,123.13999938964844,122.16999816894531,122.30000305175781,9149500
2016-11-17,91.12089538574219,121.19999694824219,122.11000061035156,120.98999786376953,121.94999694824219,11221600
2016-11-18,90.85774993896484,120.8499984741211,121.97000122070312,120.33999633789062,121.62999725341797,13577700
2016-11-21,91.08331298828125,121.1500015258789,121.4800033569336,120.88999938964844,121.20999908447266,6488100
2016-11-22,91.05325317382812,121.11000061035156,121.76000213623047,120.87999725341797,121.66000366210938,9989900
2016-11-23,90.6998291015625,120.63999938964844,120.91000366210938,119.25,119.98999786376953,13563500
2016-11-25,90.83526611328125,120.81999969482422,121.29000091552734,120.4000015258789,121.19000244140625,3126300
2016-11-28,91.50432586669922,121.70999908447266,121.7300033569336,121.08999633789062,121.41000366210938,8555000
2016-11-29,91.88778686523438,122.22000122070312,122.4000015258789,121.20999908447266,121.44000244140625,8363000
2016-11-30,90.39913940429688,120.23999786376953,121.01000213623047,119.4800033569336,119.97000122070312,21163500
2016-12-01,89.44463348388672,118.7300033569336,118.98999786376953,117.63999938964844,118.51000213623047,21715700
2016-12-02,90.10005950927734,119.5999984741211,120.20999908447266,119.13999938964844,119.16999816894531,12487500
2016-12-05,90.00214385986328,119.47000122070312,120.4000015258789,118.44999694824219,118.93000030517578,12100100
2016-12-06,89.93431854248047,119.37999725341797,119.94000244140625,119.12000274658203,119.33999633789062,11526600
2016-12-07,90.70279693603516,120.4000015258789,120.62000274658203,119.81999969482422,119.81999969482422,10392200
2016-12-08,89.63302612304688,118.9800033569336,119.30999755859375,118.77999877929688,119.1500015258789,12041100
2016-12-09,88.51802062988281,117.5,118.86000061035156,117.27999877929688,118.63999938964844,14646400
2016-12-12,88.6838150024414,117.72000122070312,117.80000305175781,116.87999725341797,117.2699966430664,9496300
2016-12-13,89.00019073486328,118.13999938964844,118.48999786376953,117.44000244140625,118.4000015258789,12189200
2016-12-14,88.00579833984375,116.81999969482422,119.20999908447266,116.80000305175781,119.08000183105469,16618400
2016-12-15,88.45030975341797,117.41000366210938,118.29000091552734,117.02999877929688,117.55999755859375,12400500
2016-12-16,88.24687957763672,117.13999938964844,117.91999816894531,116.80000305175781,117.61000061035156,14924600
2016-12-19,89.1960678100586,118.4000015258789,118.58000183105469,117.73999786376953,117.9800033569336,10868300
2016-12-20,88.75159454345703,117.80999755859375,117.9000015258789,117.37999725341797,117.62999725341797,7030600
2016-12-21,89.14332580566406,118.33000183105469,118.4000015258789,117.7300033569336,117.91999816894531,4624700
2016-12-22,88.98392486572266,117.80999755859375,118.0,117.5,117.52999877929688,5177800
2016-12-23,89.16519927978516,118.05000305175781,118.38999938964844,117.94999694824219,118.23999786376953,4461600
2016-12-27,88.87822723388672,117.66999816894531,117.69999694824219,117.2300033569336,117.41999816894531,5276600
2016-12-28,89.52779388427734,118.52999877929688,118.87999725341797,117.69999694824219,117.86000061035156,7578600
2016-12-29,89.84498596191406,118.94999694824219,119.2699966430664,118.66000366210938,118.80000305175781,8581400
2016-12-30,89.98097229003906,119.12999725341797,119.6500015258789,118.72000122070312,118.77999877929688,10613900
2017-01-03,90.36616516113281,119.63999938964844,119.98999786376953,118.18000030517578,118.41000366210938,13217300
2017-01-04,90.7136001586914,120.0999984741211,120.23999786376953,119.44999694824219,119.76000213623047,6699600
2017-01-05,92.13361358642578,121.9800033569336,122.02999877929688,120.16999816894531,120.44999694824219,13265800
2017-01-06,91.28766632080078,120.86000061035156,121.54000091552734,120.75,121.12999725341797,8369300
2017-01-09,92.02030181884766,121.83000183105469,122.0,121.45999908447266,121.87999725341797,8839100
2017-01-10,91.95987701416016,121.75,121.91000366210938,121.27999877929688,121.55000305175781,8417900
2017-01-11,92.26956939697266,122.16000366210938,122.69000244140625,121.41000366210938,121.94000244140625,9402500
2017-01-12,92.06565856933594,121.88999938964844,123.13999938964844,121.83000183105469,122.80000305175781,9977600
2017-01-13,91.6275863647461,121.30999755859375,121.75,120.62000274658203,121.33000183105469,9820000
2017-01-17,92.5867919921875,122.58000183105469,122.94000244140625,121.98999786376953,122.80999755859375,7853300
2017-01-18,91.40096282958984,121.01000213623047,121.95999908447266,120.91000366210938,121.7699966430664,9064700
2017-01-19,90.7740707397461,120.18000030517578,120.58000183105469,119.55000305175781,120.48999786376953,11795600
2017-01-20,90.5927963256836,119.94000244140625,120.30999755859375,119.29000091552734,119.83999633789062,16953200
2017-01-23,91.49920654296875,121.13999938964844,121.87000274658203,120.0199966430664,120.33999633789062,13118400
2017-01-24,90.87226104736328,120.30999755859375,121.12999725341797,119.80000305175781,120.7699966430664,8395000
2017-01-25,89.73169708251953,118.80000305175781,119.5999984741211,118.55999755859375,119.27999877929688,11115100
2017-01-26,90.0338363647461,119.19999694824219,119.26000213623047,118.33000183105469,118.91000366210938,7827900
2017-01-27,90.358642578125,119.62999725341797,119.83000183105469,119.25,119.4000015258789,7197800
2017-01-30,90.08670806884766,119.2699966430664,119.87999725341797,119.19999694824219,119.44000244140625,6569500
2017-01-31,90.7136001586914,120.0999984741211,120.4000015258789,119.25,119.33000183105469,13298500
2017-02-01,90.15271759033203,119.0999984741211,119.52999877929688,118.58000183105469,119.0999984741211,10975500
2017-02-02,90.1148681640625,119.05000305175781,120.13999938964844,119.0,119.93000030517578,6978600
2017-02-03,90.0770492553711,119.0,119.87000274658203,118.47000122070312,119.44000244140625,10275600
2017-02-06,90.62202453613281,119.72000122070312,120.12999725341797,119.12000274658203,119.76000213623047,8433800
2017-02-07,91.28815460205078,120.5999984741211,121.01000213623047,119.47000122070312,119.77999877929688,8418400
2017-02-08,92.5295639038086,122.23999786376953,122.2699966430664,121.41000366210938,121.41999816894531,15734200
2017-02-09,91.46228790283203,120.83000183105469,121.58999633789062,120.66000366210938,121.41000366210938,16890600
2017-02-10,91.40927124023438,120.76000213623047,120.94999694824219,120.11000061035156,120.11000061035156,7978500
2017-02-13,91.12162017822266,120.37999725341797,120.41000366210938,119.87999725341797,120.25,11536800
2017-02-14,90.46309661865234,119.51000213623047,120.30000305175781,118.83000183105469,120.23999786376953,13210500
2017-02-15,90.04676055908203,118.95999908447266,119.22000122070312,118.6500015258789,118.76000213623047,8481000
2017-02-16,90.53878784179688,119.61000061035156,120.20999908447266,119.12000274658203,119.22000122070312,10005800
2017-02-17,91.07621765136719,120.31999969482422,120.69999694824219,120.12999725341797,120.61000061035156,7886400
2017-02-21,90.91725158691406,120.11000061035156,120.61000061035156,119.5999984741211,119.68000030517578,8703800
2017-02-22,91.06864929199219,120.30999755859375,120.81999969482422,119.58999633789062,120.80000305175781,8101500
2017-02-23,91.34112548828125,120.66999816894531,120.73999786376953,120.33000183105469,120.56999969482422,5330800
2017-02-24,92.35546112060547,122.01000213623047,122.13999938964844,121.26000213623047,121.3499984741211,11336000
2017-02-27,91.81048583984375,121.29000091552734,121.9000015258789,121.2300033569336,121.80999755859375,11039800
2017-02-28,92.15108489990234,121.73999786376953,122.08000183105469,121.31999969482422,121.5,8410500
2017-03-01,90.60697174072266,119.47000122070312,119.55000305175781,118.94999694824219,119.44000244140625,10717100
2017-03-02,90.2808837890625,119.04000091552734,119.20999908447266,118.62000274658203,119.01000213623047,8201200
2017-03-03,90.51593780517578,119.3499984741211,119.3499984741211,118.55000305175781,119.2300033569336,9515200
2017-03-06,90.08369445800781,118.77999877929688,119.12000274658203,118.5199966430664,119.12000274658203,4489200
2017-03-07,89.81065368652344,118.41999816894531,118.68000030517578,118.25,118.4800033569336,7080100
2017-03-08,89.32524871826172,117.77999877929688,117.94999694824219,117.2300033569336,117.30999755859375,11336300
2017-03-09,88.61236572265625,116.83999633789062,117.4800033569336,116.7699966430664,117.33999633789062,10575400
2017-03-10,88.92330169677734,117.25,117.31999969482422,116.68000030517578,117.13999938964844,9218500
2017-03-13,88.36212158203125,116.51000213623047,117.08999633789062,116.48999786376953,116.83000183105469,6993100
2017-03-14,88.78679656982422,117.06999969482422,117.3499984741211,116.70999908447266,116.7699966430664,9869200
2017-03-15,89.87129211425781,118.5,118.83000183105469,117.43000030517578,117.55999755859375,14600500
2017-03-16,89.41627502441406,117.9000015258789,118.1500015258789,117.62999725341797,117.98999786376953,8018200
2017-03-17,89.97749328613281,118.63999938964844,118.75,118.02999877929688,118.11000061035156,7266800
2017-03-20,90.36429595947266,119.1500015258789,119.2300033569336,118.5,118.55000305175781,5497800
2017-03-21,91.11509704589844,120.13999938964844,120.30000305175781,119.0199966430664,119.05000305175781,12540700
2017-03-22,91.4791259765625,120.62000274658203,121.16999816894531,120.43000030517578,120.72000122070312,11661400
2017-03-23,91.3501968383789,120.44999694824219,121.0199966430664,120.05999755859375,120.83000183105469,6746500
2017-03-24,91.67634582519531,120.87999725341797,121.0999984741211,120.4000015258789,120.52999877929688,5819600
2017-03-27,92.09346008300781,121.43000030517578,121.97000122070312,121.19000244140625,121.83000183105469,6878500
2017-03-28,91.4791259765625,120.62000274658203,121.81999969482422,120.48999786376953,121.79000091552734,6811200
2017-03-29,92.02521514892578,121.33999633789062,121.37999725341797,120.87999725341797,120.94000244140625,6291000
2017-03-30,91.28197479248047,120.36000061035156,121.08999633789062,120.31999969482422,121.06999969482422,7042400
2017-03-31,91.54740142822266,120.70999908447266,120.80999755859375,120.20999908447266,120.27999877929688,5144800
2017-04-03,92.47080993652344,121.66999816894531,121.87000274658203,120.4000015258789,120.44999694824219,12996500
2017-04-04,91.96920776367188,121.01000213623047,121.58999633789062,120.94999694824219,121.37000274658203,6976700
2017-04-05,92.25042724609375,121.37999725341797,121.5199966430664,120.36000061035156,120.55999755859375,8555200
2017-04-06,92.11361694335938,121.19999694824219,121.41000366210938,120.5199966430664,121.23999786376953,6497000
2017-04-07,91.7412109375,120.70999908447266,122.25,120.69000244140625,121.83999633789062,10270000
2017-04-10,92.16677856445312,121.2699966430664,121.62000274658203,121.0,121.13999938964844,5314500
2017-04-11,93.04082489013672,122.41999816894531,122.6500015258789,121.72000122070312,121.80000305175781,11297400
2017-04-12,93.55000305175781,123.08999633789062,123.19000244140625,122.29000091552734,122.51000213623047,11532500
2017-04-13,93.83882141113281,123.47000122070312,123.73999786376953,122.91000366210938,123.44999694824219,8396700
2017-04-17,93.55000305175781,123.08999633789062,123.55000305175781,122.86000061035156,123.45999908447266,8015000
2017-04-18,94.77360534667969,124.69999694824219,124.9800033569336,123.55000305175781,123.86000061035156,11529700
2017-04-19,94.25679779052734,124.0199966430664,124.16999816894531,123.69999694824219,124.0999984741211,7344000
2017-04-20,93.89205169677734,123.54000091552734,123.91999816894531,123.13999938964844,123.5199966430664,7932900
2017-04-21,93.89205169677734,123.54000091552734,124.23999786376953,123.48999786376953,123.81999969482422,9798500
2017-04-24,93.42840576171875,122.93000030517578,123.16000366210938,122.45999908447266,122.55000305175781,8066400
2017-04-25,92.3035888671875,121.44999694824219,122.45999908447266,121.37999725341797,122.20999908447266,8122300
2017-04-26,92.81281280517578,122.12000274658203,122.13999938964844,121.43000030517578,121.5199966430664,5766200
2017-04-27,92.78240966796875,122.08000183105469,122.3499984741211,121.58000183105469,121.75,4978300
2017-04-28,92.98762512207031,122.3499984741211,122.44000244140625,121.55000305175781,121.5999984741211,8166300
2017-05-01,92.214599609375,121.08000183105469,122.13999938964844,120.70999908447266,121.69000244140625,8795900
2017-05-02,92.686767578125,121.69999694824219,121.77999877929688,120.94000244140625,120.97000122070312,6727800
2017-05-03,92.7476806640625,121.77999877929688,122.38999938964844,121.55000305175781,122.22000122070312,8932900
2017-05-04,92.29076385498047,121.18000030517578,121.22000122070312,120.66999816894531,121.01000213623047,9707200
2017-05-05,92.3745346069336,121.29000091552734,121.47000122070312,120.88999938964844,121.37999725341797,5605400
2017-05-08,91.87184143066406,120.62999725341797,121.13999938964844,120.52999877929688,121.11000061035156,8057800
2017-05-09,91.86427307128906,120.62000274658203,120.62999725341797,120.13999938964844,120.37999725341797,5536700
2017-05-10,91.75762176513672,120.4800033569336,121.05999755859375,120.16000366210938,120.91000366210938,6517000
2017-05-11,91.75762176513672,120.4800033569336,120.56999969482422,119.91000366210938,120.0,7479800
2017-05-12,92.45065307617188,121.38999938964844,121.48999786376953,120.9800033569336,121.01000213623047,7463900
2017-05-15,92.19935607910156,121.05999755859375,121.20999908447266,120.75,121.05999755859375,5173200
2017-05-16,92.54208374023438,121.51000213623047,121.88999938964844,121.11000061035156,121.11000061035156,6722700
2017-05-17,93.89006805419922,123.27999877929688,123.54000091552734,122.38999938964844,122.62999725341797,11236400
2017-05-18,93.99677276611328,123.41999816894531,123.94000244140625,123.19000244140625,123.75,8350500
2017-05-19,94.21761322021484,123.70999908447266,123.77999877929688,123.01000213623047,123.36000061035156,11277400
2017-05-22,93.95865631103516,123.37000274658203,123.55999755859375,123.26000213623047,123.41000366210938,4062900
2017-05-23,93.3265380859375,122.54000091552734,123.62000274658203,122.4800033569336,123.51000213623047,7901300
2017-05-24,93.85199737548828,123.2300033569336,123.26000213623047,122.54000091552734,122.80000305175781,7355200
2017-05-25,93.88249969482422,123.2699966430664,123.27999877929688,122.76000213623047,123.0199966430664,6464800
2017-05-26,94.04246520996094,123.4800033569336,123.73999786376953,123.25,123.55000305175781,2963800
2017-05-30,94.50701141357422,124.08999633789062,124.13999938964844,123.73999786376953,124.02999877929688,4819400
2017-05-31,94.74311065673828,124.4000015258789,124.6500015258789,124.02999877929688,124.05000305175781,8000200
2017-06-01,94.75301361083984,124.1500015258789,124.19000244140625,123.66000366210938,123.69999694824219,9037300
2017-06-02,95.875,125.62000274658203,125.7699966430664,125.05000305175781,125.22000122070312,13245000
2017-06-05,95.27964782714844,124.83999633789062,125.16000366210938,124.77999877929688,124.9000015258789,6775500
2017-06-06,95.79862213134766,125.5199966430664,125.87000274658203,125.4000015258789,125.69000244140625,12841500
2017-06-07,95.34070587158203,124.91999816894531,125.5199966430664,124.79000091552734,125.23999786376953,12852400
2017-06-08,95.08885192871094,124.58999633789062,124.87999725341797,124.30000305175781,124.87999725341797,8758600
2017-06-09,94.9438247680664,124.4000015258789,124.63999938964844,123.9800033569336,124.08000183105469,5130500
2017-06-12,94.91329956054688,124.36000061035156,124.98999786376953,124.13999938964844,124.20999908447266,4335800
2017-06-13,94.92859649658203,124.37999725341797,124.5199966430664,123.98999786376953,124.01000213623047,4742600
2017-06-14,96.39391326904297,126.30000305175781,126.70999908447266,125.7300033569336,125.91999816894531,20212300
2017-06-15,96.24130249023438,126.0999984741211,126.33000183105469,125.83000183105469,126.08999633789062,5863700
2017-06-16,96.43205261230469,126.3499984741211,126.44000244140625,126.01000213623047,126.08000183105469,6672500
2017-06-19,96.29472351074219,126.16999816894531,126.4800033569336,126.02999877929688,126.31999969482422,5641300
2017-06-20,97.15715026855469,127.30000305175781,127.4000015258789,126.79000091552734,126.79000091552734,8405700
2017-06-21,97.35557556152344,127.55999755859375,127.63999938964844,126.91000366210938,127.11000061035156,5914800
2017-06-22,97.5693130493164,127.83999633789062,127.87000274658203,127.30999755859375,127.70999908447266,6608100
2017-06-23,97.52349090576172,127.77999877929688,127.9000015258789,127.4000015258789,127.47000122070312,4329900
2017-06-26,97.88983154296875,128.25999450683594,128.57000732421875,128.16000366210938,128.27000427246094,5541600
2017-06-27,96.84423828125,126.88999938964844,127.48999786376953,126.62000274658203,127.43000030517578,8354200
2017-06-28,96.52367401123047,126.47000122070312,126.70999908447266,125.9800033569336,126.66999816894531,7357900
2017-06-29,95.71467590332031,125.41000366210938,125.72000122070312,124.9000015258789,125.01000213623047,9115800
2017-06-30,95.49334716796875,125.12000274658203,125.38999938964844,124.8499984741211,125.19000244140625,10189800
2017-07-03,95.1858901977539,124.45999908447266,125.04000091552734,124.0199966430664,125.0,11021100
2017-07-05,95.20885467529297,124.48999786376953,124.6500015258789,124.12000274658203,124.19999694824219,11394500
2017-07-06,94.4211196899414,123.45999908447266,123.63999938964844,122.93000030517578,123.5199966430664,10853100
2017-07-07,93.85517883300781,122.72000122070312,123.02999877929688,122.58999633789062,122.83999633789062,9401800
2017-07-10,93.9928207397461,122.9000015258789,123.0999984741211,122.68000030517578,122.87000274658203,3859200
2017-07-11,94.15342712402344,123.11000061035156,123.33000183105469,122.70999908447266,122.86000061035156,4425600
2017-07-12,94.80348205566406,123.95999908447266,124.04000091552734,123.48999786376953,123.88999938964844,7839900
2017-07-13,94.20697784423828,123.18000030517578,123.6500015258789,122.80999755859375,123.5999984741211,7449300
2017-07-14,94.32170104980469,123.33000183105469,124.16000366210938,123.12000274658203,124.0999984741211,6566800
2017-07-17,94.58168029785156,123.66999816894531,123.98999786376953,123.2699966430664,123.33000183105469,4737300
2017-07-18,95.40767669677734,124.75,124.7699966430664,124.2300033569336,124.43000030517578,9163000
2017-07-19,95.4458999633789,124.80000305175781,125.01000213623047,124.58999633789062,124.77999877929688,5140900
2017-07-20,95.72126770019531,125.16000366210938,125.7300033569336,124.97000122070312,125.48999786376953,12239100
2017-07-21,96.12660217285156,125.69000244140625,126.02999877929688,125.56999969482422,125.7300033569336,6201500
2017-07-24,95.75184631347656,125.19999694824219,125.66000366210938,125.16000366210938,125.44999694824219,5378500
2017-07-25,94.50519561767578,123.56999969482422,124.19000244140625,123.47000122070312,124.13999938964844,9743300
2017-07-26,94.65817260742188,123.7699966430664,124.08999633789062,123.08000183105469,123.2699966430664,8459500
2017-07-27,94.19168090820312,123.16000366210938,123.37999725341797,122.81999969482422,123.11000061035156,6390800
2017-07-28,94.74994659423828,123.88999938964844,123.98999786376953,123.26000213623047,123.2699966430664,5491800
2017-07-31,94.86470794677734,124.04000091552734,124.05000305175781,123.4000015258789,123.45999908447266,5464600
2017-08-01,95.53071594238281,124.63999938964844,124.70999908447266,123.16000366210938,123.18000030517578,9676800
2017-08-02,95.58434295654297,124.70999908447266,125.16999816894531,124.68000030517578,124.7699966430664,5745600
2017-08-03,96.57311248779297,126.0,126.0199966430664,125.26000213623047,125.29000091552734,10324500
2017-08-04,95.75297546386719,124.93000030517578,125.18000030517578,124.44000244140625,125.1500015258789,8485500
2017-08-07,95.86029052734375,125.06999969482422,125.0999984741211,124.61000061035156,124.83999633789062,4684600
2017-08-08,95.51545715332031,124.62000274658203,124.9800033569336,124.1500015258789,124.87000274658203,6197400
2017-08-09,96.0365982055664,125.30000305175781,125.94999694824219,125.19999694824219,125.93000030517578,9221800
2017-08-10,96.8567123413086,126.37000274658203,126.44000244140625,125.5199966430664,125.62000274658203,10378200
2017-08-11,96.90269470214844,126.43000030517578,126.45999908447266,125.55000305175781,125.7699966430664,5717800
2017-08-14,96.4045181274414,125.77999877929688,126.27999877929688,125.7300033569336,125.98999786376953,5111000
2017-08-15,95.99822998046875,125.25,125.54000091552734,124.70999908447266,124.7300033569336,7473200
2017-08-16,96.35087585449219,125.70999908447266,126.0199966430664,124.80999755859375,124.83000183105469,5283800
2017-08-17,97.07129669189453,126.6500015258789,126.68000030517578,125.51000213623047,125.69999694824219,9364700
2017-08-18,97.04828643798828,126.62000274658203,127.1500015258789,126.26000213623047,126.9800033569336,8382500
2017-08-21,97.28594207763672,126.93000030517578,127.0199966430664,126.5,126.7699966430664,7669800
2017-08-22,96.91036224365234,126.44000244140625,126.80999755859375,126.2699966430664,126.79000091552734,6140700
2017-08-23,97.56948852539062,127.30000305175781,127.30999755859375,126.76000213623047,127.04000091552734,7446400
2017-08-24,97.20928192138672,126.83000183105469,127.30999755859375,126.72000122070312,126.87999725341797,5569400
2017-08-25,97.58483123779297,127.31999969482422,127.44999694824219,126.87000274658203,127.0199966430664,7303300
2017-08-28,97.52349853515625,127.23999786376953,127.38999938964844,126.7300033569336,126.91999816894531,4448500
2017-08-29,97.83777618408203,127.6500015258789,128.52000427246094,127.30999755859375,128.4600067138672,7659400
2017-08-30,97.8071060180664,127.61000061035156,127.73999786376953,127.33999633789062,127.45999908447266,4735200
2017-08-31,98.09832000732422,127.98999786376953,128.02999877929688,127.56999969482422,127.63999938964844,7978400
2017-09-01,97.34796142578125,126.75,127.33999633789062,126.43000030517578,127.30999755859375,14128600
2017-09-05,98.8917236328125,128.75999450683594,128.8000030517578,127.69000244140625,127.69000244140625,15215700
2017-09-06,98.28498840332031,127.97000122070312,129.0,127.73999786376953,128.72000122070312,9066400
2017-09-07,99.29109954833984,129.27999877929688,129.57000732421875,128.3300018310547,128.3300018310547,13618900
2017-09-08,99.07606506347656,129.0,129.16000366210938,128.57000732421875,129.11000061035156,9808500
2017-09-11,97.89327239990234,127.45999908447266,128.0500030517578,127.26000213623047,127.87000274658203,17856700
2017-09-12,97.37873077392578,126.79000091552734,127.08999633789062,126.52999877929688,127.05000305175781,7557400
2017-09-13,96.99468231201172,126.29000091552734,126.91999816894531,126.27999877929688,126.91000366210938,6740000
2017-09-14,97.39402770996094,126.80999755859375,126.83000183105469,126.33000183105469,126.37000274658203,6674500
2017-09-15,97.43245697021484,126.86000061035156,127.01000213623047,126.54000091552734,127.0,9769200
2017-09-18,96.87186431884766,126.12999725341797,126.56999969482422,125.83999633789062,126.5,6863000
2017-09-19,96.63375091552734,125.81999969482422,126.30999755859375,125.7300033569336,126.27999877929688,5554900
2017-09-20,96.70279693603516,125.91000366210938,126.05000305175781,125.33000183105469,125.97000122070312,8037000
2017-09-21,96.64908599853516,125.83999633789062,126.55999755859375,125.81999969482422,126.16000366210938,6147800
2017-09-22,96.92560577392578,126.19999694824219,126.7300033569336,126.05999755859375,126.5,5660700
2017-09-25,97.5323257446289,126.98999786376953,127.2699966430664,126.19999694824219,126.31999969482422,9679000
2017-09-26,97.35567474365234,126.76000213623047,126.88999938964844,126.43000030517578,126.7699966430664,7251900
2017-09-27,95.8887710571289,124.8499984741211,125.30000305175781,124.61000061035156,124.87000274658203,12145700
2017-09-28,95.60454559326172,124.4800033569336,124.6500015258789,123.97000122070312,124.20999908447266,8883700
2017-09-29,95.81962585449219,124.76000213623047,125.02999877929688,124.2699966430664,124.76000213623047,11285500
2017-10-02,95.6441421508789,124.27999877929688,125.0,124.23999786376953,124.80999755859375,7860700
2017-10-03,95.73648071289062,124.4000015258789,124.51000213623047,123.91999816894531,123.91999816894531,6219800
2017-10-04,95.74417114257812,124.41000366210938,124.58999633789062,123.87999725341797,124.52999877929688,7447000
2017-10-05,95.38249969482422,123.94000244140625,124.30000305175781,123.69000244140625,124.2699966430664,8180300
2017-10-06,95.11312866210938,123.58999633789062,124.0999984741211,123.02999877929688,123.29000091552734,10375000
2017-10-09,95.41327667236328,123.9800033569336,124.05999755859375,123.63999938964844,123.77999877929688,3590900
2017-10-10,95.56718444824219,124.18000030517578,124.87000274658203,124.0199966430664,124.13999938964844,6666800
2017-10-11,95.75186157226562,124.41999816894531,124.66000366210938,124.26000213623047,124.56999969482422,4385900
2017-10-12,96.15978240966797,124.94999694824219,124.9800033569336,124.23999786376953,124.55000305175781,7141600
2017-10-13,96.85237884521484,125.8499984741211,125.94000244140625,125.16999816894531,125.58000183105469,7746900
2017-10-16,96.78313446044922,125.76000213623047,125.9000015258789,125.37999725341797,125.52999877929688,5737300
2017-10-17,96.90626525878906,125.91999816894531,126.08999633789062,125.38999938964844,125.38999938964844,4969600
2017-10-18,96.26749420166016,125.08999633789062,125.18000030517578,124.68000030517578,125.05000305175781,5943800
2017-10-19,96.43680572509766,125.30999755859375,126.01000213623047,125.2699966430664,125.73999786376953,8966500
2017-10-20,95.41327667236328,123.9800033569336,124.27999877929688,123.63999938964844,124.0,12326900
2017-10-23,95.58259582519531,124.19999694824219,124.48999786376953,124.0199966430664,124.16000366210938,6871100
2017-10-24,94.99002838134766,123.43000030517578,123.69000244140625,123.1500015258789,123.37000274658203,6842800
2017-10-25,94.53591918945312,122.83999633789062,122.9800033569336,122.41999816894531,122.52999877929688,9961400
2017-10-26,94.22040557861328,122.43000030517578,123.05999755859375,122.43000030517578,123.05999755859375,8179400
2017-10-27,94.84379577636719,123.23999786376953,123.33000183105469,122.75,122.94000244140625,10480900
2017-10-30,95.75186157226562,124.41999816894531,124.45999908447266,123.55999755859375,123.86000061035156,9051600
2017-10-31,95.78266143798828,124.45999908447266,124.66000366210938,124.4000015258789,124.52999877929688,4424300
2017-11-01,96.20913696289062,124.75,125.13999938964844,124.30000305175781,124.3499984741211,8940400
2017-11-02,96.63331604003906,125.30000305175781,125.5199966430664,124.91999816894531,125.0,7222700
2017-11-03,96.89550018310547,125.63999938964844,125.69999694824219,125.13999938964844,125.47000122070312,10984100
2017-11-06,97.25801086425781,126.11000061035156,126.22000122070312,125.72000122070312,125.93000030517578,6246700
2017-11-07,97.66674041748047,126.63999938964844,126.77999877929688,126.12999725341797,126.2300033569336,6422700
2017-11-08,97.4508056640625,126.36000061035156,126.80000305175781,126.20999908447266,126.58999633789062,3356200
2017-11-09,97.17317199707031,126.0,126.23999786376953,125.55000305175781,125.87000274658203,6280400
2017-11-10,95.7078628540039,124.0999984741211,124.83999633789062,123.95999908447266,124.70999908447266,11981000
2017-11-13,95.90836334228516,124.36000061035156,124.80999755859375,124.30999755859375,124.80000305175781,5880800
2017-11-14,96.55619812011719,125.19999694824219,125.23999786376953,124.7699966430664,124.7699966430664,6195900
2017-11-15,97.60503387451172,126.55999755859375,126.66999816894531,125.63999938964844,126.05999755859375,9568200
2017-11-16,96.75668334960938,125.45999908447266,126.33000183105469,125.44999694824219,126.01000213623047,5894900
2017-11-17,97.47393798828125,126.38999938964844,126.44000244140625,125.95999908447266,126.06999969482422,6938800
2017-11-20,97.43536376953125,126.33999633789062,126.37999725341797,125.91000366210938,125.91000366210938,4232300
2017-11-21,97.74388885498047,126.73999786376953,127.29000091552734,126.30999755859375,127.08999633789062,5818400
2017-11-22,98.06005859375,127.1500015258789,127.19999694824219,126.51000213623047,126.62000274658203,4140700
2017-11-24,97.7901840209961,126.80000305175781,127.02999877929688,126.69000244140625,126.93000030517578,3141400
2017-11-27,97.65132904052734,126.62000274658203,127.05000305175781,126.41999816894531,126.86000061035156,6079900
2017-11-28,97.78244018554688,126.79000091552734,127.18000030517578,126.47000122070312,126.7699966430664,5983000
2017-11-29,96.81842803955078,125.54000091552734,125.68000030517578,125.0999984741211,125.55999755859375,14547100
2017-11-30,96.4945297241211,125.12000274658203,125.5199966430664,124.44000244140625,125.30999755859375,9630000
2017-12-01,97.79669952392578,126.55000305175781,127.69000244140625,125.0999984741211,125.87000274658203,24583100
2017-12-04,97.8429946899414,126.61000061035156,126.66999816894531,125.80999755859375,125.91999816894531,9609200
2017-12-05,98.32988739013672,127.23999786376953,127.5,126.44999694824219,126.47000122070312,10958900
2017-12-06,98.66991424560547,127.68000030517578,128.22999572753906,127.66000366210938,127.87000274658203,11834200
2017-12-07,97.89707946777344,126.68000030517578,128.10000610351562,126.30000305175781,127.93000030517578,13056800
2017-12-08,97.90485382080078,126.69000244140625,126.73999786376953,126.23999786376953,126.58999633789062,4786100
2017-12-11,97.70391082763672,126.43000030517578,127.08999633789062,126.41000366210938,126.86000061035156,3863800
2017-12-12,97.66526794433594,126.37999725341797,126.41000366210938,125.66999816894531,126.16999816894531,7502400
2017-12-13,98.39942932128906,127.33000183105469,127.38999938964844,126.58999633789062,126.80999755859375,8532900
2017-12-14,98.81675720214844,127.87000274658203,127.9800033569336,126.79000091552734,127.05000305175781,6885000
2017-12-15,99.18767547607422,128.35000610351562,128.58999633789062,127.55999755859375,127.80999755859375,7239400
2017-12-18,98.28351593017578,127.18000030517578,128.0,126.91000366210938,127.97000122070312,7239700
2017-12-19,97.00840759277344,125.52999877929688,126.37999725341797,125.06999969482422,126.31999969482422,11045800
2017-12-20,95.93424224853516,124.13999938964844,124.70999908447266,123.94999694824219,124.30999755859375,10005800
2017-12-21,96.49332427978516,124.5999984741211,124.86000061035156,124.0,124.02999877929688,7026900
2017-12-22,96.62500762939453,124.7699966430664,124.83999633789062,124.52999877929688,124.69999694824219,3974300
2017-12-26,96.91153717041016,125.13999938964844,125.52999877929688,124.97000122070312,124.9800033569336,3168400
2017-12-27,98.17389678955078,126.7699966430664,126.9800033569336,125.69999694824219,125.70999908447266,9059700
2017-12-28,98.08865356445312,126.66000366210938,126.83000183105469,126.37000274658203,126.52999877929688,5297100
2017-12-29,98.2435531616211,126.86000061035156,127.12000274658203,126.4800033569336,126.5,7580500
2018-01-02,97.18258666992188,125.48999786376953,126.51000213623047,125.06999969482422,126.48999786376953,16238200
2018-01-03,97.64725494384766,126.08999633789062,126.19999694824219,125.48999786376953,126.0,8605100
2018-01-04,97.63175964355469,126.06999969482422,126.16000366210938,125.37000274658203,125.6500015258789,9217900
2018-01-05,97.35296630859375,125.70999908447266,126.18000030517578,125.36000061035156,125.87000274658203,10915400
2018-01-08,97.29100036621094,125.62999725341797,126.02999877929688,125.16999816894531,125.98999786376953,8850600
2018-01-09,95.98999786376953,123.94999694824219,124.83000183105469,123.80999755859375,124.80999755859375,16226400
2018-01-10,95.87381744384766,123.80000305175781,123.93000030517578,122.66000366210938,122.80999755859375,14302600
2018-01-11,96.26875305175781,124.30999755859375,124.58999633789062,123.30999755859375,123.51000213623047,12511000
2018-01-12,96.4314193725586,124.5199966430664,124.79000091552734,123.91000366210938,124.0999984741211,9987100
2018-01-16,96.83409881591797,125.04000091552734,125.27999877929688,124.55999755859375,125.16999816894531,9125900
2018-01-17,96.70245361328125,124.87000274658203,125.63999938964844,124.5999984741211,125.08000183105469,8327000
2018-01-18,95.80415344238281,123.70999908447266,124.2699966430664,123.54000091552734,123.93000030517578,10843900
2018-01-19,95.30074310302734,123.05999755859375,123.55999755859375,122.9800033569336,123.4000015258789,11374300
2018-01-22,95.39368438720703,123.18000030517578,123.70999908447266,122.98999786376953,123.44999694824219,8984700
2018-01-23,95.80415344238281,123.70999908447266,124.19999694824219,123.23999786376953,123.80999755859375,12325700
2018-01-24,95.2852783203125,123.04000091552734,123.12999725341797,122.54000091552734,122.8499984741211,9038900
2018-01-25,96.06744384765625,124.05000305175781,124.1500015258789,122.80000305175781,123.16000366210938,12173300
2018-01-26,95.71121978759766,123.58999633789062,123.91000366210938,123.0999984741211,123.87999725341797,6462900
2018-01-29,95.04520416259766,122.7300033569336,122.97000122070312,122.30000305175781,122.97000122070312,12223000
2018-01-30,94.48759460449219,122.01000213623047,122.37000274658203,121.69999694824219,122.27999877929688,12064400
2018-01-31,95.04520416259766,122.7300033569336,122.93000030517578,121.94000244140625,122.87000274658203,18045100
2018-02-01,93.66775512695312,120.69999694824219,122.52999877929688,120.62999725341797,122.4800033569336,18632800
2018-02-02,92.79854583740234,119.58000183105469,120.26000213623047,119.23999786376953,120.1500015258789,23944400
2018-02-05,93.67548370361328,120.70999908447266,121.81999969482422,118.63999938964844,119.16999816894531,28606200
2018-02-06,93.09345245361328,119.95999908447266,120.87000274658203,119.72000122070312,120.41999816894531,10935400
2018-02-07,92.20877838134766,118.81999969482422,120.33000183105469,118.55999755859375,120.12999725341797,16271100
2018-02-08,92.10783386230469,118.69000244140625,119.18000030517578,117.8499984741211,118.01000213623047,15155100
2018-02-09,91.5258560180664,117.94000244140625,119.08999633789062,117.79000091552734,118.11000061035156,15661600
2018-02-12,91.92941284179688,118.45999908447266,119.30000305175781,118.19000244140625,118.55999755859375,10944600
2018-02-13,92.34070587158203,118.98999786376953,119.01000213623047,118.38999938964844,118.61000061035156,8157600
2018-02-14,91.31636810302734,117.66999816894531,118.54000091552734,117.47000122070312,118.45999908447266,12043300
2018-02-15,91.62676239013672,118.06999969482422,118.80000305175781,117.98999786376953,118.19000244140625,8222400
2018-02-16,92.12338256835938,118.70999908447266,119.20999908447266,118.33999633789062,119.04000091552734,8454100
2018-02-20,91.71987915039062,118.19000244140625,118.51000213623047,117.77999877929688,118.27999877929688,8268800
2018-02-21,90.5946044921875,116.73999786376953,118.29000091552734,116.51000213623047,118.23999786376953,12054300
2018-02-22,90.8662338256836,117.08999633789062,117.66000366210938,117.0,117.23999786376953,9317900
2018-02-23,91.67329406738281,118.12999725341797,118.30999755859375,117.72000122070312,117.87999725341797,9072900
2018-02-26,91.70433044433594,118.16999816894531,118.91000366210938,118.04000091552734,118.68000030517578,8771600
2018-02-27,91.5724105834961,118.0,118.66000366210938,117.26000213623047,118.5199966430664,12525700
2018-02-28,92.15444946289062,118.75,118.83000183105469,118.25,118.47000122070312,9311600
2018-03-01,92.78353881835938,119.31999969482422,119.62000274658203,118.1500015258789,118.43000030517578,12287700
2018-03-02,92.02926635742188,118.3499984741211,118.93000030517578,118.12000274658203,118.8499984741211,10064300
2018-03-05,91.78042602539062,118.02999877929688,118.80000305175781,117.62999725341797,118.75,5658200
2018-03-06,91.86593627929688,118.13999938964844,118.68000030517578,118.12000274658203,118.36000061035156,5452000
2018-03-07,91.76484680175781,118.01000213623047,118.68000030517578,117.95999908447266,118.56999969482422,4461800
2018-03-08,92.29362487792969,118.69000244140625,118.98999786376953,118.26000213623047,118.30999755859375,7086700
2018-03-09,91.68712615966797,117.91000366210938,118.2699966430664,117.58999633789062,117.98999786376953,6570400
2018-03-12,92.21588897705078,118.58999633789062,118.66000366210938,118.19000244140625,118.30999755859375,5801300
2018-03-13,92.6824722290039,119.19000244140625,119.37000274658203,118.19000244140625,118.30999755859375,7455300
2018-03-14,93.4989242553711,120.23999786376953,120.4000015258789,119.37000274658203,119.4000015258789,10175000
2018-03-15,93.4989242553711,120.23999786376953,120.48999786376953,119.93000030517578,120.16999816894531,6757900
2018-03-16,93.16455078125,119.80999755859375,120.01000213623047,119.55000305175781,119.80000305175781,6084300
2018-03-19,92.86905670166016,119.43000030517578,119.97000122070312,119.19999694824219,119.20999908447266,8491200
2018-03-20,92.49583435058594,118.94999694824219,119.22000122070312,118.83000183105469,118.91000366210938,5446000
2018-03-21,92.5969009399414,119.08000183105469,119.41999816894531,118.11000061035156,118.66000366210938,9742400
2018-03-22,93.51448059082031,120.26000213623047,120.81999969482422,119.66999816894531,120.30999755859375,12136600
2018-03-23,93.44448852539062,120.16999816894531,120.30999755859375,119.62000274658203,119.68000030517578,7250400
2018-03-26,93.0867919921875,119.70999908447266,120.44999694824219,119.66999816894531,120.0,8237900
2018-03-27,94.08211517333984,120.98999786376953,121.12000274658203,119.80999755859375,119.83000183105469,9168500
2018-03-28,94.33094787597656,121.30999755859375,121.63999938964844,120.94999694824219,121.44999694824219,7412500
2018-03-29,94.78975677490234,121.9000015258789,122.29000091552734,121.51000213623047,121.54000091552734,9694300
2018-04-02,94.97677612304688,121.87999725341797,122.36000061035156,121.16000366210938,121.3499984741211,12036500
2018-04-03,94.24424743652344,120.94000244140625,121.4800033569336,120.83000183105469,121.36000061035156,9855000
2018-04-04,94.04944610595703,120.69000244140625,121.45999908447266,120.5999984741211,121.3499984741211,6654300
2018-04-05,93.34811401367188,119.79000091552734,120.2699966430664,119.7699966430664,120.0999984741211,7603700
2018-04-06,94.36894226074219,121.0999984741211,121.1500015258789,120.22000122070312,120.66000366210938,8831200
2018-04-09,94.52478790283203,121.30000305175781,121.30000305175781,120.3499984741211,120.63999938964844,6307500
2018-04-10,94.35338592529297,121.08000183105469,121.37999725341797,120.77999877929688,121.19999694824219,6046000
2018-04-11,94.6884536743164,121.51000213623047,121.88999938964844,121.2699966430664,121.8499984741211,5901300
2018-04-12,93.99488830566406,120.62000274658203,121.06999969482422,120.41000366210938,121.04000091552734,6622800
2018-04-13,94.21308135986328,120.9000015258789,121.12999725341797,120.5,120.5199966430664,4964000
2018-04-16,94.24424743652344,120.94000244140625,120.97000122070312,120.18000030517578,120.2300033569336,4491300
2018-04-17,94.50143432617188,121.2699966430664,121.58000183105469,120.81999969482422,120.91999816894531,5590400
2018-04-18,93.74553680419922,120.30000305175781,121.33999633789062,120.27999877929688,121.29000091552734,8138400
2018-04-19,92.98182678222656,119.31999969482422,119.52999877929688,118.80999755859375,119.41999816894531,9875800
2018-04-20,92.31167602539062,118.45999908447266,119.12999725341797,118.43000030517578,118.88999938964844,7579400
2018-04-23,92.33505249023438,118.48999786376953,118.62000274658203,118.08000183105469,118.33000183105469,7073200
2018-04-24,91.91425323486328,117.94999694824219,118.44999694824219,117.76000213623047,118.20999908447266,8190800
2018-04-25,91.29865264892578,117.16000366210938,117.6500015258789,116.94000244140625,117.41000366210938,6603800
2018-04-26,91.93761444091797,117.9800033569336,118.12999725341797,117.58999633789062,117.7300033569336,6528600
2018-04-27,92.64674377441406,118.88999938964844,118.94999694824219,118.44000244140625,118.47000122070312,5401800
2018-04-30,92.81041717529297,119.0999984741211,119.55999755859375,118.94000244140625,119.08000183105469,8321100
2018-05-01,92.47613525390625,118.41000366210938,118.83999633789062,118.2300033569336,118.7699966430664,7979200
2018-05-02,92.37464904785156,118.27999877929688,118.87000274658203,118.26000213623047,118.63999938964844,4644000
2018-05-03,92.78852844238281,118.80999755859375,119.30999755859375,118.68000030517578,118.83999633789062,6345300
2018-05-04,92.92913055419922,118.98999786376953,119.2300033569336,118.48999786376953,119.2300033569336,4283500
2018-05-07,92.78073120117188,118.80000305175781,119.0199966430664,118.73999786376953,118.97000122070312,3647800
2018-05-08,92.6948013305664,118.69000244140625,119.0,118.30000305175781,118.55000305175781,6091200
2018-05-09,92.14031219482422,117.9800033569336,118.41999816894531,117.9800033569336,118.12000274658203,7832500
2018-05-10,92.88226318359375,118.93000030517578,118.9800033569336,118.3499984741211,118.55000305175781,7101500
2018-05-11,93.11654663085938,119.2300033569336,119.36000061035156,118.81999969482422,119.31999969482422,4273400
2018-05-14,92.62452697753906,118.5999984741211,118.98999786376953,118.58999633789062,118.80000305175781,4996200
2018-05-15,91.57023620605469,117.25,117.58000183105469,116.69999694824219,117.55999755859375,12901000
2018-05-16,91.21878051757812,116.80000305175781,117.52999877929688,116.79000091552734,117.41999816894531,6518000
2018-05-17,90.75801086425781,116.20999908447266,116.81999969482422,116.08999633789062,116.62999725341797,7330300
2018-05-18,91.53898620605469,117.20999908447266,117.29000091552734,116.51000213623047,116.51000213623047,9606500
2018-05-21,91.58582305908203,117.2699966430664,117.37999725341797,116.94999694824219,117.12999725341797,4448500
2018-05-22,91.44525909423828,117.08999633789062,117.3499984741211,116.8499984741211,117.29000091552734,4700700
2018-05-23,92.10907745361328,117.94000244140625,118.11000061035156,117.66000366210938,117.75,9634000
2018-05-24,92.84321594238281,118.87999725341797,119.05999755859375,118.63999938964844,118.69000244140625,8204100
2018-05-25,93.42115783691406,119.62000274658203,119.83999633789062,119.47000122070312,119.55999755859375,8482800
2018-05-29,95.46731567382812,122.23999786376953,122.5199966430664,120.43000030517578,120.79000091552734,21668100
2018-05-30,94.82687377929688,121.41999816894531,121.4800033569336,120.73999786376953,121.0,11616300
2018-05-31,94.67073822021484,121.22000122070312,121.9800033569336,120.94999694824219,121.55999755859375,10769900
2018-06-01,94.17050170898438,120.30000305175781,120.70999908447266,119.8499984741211,120.16999816894531,8718800
2018-06-04,93.48944854736328,119.43000030517578,120.13999938964844,119.37000274658203,120.11000061035156,7156500
2018-06-05,93.70863342285156,119.70999908447266,120.16000366210938,119.62000274658203,119.95999908447266,5635900
2018-06-06,92.94932556152344,118.73999786376953,119.0999984741211,118.41999816894531,119.08000183105469,7813300
2018-06-07,93.84954071044922,119.88999938964844,120.48999786376953,118.68000030517578,118.69000244140625,13238300
2018-06-08,93.56776428222656,119.52999877929688,119.8499984741211,119.44000244140625,119.55999755859375,6790600
2018-06-11,93.3955307006836,119.30999755859375,119.38999938964844,118.94000244140625,119.06999969482422,6844200
2018-06-12,93.41900634765625,119.33999633789062,119.45999908447266,118.88999938964844,118.93000030517578,6048200
2018-06-13,93.37203216552734,119.27999877929688,119.63999938964844,118.62999725341797,119.44999694824219,8834700
2018-06-14,94.1469955444336,120.2699966430664,120.30000305175781,119.4800033569336,119.77999877929688,10078800
2018-06-15,94.23311614990234,120.37999725341797,121.08999633789062,120.30000305175781,120.83000183105469,7992800
2018-06-18,94.1469955444336,120.2699966430664,120.55999755859375,120.04000091552734,120.4800033569336,4893700
2018-06-19,94.69493865966797,120.97000122070312,121.2300033569336,120.69999694824219,120.97000122070312,6133300
2018-06-20,93.86521911621094,119.91000366210938,120.79000091552734,119.9000015258789,120.7699966430664,6879100
2018-06-21,94.35838317871094,120.54000091552734,120.75,120.22000122070312,120.36000061035156,7235800
2018-06-22,94.35057067871094,120.52999877929688,120.62000274658203,120.05999755859375,120.08999633789062,4082500
2018-06-25,94.56189727783203,120.80000305175781,121.11000061035156,120.63999938964844,120.66000366210938,8363700
2018-06-26,94.69493865966797,120.97000122070312,121.02999877929688,120.66000366210938,120.7699966430664,5450000
2018-06-27,95.58736419677734,122.11000061035156,122.18000030517578,121.55000305175781,121.75,8173400
2018-06-28,95.6108627319336,122.13999938964844,122.25,121.83000183105469,122.12999725341797,7109500
2018-06-29,95.28206634521484,121.72000122070312,122.5,121.6500015258789,122.16999816894531,11164700
2018-07-02,95.20750427246094,121.3499984741211,121.75,121.29000091552734,121.73999786376953,9662000
2018-07-03,95.71746063232422,122.0,122.02999877929688,121.52999877929688,121.52999877929688,3808800
2018-07-05,95.99211120605469,122.3499984741211,122.52999877929688,122.01000213623047,122.05999755859375,3860400
2018-07-06,96.30595397949219,122.75,122.91999816894531,122.4800033569336,122.75,4679900
2018-07-09,95.68614959716797,121.95999908447266,122.20999908447266,121.9000015258789,122.06999969482422,5952700
2018-07-10,95.67826843261719,121.94999694824219,122.12999725341797,121.80999755859375,121.87000274658203,5759700
2018-07-11,96.04700469970703,122.41999816894531,122.55000305175781,122.08999633789062,122.44999694824219,6869100
2018-07-12,96.0392074584961,122.41000366210938,122.47000122070312,122.13999938964844,122.16999816894531,4824700
2018-07-13,96.28240966796875,122.72000122070312,122.87000274658203,122.47000122070312,122.61000061035156,4079000
2018-07-16,95.88223266601562,122.20999908447266,122.29000091552734,121.63999938964844,122.20999908447266,5517100
2018-07-17,95.70178985595703,121.9800033569336,122.38999938964844,121.9000015258789,122.29000091552734,3764300
2018-07-18,95.31735229492188,121.48999786376953,122.04000091552734,121.38999938964844,122.0199966430664,6330000
2018-07-19,95.92147827148438,122.26000213623047,122.44999694824219,121.7699966430664,121.80000305175781,6166700
2018-07-20,94.74464416503906,120.76000213623047,121.58999633789062,120.69999694824219,121.58000183105469,10469500
2018-07-23,93.57562255859375,119.2699966430664,120.37999725341797,119.18000030517578,120.37999725341797,11571800
2018-07-24,93.89730834960938,119.68000030517578,119.81999969482422,119.13999938964844,119.27999877929688,9053500
2018-07-25,93.74822235107422,119.48999786376953,120.26000213623047,119.26000213623047,120.0199966430664,7357900
2018-07-26,93.56779479980469,119.26000213623047,119.87999725341797,119.16000366210938,119.70999908447266,6821100
2018-07-27,93.7247085571289,119.45999908447266,119.87000274658203,119.4000015258789,119.8499984741211,4542000
2018-07-30,93.40304565429688,119.05000305175781,119.41000366210938,118.97000122070312,118.98999786376953,7111200
2018-07-31,93.9129867553711,119.69999694824219,119.86000061035156,119.55999755859375,119.79000091552734,6797400
2018-08-01,93.1479263305664,118.45999908447266,118.83999633789062,118.06999969482422,118.29000091552734,13312600
2018-08-02,93.28157806396484,118.62999725341797,118.73999786376953,118.30000305175781,118.62000274658203,4451100
2018-08-03,93.7455062866211,119.22000122070312,119.29000091552734,118.80999755859375,118.83000183105469,6162400
2018-08-06,93.800537109375,119.29000091552734,119.83999633789062,119.2699966430664,119.54000091552734,4200200
2018-08-07,93.3130111694336,118.66999816894531,119.0999984741211,118.56999969482422,119.02999877929688,5346900
2018-08-08,93.40739440917969,118.79000091552734,119.02999877929688,118.61000061035156,118.66000366210938,5640900
2018-08-09,94.19373321533203,119.79000091552734,119.83000183105469,119.12000274658203,119.2300033569336,7144100
2018-08-10,94.8778076171875,120.66000366210938,121.05000305175781,120.27999877929688,120.37000274658203,8457900
2018-08-13,94.68122100830078,120.41000366210938,120.69999694824219,120.20999908447266,120.25,7923200
2018-08-14,94.4688949584961,120.13999938964844,120.55999755859375,120.02999877929688,120.54000091552734,4251200
2018-08-15,95.01936340332031,120.83999633789062,121.12999725341797,120.56999969482422,120.66000366210938,7649800
2018-08-16,95.01150512695312,120.83000183105469,120.93000030517578,120.27999877929688,120.80999755859375,5400400
2018-08-17,95.12945556640625,120.9800033569336,121.38999938964844,120.75,121.08999633789062,3537600
2018-08-20,95.766357421875,121.79000091552734,121.91000366210938,121.54000091552734,121.63999938964844,5603700
2018-08-21,95.44397735595703,121.37999725341797,121.52999877929688,121.06999969482422,121.37000274658203,4695000
2018-08-22,95.8213882446289,121.86000061035156,122.05000305175781,121.58000183105469,122.0,5309600
2018-08-23,95.97083282470703,122.05000305175781,122.12999725341797,121.77999877929688,122.0,5328700
2018-08-24,96.15953063964844,122.29000091552734,122.33000183105469,121.48999786376953,121.62000274658203,6092200
2018-08-27,95.6091079711914,121.58999633789062,121.87000274658203,121.5199966430664,121.77999877929688,6407400
2018-08-28,95.03506469726562,120.86000061035156,121.08999633789062,120.68000030517578,121.0,4929300
2018-08-29,95.16088104248047,121.0199966430664,121.1500015258789,120.62000274658203,120.94000244140625,5613300
2018-08-30,95.36531066894531,121.27999877929688,121.45999908447266,121.08000183105469,121.30999755859375,5302900
2018-08-31,95.1451644897461,121.0,121.91999816894531,120.88999938964844,121.88999938964844,9677500
2018-09-04,94.59510803222656,120.02999877929688,120.0999984741211,119.75,119.95999908447266,18343600
2018-09-05,94.3428726196289,119.70999908447266,119.9000015258789,119.55000305175781,119.76000213623047,9422600
2018-09-06,94.68965148925781,120.1500015258789,120.4000015258789,119.69000244140625,119.76000213623047,9566000
2018-09-07,93.88578796386719,119.12999725341797,119.4000015258789,118.98999786376953,119.33000183105469,11212600
2018-09-10,94.2325668334961,119.56999969482422,119.5999984741211,119.16999816894531,119.16999816894531,6386400
2018-09-11,93.51537322998047,118.66000366210938,119.16999816894531,118.5999984741211,119.08000183105469,5440000
2018-09-12,93.73603820800781,118.94000244140625,119.16999816894531,118.9000015258789,119.05000305175781,3347200
2018-09-13,93.87787628173828,119.12000274658203,119.56999969482422,118.9800033569336,119.33999633789062,4833000
2018-09-14,93.42875671386719,118.55000305175781,118.91000366210938,118.30000305175781,118.41000366210938,5579500
2018-09-17,93.42875671386719,118.55000305175781,118.81999969482422,118.12000274658203,118.18000030517578,5433000
2018-09-18,92.45145416259766,117.30999755859375,118.06999969482422,117.16000366210938,118.05999755859375,10182300
2018-09-19,91.8998031616211,116.61000061035156,117.11000061035156,116.19000244140625,117.11000061035156,13379600
2018-09-20,92.32535552978516,117.1500015258789,117.30000305175781,116.47000122070312,116.58000183105469,8657300
2018-09-21,92.28595733642578,117.0999984741211,117.27999877929688,116.83999633789062,116.87000274658203,6173800
2018-09-24,92.04952239990234,116.80000305175781,117.2699966430664,116.72000122070312,116.73999786376953,5505500
2018-09-25,91.9549789428711,116.68000030517578,116.73999786376953,116.4000015258789,116.4800033569336,6650900
2018-09-26,92.6011734008789,117.5,117.58000183105469,116.66000366210938,116.93000030517578,9512700
2018-09-27,92.66423034667969,117.58000183105469,117.6500015258789,117.0999984741211,117.23999786376953,5758500
2018-09-28,92.41993713378906,117.2699966430664,117.91000366210938,117.22000122070312,117.8499984741211,12807700
2018-10-01,91.74142456054688,116.1500015258789,116.83000183105469,116.12000274658203,116.66000366210938,22442400
2018-10-02,92.30224609375,116.86000061035156,117.12999725341797,116.5999984741211,116.66999816894531,8266900
2018-10-03,90.69886779785156,114.83000183105469,116.36000061035156,114.23999786376953,116.2699966430664,20829200
2018-10-04,90.0590591430664,114.0199966430664,114.38999938964844,113.70999908447266,114.12999725341797,16207400
2018-10-05,89.28501892089844,113.04000091552734,113.72000122070312,112.62000274658203,113.38999938964844,18096500
2018-10-08,88.9848861694336,112.66000366210938,113.11000061035156,112.63999938964844,112.98999786376953,5855900
2018-10-09,89.88530731201172,113.80000305175781,113.8499984741211,113.06999969482422,113.13999938964844,11530800
2018-10-10,89.64046478271484,113.48999786376953,113.58000183105469,112.79000091552734,113.13999938964844,15290100
2018-10-11,90.7304458618164,114.87000274658203,115.1500015258789,113.79000091552734,114.0,16086800
2018-10-12,90.41450500488281,114.47000122070312,115.01000213623047,114.27999877929688,114.38999938964844,6794100
2018-10-15,90.37503051757812,114.41999816894531,114.81999969482422,114.29000091552734,114.66000366210938,7146300
2018-10-16,90.58033752441406,114.68000030517578,114.72000122070312,114.16000366210938,114.38999938964844,4762300
2018-10-17,90.04325103759766,114.0,114.79000091552734,113.9800033569336,114.66000366210938,5880700
2018-10-18,90.01168823242188,113.95999908447266,114.38999938964844,113.55000305175781,113.62000274658203,5728800
2018-10-19,89.814208984375,113.70999908447266,113.94999694824219,113.41000366210938,113.8499984741211,10892400
2018-10-22,89.69577026367188,113.55999755859375,114.08000183105469,113.52999877929688,113.94999694824219,3244200
2018-10-23,89.98007202148438,113.91999816894531,115.0199966430664,113.83999633789062,114.76000213623047,10330700
2018-10-24,90.65938568115234,114.77999877929688,114.81999969482422,114.23999786376953,114.36000061035156,16008000
2018-10-25,90.28022003173828,114.30000305175781,114.73999786376953,114.2300033569336,114.54000091552734,12613200
2018-10-26,90.82523345947266,114.98999786376953,115.31999969482422,114.79000091552734,114.93000030517578,18582500
2018-10-29,90.61986541748047,114.7300033569336,115.0199966430664,114.26000213623047,114.83999633789062,7679900
2018-10-30,90.16964721679688,114.16000366210938,114.54000091552734,114.0199966430664,114.26000213623047,9939500
2018-10-31,89.71150970458984,113.58000183105469,113.95999908447266,113.20999908447266,113.73999786376953,8706400
2018-11-01,89.79467010498047,113.41000366210938,113.55999755859375,112.83999633789062,112.8499984741211,6100200
2018-11-02,88.67826843261719,112.0,113.26000213623047,111.9000015258789,113.16999816894531,11314800
2018-11-05,89.02665710449219,112.44000244140625,112.70999908447266,112.3499984741211,112.4800033569336,4760200
2018-11-06,88.97120666503906,112.37000274658203,112.7300033569336,112.33000183105469,112.5999984741211,3159900
2018-11-07,89.08999633789062,112.5199966430664,113.4000015258789,112.41000366210938,113.19000244140625,9313100
2018-11-08,89.08209991455078,112.51000213623047,112.97000122070312,112.41000366210938,112.95999908447266,6905100
2018-11-09,89.74715423583984,113.3499984741211,113.5,112.72000122070312,112.75,6465300
2018-11-12,90.33305358886719,114.08999633789062,114.30999755859375,113.91000366210938,113.94999694824219,6840000
2018-11-13,90.27764892578125,114.0199966430664,114.0199966430664,113.4800033569336,113.70999908447266,6525800
2018-11-14,90.33305358886719,114.08999633789062,114.5199966430664,113.30000305175781,113.4800033569336,8690800
2018-11-15,90.29346466064453,114.04000091552734,114.54000091552734,113.68000030517578,114.44000244140625,7879600
2018-11-16,90.8160629272461,114.69999694824219,114.80999755859375,113.91999816894531,114.19999694824219,9236700
2018-11-19,91.06942749023438,115.0199966430664,115.0199966430664,114.41000366210938,114.41000366210938,7027200
2018-11-20,91.10110473632812,115.05999755859375,115.45999908447266,114.93000030517578,115.23999786376953,6332600
2018-11-21,91.06942749023438,115.0199966430664,115.08999633789062,114.54000091552734,114.88999938964844,4951100
2018-11-23,91.1644515991211,115.13999938964844,115.76000213623047,115.08999633789062,115.66999816894531,3027900
2018-11-26,90.95854187011719,114.87999725341797,115.05999755859375,114.77999877929688,114.86000061035156,6599000
2018-11-27,91.0615005493164,115.01000213623047,115.25,114.76000213623047,114.80999755859375,5967200
2018-11-28,90.61808776855469,114.44999694824219,115.0199966430664,114.36000061035156,114.8499984741211,7814000
2018-11-29,90.97441101074219,114.9000015258789,115.25,114.58999633789062,114.91999816894531,7295600
2018-11-30,91.31487274169922,115.33000183105469,115.41999816894531,114.9800033569336,115.30999755859375,9127800
2018-12-03,91.96322631835938,115.87999725341797,115.87999725341797,114.66000366210938,114.68000030517578,9763800
2018-12-04,93.50283813476562,117.81999969482422,118.66999816894531,116.62999725341797,116.80999755859375,18100500
2018-12-06,93.79647827148438,118.19000244140625,119.19999694824219,118.12999725341797,118.54000091552734,15319400
2018-12-07,93.97105407714844,118.41000366210938,118.52999877929688,117.5199966430664,117.80999755859375,8608400
2018-12-10,94.35993957519531,118.9000015258789,119.27999877929688,118.44000244140625,118.87000274658203,8777700
2018-12-11,94.3440933227539,118.87999725341797,119.37999725341797,118.61000061035156,118.97000122070312,8071900
2018-12-12,93.9234390258789,118.3499984741211,118.72000122070312,118.23999786376953,118.58000183105469,6182200
2018-12-13,93.70124053955078,118.06999969482422,118.58000183105469,117.9800033569336,118.45999908447266,5564200
2018-12-14,94.02665710449219,118.4800033569336,118.7699966430664,118.22000122070312,118.55000305175781,8169200
2018-12-17,94.57418823242188,119.16999816894531,119.30000305175781,118.58000183105469,118.58999633789062,9726800
2018-12-18,95.14061737060547,119.5999984741211,119.79000091552734,118.94000244140625,119.06999969482422,10018800
2018-12-19,96.39749145507812,121.18000030517578,121.66000366210938,119.91999816894531,120.11000061035156,23046300
2018-12-20,96.04747009277344,120.73999786376953,122.02999877929688,120.66999816894531,122.01000213623047,18543700
2018-12-21,96.0315170288086,120.72000122070312,121.20999908447266,120.38999938964844,121.13999938964844,9945100
2018-12-24,96.50885772705078,121.31999969482422,121.41999816894531,120.91000366210938,121.12999725341797,8377500
2018-12-26,95.47465515136719,120.0199966430664,121.38999938964844,119.97000122070312,120.98999786376953,11700400
2018-12-27,95.49063873291016,120.04000091552734,121.37999725341797,119.9800033569336,121.26000213623047,12146500
2018-12-28,96.2940444946289,121.05000305175781,121.05000305175781,120.29000091552734,120.4000015258789,9879100
2018-12-31,96.65998077392578,121.51000213623047,121.55999755859375,120.45999908447266,120.6500015258789,17409000
2019-01-02,97.16909790039062,122.1500015258789,122.16000366210938,121.33999633789062,121.66000366210938,19841500
2019-01-03,98.27481079101562,123.54000091552734,123.86000061035156,122.2300033569336,122.29000091552734,21187000
2019-01-04,97.13723754882812,122.11000061035156,122.55999755859375,121.6500015258789,122.33999633789062,12970200
2019-01-07,96.85091400146484,121.75,122.6500015258789,121.62000274658203,122.62000274658203,8498100
2019-01-08,96.59634399414062,121.43000030517578,121.94000244140625,121.38999938964844,121.69000244140625,7737100
2019-01-09,96.44519805908203,121.23999786376953,121.43000030517578,120.80000305175781,121.26000213623047,9349200
2019-01-10,95.82472229003906,120.45999908447266,121.41000366210938,120.33999633789062,121.27999877929688,8222900
2019-01-11,96.19861602783203,120.93000030517578,121.2699966430664,120.68000030517578,120.83000183105469,5786900
2019-01-14,95.84061431884766,120.4800033569336,121.01000213623047,120.23999786376953,120.9000015258789,6730500
2019-01-15,95.49063873291016,120.04000091552734,120.56999969482422,119.94999694824219,120.55999755859375,8997400
2019-01-16,95.58609008789062,120.16000366210938,120.38999938964844,119.51000213623047,119.58999633789062,6048400
2019-01-17,95.60993957519531,120.19000244140625,120.52999877929688,119.88999938964844,120.22000122070312,8153400
2019-01-18,95.10874938964844,119.55999755859375,120.12000274658203,119.38999938964844,119.83999633789062,14106400
2019-01-22,95.75308990478516,120.37000274658203,120.72000122070312,120.06999969482422,120.30999755859375,8881100
2019-01-23,95.71334075927734,120.31999969482422,120.62000274658203,119.83000183105469,119.87999725341797,5776800
2019-01-24,96.34181213378906,121.11000061035156,121.26000213623047,120.70999908447266,120.91000366210938,7121900
2019-01-25,95.88035583496094,120.52999877929688,120.75,120.31999969482422,120.58999633789062,6460800
2019-01-28,95.7849349975586,120.41000366210938,120.94000244140625,120.41000366210938,120.54000091552734,6435800
2019-01-29,96.27019500732422,121.0199966430664,121.04000091552734,120.38999938964844,120.52999877929688,5750100
2019-01-30,96.19861602783203,120.93000030517578,120.9800033569336,120.33000183105469,120.83999633789062,10571300
2019-01-31,97.02589416503906,121.97000122070312,122.18000030517578,121.5,121.55000305175781,11843400
2019-02-01,96.43991088867188,120.95999908447266,121.56999969482422,120.83999633789062,121.4800033569336,12024600
2019-02-04,96.00935363769531,120.41999816894531,120.55000305175781,120.0199966430664,120.44000244140625,8966200
2019-02-05,96.44789123535156,120.97000122070312,121.2300033569336,120.66000366210938,120.7300033569336,6983300
2019-02-06,96.4957046508789,121.02999877929688,121.41000366210938,120.7300033569336,121.36000061035156,5184000
2019-02-07,97.133544921875,121.83000183105469,121.91000366210938,121.2300033569336,121.45999908447266,8781000
2019-02-08,97.54813385009766,122.3499984741211,122.47000122070312,122.06999969482422,122.26000213623047,5885400
2019-02-11,97.16544342041016,121.87000274658203,122.18000030517578,121.75,121.86000061035156,4352800
2019-02-12,96.91825866699219,121.55999755859375,121.75,121.19999694824219,121.66000366210938,7939600
2019-02-13,96.55146789550781,121.0999984741211,121.38999938964844,120.91000366210938,121.1500015258789,4757700
2019-02-14,97.10164642333984,121.79000091552734,122.19999694824219,121.58000183105469,122.13999938964844,5868900
2019-02-15,97.25313568115234,121.9800033569336,122.0199966430664,121.54000091552734,121.55999755859375,5527200
2019-02-19,97.50028991699219,122.29000091552734,122.54000091552734,121.94999694824219,122.41999816894531,5872800
2019-02-20,97.22126770019531,121.94000244140625,122.08000183105469,121.58999633789062,121.94999694824219,4455800
2019-02-21,96.35220336914062,120.8499984741211,121.16000366210938,120.69999694824219,121.06999969482422,7382500
2019-02-22,96.92626190185547,121.56999969482422,121.94999694824219,121.41999816894531,121.47000122070312,6374600
2019-02-25,96.63921356201172,121.20999908447266,121.30000305175781,120.91999816894531,121.16999816894531,6293500
2019-02-26,97.11759185791016,121.80999755859375,121.81999969482422,121.36000061035156,121.7300033569336,6028900
2019-02-27,96.01734161376953,120.43000030517578,121.12999725341797,120.27999877929688,121.12000274658203,7737300
2019-02-28,95.69043731689453,120.0199966430664,120.62000274658203,119.70999908447266,120.55999755859375,9533400
2019-03-01,94.80601501464844,118.66000366210938,119.52999877929688,118.63999938964844,119.33000183105469,13541100
2019-03-04,95.54904174804688,119.58999633789062,119.7699966430664,119.05999755859375,119.29000091552734,9808500
2019-03-05,95.74878692626953,119.83999633789062,119.87000274658203,119.2699966430664,119.27999877929688,5595200
2019-03-06,96.10033416748047,120.27999877929688,120.5199966430664,119.88999938964844,119.91999816894531,7766700
2019-03-07,96.7235336303711,121.05999755859375,121.26000213623047,120.61000061035156,120.63999938964844,8187200
2019-03-08,97.13098907470703,121.56999969482422,121.69000244140625,120.8499984741211,121.12000274658203,7517600
2019-03-11,96.84335327148438,121.20999908447266,121.41999816894531,120.9800033569336,121.4000015258789,5157800
2019-03-12,97.52246856689453,122.05999755859375,122.2300033569336,121.26000213623047,121.30000305175781,6422300
2019-03-13,97.3387451171875,121.83000183105469,121.95999908447266,121.62000274658203,121.66000366210938,4386300
2019-03-14,96.6356201171875,120.94999694824219,121.76000213623047,120.91999816894531,121.69000244140625,8188400
2019-03-15,97.2748031616211,121.75,121.94999694824219,121.4000015258789,121.73999786376953,4302000
2019-03-18,97.2188720703125,121.68000030517578,121.87000274658203,121.5199966430664,121.56999969482422,3893300
2019-03-19,97.003173828125,121.41000366210938,121.62000274658203,120.88999938964844,121.08999633789062,5220200
2019-03-20,98.01787567138672,122.68000030517578,122.8499984741211,121.7300033569336,121.73999786376953,10123700
2019-03-21,98.23357391357422,122.94999694824219,123.08999633789062,122.73999786376953,122.95999908447266,7182600
2019-03-22,99.75959777832031,124.86000061035156,125.27999877929688,124.05999755859375,124.20999908447266,13077000
2019-03-25,99.91943359375,125.05999755859375,125.94000244140625,124.51000213623047,124.80999755859375,9736300
2019-03-26,99.84748840332031,124.97000122070312,125.29000091552734,124.62000274658203,124.69999694824219,7502000
2019-03-27,100.766357421875,126.12000274658203,126.33999633789062,125.30999755859375,125.41999816894531,14207200
2019-03-28,101.11787414550781,126.55999755859375,126.69000244140625,126.01000213623047,126.25,9143200
2019-03-29,101.02196502685547,126.44000244140625,126.47000122070312,125.63999938964844,125.68000030517578,10841400
2019-04-01,99.5870590209961,124.37000274658203,125.36000061035156,124.19000244140625,125.29000091552734,16501500
2019-04-02,99.77123260498047,124.5999984741211,124.73999786376953,124.25,124.4800033569336,9725000
2019-04-03,98.90646362304688,123.5199966430664,123.87000274658203,123.37000274658203,123.61000061035156,10407000
2019-04-04,99.18667602539062,123.87000274658203,123.88999938964844,123.44000244140625,123.5999984741211,7503400
2019-04-05,99.31482696533203,124.02999877929688,124.16999816894531,123.58000183105469,123.62000274658203,6321800
2019-04-08,98.96250915527344,123.58999633789062,123.94999694824219,123.5199966430664,123.83000183105469,4446400
2019-04-09,99.27482604980469,123.9800033569336,124.33999633789062,123.7699966430664,124.22000122070312,7020300
2019-04-10,99.5149917602539,124.27999877929688,124.5199966430664,124.0999984741211,124.2699966430664,7519900
2019-04-11,98.93042755126953,123.55000305175781,124.0199966430664,123.41000366210938,123.93000030517578,8679300
2019-04-12,98.22583770751953,122.66999816894531,123.05999755859375,122.62999725341797,122.88999938964844,7005500
2019-04-15,98.47409057617188,122.9800033569336,122.98999786376953,122.72000122070312,122.77999877929688,3070000
2019-04-16,97.85745239257812,122.20999908447266,122.62999725341797,122.13999938964844,122.51000213623047,8927300
2019-04-17,97.89755249023438,122.26000213623047,122.56999969482422,122.11000061035156,122.12999725341797,6118500
2019-04-18,98.40998840332031,122.9000015258789,123.0999984741211,122.77999877929688,122.80999755859375,27589400
2019-04-22,97.93759155273438,122.30999755859375,122.56999969482422,122.23999786376953,122.47000122070312,6241200
2019-04-23,98.14579010009766,122.56999969482422,122.69999694824219,122.38999938964844,122.61000061035156,6239700
2019-04-24,98.94650268554688,123.56999969482422,123.58999633789062,123.08999633789062,123.11000061035156,7302000
2019-04-25,98.80233001708984,123.38999938964844,123.62000274658203,123.0999984741211,123.48999786376953,5380900
2019-04-26,99.13867950439453,123.80999755859375,124.0199966430664,123.63999938964844,123.9800033569336,5950700
2019-04-29,98.5060806274414,123.0199966430664,123.3499984741211,122.8499984741211,123.2300033569336,10246000
2019-04-30,99.01055145263672,123.6500015258789,123.73999786376953,122.93000030517578,122.94999694824219,7957400
2019-05-01,99.41898345947266,123.9000015258789,124.44999694824219,123.5999984741211,123.69000244140625,14371900
2019-05-02,98.94554901123047,123.30999755859375,123.80999755859375,123.04000091552734,123.68000030517578,6612800
2019-05-03,99.22640228271484,123.66000366210938,123.87999725341797,123.37000274658203,123.66000366210938,6191700
2019-05-06,99.49927520751953,124.0,124.37999725341797,123.93000030517578,124.30999755859375,4482500
2019-05-07,100.26150512695312,124.94999694824219,125.13999938964844,124.38999938964844,124.52999877929688,8984900
2019-05-08,99.82820129394531,124.41000366210938,125.30000305175781,124.30000305175781,125.1500015258789,6907600
2019-05-09,100.23741912841797,124.91999816894531,125.30000305175781,124.30999755859375,125.11000061035156,9411900
2019-05-10,100.10102081298828,124.75,125.44999694824219,124.58999633789062,124.88999938964844,6037800
2019-05-13,100.88740539550781,125.7300033569336,125.93000030517578,125.25,125.4000015258789,10501600
2019-05-14,100.59050750732422,125.36000061035156,125.6500015258789,125.19999694824219,125.51000213623047,5690400
2019-05-15,101.20834350585938,126.12999725341797,126.2699966430664,125.7699966430664,126.20999908447266,9566300
2019-05-16,100.87134552001953,125.70999908447266,125.83000183105469,125.52999877929688,125.80999755859375,7666400
2019-05-17,101.09600830078125,125.98999786376953,126.30000305175781,125.69000244140625,126.27999877929688,4747100
2019-05-20,100.88740539550781,125.7300033569336,126.37999725341797,125.6500015258789,126.12000274658203,6043100
2019-05-21,100.72692108154297,125.52999877929688,125.72000122070312,125.30000305175781,125.5999984741211,4021800
2019-05-22,101.30464172363281,126.25,126.33000183105469,125.72000122070312,125.7699966430664,5675300
2019-05-23,102.44401550292969,127.66999816894531,128.08999633789062,126.87999725341797,126.88999938964844,9743700
2019-05-24,102.5323486328125,127.77999877929688,127.77999877929688,127.38999938964844,127.55999755859375,4981900
2019-05-28,103.27058410644531,128.6999969482422,128.89999389648438,128.08999633789062,128.27000427246094,8098600
2019-05-29,103.58353424072266,129.08999633789062,129.89999389648438,129.0,129.6699981689453,13260600
2019-05-30,104.47420501708984,130.1999969482422,130.22999572753906,128.88999938964844,129.3300018310547,13024800
2019-05-31,105.78211212158203,131.8300018310547,131.89999389648438,130.80999755859375,130.89999389648438,18933600
2019-06-03,106.48974609375,132.44000244140625,132.5800018310547,131.5500030517578,131.91000366210938,17822400
2019-06-04,105.2755355834961,130.92999267578125,131.75999450683594,130.5500030517578,131.38999938964844,14250000
2019-06-05,104.6805419921875,130.19000244140625,130.9499969482422,130.1199951171875,130.52000427246094,8815200
2019-06-06,105.01824188232422,130.61000061035156,131.58999633789062,130.32000732421875,130.97000122070312,9621100
2019-06-07,105.92683410644531,131.74000549316406,132.07000732421875,131.44000244140625,131.7899932861328,11378500
2019-06-10,104.92985534667969,130.5,130.6999969482422,130.32000732421875,130.67999267578125,8288700
2019-06-11,104.99415588378906,130.5800018310547,130.75999450683594,130.32000732421875,130.4199981689453,5115100
2019-06-12,105.07454681396484,130.67999267578125,130.75,130.3000030517578,130.38999938964844,5278700
2019-06-13,105.43639373779297,131.1300048828125,131.25,130.7899932861328,130.8000030517578,5560400
2019-06-14,105.70174407958984,131.4600067138672,131.7100067138672,131.08999633789062,131.10000610351562,5838800
2019-06-17,105.88665008544922,131.69000244140625,131.75999450683594,131.1300048828125,131.38999938964844,6046400
2019-06-18,106.4173583984375,132.35000610351562,132.86000061035156,131.9499969482422,132.74000549316406,10320700
2019-06-19,106.57007598876953,132.5399932861328,132.72000122070312,131.5800018310547,131.86000061035156,11962500
2019-06-20,106.85149383544922,132.88999938964844,133.50999450683594,132.58999633789062,132.91000366210938,10721500
2019-06-21,105.6775894165039,131.42999267578125,132.52999877929688,131.3800048828125,132.50999450683594,14495000
2019-06-24,106.46554565429688,132.41000366210938,132.52999877929688,132.0800018310547,132.16000366210938,6378800
2019-06-25,106.79527282714844,132.82000732421875,133.08999633789062,132.72000122070312,132.7899932861328,9604600
2019-06-26,106.11178588867188,131.97000122070312,132.6999969482422,131.8800048828125,132.67999267578125,12766800
2019-06-27,106.85954284667969,132.89999389648438,133.08999633789062,131.99000549316406,132.30999755859375,9724200
2019-06-28,106.78717041015625,132.80999755859375,133.0800018310547,132.4499969482422,132.5800018310547,8149200
2019-07-01,106.53743743896484,132.24000549316406,132.75,131.58999633789062,132.57000732421875,14131200
2019-07-02,107.35916900634766,133.25999450683594,133.38999938964844,132.4600067138672,132.57000732421875,10494300
2019-07-03,108.12452697753906,134.2100067138672,134.2899932861328,133.50999450683594,133.52000427246094,5380300
2019-07-05,106.69050598144531,132.42999267578125,132.5500030517578,131.6699981689453,132.5399932861328,12180100
2019-07-08,106.83552551269531,132.61000061035156,133.22000122070312,132.61000061035156,133.0500030517578,6490000
2019-07-09,106.7952651977539,132.55999755859375,132.7100067138672,132.16000366210938,132.67999267578125,6215700
2019-07-10,106.20713806152344,131.8300018310547,132.44000244140625,131.50999450683594,132.35000610351562,9470000
2019-07-11,104.78924560546875,130.07000732421875,131.41000366210938,129.75999450683594,131.30999755859375,14126800
2019-07-12,104.91008758544922,130.22000122070312,130.4499969482422,129.67999267578125,129.9199981689453,6992000
2019-07-15,105.51428985595703,130.97000122070312,131.0500030517578,130.4499969482422,130.4499969482422,6055500
2019-07-16,105.20008087158203,130.5800018310547,130.60000610351562,129.9600067138672,130.1699981689453,6172700
2019-07-17,106.33605194091797,131.99000549316406,132.02000427246094,131.0500030517578,131.05999755859375,9662200
2019-07-18,106.3440933227539,132.0,132.32000732421875,131.24000549316406,131.47000122070312,5724900
2019-07-19,106.09436798095703,131.69000244140625,131.92999267578125,131.50999450683594,131.58999633789062,5804800
2019-07-22,106.29574584960938,131.94000244140625,132.49000549316406,131.74000549316406,132.47000122070312,5204100
2019-07-23,105.7156982421875,131.22000122070312,131.74000549316406,130.97000122070312,131.60000610351562,8108900
2019-07-24,106.17489624023438,131.7899932861328,131.89999389648438,131.47000122070312,131.60000610351562,6389700
2019-07-25,105.66732025146484,131.16000366210938,131.41000366210938,130.50999450683594,131.25,8893100
2019-07-26,105.91710662841797,131.47000122070312,131.77999877929688,131.25,131.6999969482422,6188400
2019-07-29,105.9493408203125,131.50999450683594,131.9499969482422,131.39999389648438,131.82000732421875,6231800
2019-07-30,106.20713806152344,131.8300018310547,132.10000610351562,131.42999267578125,132.0,5678500
2019-07-31,107.06110382080078,132.88999938964844,133.3300018310547,131.66000366210938,131.6999969482422,15798700
2019-08-01,109.18736267089844,135.25999450683594,135.38999938964844,133.25999450683594,133.38999938964844,26664800
2019-08-02,110.19642639160156,136.50999450683594,136.50999450683594,135.39999389648438,135.66000366210938,15143100
2019-08-05,112.10150146484375,138.8699951171875,138.88999938964844,137.66000366210938,138.13999938964844,18543000
2019-08-06,112.99755859375,139.97999572753906,139.97999572753906,138.08999633789062,138.1999969482422,12747400
2019-08-07,113.03791046142578,140.02999877929688,143.05999755859375,139.77999877929688,142.39999389648438,32582000
2019-08-08,113.2800521850586,140.3300018310547,140.42999267578125,137.97999572753906,139.13999938964844,14746000
2019-08-09,113.05401611328125,140.0500030517578,141.5500030517578,139.8699951171875,140.6699981689453,10626000
2019-08-12,115.41120147705078,142.97000122070312,143.42999267578125,141.50999450683594,141.72000122070312,14094300
2019-08-13,115.01568603515625,142.47999572753906,143.91000366210938,141.9499969482422,143.80999755859375,15974900
2019-08-14,117.60694885253906,145.69000244140625,145.72999572753906,144.7100067138672,145.16000366210938,15068900
2019-08-15,118.91468811035156,147.30999755859375,148.60000610351562,145.5800018310547,145.9499969482422,23588700
2019-08-16,117.9621353149414,146.1300048828125,146.50999450683594,144.83999633789062,146.05999755859375,17150500
2019-08-19,116.27499389648438,144.0399932861328,144.66000366210938,143.50999450683594,143.57000732421875,13614700
2019-08-20,117.47770690917969,145.52999877929688,145.6199951171875,144.83999633789062,145.27999877929688,7451500
2019-08-21,116.69474029541016,144.55999755859375,145.7899932861328,144.2899932861328,144.72000122070312,9372000
2019-08-22,115.91983032226562,143.60000610351562,144.6999969482422,143.47999572753906,144.0,13878800
2019-08-23,117.82485961914062,145.9600067138672,146.27000427246094,143.42999267578125,143.52000427246094,16191800
2019-08-26,117.3485336303711,145.3699951171875,146.2899932861328,145.2899932861328,145.8699951171875,12174500
2019-08-27,119.15682983398438,147.61000061035156,147.72000122070312,146.47999572753906,146.6300048828125,11332300
2019-08-28,119.31018829345703,147.8000030517578,148.89999389648438,147.66000366210938,148.77999877929688,10095900
2019-08-29,118.8581314086914,147.24000549316406,147.33999633789062,146.1300048828125,147.25,8884900
2019-08-30,118.89038848876953,147.27999877929688,147.47999572753906,146.36000061035156,146.61000061035156,13550800
2019-09-03,119.04405975341797,147.2100067138672,148.6699981689453,146.57000732421875,147.08999633789062,15660800
2019-09-04,119.22198486328125,147.42999267578125,147.6199951171875,146.47999572753906,146.52999877929688,7962200
2019-09-05,117.06277465820312,144.75999450683594,145.8000030517578,143.88999938964844,145.66000366210938,19382900
2019-09-06,117.89580535888672,145.7899932861328,146.02999877929688,145.0800018310547,145.25999450683594,9466400
2019-09-09,115.80136108398438,143.1999969482422,144.0,143.19000244140625,143.8300018310547,15862700
2019-09-10,113.77153778076172,140.69000244140625,143.2899932861328,140.66000366210938,142.83999633789062,13851400
2019-09-11,113.56939697265625,140.44000244140625,141.14999389648438,140.38999938964844,140.39999389648438,10941700
2019-09-12,112.82538604736328,139.52000427246094,141.8000030517578,139.05999755859375,141.5,19163300
2019-09-13,110.41551971435547,136.5399932861328,138.7100067138672,136.5399932861328,138.27999877929688,18922200
2019-09-16,111.8226547241211,138.27999877929688,138.57000732421875,137.25,137.8800048828125,10971600
2019-09-17,112.42913818359375,139.02999877929688,139.60000610351562,138.02000427246094,138.36000061035156,9081200
2019-09-18,112.90629577636719,139.6199951171875,140.66000366210938,139.52999877929688,139.92999267578125,10984600
2019-09-19,113.24586486816406,140.0399932861328,140.99000549316406,139.97000122070312,140.75999450683594,13176200
2019-09-20,114.7419662475586,141.88999938964844,141.97999572753906,140.44000244140625,140.77000427246094,11519800
2019-09-23,114.71773529052734,141.86000061035156,143.16000366210938,141.6999969482422,142.24000549316406,15246700
2019-09-24,116.10047912597656,143.57000732421875,143.85000610351562,142.41000366210938,142.4199981689453,12421600
2019-09-25,114.40229034423828,141.47000122070312,143.5500030517578,141.13999938964844,143.25999450683594,14147100
2019-09-26,115.13819122314453,142.3800048828125,142.99000549316406,141.89999389648438,142.27000427246094,9636500
2019-09-27,115.42125701904297,142.72999572753906,142.97999572753906,142.13999938964844,142.32000732421875,10386900
2019-09-30,115.70427703857422,143.0800018310547,143.08999633789062,141.83999633789062,141.8800048828125,8006900
2019-10-01,116.05260467529297,143.25999450683594,143.91000366210938,141.13999938964844,141.25999450683594,16613700
2019-10-02,116.33613586425781,143.61000061035156,144.27000427246094,143.24000549316406,143.4600067138672,12891500
2019-10-03,117.39733123779297,144.9199981689453,145.6699981689453,143.9199981689453,143.97999572753906,13470500
2019-10-04,118.26412963867188,145.99000549316406,146.02999877929688,145.1999969482422,145.35000610351562,11516200
2019-10-07,117.28392791748047,144.77999877929688,145.52999877929688,144.7100067138672,145.16000366210938,11013900
2019-10-08,117.59990692138672,145.1699981689453,145.92999267578125,144.6199951171875,145.82000732421875,14529700
2019-10-09,116.93559265136719,144.35000610351562,144.61000061035156,143.8000030517578,144.60000610351562,8608800
2019-10-10,115.19385528564453,142.1999969482422,143.17999267578125,141.72999572753906,143.1199951171875,15054200
2019-10-11,113.7681655883789,140.44000244140625,141.10000610351562,139.7100067138672,140.97999572753906,26294000
2019-10-14,114.59442138671875,141.4600067138672,141.50999450683594,141.0800018310547,141.47999572753906,5936900
2019-10-15,113.2092056274414,139.75,140.9499969482422,139.5500030517578,140.6699981689453,11832300
2019-10-16,113.3469467163086,139.9199981689453,140.05999755859375,139.35000610351562,139.63999938964844,7729500
2019-10-17,113.07154083251953,139.5800018310547,140.3800048828125,139.3000030517578,139.52000427246094,6219300
2019-10-18,113.07154083251953,139.5800018310547,140.22999572753906,139.4499969482422,139.80999755859375,6456100
2019-10-21,112.22090911865234,138.52999877929688,138.99000549316406,138.22999572753906,138.57000732421875,8038000
2019-10-22,112.87705993652344,139.33999633789062,139.52999877929688,138.63999938964844,139.3800048828125,6683300
2019-10-23,112.99048614501953,139.47999572753906,140.30999755859375,139.36000061035156,140.02999877929688,5995400
2019-10-24,112.7636947631836,139.1999969482422,140.24000549316406,139.02999877929688,139.67999267578125,6161700
2019-10-25,112.2127914428711,138.52000427246094,139.5500030517578,138.30999755859375,139.52999877929688,5669800
2019-10-28,111.19210052490234,137.25999450683594,137.5800018310547,136.99000549316406,137.5800018310547,11402100
2019-10-29,111.26502990722656,137.35000610351562,137.74000549316406,137.1699981689453,137.6199951171875,5296600
2019-10-30,112.89324188232422,139.36000061035156,139.4499969482422,137.77000427246094,137.77000427246094,10914100
2019-10-31,114.41624450683594,141.24000549316406,141.67999267578125,140.42999267578125,140.47999572753906,15834100
2019-11-01,114.06401824951172,140.55999755859375,141.27000427246094,139.7899932861328,140.72999572753906,11425500
2019-11-04,112.56280517578125,138.7100067138672,139.13999938964844,138.52999877929688,138.97000122070312,11124300
2019-11-05,111.29683685302734,137.14999389648438,137.44000244140625,136.72999572753906,137.22000122070312,13493000
2019-11-06,111.9703598022461,137.97999572753906,138.41000366210938,137.33999633789062,138.02000427246094,9351900
2019-11-07,109.94161224365234,135.47999572753906,136.36000061035156,134.4499969482422,136.35000610351562,19209800
2019-11-08,109.47908782958984,134.91000366210938,135.9499969482422,134.77999877929688,135.14999389648438,10222900
2019-11-11,109.55208587646484,135.0,135.38999938964844,134.63999938964844,135.3800048828125,4577000
2019-11-12,110.05525970458984,135.6199951171875,135.9499969482422,134.7899932861328,135.27999877929688,5772900
2019-11-13,110.76936340332031,136.5,136.9600067138672,136.1699981689453,136.80999755859375,6672400
2019-11-14,111.9135971069336,137.91000366210938,138.44000244140625,137.6699981689453,137.8000030517578,10213300
2019-11-15,111.79182434082031,137.75999450683594,138.16000366210938,137.42999267578125,137.47999572753906,4657600
2019-11-18,111.99471282958984,138.00999450683594,138.61000061035156,137.92999267578125,138.2100067138672,5943900
2019-11-19,112.92793273925781,139.16000366210938,139.24000549316406,138.3699951171875,138.3699951171875,7893100
2019-11-20,114.09650421142578,140.60000610351562,140.60000610351562,139.77000427246094,139.91000366210938,7905500
2019-11-21,113.38233184814453,139.72000122070312,140.0800018310547,139.1199951171875,139.63999938964844,5980900
2019-11-22,113.52845001220703,139.89999389648438,140.27999877929688,139.67999267578125,140.10000610351562,4664800
2019-11-25,113.86116790771484,140.30999755859375,140.52999877929688,140.17999267578125,140.3000030517578,4157300
2019-11-26,114.52659606933594,141.1300048828125,141.30999755859375,140.94000244140625,141.0,4281100
2019-11-27,114.19387817382812,140.72000122070312,140.91000366210938,140.4199981689453,140.60000610351562,4095700
2019-11-29,113.95045471191406,140.4199981689453,140.67999267578125,139.77999877929688,140.6199951171875,6251100
2019-12-02,112.4311294555664,138.30999755859375,138.6699981689453,137.9499969482422,138.13999938964844,17702200
2019-12-03,114.78851318359375,141.2100067138672,141.77000427246094,139.92999267578125,140.0399932861328,13062400
2019-12-04,113.64231872558594,139.8000030517578,140.5,139.2100067138672,140.33999633789062,8586300
2019-12-05,113.089599609375,139.1199951171875,139.44000244140625,138.60000610351562,138.66000366210938,7273800
2019-12-06,112.46365356445312,138.35000610351562,139.1199951171875,137.86000061035156,138.02999877929688,7931100
2019-12-09,112.70751190185547,138.64999389648438,139.11000061035156,138.57000732421875,138.99000549316406,4016900
2019-12-10,112.71564483642578,138.66000366210938,139.35000610351562,138.41000366210938,139.17999267578125,4947600
2019-12-11,113.60163116455078,139.75,140.13999938964844,139.22999572753906,139.3000030517578,6256700
2019-12-12,111.73200225830078,137.4499969482422,139.27999877929688,136.61000061035156,139.19000244140625,14857000
2019-12-13,113.0245590209961,139.0399932861328,139.61000061035156,137.22999572753906,138.1199951171875,11335100
2019-12-16,112.00841522216797,137.7899932861328,138.4600067138672,137.42999267578125,138.39999389648438,9156600
2019-12-17,111.85397338867188,137.60000610351562,138.33999633789062,137.2100067138672,138.2100067138672,6179700
2019-12-18,110.93537139892578,136.47000122070312,137.4499969482422,136.27999877929688,137.3000030517578,6244700
2019-12-19,111.11286926269531,136.47000122070312,136.86000061035156,135.75999450683594,136.0,6591100
2019-12-20,111.25947570800781,136.64999389648438,136.69000244140625,135.92999267578125,136.1300048828125,5455700
2019-12-23,111.09658813476562,136.4499969482422,136.97000122070312,136.0,136.80999755859375,5175000
2019-12-24,111.41410827636719,136.83999633789062,137.05999755859375,135.88999938964844,135.9199981689453,4667400
2019-12-26,111.68281555175781,137.1699981689453,137.22000122070312,136.50999450683594,136.91000366210938,5290200
2019-12-27,111.8049545288086,137.32000732421875,137.6300048828125,137.2899932861328,137.44000244140625,7300500
2019-12-30,111.39788055419922,136.82000732421875,136.89999389648438,135.66000366210938,135.88999938964844,7979700
2019-12-31,110.30683135986328,135.47999572753906,136.4600067138672,135.3800048828125,136.2100067138672,10707400
2020-01-02,111.55258178710938,137.00999450683594,137.52999877929688,136.6699981689453,136.7899932861328,11034100
2020-01-03,113.2705078125,139.1199951171875,139.16000366210938,137.8800048828125,138.27000427246094,12366000
2020-01-06,112.6273193359375,138.3300018310547,139.7100067138672,138.14999389648438,139.69000244140625,11369800
2020-01-07,112.07364654541016,137.64999389648438,138.47000122070312,137.63999938964844,138.22000122070312,8381200
2020-01-08,111.332763671875,136.74000549316406,138.30999755859375,136.32000732421875,137.92999267578125,10621700
2020-01-09,111.72354888916016,137.22000122070312,137.44000244140625,135.91000366210938,136.0,7411500
2020-01-10,112.71691131591797,138.44000244140625,138.47000122070312,137.6300048828125,137.6699981689453,8776000
2020-01-13,112.3748779296875,138.02000427246094,138.08999633789062,137.38999938964844,137.8800048828125,5966900
2020-01-14,112.95294952392578,138.72999572753906,138.82000732421875,138.13999938964844,138.17999267578125,13920300
2020-01-15,113.70204162597656,139.64999389648438,139.75999450683594,139.02000427246094,139.52000427246094,6290500
2020-01-16,113.34380340576172,139.2100067138672,139.52999877929688,138.74000549316406,139.25999450683594,6798600
2020-01-17,112.3748779296875,138.02000427246094,138.13999938964844,137.36000061035156,137.5800018310547,9693100
2020-01-21,113.55548095703125,139.47000122070312,139.64999389648438,138.77000427246094,138.80999755859375,6794900
2020-01-22,113.95446014404297,139.9600067138672,140.13999938964844,139.58999633789062,139.72000122070312,6317000
2020-01-23,114.7523422241211,140.94000244140625,141.3800048828125,140.77999877929688,140.85000610351562,9747400
2020-01-24,115.68052673339844,142.0800018310547,142.5500030517578,141.3000030517578,141.4199981689453,8585000
2020-01-27,117.47989654541016,144.2899932861328,144.2899932861328,143.5,143.9499969482422,10935200
2020-01-28,116.559814453125,143.16000366210938,144.08999633789062,142.82000732421875,143.92999267578125,10612900
2020-01-29,117.69970703125,144.55999755859375,144.6999969482422,143.42999267578125,143.44000244140625,9566800
2020-01-30,117.7160415649414,144.5800018310547,145.6699981689453,144.2899932861328,144.89999389648438,14711800
2020-01-31,118.7907485961914,145.89999389648438,145.99000549316406,145.08999633789062,145.1699981689453,14538100
2020-02-03,118.69454193115234,145.5399932861328,145.75999450683594,144.1199951171875,144.9499969482422,15309000
2020-02-04,117.09601593017578,143.5800018310547,144.13999938964844,143.05999755859375,143.99000549316406,11388300
2020-02-05,115.81560516357422,142.00999450683594,142.6999969482422,141.89999389648438,142.3000030517578,10782600
2020-02-06,116.33763122558594,142.64999389648438,142.8800048828125,142.0,142.17999267578125,6683100
2020-02-07,117.78926086425781,144.42999267578125,144.74000549316406,143.8699951171875,144.22000122070312,11374800
2020-02-10,118.11546325683594,144.8300018310547,145.25,144.67999267578125,145.10000610351562,6699300
2020-02-11,117.52009582519531,144.10000610351562,144.72000122070312,143.94000244140625,144.58999633789062,7784100
2020-02-12,116.92479705810547,143.3699951171875,143.5500030517578,142.99000549316406,143.3699951171875,5595500
2020-02-13,117.37334442138672,143.9199981689453,144.1999969482422,143.27000427246094,143.44000244140625,7883400
2020-02-14,117.88707733154297,144.5500030517578,145.0800018310547,144.4499969482422,144.75999450683594,7137400
2020-02-18,118.69454193115234,145.5399932861328,146.0500030517578,144.9199981689453,145.33999633789062,6909200
2020-02-19,118.68632507324219,145.52999877929688,145.6199951171875,144.97999572753906,145.1199951171875,5707700
2020-02-20,119.61610412597656,146.6699981689453,146.94000244140625,146.0,146.0800018310547,9332900
2020-02-21,120.73342895507812,148.0399932861328,148.8800048828125,147.64999389648438,147.8000030517578,13860300
2020-02-24,122.53569793701172,150.25,150.9600067138672,150.0,150.8300018310547,15929300
2020-02-25,123.18817138671875,151.0500030517578,151.75999450683594,150.13999938964844,150.2100067138672,20802900
2020-02-26,122.53569793701172,150.25,151.72000122070312,149.5800018310547,149.9499969482422,22589500
2020-02-27,123.8650894165039,151.8800048828125,153.0800018310547,150.8300018310547,152.6999969482422,30687900
2020-02-28,126.66236114501953,155.30999755859375,155.97999572753906,154.16000366210938,154.4499969482422,44935200
2020-03-02,125.73045349121094,153.94000244140625,156.5,153.75999450683594,155.3000030517578,28152400
2020-03-03,127.68257904052734,156.3300018310547,159.6999969482422,152.36000061035156,153.80999755859375,38608000
2020-03-04,126.32672119140625,154.6699981689453,157.35000610351562,154.19000244140625,156.41000366210938,23463700
2020-03-05,129.47122192382812,158.52000427246094,158.82000732421875,156.80999755859375,157.1300048828125,17786200
2020-03-06,136.20945739746094,166.77000427246094,169.3300018310547,164.11000061035156,167.3000030517578,76288300
2020-03-09,139.9010772705078,171.2899932861328,179.6999969482422,170.33999633789062,179.10000610351562,41552800
2020-03-10,132.73001098632812,162.50999450683594,172.92999267578125,162.02999877929688,169.63999938964844,37728300
2020-03-11,127.84583282470703,156.52999877929688,167.02999877929688,155.6300048828125,165.42999267578125,29519300
2020-03-12,128.63807678222656,157.5,166.36000061035156,155.66000366210938,163.50999450683594,24361800
2020-03-13,125.73045349121094,153.94000244140625,158.1999969482422,152.19000244140625,155.0,19812900
2020-03-16,133.87342834472656,163.91000366210938,166.14999389648438,157.80999755859375,160.3800048828125,30496700
2020-03-17,124.94637298583984,152.97999572753906,165.6300048828125,152.7100067138672,163.5,18570900
2020-03-18,117.8978500366211,144.35000610351562,154.13999938964844,139.00999450683594,152.83999633789062,47061000
2020-03-19,121.10761260986328,148.27999877929688,153.4499969482422,145.25,146.9499969482422,21175300
2020-03-20,130.21441650390625,159.42999267578125,159.42999267578125,152.11000061035156,153.3000030517578,20863100
2020-03-23,135.58047485351562,166.0,166.69000244140625,156.57000732421875,157.5,19971800
2020-03-24,133.0567169189453,162.91000366210938,165.4499969482422,160.41000366210938,161.25,11948600
2020-03-25,132.75448608398438,162.5399932861328,166.67999267578125,161.6199951171875,163.58999633789062,10750600
2020-03-26,133.407958984375,163.33999633789062,165.67999267578125,162.27000427246094,164.0,10576200
2020-03-27,136.9689483642578,167.6999969482422,168.25,164.58999633789062,165.52000427246094,12550000
2020-03-30,135.8418426513672,166.32000732421875,170.11000061035156,165.94000244140625,168.3000030517578,13473200
2020-03-31,134.73919677734375,164.97000122070312,166.9199981689453,164.55999755859375,165.6999969482422,11464800
2020-04-01,136.6269989013672,167.0399932861328,168.9600067138672,166.39999389648438,168.47999572753906,11334700
2020-04-02,137.49398803710938,168.10000610351562,169.22000122070312,167.25999450683594,168.8300018310547,5771200
2020-04-03,137.82113647460938,168.5,170.3300018310547,168.13999938964844,168.5500030517578,6570800
2020-04-06,137.4613037109375,168.05999755859375,168.27000427246094,166.52999877929688,167.0,9434800
2020-04-07,136.0217742919922,166.3000030517578,166.4199981689453,163.7100067138672,164.9600067138672,13811400
2020-04-08,135.0320587158203,165.08999633789062,166.19000244140625,164.1300048828125,165.11000061035156,10147100
2020-04-09,135.27740478515625,165.38999938964844,165.7899932861328,163.77999877929688,164.27999877929688,14259100
2020-04-13,134.04237365722656,163.8800048828125,165.7100067138672,163.8800048828125,164.75,8750300
2020-04-14,134.00967407226562,163.83999633789062,164.74000549316406,163.47999572753906,163.83999633789062,9019100
2020-04-15,137.5594482421875,168.17999267578125,168.60000610351562,166.74000549316406,166.8000030517578,10027800
2020-04-16,139.1217041015625,170.08999633789062,170.32000732421875,169.02000427246094,169.25999450683594,8265400
2020-04-17,137.25674438476562,167.80999755859375,170.83999633789062,167.27000427246094,169.82000732421875,8612100
2020-04-20,138.3610076904297,169.16000366210938,169.2899932861328,167.9600067138672,168.44000244140625,6462600
2020-04-21,140.1032257080078,171.2899932861328,172.14999389648438,170.77999877929688,171.92999267578125,7850700
2020-04-22,138.6718292236328,169.5399932861328,170.38999938964844,168.7100067138672,169.97000122070312,6230200
2020-04-23,139.40797424316406,170.44000244140625,170.92999267578125,169.61000061035156,169.8699951171875,5968600
2020-04-24,139.73516845703125,170.83999633789062,170.83999633789062,169.57000732421875,169.61000061035156,6211800
2020-04-27,137.1341552734375,167.66000366210938,169.75,167.44000244140625,169.66000366210938,9039500
2020-04-28,138.71273803710938,169.58999633789062,169.85000610351562,168.4499969482422,168.5500030517578,9905400
2020-04-29,137.99293518066406,168.7100067138672,170.25999450683594,167.9600067138672,169.52999877929688,8619600
2020-04-30,136.38160705566406,166.74000549316406,169.22999572753906,166.7100067138672,168.74000549316406,11606100
2020-05-01,137.5495147705078,167.9499969482422,168.11000061035156,166.44000244140625,167.5,10209400
2020-05-04,136.90252685546875,167.16000366210938,167.67999267578125,166.47999572753906,167.55999755859375,8300900
2020-05-05,136.02626037597656,166.08999633789062,166.27000427246094,165.27000427246094,165.57000732421875,7831800
2020-05-06,133.831298828125,163.41000366210938,163.63999938964844,162.0500030517578,163.22999572753906,14721500
2020-05-07,136.06710815429688,166.13999938964844,166.3699951171875,163.33999633789062,163.55999755859375,9164800
2020-05-08,134.2981414794922,163.97999572753906,165.39999389648438,163.67999267578125,164.49000549316406,8129800
2020-05-11,133.24986267089844,162.6999969482422,164.22000122070312,162.10000610351562,163.66000366210938,8713500
2020-05-12,134.6175079345703,164.3699951171875,164.92999267578125,163.1300048828125,163.16000366210938,10057300
2020-05-13,135.55938720703125,165.52000427246094,166.2899932861328,164.8300018310547,165.08999633789062,13305600
2020-05-14,136.88612365722656,167.13999938964844,168.14999389648438,167.0500030517578,167.32000732421875,10080000
2020-05-15,136.533935546875,166.7100067138672,168.49000549316406,166.3300018310547,168.3000030517578,7225600
2020-05-18,133.53643798828125,163.0500030517578,165.05999755859375,162.4199981689453,164.92999267578125,10073100
2020-05-19,134.03604125976562,163.66000366210938,163.6999969482422,162.47999572753906,162.52000427246094,8639100
2020-05-20,134.43728637695312,164.14999389648438,164.6999969482422,162.8800048828125,163.1699981689453,10927300
2020-05-21,134.77308654785156,164.55999755859375,165.36000061035156,164.2899932861328,164.86000061035156,8920000
2020-05-22,135.58384704589844,165.5500030517578,165.67999267578125,164.61000061035156,164.72000122070312,4956700
2020-05-26,133.7657470703125,163.3300018310547,163.7899932861328,162.97999572753906,163.7100067138672,8098900
2020-05-27,133.5200958251953,163.02999877929688,163.91000366210938,162.58999633789062,162.7899932861328,8047400
2020-05-28,133.0286865234375,162.42999267578125,162.57000732421875,161.66000366210938,161.9600067138672,10272600
2020-05-29,133.97865295410156,163.58999633789062,164.08999633789062,162.35000610351562,162.7100067138672,14632700
2020-06-01,133.07659912109375,162.27999877929688,162.44000244140625,161.6699981689453,162.10000610351562,13341400
2020-06-02,132.59283447265625,161.69000244140625,162.08999633789062,161.25,161.6699981689453,11517100
2020-06-03,130.82974243164062,159.5399932861328,160.3300018310547,158.94000244140625,160.17999267578125,12255700
2020-06-04,128.9354705810547,157.22999572753906,159.00999450683594,157.19000244140625,158.9199981689453,14038600
2020-06-05,128.0169219970703,156.11000061035156,156.16000366210938,153.16000366210938,154.61000061035156,17778500
2020-06-08,128.50901794433594,156.7100067138672,156.85000610351562,155.0500030517578,155.07000732421875,10346700
2020-06-09,129.96871948242188,158.49000549316406,159.63999938964844,158.3000030517578,159.0500030517578,9095300
2020-06-10,131.89578247070312,160.83999633789062,160.89999389648438,159.0500030517578,159.24000549316406,13135500
2020-06-11,134.38873291015625,163.8800048828125,164.22999572753906,162.6300048828125,163.25,17086400
2020-06-12,133.09304809570312,162.3000030517578,163.66000366210938,162.0500030517578,162.41000366210938,9716100
2020-06-15,133.16690063476562,162.38999938964844,164.22000122070312,162.13999938964844,163.88999938964844,7759800
2020-06-16,131.12493896484375,159.89999389648438,161.22999572753906,158.6999969482422,159.41000366210938,13698900
2020-06-17,131.66619873046875,160.55999755859375,160.77000427246094,159.33999633789062,160.27000427246094,7113900
2020-06-18,133.06028747558594,162.25999450683594,162.47999572753906,161.61000061035156,162.0399932861328,7691400
2020-06-19,133.16690063476562,162.38999938964844,162.5,160.91000366210938,161.0,8565500
2020-06-22,133.18325805664062,162.41000366210938,163.4199981689453,162.07000732421875,163.19000244140625,9319700
2020-06-23,132.27305603027344,161.3000030517578,162.05999755859375,161.1199951171875,161.47999572753906,9088600
2020-06-24,133.6917266845703,163.02999877929688,163.08999633789062,161.52000427246094,161.52999877929688,11436500
2020-06-25,134.0771484375,163.5,164.35000610351562,163.39999389648438,164.2100067138672,10968000
2020-06-26,135.51219177246094,165.25,165.32000732421875,164.17999267578125,164.25,12119300
2020-06-29,135.08578491210938,164.72999572753906,165.27000427246094,164.3800048828125,164.85000610351562,7274400
2020-06-30,134.4297637939453,163.92999267578125,165.2899932861328,163.47999572753906,165.22999572753906,14841700
2020-07-01,134.16867065429688,163.4199981689453,163.55999755859375,162.14999389648438,162.80999755859375,13181000
2020-07-02,134.3082733154297,163.58999633789062,163.74000549316406,162.24000549316406,162.6999969482422,7599800
2020-07-06,133.7581787109375,162.9199981689453,163.02000427246094,161.75,162.3300018310547,7972700
2020-07-07,135.6383056640625,165.2100067138672,165.33999633789062,163.1999969482422,163.4199981689453,12791900
2020-07-08,135.09642028808594,164.5500030517578,164.9199981689453,163.8300018310547,164.32000732421875,7253900
2020-07-09,137.24746704101562,167.1699981689453,167.4499969482422,164.60000610351562,164.66000366210938,13373100
2020-07-10,136.55783081054688,166.3300018310547,168.2100067138672,166.16000366210938,167.9499969482422,8478000
2020-07-13,137.00926208496094,166.8800048828125,166.9600067138672,165.22999572753906,165.5,8054000
2020-07-14,137.20639038085938,167.1199951171875,168.13999938964844,166.97999572753906,167.92999267578125,11344600
2020-07-15,136.56597900390625,166.33999633789062,166.9499969482422,165.8300018310547,165.9199981689453,7840300
2020-07-16,137.21458435058594,167.1300048828125,167.77000427246094,167.0399932861328,167.39999389648438,9107400
2020-07-17,136.92723083496094,166.77999877929688,167.39999389648438,166.47000122070312,167.27000427246094,8549900
2020-07-20,137.263916015625,167.19000244140625,167.6199951171875,166.8000030517578,167.50999450683594,6907200
2020-07-21,137.34597778320312,167.2899932861328,167.72000122070312,167.0800018310547,167.3000030517578,8454400
2020-07-22,137.7564697265625,167.7899932861328,168.4600067138672,167.69000244140625,168.25999450683594,6592100
2020-07-23,139.36557006835938,169.75,169.8800048828125,168.47999572753906,168.9199981689453,10471800
2020-07-24,139.35739135742188,169.74000549316406,169.9199981689453,168.8699951171875,169.00999450683594,7520700
2020-07-27,138.84019470214844,169.11000061035156,170.3000030517578,168.99000549316406,170.25,6146400
2020-07-28,139.80076599121094,170.27999877929688,170.33999633789062,169.42999267578125,169.5399932861328,8520700
2020-07-29,139.56268310546875,169.99000549316406,170.38999938964844,168.97999572753906,170.0500030517578,6733700
2020-07-30,140.48214721679688,171.11000061035156,171.25999450683594,170.75,171.0500030517578,9376100
2020-07-31,140.39187622070312,171.0,171.4600067138672,169.94000244140625,170.14999389648438,8886000
2020-08-03,139.68499755859375,169.9499969482422,169.99000549316406,168.97000122070312,169.24000549316406,9066200
2020-08-04,141.0165557861328,171.57000732421875,171.5800018310547,170.72000122070312,170.8300018310547,9878900
2020-08-05,139.78367614746094,170.07000732421875,170.55999755859375,169.69000244140625,170.05999755859375,6954100
2020-08-06,140.56443786621094,171.02000427246094,172.25,170.6199951171875,171.3800048828125,9481800
2020-08-07,139.62747192382812,169.8800048828125,171.5,169.5800018310547,171.27999877929688,8176900
2020-08-10,139.00279235839844,169.1199951171875,170.25,169.07000732421875,170.22000122070312,6408500
2020-08-11,137.3507080078125,167.11000061035156,167.49000549316406,165.8800048828125,167.1699981689453,19234200
2020-08-12,136.1014862060547,165.58999633789062,166.07000732421875,164.99000549316406,165.6999969482422,11744800
2020-08-13,134.64669799804688,163.82000732421875,165.5800018310547,163.1699981689453,165.30999755859375,12744700
2020-08-14,134.12062072753906,163.17999267578125,164.14999389648438,163.16000366210938,163.80999755859375,6398100
2020-08-17,134.4575958251953,163.58999633789062,164.4600067138672,163.42999267578125,163.97000122070312,6901500
2020-08-18,135.4192352294922,164.75999450683594,164.8699951171875,164.08999633789062,164.36000061035156,8140600
2020-08-19,134.5726776123047,163.72999572753906,165.61000061035156,163.3000030517578,165.3699951171875,12497700
2020-08-20,135.7891387939453,165.2100067138672,165.64999389648438,164.92999267578125,165.38999938964844,10319900
2020-08-21,136.60275268554688,166.1999969482422,166.3300018310547,165.00999450683594,165.77000427246094,6836000
2020-08-24,136.380859375,165.92999267578125,166.97000122070312,165.86000061035156,166.32000732421875,6490600
2020-08-25,135.33702087402344,164.66000366210938,165.08999633789062,163.8300018310547,164.35000610351562,10518300
2020-08-26,134.81930541992188,164.02999877929688,164.3300018310547,163.27999877929688,164.0500030517578,8276600
2020-08-27,132.526123046875,161.24000549316406,164.82000732421875,161.16000366210938,164.75999450683594,19860100
2020-08-28,132.42747497558594,161.1199951171875,162.0500030517578,160.63999938964844,161.77000427246094,8415400
2020-08-31,133.30694580078125,162.19000244140625,163.25,161.55999755859375,161.60000610351562,11388100
2020-09-01,134.8316650390625,163.86000061035156,164.07000732421875,161.17999267578125,161.75999450683594,10587000
2020-09-02,136.11529541015625,165.4199981689453,165.55999755859375,163.49000549316406,163.50999450683594,15167700
2020-09-03,136.5021209716797,165.88999938964844,167.24000549316406,165.44000244140625,165.75,16416600
2020-09-04,133.91001892089844,162.74000549316406,164.6999969482422,162.4499969482422,164.41000366210938,13780300
2020-09-08,134.73294067382812,163.74000549316406,165.25999450683594,163.74000549316406,164.3699951171875,13790400
2020-09-09,134.370849609375,163.3000030517578,164.25,162.75999450683594,163.94000244140625,9558900
2020-09-10,135.05386352539062,164.1300048828125,164.35000610351562,161.9499969482422,162.4600067138672,8847700
2020-09-11,135.3418426513672,164.47999572753906,164.57000732421875,164.0800018310547,164.30999755859375,5458200
2020-09-14,135.33360290527344,164.47000122070312,165.0800018310547,164.22999572753906,164.7899932861328,4274900
2020-09-15,135.0044708251953,164.07000732421875,164.47000122070312,163.7899932861328,164.1699981689453,6928500
2020-09-16,134.60122680664062,163.5800018310547,164.88999938964844,162.97999572753906,164.77999877929688,8815200
2020-09-17,135.01268005371094,164.0800018310547,164.9600067138672,163.8000030517578,164.89999389648438,7813900
2020-09-18,134.5930938720703,163.57000732421875,164.24000549316406,163.33999633789062,164.1699981689453,7246300
2020-09-21,135.27601623535156,164.39999389648438,165.39999389648438,164.13999938964844,164.88999938964844,11086900
2020-09-22,135.16905212402344,164.27000427246094,164.8800048828125,163.8699951171875,164.44000244140625,10524100
2020-09-23,135.35006713867188,164.49000549316406,164.52999877929688,163.47999572753906,164.3000030517578,6224800
2020-09-24,135.868408203125,165.1199951171875,165.1199951171875,164.6199951171875,164.9600067138672,8278100
2020-09-25,135.868408203125,165.1199951171875,165.4199981689453,164.7100067138672,165.11000061035156,5140300
2020-09-28,135.4817657470703,164.64999389648438,164.89999389648438,164.3699951171875,164.8699951171875,4470100
2020-09-29,135.63807678222656,164.83999633789062,165.24000549316406,164.55999755859375,164.8000030517578,10297600
2020-09-30,134.33798217773438,163.25999450683594,164.0,162.5500030517578,164.0,12971000
2020-10-01,134.55950927734375,163.36000061035156,163.74000549316406,162.10000610351562,162.50999450683594,11523900
2020-10-02,134.0570831298828,162.75,163.6699981689453,162.17999267578125,163.61000061035156,8828800
2020-10-05,131.437744140625,159.57000732421875,160.9499969482422,159.52000427246094,160.9499969482422,14726000
2020-10-06,132.14608764648438,160.42999267578125,161.41000366210938,158.67999267578125,159.3300018310547,22419400
2020-10-07,131.18238830566406,159.25999450683594,160.4199981689453,158.86000061035156,159.55999755859375,9429200
2020-10-08,131.8907470703125,160.1199951171875,160.25,159.66000366210938,159.97000122070312,8431500
2020-10-09,131.86610412597656,160.08999633789062,160.27000427246094,158.80999755859375,159.52000427246094,8441500
2020-10-12,132.28616333007812,160.60000610351562,160.67999267578125,160.11000061035156,160.42999267578125,3962000
2020-10-13,133.2333984375,161.75,161.8300018310547,161.17999267578125,161.2100067138672,7914300
2020-10-14,133.53814697265625,162.1199951171875,162.75,161.97000122070312,162.3300018310547,6954800
2020-10-15,133.3074951171875,161.83999633789062,163.19000244140625,161.63999938964844,163.0399932861328,9458800
2020-10-16,132.93682861328125,161.38999938964844,162.32000732421875,161.10000610351562,161.66000366210938,8416300
2020-10-19,132.43441772460938,160.77999877929688,160.97999572753906,160.0500030517578,160.5,9286600
2020-10-20,131.17410278320312,159.25,160.00999450683594,158.9499969482422,159.86000061035156,11189000
2020-10-21,130.72108459472656,158.6999969482422,159.3699951171875,158.3699951171875,158.7899932861328,10453700
2020-10-22,129.3619384765625,157.0500030517578,158.6300048828125,156.97000122070312,158.2899932861328,12664900
2020-10-23,130.1527862548828,158.00999450683594,158.2100067138672,156.75,156.80999755859375,8783800
2020-10-26,131.3635711669922,159.47999572753906,160.02000427246094,159.00999450683594,159.2100067138672,7227300
2020-10-27,132.24490356445312,160.5500030517578,160.6999969482422,159.89999389648438,160.22999572753906,6062300
2020-10-28,132.36851501464844,160.6999969482422,161.4600067138672,160.1999969482422,161.3800048828125,11765800
2020-10-29,131.08352661132812,159.13999938964844,160.8300018310547,158.47000122070312,160.72999572753906,11932400
2020-10-30,129.79029846191406,157.57000732421875,159.35000610351562,157.57000732421875,159.02999877929688,13095400
2020-11-02,130.76251220703125,158.5800018310547,159.19000244140625,158.3300018310547,158.6999969482422,10810500
2020-11-03,130.00387573242188,157.66000366210938,157.97999572753906,157.0399932861328,157.85000610351562,16228700
2020-11-04,132.823974609375,161.0800018310547,162.1699981689453,160.5399932861328,161.63999938964844,21570800
2020-11-05,133.05484008789062,161.36000061035156,161.74000549316406,160.5800018310547,161.63999938964844,18537500
2020-11-06,131.4469451904297,159.41000366210938,159.9199981689453,158.94000244140625,159.6199951171875,12408400
2020-11-09,128.68455505371094,156.05999755859375,156.14999389648438,154.6300048828125,155.97000122070312,23245000
2020-11-10,127.94242858886719,155.16000366210938,155.80999755859375,154.77999877929688,154.9600067138672,12561000
2020-11-11,128.40414428710938,155.72000122070312,155.94000244140625,154.97000122070312,155.02000427246094,5888200
2020-11-12,130.58932495117188,158.3699951171875,158.39999389648438,156.7100067138672,156.94000244140625,15999700
2020-11-13,130.41615295410156,158.16000366210938,158.5,157.91000366210938,158.36000061035156,7344600
2020-11-16,130.10287475585938,157.77999877929688,158.27999877929688,157.61000061035156,157.72999572753906,6310400
2020-11-17,130.95220947265625,158.80999755859375,159.16000366210938,158.58999633789062,158.77000427246094,7444600
2020-11-18,131.3314971923828,159.27000427246094,159.57000732421875,158.35000610351562,159.44000244140625,10333300
2020-11-19,132.00759887695312,160.08999633789062,160.72000122070312,159.83999633789062,159.97000122070312,10637200
2020-11-20,133.17857360839844,161.50999450683594,161.5399932861328,160.38999938964844,160.52999877929688,7246800
2020-11-23,132.56834411621094,160.77000427246094,160.99000549316406,160.27999877929688,160.82000732421875,11300000
2020-11-24,131.24900817871094,159.1699981689453,160.02000427246094,159.00999450683594,159.99000549316406,10891700
2020-11-25,130.84490966796875,158.67999267578125,159.91000366210938,158.6199951171875,159.25,9145800
2020-11-27,132.11485290527344,160.22000122070312,160.27000427246094,159.5800018310547,159.61000061035156,4708200
2020-11-30,131.94984436035156,160.02000427246094,160.52999877929688,159.75999450683594,160.02999877929688,13071600
2020-12-01,130.00437927246094,157.5,158.74000549316406,156.67999267578125,158.5500030517578,13662800
2020-12-02,128.9726104736328,156.25,156.92999267578125,155.47999572753906,156.8800048828125,12114300
2020-12-03,130.01263427734375,157.50999450683594,157.82000732421875,156.5800018310547,156.94000244140625,9626500
2020-12-04,128.1059112548828,155.1999969482422,155.7899932861328,154.77000427246094,155.69000244140625,12734500
2020-12-07,129.261474609375,156.60000610351562,156.8800048828125,156.17999267578125,156.35000610351562,9316100
2020-12-08,129.87237548828125,157.33999633789062,158.07000732421875,157.1999969482422,157.57000732421875,7397200
2020-12-09,129.44300842285156,156.82000732421875,157.32000732421875,156.00999450683594,156.5500030517578,7750100
2020-12-10,130.59048461914062,158.2100067138672,158.2899932861328,156.8300018310547,157.24000549316406,10025100
2020-12-11,131.052734375,158.77000427246094,159.38999938964844,158.32000732421875,158.64999389648438,8135900
2020-12-14,130.68951416015625,158.3300018310547,158.69000244140625,157.11000061035156,157.49000549316406,7535900
2020-12-15,130.25196838378906,157.8000030517578,158.38999938964844,157.30999755859375,157.77999877929688,6847500
2020-12-16,129.9053497314453,157.3800048828125,157.88999938964844,156.38999938964844,156.5800018310547,9954200
2020-12-17,129.56161499023438,156.8000030517578,158.4600067138672,156.42999267578125,158.1300048828125,9422700
2020-12-18,129.1732177734375,156.3300018310547,157.3800048828125,156.17999267578125,157.1199951171875,6505000
2020-12-21,129.68551635742188,156.9499969482422,157.33999633789062,156.4499969482422,157.1999969482422,8988200
2020-12-22,130.3548583984375,157.75999450683594,157.8300018310547,157.0800018310547,157.55999755859375,7370800
2020-12-23,129.45416259765625,156.6699981689453,156.69000244140625,155.4600067138672,156.6199951171875,9266600
2020-12-24,129.96644592285156,157.2899932861328,157.42999267578125,156.85000610351562,156.89999389648438,3117100
2020-12-28,130.02430725097656,157.36000061035156,157.4499969482422,156.10000610351562,156.3800048828125,7791100
2020-12-29,129.8590850830078,157.16000366210938,157.2899932861328,156.36000061035156,156.38999938964844,9030900
2020-12-30,130.13998413085938,157.5,157.52999877929688,156.67999267578125,156.82000732421875,9097300
2020-12-31,130.3300323486328,157.72999572753906,158.0800018310547,157.4499969482422,157.4600067138672,7742100
2021-01-04,130.17303466796875,157.5399932861328,158.17999267578125,156.5399932861328,156.6699981689453,13152900
2021-01-05,129.20623779296875,156.3699951171875,156.9499969482422,155.66000366210938,156.9499969482422,10458100
2021-01-06,126.55386352539062,153.16000366210938,153.85000610351562,152.2899932861328,153.82000732421875,22827300
2021-01-07,125.43838500976562,151.80999755859375,152.1699981689453,151.25999450683594,151.7899932861328,14651900
2021-01-08,125.03352355957031,151.32000732421875,151.9600067138672,150.66000366210938,151.47999572753906,13622500
2021-01-11,124.82695007324219,151.07000732421875,151.2100067138672,150.49000549316406,151.0,8370700
2021-01-12,124.72783660888672,150.9499969482422,151.16000366210938,149.92999267578125,150.7899932861328,12186300
2021-01-13,126.13243103027344,152.64999389648438,153.07000732421875,151.57000732421875,151.66000366210938,12533300
2021-01-14,124.95091247558594,151.22000122070312,152.63999938964844,150.7899932861328,152.5800018310547,14835500
2021-01-15,125.44669342041016,151.82000732421875,152.36000061035156,151.47000122070312,152.19000244140625,11624700
2021-01-19,125.85155487060547,152.30999755859375,152.36000061035156,151.50999450683594,151.6199951171875,9575600
2021-01-20,125.97554016113281,152.4600067138672,152.47999572753906,151.7899932861328,151.99000549316406,5368900
2021-01-21,125.09136199951172,151.38999938964844,151.75,151.10000610351562,151.44000244140625,8162700
2021-01-22,125.49629211425781,151.8800048828125,152.00999450683594,151.4199981689453,151.85000610351562,9507200
2021-01-25,126.97531127929688,153.6699981689453,153.69000244140625,152.63999938964844,152.75999450683594,8712600
2021-01-26,126.7356948852539,153.3800048828125,153.60000610351562,152.9199981689453,153.10000610351562,7690300
2021-01-27,127.05806732177734,153.77000427246094,154.5,153.52999877929688,154.07000732421875,7895200
2021-01-28,126.3555679321289,152.9199981689453,153.4600067138672,152.16000366210938,153.39999389648438,10667800
2021-01-29,125.59545135498047,152.0,152.49000549316406,151.3000030517578,151.4199981689453,14965900
2021-02-01,125.74108123779297,152.0,152.36000061035156,151.49000549316406,151.66000366210938,8165500
2021-02-02,124.93030548095703,151.02000427246094,151.08999633789062,150.52000427246094,150.74000549316406,9177500
2021-02-03,123.8218765258789,149.67999267578125,150.58999633789062,149.5800018310547,150.42999267578125,9633100
2021-02-04,123.49095153808594,149.27999877929688,149.49000549316406,148.8000030517578,149.16000366210938,8262600
2021-02-05,122.45686340332031,148.02999877929688,149.57000732421875,148.02000427246094,149.10000610351562,10258900
2021-02-08,122.99456024169922,148.67999267578125,149.25999450683594,148.0399932861328,148.3000030517578,11574800
2021-02-09,123.08556365966797,148.7899932861328,149.6699981689453,148.66000366210938,149.22000122070312,5218300
2021-02-10,123.904541015625,149.77999877929688,149.77999877929688,149.13999938964844,149.27999877929688,8079800
2021-02-11,123.22622680664062,148.9600067138672,149.7899932861328,148.75,149.67999267578125,11962700
2021-02-12,121.69577026367188,147.11000061035156,148.0800018310547,147.02999877929688,147.6999969482422,14088400
2021-02-16,119.8427963256836,144.8699951171875,145.66000366210938,144.66000366210938,145.22000122070312,17789100
2021-02-17,120.60379791259766,145.7899932861328,146.3800048828125,144.97999572753906,145.9499969482422,11199100
2021-02-18,120.1157455444336,145.1999969482422,145.60000610351562,144.32000732421875,144.61000061035156,10755300
2021-02-19,118.5191650390625,143.27000427246094,144.32000732421875,142.85000610351562,144.05999755859375,12741700
2021-02-22,117.61750030517578,142.17999267578125,143.74000549316406,141.72000122070312,143.02999877929688,13203900
2021-02-23,117.27838134765625,141.77000427246094,142.5,141.13999938964844,141.52000427246094,12658500
2021-02-24,116.5089340209961,140.83999633789062,141.17999267578125,139.16000366210938,139.35000610351562,17363100
2021-02-25,114.60630798339844,138.5399932861328,139.9199981689453,136.61000061035156,139.52000427246094,52621700
2021-02-26,118.39508819580078,143.1199951171875,143.3000030517578,139.67999267578125,140.77000427246094,45423300
2021-03-01,116.83135986328125,141.05999755859375,141.41000366210938,140.08999633789062,140.66000366210938,22048000
2021-03-02,116.83966827392578,141.07000732421875,141.1300048828125,140.2899932861328,140.39999389648438,12482200
2021-03-03,115.57245635986328,139.5399932861328,140.14999389648438,138.75999450683594,139.3800048828125,19763700
2021-03-04,114.82704162597656,138.63999938964844,139.94000244140625,137.9600067138672,139.6300048828125,22366600
2021-03-05,115.0506591796875,138.91000366210938,139.33999633789062,137.99000549316406,138.1699981689453,20598000
2021-03-08,114.15620422363281,137.8300018310547,138.89999389648438,137.8300018310547,138.8300018310547,15236600
2021-03-09,115.73809051513672,139.74000549316406,139.82000732421875,138.97000122070312,139.27000427246094,14463400
2021-03-10,115.97006225585938,140.02000427246094,140.14999389648438,139.27999877929688,139.8000030517578,12387600
2021-03-11,115.13351440429688,139.00999450683594,139.3800048828125,138.4600067138672,139.1699981689453,14150700
2021-03-12,112.69017028808594,136.05999755859375,136.4600067138672,135.64999389648438,136.39999389648438,20402700
2021-03-15,113.35282135009766,136.86000061035156,137.08999633789062,136.41000366210938,136.49000549316406,11366500
2021-03-16,112.89726257324219,136.30999755859375,137.1199951171875,135.75,137.02000427246094,15567900
2021-03-17,112.05242919921875,135.2899932861328,135.52999877929688,134.14999389648438,135.14999389648438,27107500
2021-03-18,110.91778564453125,133.9199981689453,134.47000122070312,133.19000244140625,133.30999755859375,21615100
2021-03-19,111.60516357421875,134.75,134.8300018310547,133.8000030517578,134.0800018310547,18685000
2021-03-22,112.85578155517578,136.25999450683594,136.41000366210938,135.3699951171875,135.69000244140625,17047500
2021-03-23,113.87458038330078,137.49000549316406,137.5399932861328,136.14999389648438,136.58999633789062,16768400
2021-03-24,114.48749542236328,138.22999572753906,138.27999877929688,136.9499969482422,137.05999755859375,13863000
2021-03-25,113.584716796875,137.13999938964844,138.66000366210938,137.08999633789062,138.38999938964844,20782000
2021-03-26,113.1871566772461,136.66000366210938,137.24000549316406,136.22000122070312,136.4199981689453,8433300
2021-03-29,112.22640228271484,135.5,136.85000610351562,134.97000122070312,136.8300018310547,13968100
2021-03-30,112.81441497802734,136.2100067138672,136.50999450683594,135.00999450683594,135.3000030517578,15020800
2021-03-31,112.1849365234375,135.4499969482422,136.58999633789062,134.97999572753906,136.33999633789062,19271300
2021-04-01,114.04692077636719,137.50999450683594,137.6199951171875,136.3000030517578,136.5500030517578,14885900
2021-04-05,113.54927825927734,136.91000366210938,136.97000122070312,135.94000244140625,136.5500030517578,8243000
2021-04-06,114.32058715820312,137.83999633789062,137.97999572753906,137.00999450683594,137.16000366210938,9282400
2021-04-07,113.52439880371094,136.8800048828125,138.10000610351562,136.8800048828125,137.4499969482422,11052700
2021-04-08,114.46158599853516,138.00999450683594,138.07000732421875,137.36000061035156,137.38999938964844,7847900
2021-04-09,114.04692077636719,137.50999450683594,138.19000244140625,137.08999633789062,137.5,8717800
2021-04-12,113.9971694946289,137.4499969482422,137.52999877929688,137.10000610351562,137.4600067138672,7659000
2021-04-13,114.85140228271484,138.47999572753906,138.50999450683594,137.1999969482422,137.3000030517578,13232800
2021-04-14,114.48645782470703,138.0399932861328,138.24000549316406,137.57000732421875,138.02999877929688,7293200
2021-04-15,116.40234375,140.35000610351562,140.97999572753906,139.4600067138672,139.49000549316406,23896700
2021-04-16,115.498291015625,139.25999450683594,139.72999572753906,138.92999267578125,139.10000610351562,15238400
2021-04-19,115.1665267944336,138.86000061035156,139.30999755859375,138.5500030517578,138.74000549316406,13886800
2021-04-20,115.69729614257812,139.5,139.75999450683594,138.42999267578125,138.4499969482422,11476500
2021-04-21,115.92958068847656,139.77999877929688,139.91000366210938,139.07000732421875,139.5399932861328,11902200
2021-04-22,116.43547821044922,140.38999938964844,140.38999938964844,139.1999969482422,140.0,14156400
2021-04-23,116.1617431640625,140.05999755859375,140.47000122070312,139.49000549316406,140.3800048828125,12302200
2021-04-26,115.99593353271484,139.86000061035156,140.50999450683594,139.85000610351562,140.14999389648438,9103500
2021-04-27,114.98411560058594,138.63999938964844,139.82000732421875,138.52999877929688,139.58999633789062,14137300
2021-04-28,115.05875396728516,138.72999572753906,138.88999938964844,137.9600067138672,138.64999389648438,15263700
2021-04-29,114.71869659423828,138.32000732421875,138.36000061035156,137.1300048828125,137.4499969482422,17178200
2021-04-30,114.98411560058594,138.63999938964844,138.72999572753906,137.97999572753906,138.50999450683594,15692000
2021-05-03,115.05300903320312,138.52000427246094,139.64999389648438,138.27999877929688,138.6999969482422,16447700
2021-05-04,115.83378601074219,139.4600067138672,140.16000366210938,139.16000366210938,139.49000549316406,18639700
2021-05-05,116.02484130859375,139.69000244140625,139.85000610351562,138.9199981689453,139.02999877929688,11127900
2021-05-06,116.21585845947266,139.9199981689453,140.19000244140625,139.1999969482422,139.25,21907600
2021-05-07,115.64273071289062,139.22999572753906,140.60000610351562,138.91000366210938,140.10000610351562,18346900
2021-05-10,114.47159576416016,137.82000732421875,139.25,137.69000244140625,138.9499969482422,15146200
2021-05-11,113.82379150390625,137.0399932861328,137.47999572753906,136.77000427246094,137.22999572753906,15158600
2021-05-12,112.62774658203125,135.60000610351562,136.8000030517578,135.36000061035156,136.6699981689453,20859400
2021-05-13,112.80216979980469,135.80999755859375,136.3699951171875,135.6300048828125,135.92999267578125,13073900
2021-05-14,113.85700225830078,137.0800018310547,137.0800018310547,136.22000122070312,136.52999877929688,17566700
2021-05-17,113.61612701416016,136.7899932861328,137.1699981689453,136.57000732421875,136.8300018310547,6113800
2021-05-18,113.32543182373047,136.44000244140625,136.57000732421875,136.07000732421875,136.39999389648438,11423100
2021-05-19,113.05133819580078,136.11000061035156,137.3000030517578,135.6199951171875,136.5399932861328,14296000
2021-05-20,113.98158264160156,137.22999572753906,137.49000549316406,136.6699981689453,136.75999450683594,13310500
2021-05-21,114.34707641601562,137.6699981689453,137.6999969482422,137.05999755859375,137.66000366210938,10171600
2021-05-24,114.77062225341797,138.17999267578125,138.5800018310547,137.88999938964844,137.99000549316406,6868700
2021-05-25,115.83378601074219,139.4600067138672,139.5,138.6199951171875,138.6300048828125,12346900
2021-05-26,115.63442993164062,139.22000122070312,139.91000366210938,138.8800048828125,139.58999633789062,9793700
2021-05-27,115.16928100585938,138.66000366210938,138.69000244140625,137.99000549316406,138.5,10695200
2021-05-28,114.9865493774414,138.44000244140625,139.3000030517578,138.33999633789062,138.5800018310547,10258000
2021-06-01,114.96080017089844,138.2100067138672,138.25999450683594,137.25,137.82000732421875,11778500
2021-06-02,115.22698211669922,138.52999877929688,138.7899932861328,138.32000732421875,138.5500030517578,7347900
2021-06-03,114.79442596435547,138.00999450683594,138.50999450683594,137.85000610351562,138.50999450683594,10994000
2021-06-04,116.36651611328125,139.89999389648438,139.89999389648438,138.52000427246094,138.52000427246094,15773700
2021-06-07,116.00882720947266,139.47000122070312,139.7100067138672,139.32000732421875,139.58999633789062,7799800
2021-06-08,116.82395935058594,140.4499969482422,140.66000366210938,140.2100067138672,140.66000366210938,11230900
2021-06-09,117.85539245605469,141.69000244140625,142.14999389648438,141.25,141.75999450683594,12768300
2021-06-10,118.56241607666016,142.5399932861328,142.55999755859375,140.67999267578125,140.8300018310547,19698300
2021-06-11,118.37113189697266,142.30999755859375,142.39999389648438,141.83999633789062,142.30999755859375,8646700
2021-06-14,117.4644775390625,141.22000122070312,142.10000610351562,141.00999450683594,142.10000610351562,9401300
2021-06-15,117.32307434082031,141.0500030517578,141.08999633789062,140.47999572753906,140.8000030517578,18207300
2021-06-16,117.22323608398438,140.92999267578125,141.6699981689453,140.2100067138672,141.39999389648438,19676300
2021-06-17,118.9782943725586,143.0399932861328,144.92999267578125,141.63999938964844,141.86000061035156,35225800
2021-06-18,121.2157974243164,145.72999572753906,146.0399932861328,144.1199951171875,144.27999877929688,26616900
2021-06-21,119.1862564086914,143.2899932861328,144.49000549316406,143.02000427246094,144.38999938964844,16485000
2021-06-22,119.47742462158203,143.63999938964844,143.67999267578125,142.1199951171875,142.1699981689453,14530200
2021-06-23,119.16969299316406,143.27000427246094,143.5,142.7100067138672,143.11000061035156,12040900
2021-06-24,119.36090087890625,143.5,143.89999389648438,143.3300018310547,143.4199981689453,8788400
2021-06-25,118.12157440185547,142.00999450683594,143.39999389648438,141.3699951171875,143.25999450683594,15562200
2021-06-28,119.33599090576172,143.47000122070312,143.8000030517578,142.6999969482422,142.72000122070312,11460700
2021-06-29,119.53560638427734,143.7100067138672,143.72000122070312,143.0399932861328,143.10000610351562,11217900
2021-06-30,120.06792449951172,144.35000610351562,144.92999267578125,144.07000732421875,144.25,15708900
2021-07-01,120.0746078491211,144.1699981689453,144.30999755859375,143.52999877929688,143.97999572753906,10810000
2021-07-02,120.7991714477539,145.0399932861328,145.0399932861328,144.11000061035156,144.22999572753906,9650200
2021-07-06,122.2150650024414,146.74000549316406,146.99000549316406,145.72000122070312,145.72000122070312,20037200
2021-07-07,123.29776763916016,148.0399932861328,148.55999755859375,147.22000122070312,147.57000732421875,20964400
2021-07-08,123.7808609008789,148.6199951171875,149.44000244140625,148.1699981689453,148.8800048828125,17487800
2021-07-09,122.04021453857422,146.52999877929688,146.99000549316406,146.49000549316406,146.8699951171875,14483600
2021-07-12,121.8819808959961,146.33999633789062,147.22999572753906,146.1699981689453,147.08999633789062,10610400
2021-07-13,120.94911193847656,145.22000122070312,147.4600067138672,144.63999938964844,146.82000732421875,23340200
2021-07-14,122.32334899902344,146.8699951171875,146.9199981689453,145.80999755859375,146.00999450683594,16038600
2021-07-15,123.67261505126953,148.49000549316406,148.60000610351562,147.02999877929688,147.9499969482422,18462400
2021-07-16,123.43939208984375,148.2100067138672,148.33999633789062,147.32000732421875,147.33999633789062,12787900
2021-07-19,126.14622497558594,151.4600067138672,151.9499969482422,150.6199951171875,150.9499969482422,40203900
2021-07-20,124.93022918701172,150.0,152.7100067138672,149.75999450683594,152.52999877929688,25674800
2021-07-21,123.3477554321289,148.10000610351562,148.5,146.6699981689453,148.17999267578125,19988900
2021-07-22,124.51384735107422,149.5,149.80999755859375,148.05999755859375,148.11000061035156,18136900
2021-07-23,123.68095397949219,148.5,148.66000366210938,147.88999938964844,147.94000244140625,12639300
2021-07-26,123.31446075439453,148.05999755859375,149.05999755859375,147.8800048828125,149.0,10737700
2021-07-27,124.63035583496094,149.63999938964844,149.69000244140625,148.99000549316406,149.3300018310547,13036500
2021-07-28,124.63870239257812,149.64999389648438,149.6699981689453,148.27000427246094,148.6699981689453,14346700
2021-07-29,123.94740295410156,148.82000732421875,149.22000122070312,148.52999877929688,148.77999877929688,11532000
2021-07-30,124.53044891357422,149.52000427246094,149.72000122070312,149.05999755859375,149.1300048828125,14342100
2021-08-02,125.6412353515625,150.6699981689453,151.22999572753906,149.17999267578125,149.4499969482422,21232700
2021-08-03,125.70792388916016,150.75,151.22999572753906,150.38999938964844,150.75,13361900
2021-08-04,125.96641540527344,151.05999755859375,151.82000732421875,149.72000122070312,151.5,18267900
2021-08-05,125.32432556152344,150.2899932861328,150.9199981689453,150.0,150.75999450683594,15345400
2021-08-06,123.2313003540039,147.77999877929688,148.75999450683594,147.69000244140625,148.32000732421875,21144300
2021-08-09,122.78931427001953,147.25,148.55999755859375,147.22999572753906,148.14999389648438,12942400
2021-08-10,122.22228240966797,146.57000732421875,147.57000732421875,146.55999755859375,147.49000549316406,13716900
2021-08-11,122.14720916748047,146.47999572753906,147.22999572753906,145.7100067138672,146.41000366210938,17227600
2021-08-12,121.94708251953125,146.24000549316406,146.44000244140625,145.42999267578125,146.08999633789062,14709400
2021-08-13,123.87337493896484,148.5500030517578,148.55999755859375,146.80999755859375,146.8300018310547,18653800
2021-08-16,124.17353057861328,148.91000366210938,150.02000427246094,148.80999755859375,149.19000244140625,19170900
2021-08-17,124.12353515625,148.85000610351562,149.47000122070312,148.6699981689453,148.8800048828125,14126900
2021-08-18,124.5404281616211,149.35000610351562,149.47000122070312,148.4499969482422,148.7100067138672,13144000
2021-08-19,125.45773315429688,150.4499969482422,150.4600067138672,149.80999755859375,150.30999755859375,15474300
2021-08-20,125.54109954833984,150.5500030517578,150.80999755859375,150.11000061035156,150.58999633789062,12388400
2021-08-23,125.45773315429688,150.4499969482422,150.5,149.9199981689453,150.1999969482422,10615000
2021-08-24,124.48208618164062,149.27999877929688,150.07000732421875,149.27999877929688,149.75999450683594,13835900
2021-08-25,123.44805908203125,148.0399932861328,149.3699951171875,147.5800018310547,149.2100067138672,16743800
2021-08-26,123.78994750976562,148.4499969482422,148.57000732421875,147.50999450683594,147.97000122070312,16657400
2021-08-27,124.63220977783203,149.4600067138672,149.49000549316406,148.3300018310547,148.57000732421875,15384700
2021-08-30,124.9574203491211,149.85000610351562,149.89999389648438,148.92999267578125,148.99000549316406,10596300
2021-08-31,124.1068344116211,148.8300018310547,150.08999633789062,148.5,149.6699981689453,15262400
2021-09-01,124.3147201538086,148.88999938964844,149.38999938964844,148.49000549316406,149.27000427246094,10807100
2021-09-02,124.85739135742188,149.5399932861328,149.5500030517578,148.75,149.24000549316406,9765900
2021-09-03,123.721923828125,148.17999267578125,148.50999450683594,147.94000244140625,148.27000427246094,12928000
2021-09-07,122.67823028564453,146.92999267578125,147.52000427246094,146.66000366210938,147.25999450683594,15547800
2021-09-08,123.51321411132812,147.92999267578125,148.19000244140625,147.38999938964844,147.66000366210938,14533700
2021-09-09,125.00772857666016,149.72000122070312,149.88999938964844,147.85000610351562,148.1699981689453,20324600
2021-09-10,123.9056167602539,148.39999389648438,149.1699981689453,148.16000366210938,148.89999389648438,14894600
2021-09-13,124.65705871582031,149.3000030517578,149.49000549316406,148.9499969482422,149.0399932861328,15036100
2021-09-14,126.16830444335938,151.11000061035156,151.57000732421875,149.5800018310547,149.72999572753906,19918400
2021-09-15,125.72576904296875,150.5800018310547,151.25,149.92999267578125,151.2100067138672,11940300
2021-09-16,125.14970397949219,149.88999938964844,150.4499969482422,149.5,149.6699981689453,13328900
2021-09-17,124.54852294921875,149.1699981689453,149.36000061035156,148.6999969482422,149.17999267578125,13782900
2021-09-20,126.09320068359375,151.02000427246094,151.3699951171875,150.22999572753906,150.57000732421875,14660400
2021-09-21,125.984619140625,150.88999938964844,150.9600067138672,150.1999969482422,150.7100067138672,10035800
2021-09-22,126.73601531982422,151.7899932861328,151.7899932861328,150.44000244140625,150.7899932861328,22277800
2021-09-23,123.87220764160156,148.36000061035156,150.4499969482422,148.33999633789062,150.4199981689453,23853300
2021-09-24,122.66161346435547,146.91000366210938,147.85000610351562,146.74000549316406,147.83999633789062,20203900
2021-09-27,122.21065521240234,146.3699951171875,146.8699951171875,145.8800048828125,146.05999755859375,13464300
2021-09-28,120.30699157714844,144.08999633789062,145.07000732421875,143.63999938964844,144.3300018310547,26613500
2021-09-29,120.51573181152344,144.33999633789062,145.42999267578125,143.69000244140625,144.8000030517578,23569400
2021-09-30,120.49908447265625,144.32000732421875,144.50999450683594,143.64999389648438,144.10000610351562,22567600
2021-10-01,121.51312255859375,145.35000610351562,145.39999389648438,144.1999969482422,144.85000610351562,26151800
2021-10-04,121.20378875732422,144.97999572753906,145.4600067138672,144.10000610351562,144.6699981689453,28027600
2021-10-05,120.0334243774414,143.5800018310547,144.6999969482422,143.4600067138672,144.60000610351562,22659200
2021-10-06,120.71058654785156,144.38999938964844,144.72000122070312,144.02999877929688,144.22999572753906,18696500
2021-10-07,119.44823455810547,142.8800048828125,143.33999633789062,142.58999633789062,143.19000244140625,14856000
2021-10-08,118.61219787597656,141.8800048828125,142.35000610351562,141.52999877929688,142.25999450683594,17257800
2021-10-11,118.31126403808594,141.52000427246094,141.89999389648438,141.4499969482422,141.60000610351562,7213400
2021-10-12,120.3343734741211,143.94000244140625,144.00999450683594,142.47999572753906,142.6300048828125,17968700
2021-10-13,121.50471496582031,145.33999633789062,145.52999877929688,144.5800018310547,144.61000061035156,23584600
2021-10-14,121.95620727539062,145.8800048828125,145.9600067138672,144.9499969482422,145.3699951171875,12946400
2021-10-15,121.2455825805664,145.02999877929688,145.13999938964844,144.47000122070312,145.0,11811500
2021-10-18,121.81404876708984,145.7100067138672,146.0,144.52000427246094,145.0,12115900
2021-10-19,120.1337661743164,143.6999969482422,144.72999572753906,143.64999389648438,144.66000366210938,12156300
2021-10-20,119.3227767944336,142.72999572753906,143.67999267578125,142.50999450683594,143.25,12782500
2021-10-21,119.18062591552734,142.55999755859375,143.14999389648438,142.22999572753906,143.0,13660000
2021-10-22,120.49324035644531,144.1300048828125,144.39999389648438,143.2100067138672,143.4499969482422,13740000
2021-10-25,120.3092269897461,143.91000366210938,144.3000030517578,143.6300048828125,143.6699981689453,8137900
2021-10-26,121.30411529541016,145.10000610351562,145.10000610351562,143.74000549316406,144.6199951171875,13671000
2021-10-27,123.51114654541016,147.74000549316406,148.17999267578125,145.92999267578125,146.39999389648438,22092300
2021-10-28,123.09317016601562,147.24000549316406,148.3300018310547,146.83999633789062,147.7899932861328,17497600
2021-10-29,123.46932220458984,147.69000244140625,148.0,146.32000732421875,146.47000122070312,19087300
2021-11-01,122.58045196533203,146.44000244140625,146.75999450683594,145.6999969482422,145.8000030517578,18035500
2021-11-02,123.12447357177734,147.08999633789062,147.57000732421875,146.5,146.5,9836700
2021-11-03,121.8521499633789,145.57000732421875,147.97999572753906,145.52999877929688,147.82000732421875,20639400
2021-11-04,123.13284301757812,147.10000610351562,147.36000061035156,145.85000610351562,145.8699951171875,15922400
2021-11-05,124.97445678710938,149.3000030517578,149.5800018310547,148.1300048828125,148.52000427246094,21513000
2021-11-08,124.74006652832031,149.02000427246094,149.27999877929688,148.50999450683594,148.9600067138672,12083800
2021-11-09,126.36402130126953,150.9600067138672,151.77000427246094,150.63999938964844,150.8000030517578,23430200
2021-11-10,124.05367279052734,148.1999969482422,150.92999267578125,147.02999877929688,150.8300018310547,28170600
2021-11-11,123.86946105957031,147.97999572753906,148.66000366210938,147.88999938964844,148.50999450683594,5552500
2021-11-12,123.32539367675781,147.3300018310547,148.50999450683594,146.75999450683594,148.0,12712000
2021-11-15,121.77687072753906,145.47999572753906,146.9600067138672,145.22000122070312,146.88999938964844,15232700
2021-11-16,121.46707916259766,145.11000061035156,146.3800048828125,144.85000610351562,145.69000244140625,12998700
2021-11-17,122.42970275878906,146.25999450683594,146.2899932861328,144.4600067138672,144.57000732421875,14239900
2021-11-18,122.89012908935547,146.80999755859375,146.89999389648438,145.9499969482422,145.99000549316406,11054600
2021-11-19,124.18759155273438,148.36000061035156,148.60000610351562,147.5800018310547,147.5800018310547,14022100
2021-11-22,122.73109436035156,146.6199951171875,147.63999938964844,146.1300048828125,147.39999389648438,15266000
2021-11-23,120.95649719238281,144.5,146.11000061035156,144.5,145.92999267578125,15318500
2021-11-24,122.89852142333984,146.82000732421875,146.82000732421875,144.7899932861328,144.94000244140625,13769700
2021-11-26,126.0040054321289,150.52999877929688,150.67999267578125,148.6699981689453,148.8300018310547,20064800
2021-11-29,124.99111938476562,149.32000732421875,149.63999938964844,148.1699981689453,148.30999755859375,23234200
2021-11-30,126.89130401611328,151.58999633789062,152.07000732421875,150.25,150.8300018310547,31481100
2021-12-01,127.67399597167969,152.33999633789062,152.41000366210938,149.7899932861328,150.49000549316406,30826500
2021-12-02,127.83328247070312,152.52999877929688,152.99000549316406,150.75999450683594,152.92999267578125,17754200
2021-12-03,129.35865783691406,154.35000610351562,155.1199951171875,151.35000610351562,151.67999267578125,34427100
2021-12-06,127.58190155029297,152.22999572753906,154.35000610351562,151.92999267578125,154.0500030517578,30924200
2021-12-07,126.551025390625,151.0,152.52999877929688,150.86000061035156,151.72000122070312,22115900
2021-12-08,124.36365509033203,148.38999938964844,150.47999572753906,148.36000061035156,150.47000122070312,33633900
2021-12-09,125.05924987792969,149.22000122070312,149.83999633789062,148.47999572753906,149.33999633789062,17544900
2021-12-10,124.75755310058594,148.86000061035156,150.24000549316406,148.80999755859375,149.9199981689453,14298700
2021-12-13,126.601318359375,151.05999755859375,151.30999755859375,150.30999755859375,150.38999938964844,17860500
2021-12-14,126.29964447021484,150.6999969482422,150.92999267578125,149.30999755859375,150.3699951171875,14015500
2021-12-15,125.08439636230469,149.25,150.7899932861328,149.1300048828125,149.61000061035156,25383900
2021-12-16,125.13307189941406,149.13999938964844,149.8800048828125,148.72999572753906,148.75,18677900
2021-12-17,126.551025390625,150.8300018310547,150.97999572753906,150.16000366210938,150.33999633789062,18093500
2021-12-20,125.60289764404297,149.6999969482422,151.02000427246094,149.60000610351562,150.75,17147300
2021-12-21,125.1246566772461,149.1300048828125,149.1999969482422,147.6199951171875,148.13999938964844,16598200
2021-12-22,125.70364379882812,149.82000732421875,149.86000061035156,149.02000427246094,149.72999572753906,12253900
2021-12-23,124.61280059814453,148.52000427246094,149.60000610351562,148.02999877929688,149.58999633789062,11642500
2021-12-27,124.91493225097656,148.8800048828125,149.00999450683594,148.32000732421875,148.4600067138672,7821800
2021-12-28,124.41988372802734,148.2899932861328,149.77999877929688,148.00999450683594,149.60000610351562,9174600
2021-12-29,123.06063079833984,146.6699981689453,147.30999755859375,146.41000366210938,146.91000366210938,11771200
2021-12-30,124.09262084960938,147.89999389648438,147.97000122070312,146.4499969482422,147.25,10355000
2021-12-31,124.33601379394531,148.19000244140625,149.02999877929688,147.42999267578125,147.80999755859375,13402300
2022-01-03,121.0721435546875,144.3000030517578,146.94000244140625,144.27999877929688,146.41000366210938,33860400
2022-01-04,120.56874084472656,143.6999969482422,144.1300048828125,142.74000549316406,143.61000061035156,21996400
2022-01-05,119.91425323486328,142.9199981689453,144.16000366210938,142.7100067138672,144.13999938964844,20911700
2022-01-06,120.2247085571289,143.2899932861328,143.44000244140625,142.2899932861328,142.58999633789062,18996400
2022-01-07,119.36050415039062,142.25999450683594,143.24000549316406,141.55999755859375,143.1300048828125,18756800
2022-01-10,119.65416717529297,142.61000061035156,142.80999755859375,141.36000061035156,141.64999389648438,13775800
2022-01-11,120.45125579833984,143.55999755859375,143.6300048828125,142.6999969482422,142.8800048828125,24388700
2022-01-12,119.98979949951172,143.00999450683594,144.00999450683594,143.0,143.89999389648438,14440600
2022-01-13,121.05540466308594,144.27999877929688,144.4199981689453,143.02999877929688,143.38999938964844,15166000
2022-01-14,119.22627258300781,142.10000610351562,143.4600067138672,141.7899932861328,143.4199981689453,22997500
2022-01-18,117.54825592041016,140.10000610351562,141.30999755859375,140.02000427246094,140.9600067138672,21171700
2022-01-19,118.36209869384766,141.07000732421875,141.7100067138672,140.30999755859375,140.52999877929688,17930500
2022-01-20,119.092041015625,141.94000244140625,141.99000549316406,141.08999633789062,141.3699951171875,13959000
2022-01-21,120.51000213623047,143.6300048828125,144.10000610351562,142.6699981689453,143.39999389648438,28916600
2022-01-24,119.51995849609375,142.4499969482422,144.3699951171875,142.42999267578125,144.3000030517578,25001600
2022-01-25,119.32695770263672,142.22000122070312,143.7100067138672,141.8000030517578,143.11000061035156,15599000
2022-01-26,117.88385772705078,140.5,142.57000732421875,140.49000549316406,142.25999450683594,23655500
2022-01-27,120.04851531982422,143.0800018310547,143.3699951171875,142.3300018310547,142.41000366210938,21501800
2022-01-28,120.09046173095703,143.1300048828125,143.4600067138672,141.85000610351562,142.08999633789062,12826500
2022-01-31,119.4696273803711,142.38999938964844,142.9499969482422,141.9600067138672,142.17999267578125,13998400
2022-02-01,119.07305908203125,141.72000122070312,142.36000061035156,141.05999755859375,142.27999877929688,20806100
2022-02-02,119.47631072998047,142.1999969482422,143.57000732421875,141.92999267578125,141.9499969482422,18404600
2022-02-03,118.5436782836914,141.08999633789062,141.47999572753906,140.17999267578125,140.44000244140625,17234100
2022-02-04,116.79608154296875,139.00999450683594,140.13999938964844,138.77999877929688,139.85000610351562,23609800
2022-02-07,116.87168884277344,139.10000610351562,139.30999755859375,138.5500030517578,138.91000366210938,12962400
2022-02-08,116.09033203125,138.1699981689453,138.5800018310547,137.82000732421875,138.2100067138672,16269200
2022-02-09,116.30874633789062,138.42999267578125,139.3699951171875,138.19000244140625,138.72000122070312,14349100
2022-02-10,114.46031951904297,136.22999572753906,137.8300018310547,135.83999633789062,137.66000366210938,30896200
2022-02-11,116.15752410888672,138.25,138.50999450683594,135.36000061035156,136.8699951171875,43210300
2022-02-14,114.71240234375,136.52999877929688,137.74000549316406,135.97000122070312,137.1300048828125,23157400
2022-02-15,113.41008758544922,134.97999572753906,135.83999633789062,134.94000244140625,135.60000610351562,18198500
2022-02-16,114.0822525024414,135.77999877929688,136.07000732421875,134.50999450683594,135.9499969482422,16473700
2022-02-17,114.93083190917969,136.7899932861328,137.57000732421875,135.89999389648438,136.4499969482422,24508200
2022-02-18,116.14075469970703,138.22999572753906,138.3699951171875,137.16000366210938,137.52000427246094,17522600
2022-02-22,116.44319915771484,138.58999633789062,138.6699981689453,137.47000122070312,137.69000244140625,19534000
2022-02-23,114.83841705322266,136.67999267578125,137.85000610351562,136.57000732421875,137.67999267578125,17757800
2022-02-24,114.91407775878906,136.77000427246094,139.3699951171875,136.25,139.10000610351562,28150400
2022-02-25,114.99801635742188,136.8699951171875,137.30999755859375,136.17999267578125,136.86000061035156,15025400
2022-02-28,117.51864624023438,139.8699951171875,140.0399932861328,138.32000732421875,138.42999267578125,25817700
2022-03-01,118.87737274169922,141.3000030517578,142.3300018310547,140.0,140.36000061035156,35664400
2022-03-02,114.8138427734375,136.47000122070312,140.4199981689453,136.41000366210938,139.83999633789062,30397400
2022-03-03,115.98329162597656,137.86000061035156,138.6999969482422,137.02000427246094,137.49000549316406,20649100
2022-03-04,117.98560333251953,140.24000549316406,140.82000732421875,139.30999755859375,140.36000061035156,25853100
2022-03-07,117.08540344238281,139.1699981689453,140.63999938964844,138.77000427246094,139.1199951171875,23710900
2022-03-08,115.90752410888672,137.77000427246094,138.25,137.25,137.50999450683594,28331300
2022-03-09,114.77178192138672,136.4199981689453,137.33999633789062,136.1300048828125,137.07000732421875,18819200
2022-03-10,113.1227798461914,134.4600067138672,135.1699981689453,133.72000122070312,134.8300018310547,26868900
2022-03-11,113.50142669677734,134.91000366210938,135.4499969482422,134.2100067138672,134.3300018310547,15583800
2022-03-14,110.85123443603516,131.75999450683594,132.88999938964844,131.72000122070312,132.6999969482422,24385000
2022-03-15,110.65773010253906,131.52999877929688,133.14999389648438,131.19000244140625,132.86000061035156,17518800
2022-03-16,111.74308776855469,132.82000732421875,133.1300048828125,130.32000732421875,131.8300018310547,25857700
2022-03-17,110.91015625,131.8300018310547,133.33999633789062,131.07000732421875,132.82000732421875,19330600
2022-03-18,112.2646713256836,133.44000244140625,133.5399932861328,132.57000732421875,132.57000732421875,55891700
2022-03-21,109.66499328613281,130.35000610351562,131.6699981689453,129.75,131.27999877929688,26122000
2022-03-22,108.260009765625,128.67999267578125,129.33999633789062,128.33999633789062,128.9600067138672,21830900
2022-03-23,110.63252258300781,131.5,131.60000610351562,128.86000061035156,129.3699951171875,21266100
2022-03-24,109.76597595214844,130.47000122070312,131.17999267578125,129.60000610351562,129.64999389648438,17141600
2022-03-25,108.2431869506836,128.66000366210938,129.52000427246094,127.6500015258789,129.5,25684500
2022-03-28,109.16864013671875,129.75999450683594,130.55999755859375,129.0399932861328,129.38999938964844,17657800
2022-03-29,109.99313354492188,130.74000549316406,131.5500030517578,129.74000549316406,130.55999755859375,19319700
2022-03-30,110.85123443603516,131.75999450683594,132.00999450683594,129.99000549316406,130.07000732421875,16310200
2022-03-31,111.12047576904297,132.0800018310547,132.6699981689453,131.66000366210938,131.97999572753906,19901000
2022-04-01,111.54345703125,132.3800048828125,132.9600067138672,129.7100067138672,130.00999450683594,23489700
2022-04-04,110.76824951171875,131.4600067138672,131.97999572753906,130.7100067138672,131.92999267578125,13609900
2022-04-05,108.26576232910156,128.49000549316406,130.77999877929688,128.2899932861328,130.75999450683594,25196900
2022-04-06,107.38947296142578,127.44999694824219,128.3000030517578,126.4000015258789,126.43000030517578,22952000
2022-04-07,106.58055114746094,126.48999786376953,126.66999816894531,125.41000366210938,126.11000061035156,23458800
2022-04-08,105.42620849609375,125.12000274658203,125.83000183105469,124.26000213623047,125.44999694824219,26859200
2022-04-11,103.75785827636719,123.13999938964844,124.19000244140625,122.55999755859375,123.91999816894531,30020700
2022-04-12,103.61459350585938,122.97000122070312,124.16000366210938,122.66999816894531,124.05000305175781,23124200
2022-04-13,103.8252182006836,123.22000122070312,124.30000305175781,122.88999938964844,123.05000305175781,17189500
2022-04-14,101.74402618408203,120.75,122.93000030517578,120.37999725341797,122.86000061035156,34274500
2022-04-18,101.23848724365234,120.1500015258789,121.08000183105469,119.69000244140625,120.87000274658203,18784300
2022-04-19,100.48011016845703,119.25,119.72000122070312,118.66999816894531,119.1500015258789,26012300
2022-04-20,102.50234985351562,121.6500015258789,121.97000122070312,119.91999816894531,120.22000122070312,31423200
2022-04-21,101.74402618408203,120.75,120.91000366210938,119.16999816894531,120.83000183105469,23323200
2022-04-22,101.10365295410156,119.98999786376953,121.44000244140625,119.80999755859375,120.06999969482422,19773400
2022-04-25,102.11477661132812,121.19000244140625,122.19000244140625,121.12999725341797,121.37999725341797,25418900
2022-04-26,103.14273834228516,122.41000366210938,123.02999877929688,121.76000213623047,122.44000244140625,26931300
2022-04-27,101.81985473632812,120.83999633789062,122.31999969482422,120.7699966430664,122.19000244140625,14560500
2022-04-28,101.97151184082031,121.0199966430664,121.06999969482422,120.01000213623047,120.38999938964844,16892500
2022-04-29,100.64864349365234,119.44999694824219,120.97000122070312,119.11000061035156,119.30999755859375,26153400
2022-05-02,98.90400695800781,117.18000030517578,118.2699966430664,116.93000030517578,117.86000061035156,29233900
2022-05-03,99.57081604003906,117.97000122070312,119.30999755859375,117.88999938964844,119.04000091552734,21256700
2022-05-04,100.11944580078125,118.62000274658203,118.97000122070312,117.3499984741211,117.97000122070312,25575700
2022-05-05,97.37629699707031,115.37000274658203,116.47000122070312,114.0199966430664,116.3499984741211,48384500
2022-05-06,95.94147491455078,113.66999816894531,115.04000091552734,113.30999755859375,114.13999938964844,32790500
2022-05-09,96.78544616699219,114.66999816894531,114.70999908447266,112.62000274658203,112.86000061035156,26773000
2022-05-10,97.66329193115234,115.70999908447266,116.95999908447266,115.4800033569336,115.88999938964844,33640800
2022-05-11,99.54548645019531,117.94000244140625,117.94000244140625,114.44000244140625,114.73999786376953,34173600
2022-05-12,99.35980224609375,117.72000122070312,118.88999938964844,117.66000366210938,118.0199966430664,26405700
2022-05-13,97.89118957519531,115.9800033569336,117.1500015258789,115.9000015258789,116.9800033569336,20782700
2022-05-16,97.7898941040039,115.86000061035156,116.94000244140625,115.8499984741211,116.20999908447266,11050600
2022-05-17,96.60826873779297,114.45999908447266,115.3499984741211,114.36000061035156,114.70999908447266,15040800
2022-05-18,98.6677017211914,116.9000015258789,117.0,114.61000061035156,114.72000122070312,21337300
2022-05-19,98.90400695800781,117.18000030517578,118.72000122070312,116.8499984741211,118.63999938964844,21937500
2022-05-20,100.02659606933594,118.51000213623047,119.0199966430664,117.05999755859375,117.08999633789062,22780900
2022-05-23,98.38070678710938,116.55999755859375,118.25,116.54000091552734,117.70999908447266,15925200
2022-05-24,100.32196807861328,118.86000061035156,119.63999938964844,117.86000061035156,117.9000015258789,23388200
2022-05-25,100.71868896484375,119.33000183105469,119.62000274658203,118.58999633789062,119.61000061035156,14410800
2022-05-26,100.2629165649414,118.79000091552734,119.08999633789062,117.80000305175781,119.0199966430664,14912900
2022-05-27,100.50767517089844,119.08000183105469,119.73999786376953,118.73999786376953,119.36000061035156,11190400
2022-05-31,98.38070678710938,116.55999755859375,117.2300033569336,115.93000030517578,117.18000030517578,28393700
2022-06-01,98.26826477050781,116.22000122070312,117.33999633789062,115.69000244140625,117.02999877929688,15544800
2022-06-02,98.31901550292969,116.27999877929688,116.70999908447266,115.45999908447266,116.62999725341797,9832000
2022-06-03,98.10760498046875,116.02999877929688,116.05999755859375,114.87000274658203,115.08999633789062,15330400
2022-06-06,96.29817962646484,113.88999938964844,115.51000213623047,113.80999755859375,115.1500015258789,20815400
2022-06-07,97.33817291259766,115.12000274658203,115.77999877929688,114.58000183105469,114.61000061035156,14278700
2022-06-08,96.47573852539062,114.0999984741211,115.12999725341797,114.08000183105469,114.68000030517578,11476100
2022-06-09,96.79705047607422,114.4800033569336,114.70999908447266,113.68000030517578,113.83999633789062,15527300
2022-06-10,96.19670104980469,113.7699966430664,114.61000061035156,112.97000122070312,114.36000061035156,21917100
2022-06-13,93.17813110351562,110.19999694824219,111.66999816894531,109.23999786376953,111.48999786376953,36968300
2022-06-14,92.00282287597656,108.80999755859375,110.9800033569336,108.58999633789062,110.52999877929688,21865900
2022-06-15,93.71928405761719,110.83999633789062,110.98999786376953,109.02999877929688,110.08999633789062,25202800
2022-06-16,94.46334075927734,111.72000122070312,111.72000122070312,108.12000274658203,108.44999694824219,26067300
2022-06-17,94.76773834228516,112.08000183105469,112.83000183105469,110.95999908447266,112.01000213623047,21614300
2022-06-21,93.16121673583984,110.18000030517578,111.0199966430664,109.80999755859375,110.08999633789062,17663800
2022-06-22,95.72322845458984,113.20999908447266,113.30999755859375,112.37999725341797,112.69000244140625,23703800
2022-06-23,96.50956726074219,114.13999938964844,115.16999816894531,113.48999786376953,113.9000015258789,20669200
2022-06-24,95.17359161376953,112.55999755859375,114.16999816894531,112.5,113.45999908447266,18161300
2022-06-27,94.36189270019531,111.5999984741211,112.22000122070312,111.16000366210938,111.22000122070312,12053000
2022-06-28,94.80159759521484,112.12000274658203,112.18000030517578,110.87000274658203,111.29000091552734,13706600
2022-06-29,96.28128814697266,113.87000274658203,113.9000015258789,112.16999816894531,112.37999725341797,12925400
2022-06-30,97.12678527832031,114.87000274658203,115.7699966430664,114.75,114.86000061035156,25802100
2022-07-01,98.12394714355469,115.81999969482422,117.58999633789062,115.22000122070312,115.9000015258789,21858800
2022-07-05,98.89492797851562,116.7300033569336,117.75,116.16999816894531,116.88999938964844,16689700
2022-07-06,97.23439025878906,114.7699966430664,117.54000091552734,114.7699966430664,117.38999938964844,20205400
2022-07-07,96.37870788574219,113.76000213623047,115.16999816894531,113.51000213623047,115.0999984741211,13088000
2022-07-08,95.31121063232422,112.5,113.5,112.05000305175781,113.5,15320000
2022-07-11,96.95481872558594,114.44000244140625,114.79000091552734,113.69999694824219,113.79000091552734,13639900
2022-07-12,97.5309066772461,115.12000274658203,116.2300033569336,114.97000122070312,115.51000213623047,18547300
2022-07-13,98.64922332763672,116.44000244140625,116.6500015258789,113.44999694824219,113.7699966430664,20594800
2022-07-14,97.84437561035156,115.48999786376953,116.16000366210938,114.47000122070312,115.08000183105469,15665000
2022-07-15,98.39505767822266,116.13999938964844,116.81999969482422,115.5999984741211,115.83999633789062,16022600
2022-07-18,97.36992645263672,114.93000030517578,115.31999969482422,114.18000030517578,115.25,15838300
2022-07-19,96.84468078613281,114.30999755859375,115.1500015258789,113.66000366210938,114.91000366210938,9276800
2022-07-20,97.09881591796875,114.61000061035156,115.55000305175781,114.05000305175781,115.4800033569336,9117300
2022-07-21,98.7762680053711,116.58999633789062,116.72000122070312,115.01000213623047,115.19000244140625,14754900
2022-07-22,100.43684387207031,118.55000305175781,119.2699966430664,117.97000122070312,118.29000091552734,17715300
2022-07-25,99.45408630371094,117.38999938964844,117.54000091552734,116.47000122070312,116.70999908447266,24868100
2022-07-26,99.53032684326172,117.4800033569336,119.23999786376953,117.4000015258789,118.86000061035156,13536000
2022-07-27,98.97117614746094,116.81999969482422,118.48999786376953,116.70999908447266,118.01000213623047,15725600
2022-07-28,99.75906372070312,117.75,118.91999816894531,117.31999969482422,118.05000305175781,16637900
2022-07-29,99.48797607421875,117.43000030517578,119.30999755859375,117.33000183105469,117.69999694824219,16655900
2022-08-01,101.88400268554688,120.04000091552734,120.0999984741211,118.08000183105469,118.25,17974600
2022-08-02,99.7281494140625,117.5,120.69000244140625,117.29000091552734,120.1500015258789,17896300
2022-08-03,101.29834747314453,119.3499984741211,119.48999786376953,116.33000183105469,117.16999816894531,16731200
2022-08-04,101.264404296875,119.30999755859375,119.55000305175781,118.54000091552734,118.9800033569336,11003000
2022-08-05,98.85393524169922,116.47000122070312,117.11000061035156,115.88999938964844,117.06999969482422,19492300
2022-08-08,100.44957733154297,118.3499984741211,118.52999877929688,117.55999755859375,117.63999938964844,17476300
2022-08-09,100.05917358398438,117.88999938964844,118.36000061035156,117.45999908447266,117.7300033569336,8223200
2022-08-10,99.4056625366211,117.12000274658203,118.91000366210938,116.7300033569336,117.7300033569336,14665300
2022-08-11,97.08855438232422,114.38999938964844,117.05999755859375,114.08999633789062,116.87000274658203,20663800
2022-08-12,98.07308959960938,115.55000305175781,115.56999969482422,114.43000030517578,115.0999984741211,12178400
2022-08-15,97.98819732666016,115.44999694824219,116.75,115.44999694824219,116.33000183105469,9031800
2022-08-16,98.39558410644531,115.93000030517578,116.0199966430664,114.23999786376953,115.25,11066000
2022-08-17,97.36864471435547,114.72000122070312,115.0999984741211,114.30999755859375,115.05999755859375,14131300
2022-08-18,97.5129165649414,114.88999938964844,115.63999938964844,114.58999633789062,114.97000122070312,10738200
2022-08-19,95.9427261352539,113.04000091552734,113.33999633789062,112.73999786376953,113.2300033569336,16330900
2022-08-22,95.6202163696289,112.66000366210938,112.95999908447266,112.12999725341797,112.86000061035156,10457200
2022-08-23,95.093994140625,112.04000091552734,113.4800033569336,111.73999786376953,112.19000244140625,17813200
2022-08-24,94.39800262451172,111.22000122070312,111.87000274658203,110.86000061035156,111.48999786376953,13971600
2022-08-25,95.71355438232422,112.7699966430664,113.08999633789062,110.98999786376953,111.31999969482422,21429700
2022-08-26,96.43499755859375,113.62000274658203,113.98999786376953,112.01000213623047,112.30000305175781,18764400
2022-08-29,95.6371841430664,112.68000030517578,113.01000213623047,112.12999725341797,112.94000244140625,14278300
2022-08-30,95.87486267089844,112.95999908447266,113.51000213623047,112.20999908447266,112.62000274658203,14346600
2022-08-31,94.95818328857422,111.87999725341797,113.33999633789062,111.58000183105469,112.69000244140625,13623500
2022-09-01,93.21964263916016,109.5999984741211,110.25,108.94000244140625,109.87000274658203,22490400
2022-09-02,93.74700164794922,110.22000122070312,110.55999755859375,109.47000122070312,109.68000030517578,13024400
2022-09-06,91.42501068115234,107.48999786376953,108.97000122070312,107.41999816894531,108.9000015258789,24648500
2022-09-07,92.8709716796875,109.19000244140625,109.4800033569336,108.20999908447266,108.31999969482422,17050100
2022-09-08,91.91832733154297,108.06999969482422,109.5199966430664,108.05000305175781,108.83999633789062,14671400
2022-09-09,92.12247467041016,108.30999755859375,108.80000305175781,107.62999725341797,108.33000183105469,12529800
2022-09-12,91.36547088623047,107.41999816894531,108.88999938964844,106.91999816894531,108.62999725341797,14806900
2022-09-13,91.5781021118164,107.66999816894531,107.73999786376953,106.23999786376953,106.55999755859375,22158900
2022-09-14,91.892822265625,108.04000091552734,108.20999908447266,107.12000274658203,107.33999633789062,13077800
2022-09-15,91.83328247070312,107.97000122070312,108.19000244140625,107.58000183105469,107.8499984741211,10260200
2022-09-16,91.06779479980469,107.06999969482422,108.05000305175781,106.7699966430664,107.02999877929688,18903800
2022-09-19,91.28044891357422,107.31999969482422,107.81999969482422,106.80000305175781,106.95999908447266,11084400
2022-09-20,90.3703384399414,106.25,106.83999633789062,105.4000015258789,105.69000244140625,20133800
2022-09-21,91.88433074951172,108.02999877929688,108.04000091552734,105.97000122070312,106.69999694824219,23132900
2022-09-22,89.53678894042969,105.2699966430664,105.95999908447266,104.7300033569336,105.79000091552734,29030600
2022-09-23,89.90252685546875,105.69999694824219,106.43000030517578,104.55999755859375,105.33999633789062,23042200
2022-09-26,88.1844711303711,103.68000030517578,105.41000366210938,103.22000122070312,105.36000061035156,25104600
2022-09-27,85.86247253417969,100.94999694824219,102.9800033569336,100.9000015258789,102.70999908447266,34609500
2022-09-28,88.73731994628906,104.33000183105469,104.44999694824219,102.4800033569336,103.12999725341797,39283100
2022-09-29,88.27799224853516,103.79000091552734,104.2300033569336,102.80000305175781,102.9000015258789,19127100
2022-09-30,87.13826751708984,102.44999694824219,104.86000061035156,102.2300033569336,104.2699966430664,26485700
2022-10-03,88.52285766601562,103.83000183105469,104.68000030517578,103.1500015258789,103.8499984741211,27192200
2022-10-04,88.27561950683594,103.54000091552734,104.6500015258789,103.30000305175781,104.1500015258789,13788700
2022-10-05,87.43155670166016,102.55000305175781,102.83999633789062,101.58000183105469,102.7300033569336,20522100
2022-10-06,86.94559478759766,101.9800033569336,102.83999633789062,101.52999877929688,102.58999633789062,13965700
2022-10-07,86.10154724121094,100.98999786376953,101.62000274658203,100.47000122070312,100.80999755859375,14814800
2022-10-10,84.76297760009766,99.41999816894531,100.51000213623047,98.80000305175781,100.5,15652600
2022-10-11,85.13811492919922,99.86000061035156,100.9000015258789,98.98999786376953,99.73999786376953,33246700
2022-10-12,85.55587005615234,100.3499984741211,100.54000091552734,99.19000244140625,99.27999877929688,21447600
2022-10-13,84.7374267578125,99.38999938964844,100.37999725341797,98.33999633789062,98.36000061035156,30292500
2022-10-14,84.03829193115234,98.56999969482422,100.19000244140625,98.25,100.19000244140625,18728200
2022-10-17,83.62907409667969,98.08999633789062,99.66000366210938,97.94000244140625,99.29000091552734,18969900
2022-10-18,83.8251724243164,98.31999969482422,98.45999908447266,96.87000274658203,97.94999694824219,16931500
2022-10-19,82.29905700683594,96.52999877929688,97.41999816894531,96.31999969482422,97.19000244140625,25431600
2022-10-20,80.89231872558594,94.87999725341797,96.33000183105469,94.73999786376953,95.93000030517578,25434900
2022-10-21,79.43440246582031,93.16999816894531,93.93000030517578,92.26000213623047,93.0199966430664,46280300
2022-10-24,78.77790832519531,92.4000015258789,93.55000305175781,91.8499984741211,92.81999969482422,31332600
2022-10-25,81.07135009765625,95.08999633789062,95.2300033569336,94.44000244140625,94.58000183105469,31213100
2022-10-26,82.2393569946289,96.45999908447266,96.69000244140625,95.7699966430664,95.7699966430664,24843900
2022-10-27,83.10047149658203,97.47000122070312,97.9000015258789,96.22000122070312,96.9800033569336,20270000
2022-10-28,82.52925872802734,96.80000305175781,97.62999725341797,96.41000366210938,96.86000061035156,22244100
2022-10-31,81.94096374511719,96.11000061035156,96.62000274658203,95.02999877929688,96.36000061035156,23956700
2022-11-01,82.70675659179688,96.7699966430664,97.41999816894531,96.20999908447266,97.37999725341797,17585100
2022-11-02,82.34780883789062,96.3499984741211,97.62999725341797,95.95999908447266,96.91000366210938,25010500
2022-11-03,81.90338134765625,95.83000183105469,96.37999725341797,95.08999633789062,95.16999816894531,29097500
2022-11-04,80.52735137939453,94.22000122070312,95.66000366210938,94.22000122070312,95.0999984741211,23561400
2022-11-07,79.72395324707031,93.27999877929688,94.86000061035156,93.23999786376953,94.80000305175781,14522800
2022-11-08,80.59568786621094,94.30000305175781,94.95999908447266,93.7699966430664,93.80000305175781,20360600
2022-11-09,80.86068725585938,94.61000061035156,95.0199966430664,93.69000244140625,93.81999969482422,15637500
2022-11-10,83.9717025756836,98.25,98.43000030517578,96.63999938964844,96.7300033569336,45380900
2022-11-11,83.66400146484375,97.88999938964844,98.37000274658203,97.54000091552734,97.56999969482422,15943100
2022-11-14,83.45890808105469,97.6500015258789,97.98999786376953,97.08999633789062,97.91000366210938,13741100
2022-11-15,84.80927276611328,99.2300033569336,99.30000305175781,98.11000061035156,98.25,26608200
2022-11-16,86.66390228271484,101.4000015258789,101.44999694824219,99.73999786376953,100.0199966430664,28507700
2022-11-17,85.74939727783203,100.33000183105469,100.56999969482422,99.77999877929688,100.19999694824219,24528900
2022-11-18,85.15967559814453,99.63999938964844,100.88999938964844,99.55000305175781,100.5999984741211,14941300
2022-11-21,85.51864624023438,100.05999755859375,100.81999969482422,99.80000305175781,100.69000244140625,15534000
2022-11-22,86.73229217529297,101.4800033569336,101.62000274658203,100.52999877929688,100.6500015258789,18103100
2022-11-23,88.24503326416016,103.25,103.25,102.08000183105469,102.13999938964844,23234600
2022-11-25,87.94591522216797,102.9000015258789,102.93000030517578,102.43000030517578,102.61000061035156,9486100
2022-11-28,88.19379425048828,103.19000244140625,103.80999755859375,102.69000244140625,103.61000061035156,14563200
2022-11-29,87.15962219238281,101.9800033569336,102.95999908447266,101.91000366210938,102.1500015258789,16576400
2022-11-30,87.80062103271484,102.7300033569336,102.7300033569336,101.37000274658203,101.62000274658203,21581700
2022-12-01,90.60548400878906,105.76000213623047,105.80999755859375,103.0999984741211,103.1500015258789,53156800
2022-12-02,91.74488830566406,107.08999633789062,107.0999984741211,104.61000061035156,105.30000305175781,24479500
2022-12-05,90.45982360839844,105.58999633789062,105.98999786376953,104.9000015258789,105.83999633789062,20159700
2022-12-06,91.62494659423828,106.94999694824219,107.38999938964844,106.19000244140625,106.5,21754500
2022-12-07,93.78385162353516,109.47000122070312,109.68000030517578,108.19999694824219,108.37000274658203,30546700
2022-12-08,93.52684783935547,109.16999816894531,109.44999694824219,108.47000122070312,108.69999694824219,13377300
2022-12-09,91.09381103515625,106.33000183105469,108.16999816894531,106.2699966430664,107.94000244140625,25872200
2022-12-12,91.38510131835938,106.66999816894531,108.11000061035156,106.26000213623047,107.86000061035156,16897100
2022-12-13,92.26749420166016,107.69999694824219,109.08000183105469,107.45999908447266,109.04000091552734,23854700
2022-12-14,92.66158294677734,108.16000366210938,108.31999969482422,106.88999938964844,107.66000366210938,19517500
2022-12-15,93.02313232421875,108.31999969482422,109.12000274658203,108.16000366210938,108.38999938964844,20246200
2022-12-16,91.98400115966797,107.11000061035156,107.83000183105469,106.30999755859375,106.5999984741211,20838300
2022-12-19,90.438232421875,105.30999755859375,105.83999633789062,104.9800033569336,105.83000183105469,26126800
2022-12-20,88.83226776123047,103.44000244140625,103.80999755859375,103.0999984741211,103.37999725341797,28869000
2022-12-21,89.05557250976562,103.69999694824219,104.4000015258789,102.95999908447266,104.29000091552734,15894100
2022-12-22,89.03839111328125,103.68000030517578,104.12000274658203,103.37999725341797,103.66999816894531,11322500
2022-12-23,87.73303985595703,102.16000366210938,102.80999755859375,102.0199966430664,102.58000183105469,15408900
2022-12-27,85.998291015625,100.13999938964844,101.06999969482422,100.01000213623047,100.48999786376953,26475700
2022-12-28,85.49165344238281,99.55000305175781,100.77999877929688,99.3499984741211,100.6500015258789,17302900
2022-12-29,86.46205139160156,100.68000030517578,100.98999786376953,99.79000091552734,99.86000061035156,16593000
2022-12-30,85.50023651123047,99.55999755859375,100.55000305175781,99.37000274658203,99.87000274658203,20810200
2023-01-03,87.13189697265625,101.45999908447266,102.33999633789062,100.83999633789062,102.19999694824219,25313200
2023-01-04,88.32560729980469,102.8499984741211,103.4800033569336,102.20999908447266,103.22000122070312,21678200
2023-01-05,88.69488525390625,103.27999877929688,103.29000091552734,101.77999877929688,101.87000274658203,14771100
2023-01-06,90.32654571533203,105.18000030517578,105.30000305175781,102.63999938964844,102.69999694824219,27473700
2023-01-09,90.80750274658203,105.73999786376953,105.93000030517578,104.2699966430664,104.41000366210938,21472200
2023-01-10,89.30462646484375,103.98999786376953,104.81999969482422,103.5,104.52999877929688,20545200
2023-01-11,90.7559585571289,105.68000030517578,105.72000122070312,104.69999694824219,104.97000122070312,18794000
2023-01-12,92.54222869873047,107.76000213623047,107.80999755859375,104.55999755859375,105.81999969482422,32029600
2023-01-13,91.67487335205078,106.75,107.80000305175781,106.37999725341797,107.0999984741211,17750800
2023-01-17,91.08228302001953,106.05999755859375,106.66000366210938,105.6500015258789,105.66999816894531,13911700
2023-01-18,93.28935241699219,108.62999725341797,108.7699966430664,107.12000274658203,108.45999908447266,35497200
2023-01-19,92.70539093017578,107.94999694824219,108.37000274658203,107.44000244140625,108.0999984741211,17194700
2023-01-20,91.20250701904297,106.19999694824219,107.23999786376953,106.11000061035156,106.95999908447266,22754100
2023-01-23,90.77311706542969,105.69999694824219,106.19999694824219,105.48999786376953,105.56999969482422,12961500
2023-01-24,92.0784912109375,107.22000122070312,107.44999694824219,105.38999938964844,106.12000274658203,16417200
2023-01-25,92.3017578125,107.4800033569336,107.91000366210938,106.63999938964844,107.37000274658203,11906500
2023-01-26,91.87238311767578,106.9800033569336,107.6500015258789,106.48999786376953,107.13999938964844,15549400
2023-01-27,91.64049530029297,106.70999908447266,106.95999908447266,106.11000061035156,106.19000244140625,11845500
2023-01-30,91.30559539794922,106.31999969482422,107.16000366210938,106.19000244140625,106.45999908447266,11459700
2023-01-31,92.03553009033203,107.16999816894531,107.27999877929688,105.87000274658203,106.9800033569336,13705300
2023-02-01,93.14190673828125,108.18000030517578,108.58999633789062,106.41999816894531,107.55000305175781,25305800
2023-02-02,93.2624282836914,108.31999969482422,109.3499984741211,108.08999633789062,108.91999816894531,19548400
2023-02-03,91.8676528930664,106.69999694824219,107.11000061035156,106.08000183105469,106.7699966430664,20619500
2023-02-06,91.1874771118164,105.91000366210938,106.30999755859375,105.68000030517578,105.75,15182400
2023-02-07,90.45563507080078,105.05999755859375,106.2300033569336,105.0,105.33000183105469,18290300
2023-02-08,90.88612365722656,105.55999755859375,105.58000183105469,104.38999938964844,105.04000091552734,13530700
2023-02-09,90.02508544921875,104.55999755859375,106.62000274658203,104.38999938964844,106.47000122070312,20469900
2023-02-10,89.01775360107422,103.38999938964844,104.44000244140625,103.12000274658203,104.4000015258789,16598300
2023-02-13,89.76683807373047,104.26000213623047,104.41999816894531,103.58000183105469,103.70999908447266,13134300
2023-02-14,89.5602035522461,104.0199966430664,104.83000183105469,103.13999938964844,104.19999694824219,15440300
2023-02-15,88.72504425048828,103.05000305175781,103.94999694824219,102.5,103.55000305175781,15246900
2023-02-16,87.46797943115234,101.58999633789062,102.22000122070312,101.33000183105469,102.06999969482422,19267300
2023-02-17,88.14818572998047,102.37999725341797,102.37999725341797,100.97000122070312,101.0999984741211,19560900
2023-02-21,86.43479919433594,100.38999938964844,101.19999694824219,100.27999877929688,101.01000213623047,22728000
2023-02-22,87.22691345214844,101.30999755859375,101.69000244140625,100.94999694824219,100.98999786376953,15165400
2023-02-23,88.07926177978516,102.30000305175781,102.58999633789062,101.47000122070312,101.54000091552734,15829100
2023-02-24,86.93413543701172,100.97000122070312,101.80000305175781,100.55999755859375,101.44000244140625,21403600
2023-02-27,87.17529296875,101.25,101.69999694824219,100.91000366210938,101.29000091552734,14209200
2023-02-28,87.57131958007812,101.70999908447266,101.72000122070312,100.27999877929688,100.56999969482422,14955700
2023-03-01,86.63052368164062,100.37000274658203,101.02999877929688,99.95999908447266,100.81999969482422,19000000
2023-03-02,85.86235046386719,99.4800033569336,99.6500015258789,98.87999725341797,99.05999755859375,23763600
2023-03-03,87.94243621826172,101.88999938964844,101.9000015258789,100.56999969482422,100.93000030517578,30877300
2023-03-06,87.26058197021484,101.0999984741211,102.33999633789062,100.98999786376953,102.22000122070312,16631900
2023-03-07,87.79572296142578,101.72000122070312,102.37000274658203,100.87999725341797,101.45999908447266,23096500
2023-03-08,87.88201904296875,101.81999969482422,102.97000122070312,101.41999816894531,102.4000015258789,20252400
2023-03-09,88.09777069091797,102.06999969482422,102.5199966430664,101.33000183105469,101.55000305175781,21550400
2023-03-10,91.13594818115234,105.58999633789062,105.69000244140625,104.0,104.02999877929688,43921500
2023-03-13,91.3431167602539,105.83000183105469,109.0999984741211,105.04000091552734,108.19999694824219,51502500
2023-03-14,89.8412857055664,104.08999633789062,105.61000061035156,103.75,105.13999938964844,38417800
2023-03-15,91.5761489868164,106.0999984741211,107.70999908447266,105.3499984741211,106.77999877929688,45164100
2023-03-16,90.85974884033203,105.2699966430664,108.02999877929688,105.04000091552734,107.37999725341797,43089300
2023-03-17,92.22345733642578,106.8499984741211,107.7300033569336,106.45999908447266,106.6500015258789,38129000
2023-03-20,91.41216278076172,105.91000366210938,106.95999908447266,105.72000122070312,106.87999725341797,24242800
2023-03-21,90.62673950195312,105.0,105.41999816894531,104.54000091552734,105.08000183105469,18934900
2023-03-22,91.83506774902344,106.4000015258789,106.44999694824219,104.44000244140625,104.66000366210938,26388500
2023-03-23,91.83506774902344,106.4000015258789,106.55000305175781,104.81999969482422,105.36000061035156,25475100
2023-03-24,92.22345733642578,106.8499984741211,107.43000030517578,106.26000213623047,107.08999633789062,23652700
2023-03-27,90.05706787109375,104.33999633789062,105.76000213623047,104.33000183105469,105.05000305175781,22224500
2023-03-28,90.22105407714844,104.52999877929688,104.68000030517578,104.0199966430664,104.23999786376953,17794300
2023-03-29,90.03981018066406,104.31999969482422,104.44999694824219,103.5999984741211,103.69999694824219,16804400
2023-03-30,90.45410919189453,104.80000305175781,105.05000305175781,104.2699966430664,104.45999908447266,14315800
2023-03-31,91.80919647216797,106.37000274658203,106.55999755859375,105.08000183105469,105.3499984741211,25396700
2023-04-03,92.240966796875,106.5999984741211,107.0999984741211,105.69999694824219,105.87999725341797,18234800
2023-04-04,92.69959259033203,107.12999725341797,107.80000305175781,105.75,105.77999877929688,18052400
2023-04-05,93.668701171875,108.25,108.37000274658203,107.41000366210938,107.7699966430664,23047700
2023-04-06,93.91098022460938,108.52999877929688,108.87000274658203,108.38999938964844,108.41999816894531,16447300
2023-04-10,92.396728515625,106.77999877929688,107.76000213623047,106.55999755859375,107.63999938964844,19134400
2023-04-11,92.58708953857422,107.0,107.08999633789062,106.51000213623047,107.05000305175781,13971200
2023-04-12,92.49193572998047,106.88999938964844,107.16999816894531,105.87999725341797,107.05000305175781,20563000
2023-04-13,91.76505279541016,106.05000305175781,107.38999938964844,105.87999725341797,107.05000305175781,22079400
2023-04-14,90.92569732666016,105.08000183105469,105.55000305175781,104.7699966430664,105.38999938964844,19801900
2023-04-17,89.84410858154297,103.83000183105469,104.58999633789062,103.70999908447266,104.41999816894531,19528800
2023-04-18,90.16423034667969,104.19999694824219,104.58999633789062,103.80000305175781,103.80999755859375,15922600
2023-04-19,90.07770538330078,104.0999984741211,104.23999786376953,103.4800033569336,103.91000366210938,16093900
2023-04-20,90.84783172607422,104.98999786376953,105.27999877929688,104.75,104.83000183105469,16450100
2023-04-21,90.33731079101562,104.4000015258789,105.45999908447266,104.2699966430664,105.30000305175781,15244700
2023-04-24,91.21125793457031,105.41000366210938,105.48999786376953,104.83999633789062,104.95999908447266,17034300
2023-04-25,92.55247497558594,106.95999908447266,107.12999725341797,106.27999877929688,106.33000183105469,21899900
2023-04-26,91.56604766845703,105.81999969482422,107.23999786376953,105.66999816894531,106.79000091552734,19610400
2023-04-27,90.657470703125,104.7699966430664,105.2699966430664,104.61000061035156,105.19999694824219,20247600
2023-04-28,92.11982727050781,106.45999908447266,106.76000213623047,105.86000061035156,106.20999908447266,26954100
2023-05-01,89.46359252929688,103.12999725341797,105.41999816894531,102.83999633789062,105.2699966430664,32487300
2023-05-02,91.69300079345703,105.69999694824219,105.69999694824219,103.88999938964844,104.0,30057800
2023-05-03,92.20484924316406,106.29000091552734,106.5999984741211,105.27999877929688,106.0,23656200
2023-05-04,91.29398345947266,105.23999786376953,106.44999694824219,105.1500015258789,105.22000122070312,25110500
2023-05-05,90.99034118652344,104.88999938964844,104.9000015258789,104.11000061035156,104.3499984741211,15096500
2023-05-08,89.71517944335938,103.41999816894531,103.87000274658203,103.31999969482422,103.5199966430664,20587000
2023-05-09,89.39421844482422,103.05000305175781,103.63999938964844,103.0,103.5,19182500
2023-05-10,90.26166534423828,104.05000305175781,104.23999786376953,103.63999938964844,103.66999816894531,22886800
2023-05-11,91.21591186523438,105.1500015258789,105.5199966430664,104.72000122070312,105.30000305175781,19147200
2023-05-12,90.4525146484375,104.2699966430664,105.25,104.25,105.05000305175781,14198500
2023-05-15,89.51565551757812,103.19000244140625,103.47000122070312,103.12000274658203,103.38999938964844,20085300
2023-05-16,89.24671173095703,102.87999725341797,102.9000015258789,102.11000061035156,102.4000015258789,29251700
2023-05-17,88.98650360107422,102.58000183105469,103.16000366210938,102.3499984741211,103.08000183105469,21340900
2023-05-18,88.32719421386719,101.81999969482422,102.26000213623047,101.75,102.19999694824219,25536600
2023-05-19,87.70259857177734,101.0999984741211,101.86000061035156,100.93000030517578,101.26000213623047,29038000
2023-05-22,87.39029693603516,100.73999786376953,101.70999908447266,100.66999816894531,101.25,20131100
2023-05-23,87.64189147949219,101.02999877929688,101.25,100.27999877929688,100.43000030517578,21749500
2023-05-24,87.20813751220703,100.52999877929688,101.36000061035156,100.52999877929688,101.27999877929688,18473400
2023-05-25,86.99124908447266,100.27999877929688,100.80000305175781,100.02999877929688,100.69999694824219,22492800
2023-05-26,87.69393157958984,101.08999633789062,101.16999816894531,100.0,100.12000274658203,17030300
2023-05-30,88.5700912475586,102.0999984741211,102.23999786376953,101.25,101.4000015258789,23125200
2023-05-31,89.34215545654297,102.98999786376953,103.18000030517578,101.87000274658203,101.98999786376953,23787000
2023-06-01,89.69267272949219,103.12000274658203,103.62999725341797,102.62999725341797,103.27999877929688,21040400
2023-06-02,88.70978546142578,101.98999786376953,103.06999969482422,101.94000244140625,103.0,19136500
2023-06-05,88.5445556640625,101.80000305175781,102.44000244140625,101.20999908447266,101.3499984741211,14433200
2023-06-06,89.06640625,102.4000015258789,102.47000122070312,101.38999938964844,101.83999633789062,14332100
2023-06-07,87.74435424804688,100.87999725341797,102.43000030517578,100.77999877929688,102.16999816894531,25251100
2023-06-08,88.77069091796875,102.05999755859375,102.13999938964844,100.80000305175781,100.87000274658203,23845100
2023-06-09,88.64891052246094,101.91999816894531,102.2699966430664,101.33999633789062,101.5999984741211,22147400
2023-06-12,88.90986633300781,102.22000122070312,102.30000305175781,101.12000274658203,102.23999786376953,19010300
2023-06-13,88.03138732910156,101.20999908447266,102.33000183105469,100.97000122070312,102.11000061035156,25910800
2023-06-14,88.73588562011719,102.0199966430664,102.29000091552734,101.45999908447266,101.62999725341797,29094200
2023-06-15,89.58828735351562,103.0,103.62999725341797,102.5999984741211,103.02999877929688,25732000
2023-06-16,89.2403793334961,102.5999984741211,102.83000183105469,102.02999877929688,102.44000244140625,16759100
2023-06-20,89.85791778564453,103.30999755859375,103.66000366210938,103.11000061035156,103.11000061035156,17162900
2023-06-21,90.07538604736328,103.55999755859375,103.6500015258789,102.33999633789062,102.80999755859375,19720100
2023-06-22,88.98812866210938,102.30999755859375,103.25,102.19999694824219,102.80000305175781,23630700
2023-06-23,89.87532806396484,103.33000183105469,103.94999694824219,102.9800033569336,103.83000183105469,22901900
2023-06-26,89.97100067138672,103.44000244140625,103.80000305175781,103.16000366210938,103.62000274658203,12894900
2023-06-27,89.73614501953125,103.16999816894531,103.94999694824219,102.76000213623047,103.58999633789062,18105700
2023-06-28,90.1188735961914,103.61000061035156,103.83999633789062,102.83000183105469,103.41000366210938,23826800
2023-06-29,88.49237060546875,101.73999786376953,102.33999633789062,101.44999694824219,102.16999816894531,41091600
2023-06-30,89.5361099243164,102.94000244140625,103.05999755859375,101.87000274658203,102.05999755859375,32024900
2023-07-03,89.02852630615234,102.08000183105469,103.26000213623047,102.05999755859375,102.83999633789062,16011800
2023-07-05,88.18254852294922,101.11000061035156,102.0,100.73999786376953,101.88999938964844,28170300
2023-07-06,86.93538665771484,99.68000030517578,100.37999725341797,99.47000122070312,100.19999694824219,41375700
2023-07-07,86.4120864868164,99.08000183105469,99.5999984741211,98.98999786376953,99.18000030517578,28996500
2023-07-10,86.52544403076172,99.20999908447266,99.52999877929688,98.8499984741211,98.86000061035156,24665200
2023-07-11,86.97027587890625,99.72000122070312,99.97000122070312,99.29000091552734,99.56999969482422,20485500
2023-07-12,87.93833923339844,100.83000183105469,101.12000274658203,99.7699966430664,100.0999984741211,31928000
2023-07-13,88.86280822753906,101.88999938964844,101.97000122070312,101.02999877929688,101.30999755859375,32441500
2023-07-14,88.33953094482422,101.29000091552734,101.94000244140625,101.23999786376953,101.72000122070312,18569000
2023-07-17,88.38314819335938,101.33999633789062,101.48999786376953,100.91999816894531,101.2300033569336,18822000
2023-07-18,88.7843246459961,101.80000305175781,102.06999969482422,101.56999969482422,101.80000305175781,15407400
2023-07-19,89.78726959228516,102.94999694824219,102.9800033569336,101.7300033569336,102.0,27192500
2023-07-20,88.69709777832031,101.69999694824219,102.30999755859375,101.27999877929688,102.22000122070312,56951200
2023-07-21,88.72327423095703,101.7300033569336,102.3499984741211,101.62999725341797,102.16000366210938,20657500
2023-07-24,88.40055847167969,101.36000061035156,102.1500015258789,101.30000305175781,101.98999786376953,17546700
2023-07-25,88.23486328125,101.16999816894531,101.5,100.80000305175781,100.83000183105469,17160600
2023-07-26,88.32209014892578,101.2699966430664,101.69000244140625,100.93000030517578,101.68000030517578,19310700
2023-07-27,86.60397338867188,99.30000305175781,100.93000030517578,98.91000366210938,100.70999908447266,44794400
2023-07-28,87.0487289428711,99.80999755859375,99.86000061035156,99.1500015258789,99.4000015258789,27434000
2023-07-31,87.25806427001953,100.05000305175781,100.33000183105469,99.62000274658203,99.6500015258789,28663800
2023-08-01,85.82819366455078,98.13999938964844,98.91999816894531,97.9000015258789,98.83999633789062,34943400
2023-08-02,84.90992736816406,97.08999633789062,97.23999786376953,96.41000366210938,97.04000091552734,38121300
2023-08-03,82.95091247558594,94.8499984741211,95.31999969482422,94.54000091552734,95.19000244140625,59394800
2023-08-04,84.420166015625,96.52999877929688,96.68000030517578,95.12999725341797,95.1500015258789,42071800
2023-08-07,83.58934020996094,95.58000183105469,96.19999694824219,95.5,96.11000061035156,35862900
2023-08-08,84.56007385253906,96.69000244140625,97.37000274658203,96.44000244140625,96.86000061035156,24010500
2023-08-09,84.99737548828125,97.19000244140625,97.29000091552734,96.83999633789062,96.87999725341797,20151100
2023-08-10,83.59808349609375,95.58999633789062,97.36000061035156,95.58999633789062,97.04000091552734,37253200
2023-08-11,83.40567779541016,95.37000274658203,95.87000274658203,95.19999694824219,95.30000305175781,26753500
2023-08-14,83.2220458984375,95.16000366210938,95.93000030517578,94.9000015258789,95.20999908447266,19072000
2023-08-15,82.71476745605469,94.58000183105469,95.19999694824219,94.55999755859375,94.80000305175781,24125000
2023-08-16,82.06761932373047,93.83999633789062,94.79000091552734,93.72000122070312,94.27999877929688,23076700
2023-08-17,81.71783447265625,93.44000244140625,93.61000061035156,93.0199966430664,93.5,32244900
2023-08-18,82.00639343261719,93.7699966430664,94.19000244140625,93.30000305175781,93.43000030517578,24181700
2023-08-21,80.91322326660156,92.5199966430664,92.76000213623047,92.2300033569336,92.66000366210938,29254100
2023-08-22,81.53416442871094,93.2300033569336,93.27999877929688,92.45999908447266,92.63999938964844,21308700
2023-08-23,83.55435943603516,95.54000091552734,95.55000305175781,94.2300033569336,94.30000305175781,38294700
2023-08-24,83.00338745117188,94.91000366210938,95.55000305175781,94.88999938964844,95.12999725341797,22300800
2023-08-25,83.27450561523438,95.22000122070312,95.51000213623047,94.51000213623047,94.66000366210938,23865200
2023-08-28,83.36196899414062,95.31999969482422,95.66000366210938,94.88999938964844,95.6500015258789,16037300
2023-08-29,84.2277603149414,96.30999755859375,96.51000213623047,94.94000244140625,94.97000122070312,28478100
2023-08-30,84.14031982421875,96.20999908447266,96.4000015258789,95.87999725341797,96.16000366210938,17550100
2023-08-31,84.51634979248047,96.63999938964844,97.05000305175781,96.43000030517578,96.54000091552734,26959700
2023-09-01,83.19972229003906,94.8499984741211,95.81999969482422,94.62000274658203,95.80000305175781,32469700
2023-09-05,82.03308868408203,93.5199966430664,94.29000091552734,93.48999786376953,94.27999877929688,29435900
2023-09-06,82.2348403930664,93.75,94.11000061035156,93.45999908447266,94.08999633789062,23636300
2023-09-07,82.46289825439453,94.01000213623047,94.06999969482422,93.68000030517578,94.0,18091500
2023-09-08,82.77867889404297,94.37000274658203,94.9000015258789,94.16999816894531,94.37999725341797,17052100
2023-09-11,82.18218994140625,93.69000244140625,93.9800033569336,93.55000305175781,93.69999694824219,17061500
2023-09-12,82.6558837890625,94.2300033569336,94.23999786376953,93.58000183105469,93.88999938964844,20034300
2023-09-13,82.6383285522461,94.20999908447266,94.52999877929688,93.81999969482422,93.91999816894531,23332300
2023-09-14,82.0418472290039,93.52999877929688,94.20999908447266,93.4000015258789,93.94000244140625,27800600
2023-09-15,81.5418701171875,92.95999908447266,93.4800033569336,92.95999908447266,93.45999908447266,25642900
2023-09-18,82.00675964355469,93.48999786376953,93.52999877929688,92.81999969482422,92.8499984741211,17963400
2023-09-19,81.40150451660156,92.80000305175781,93.43000030517578,92.80000305175781,93.08000183105469,24941800
2023-09-20,81.6559066772461,93.08999633789062,93.5999984741211,93.04000091552734,93.29000091552734,29451200
2023-09-21,79.55946350097656,90.69999694824219,91.37000274658203,90.69000244140625,91.29000091552734,59958700
2023-09-22,80.19979858398438,91.43000030517578,91.61000061035156,90.66999816894531,90.80999755859375,29524500
2023-09-25,78.22615814208984,89.18000030517578,90.04000091552734,89.1500015258789,89.66000366210938,45587900
2023-09-26,77.95423126220703,88.87000274658203,89.62000274658203,88.70999908447266,89.43000030517578,38104100
2023-09-27,77.55073547363281,88.41000366210938,89.62000274658203,88.08999633789062,89.54000091552734,47111200
2023-09-28,77.78758239746094,88.68000030517578,88.7300033569336,87.0999984741211,87.62000274658203,60238000
2023-09-29,77.79635620117188,88.69000244140625,89.48999786376953,88.12999725341797,89.2699966430664,49010100
2023-10-02,76.4940414428711,86.93000030517578,87.93000030517578,86.70999908447266,87.81999969482422,44704300
2023-10-03,74.84851837158203,85.05999755859375,86.6500015258789,84.88999938964844,86.30999755859375,71362600
2023-10-04,75.90447235107422,86.26000213623047,86.30999755859375,85.37000274658203,85.7699966430664,56281600
2023-10-05,75.52607727050781,85.83000183105469,86.19000244140625,85.63999938964844,86.11000061035156,35758800
2023-10-06,74.61091613769531,84.79000091552734,85.69000244140625,84.05999755859375,84.19999694824219,62787900
2023-10-09,76.36203002929688,86.77999877929688,86.80000305175781,84.94999694824219,85.5,29424900
2023-10-10,76.25643920898438,86.66000366210938,87.16999816894531,85.5199966430664,85.8499984741211,54743900
2023-10-11,77.84917449951172,88.47000122070312,88.47000122070312,87.5999984741211,87.8499984741211,58517700
2023-10-12,75.73725891113281,86.06999969482422,88.19000244140625,85.93000030517578,88.05000305175781,66986700
2023-10-13,77.09236907958984,87.61000061035156,87.83000183105469,87.16999816894531,87.5999984741211,44183800
2023-10-16,75.8516616821289,86.19999694824219,86.37000274658203,85.9000015258789,86.19000244140625,38309800
2023-10-17,75.01570129394531,85.25,85.62999725341797,84.5,84.88999938964844,52949100
2023-10-18,74.3557357788086,84.5,84.72000122070312,83.8499984741211,84.37999725341797,63724600
2023-10-19,72.83344268798828,82.7699966430664,84.56999969482422,82.73999786376953,83.87999725341797,87696900
2023-10-20,73.24698638916016,83.23999786376953,83.54000091552734,82.7699966430664,82.98999786376953,52188800
2023-10-23,74.12696838378906,84.23999786376953,84.86000061035156,82.41999816894531,82.80999755859375,70890400
2023-10-24,75.10367584228516,85.3499984741211,85.3499984741211,84.08999633789062,84.44000244140625,46267700
2023-10-25,73.43180084228516,83.44999694824219,84.12999725341797,83.12999725341797,84.0199966430664,60737200
2023-10-26,74.55813598632812,84.7300033569336,84.81999969482422,83.4000015258789,83.4800033569336,49704100
2023-10-27,74.2413558959961,84.37000274658203,84.97000122070312,83.73999786376953,84.19000244140625,32362300
2023-10-30,73.90695190429688,83.98999786376953,84.5,83.23999786376953,83.80999755859375,45026900
2023-10-31,73.54618835449219,83.58000183105469,84.7699966430664,83.55000305175781,84.37000274658203,37269200
2023-11-01,75.14083099365234,85.0999984741211,85.12000274658203,84.0199966430664,84.04000091552734,72308500
2023-11-02,76.85382080078125,87.04000091552734,87.30999755859375,86.22000122070312,86.68000030517578,69739400
2023-11-03,77.37472534179688,87.62999725341797,89.05000305175781,87.58000183105469,88.80999755859375,77692300
2023-11-06,76.62422180175781,86.77999877929688,87.19999694824219,86.5999984741211,87.06999969482422,41341900
2023-11-07,77.75442504882812,88.05999755859375,88.5,87.58999633789062,87.61000061035156,37834200
2023-11-08,79.07888793945312,89.55999755859375,89.62000274658203,88.44999694824219,88.4800033569336,53893400
2023-11-09,77.25996398925781,87.5,89.02999877929688,86.73999786376953,88.94000244140625,88975100
2023-11-10,77.6926040649414,87.98999786376953,88.43000030517578,87.7699966430664,88.2300033569336,36516400
2023-11-13,77.51603698730469,87.79000091552734,87.94000244140625,86.9000015258789,87.22000122070312,25661500
2023-11-14,79.27313232421875,89.77999877929688,90.1500015258789,89.29000091552734,90.0,65666800
2023-11-15,78.16059112548828,88.5199966430664,89.13999938964844,88.30999755859375,89.01000213623047,56205300
2023-11-16,79.13187408447266,89.62000274658203,89.95999908447266,89.25,89.30000305175781,49473900
2023-11-17,79.50271606445312,90.04000091552734,90.43000030517578,89.63999938964844,90.16000366210938,44091400
2023-11-20,79.98833465576172,90.58999633789062,90.66000366210938,89.61000061035156,89.62000274658203,40477800
2023-11-21,79.95303344726562,90.55000305175781,90.80000305175781,89.88999938964844,90.5,27721000
2023-11-22,80.23558807373047,90.87000274658203,91.31999969482422,90.37999725341797,91.12000274658203,31197500
2023-11-24,79.29080200195312,89.80000305175781,90.26000213623047,89.79000091552734,90.0999984741211,20199600
2023-11-27,80.61526489257812,91.30000305175781,91.33999633789062,90.20999908447266,90.30000305175781,39804400
2023-11-28,80.77416229248047,91.4800033569336,91.52999877929688,90.79000091552734,90.91000366210938,44989300
2023-11-29,81.78961181640625,92.62999725341797,92.69999694824219,91.77999877929688,92.11000061035156,61647800
2023-11-30,80.8448257446289,91.55999755859375,92.29000091552734,91.16000366210938,91.97000122070312,60520900
2023-12-01,82.3674545288086,92.98999786376953,93.05999755859375,91.12999725341797,91.30999755859375,64172200
2023-12-04,82.03972625732422,92.62000274658203,92.83000183105469,92.08999633789062,92.48999786376953,33766300
2023-12-05,83.8023910522461,94.61000061035156,94.62000274658203,93.56999969482422,93.62999725341797,73588600
2023-12-06,84.91847229003906,95.87000274658203,96.05000305175781,94.87000274658203,95.08000183105469,61606100
2023-12-07,84.43128967285156,95.31999969482422,96.08000183105469,95.05999755859375,95.18000030517578,47970200
2023-12-08,83.74040985107422,94.54000091552734,94.72000122070312,93.91000366210938,94.41999816894531,44809200
2023-12-11,83.56324768066406,94.33999633789062,94.44000244140625,93.52999877929688,94.01000213623047,33909700
2023-12-12,83.81126403808594,94.62000274658203,94.69999694824219,93.9000015258789,94.1500015258789,36996900
2023-12-13,85.77766418457031,96.83999633789062,96.9800033569336,95.0199966430664,95.16999816894531,70828500
2023-12-14,88.00899505615234,99.04000091552734,99.04000091552734,97.41999816894531,97.66000366210938,87798600
2023-12-15,88.10675048828125,99.1500015258789,99.3499984741211,98.58000183105469,98.69000244140625,59941300
2023-12-18,87.40473175048828,98.36000061035156,98.5,98.0199966430664,98.5,34746000
2023-12-19,87.87571716308594,98.88999938964844,99.26000213623047,98.66000366210938,98.86000061035156,30018400
2023-12-20,88.47107696533203,99.55999755859375,99.69000244140625,98.58000183105469,99.11000061035156,51229400
2023-12-21,87.91123962402344,98.93000030517578,99.83999633789062,98.75,99.73999786376953,65231200
2023-12-22,87.51136779785156,98.4800033569336,99.37999725341797,98.23999786376953,99.37999725341797,29244200
2023-12-26,87.76017761230469,98.76000213623047,98.87000274658203,98.4800033569336,98.54000091552734,24019700
2023-12-27,89.31524658203125,100.51000213623047,100.52999877929688,99.5,99.77999877929688,45082800
2023-12-28,88.66657257080078,99.77999877929688,100.56999969482422,99.55999755859375,100.08999633789062,36213000
2023-12-29,87.86680603027344,98.87999725341797,99.81999969482422,98.80000305175781,99.12999725341797,41616200
2024-01-02,87.36031341552734,98.30999755859375,98.6500015258789,98.0,98.2300033569336,47797400
2024-01-03,87.72462463378906,98.72000122070312,98.8499984741211,97.1500015258789,97.37999725341797,58159500
2024-01-04,86.39169311523438,97.22000122070312,97.63999938964844,97.06999969482422,97.41999816894531,52604500
2024-01-05,85.56526947021484,96.29000091552734,97.68000030517578,96.20999908447266,96.5,45894800
2024-01-08,86.40946960449219,97.23999786376953,97.37999725341797,96.08999633789062,96.2300033569336,39485800
2024-01-09,85.8585205078125,96.62000274658203,97.16999816894531,96.58999633789062,96.63999938964844,34374000
2024-01-10,85.4586410522461,96.16999816894531,97.05000305175781,96.12000274658203,96.91999816894531,48227800
2024-01-11,85.93850708007812,96.70999908447266,96.83000183105469,95.70999908447266,96.16999816894531,78858900
2024-01-12,85.76968383789062,96.5199966430664,97.2699966430664,96.2699966430664,96.77999877929688,38883900
2024-01-16,84.25899505615234,94.81999969482422,95.79000091552734,94.51000213623047,95.62000274658203,61716700
2024-01-17,84.12572479248047,94.66999816894531,95.0,94.16000366210938,94.5999984741211,55506800
2024-01-18,83.34375,93.79000091552734,94.58000183105469,93.51000213623047,94.45999908447266,77339100
2024-01-19,83.61033630371094,94.08999633789062,94.16999816894531,93.26000213623047,93.70999908447266,47030900
2024-01-22,84.1079330444336,94.6500015258789,95.08000183105469,94.38999938964844,94.81999969482422,35756400
2024-01-23,83.44147491455078,93.9000015258789,93.98999786376953,93.43000030517578,93.88999938964844,35786700
2024-01-24,82.95274353027344,93.3499984741211,94.54000091552734,93.0999984741211,94.51000213623047,54574900
2024-01-25,83.49482727050781,93.95999908447266,94.22000122070312,93.56999969482422,94.0,57019400
2024-01-26,83.33483123779297,93.77999877929688,94.06999969482422,93.48999786376953,93.93000030517578,29276900
2024-01-29,84.2945556640625,94.86000061035156,95.16999816894531,94.12000274658203,94.30999755859375,38243600
2024-01-30,85.05876922607422,95.72000122070312,95.83999633789062,94.73999786376953,95.4800033569336,40151400
2024-01-31,85.89408874511719,96.66000366210938,96.91000366210938,96.0,96.22000122070312,80646700
2024-02-01,87.57899475097656,98.23999786376953,98.66999816894531,97.19000244140625,97.41999816894531,84291200
2024-02-02,85.64446258544922,96.06999969482422,96.62000274658203,95.69000244140625,96.2699966430664,63823300
2024-02-05,83.91500091552734,94.12999725341797,94.8499984741211,94.0199966430664,94.62999725341797,53827400
2024-02-06,84.73516082763672,95.05000305175781,95.1500015258789,94.20999908447266,94.23999786376953,33411500
2024-02-07,84.3250732421875,94.58999633789062,95.2300033569336,94.5199966430664,94.56999969482422,40120200
2024-02-08,83.83476257324219,94.04000091552734,94.30000305175781,93.66000366210938,94.0199966430664,50087700
2024-02-09,83.66539001464844,93.8499984741211,94.01000213623047,93.66000366210938,93.76000213623047,27951300
2024-02-12,83.76344299316406,93.95999908447266,94.13999938964844,93.5,93.9000015258789,27890300
2024-02-13,82.32815551757812,92.3499984741211,93.05999755859375,92.33000183105469,92.86000061035156,49768500
2024-02-14,82.7471694946289,92.81999969482422,93.05000305175781,92.2300033569336,92.30000305175781,44191600
2024-02-15,83.17505645751953,93.30000305175781,93.72000122070312,93.0,93.55999755859375,49598500
2024-02-16,82.69367980957031,92.76000213623047,92.8499984741211,92.33999633789062,92.4800033569336,33116800
2024-02-20,82.7649917602539,92.83999633789062,93.19000244140625,92.72000122070312,92.79000091552734,24469300
2024-02-21,82.1766128540039,92.18000030517578,92.9000015258789,92.01000213623047,92.83000183105469,36343100
2024-02-22,82.5777816772461,92.62999725341797,92.76000213623047,92.2699966430664,92.33000183105469,45190700
2024-02-23,83.68321990966797,93.87000274658203,94.0,92.75,92.75,38406700
2024-02-26,83.4335708618164,93.58999633789062,94.02999877929688,93.19000244140625,94.0,27855000
2024-02-27,82.84521484375,92.93000030517578,93.47000122070312,92.8499984741211,93.23999786376953,30242000
2024-02-28,83.37120056152344,93.5199966430664,93.5999984741211,92.9000015258789,93.08000183105469,34574200
2024-02-29,83.95957946777344,94.18000030517578,94.30000305175781,93.77999877929688,93.81999969482422,51038600
2024-03-01,84.48272705078125,94.47000122070312,94.51000213623047,93.01000213623047,93.44000244140625,45832800
2024-03-04,84.14288330078125,94.08999633789062,94.16000366210938,93.68000030517578,93.69999694824219,23864200
2024-03-05,85.34122467041016,95.43000030517578,95.68000030517578,94.97000122070312,95.2300033569336,37721900
2024-03-06,85.842041015625,95.98999786376953,96.16999816894531,95.41000366210938,95.48999786376953,40571600
2024-03-07,85.76155853271484,95.9000015258789,96.4000015258789,95.4800033569336,96.36000061035156,39075000
2024-03-08,85.60951232910156,95.7300033569336,96.05000305175781,95.4800033569336,95.80000305175781,25023200
2024-03-11,85.56478881835938,95.68000030517578,96.01000213623047,95.37000274658203,95.95999908447266,17787900
2024-03-12,84.849365234375,94.87999725341797,95.20999908447266,94.69000244140625,95.04000091552734,29566000
2024-03-13,84.43801879882812,94.41999816894531,94.73999786376953,94.20999908447266,94.5,38270100
2024-03-14,83.14130401611328,92.97000122070312,93.75,92.86000061035156,93.7300033569336,58365600
2024-03-15,83.1144790649414,92.94000244140625,93.19000244140625,92.79000091552734,93.05999755859375,34997700
2024-03-18,82.86406707763672,92.66000366210938,92.98999786376953,92.5,92.7300033569336,29519500
2024-03-19,83.0965805053711,92.91999816894531,93.2699966430664,92.69000244140625,92.8499984741211,26953100
2024-03-20,83.06975555419922,92.88999938964844,93.79000091552734,92.29000091552734,93.0999984741211,43460100
2024-03-21,83.24859619140625,93.08999633789062,93.43000030517578,92.7300033569336,93.2699966430664,34276600
2024-03-22,84.04451751708984,93.9800033569336,94.20999908447266,93.77999877929688,94.19000244140625,30262300
2024-03-25,83.62422180175781,93.51000213623047,93.75,93.30000305175781,93.70999908447266,24011800
2024-03-26,83.85673522949219,93.7699966430664,93.87000274658203,93.27999877929688,93.51000213623047,34423000
2024-03-27,84.68839263916016,94.69999694824219,94.69999694824219,93.94000244140625,93.98999786376953,50157800
2024-03-28,84.61687469482422,94.62000274658203,95.0199966430664,94.31999969482422,94.48999786376953,34540400
2024-04-01,83.03949737548828,92.55000305175781,93.30000305175781,92.45999908447266,93.29000091552734,48945400
2024-04-02,82.58191680908203,92.04000091552734,92.19999694824219,91.33999633789062,91.56999969482422,43086300
2024-04-03,82.5639877319336,92.0199966430664,92.05000305175781,91.05000305175781,91.26000213623047,45494400
2024-04-04,83.1561508178711,92.68000030517578,92.76000213623047,92.04000091552734,92.62999725341797,47957400
2024-04-05,81.99870300292969,91.38999938964844,92.18000030517578,91.37999725341797,91.69000244140625,42495900
2024-04-08,81.98973083496094,91.37999725341797,91.58999633789062,91.12999725341797,91.2300033569336,37879800
2024-04-09,82.75241088867188,92.2300033569336,92.36000061035156,91.83999633789062,91.87000274658203,32522000
2024-04-10,80.94894409179688,90.22000122070312,91.30000305175781,90.05000305175781,91.19999694824219,74368900
2024-04-11,80.5810775756836,89.80999755859375,90.44000244140625,89.51000213623047,90.37999725341797,65751200
2024-04-12,81.01172637939453,90.29000091552734,90.94999694824219,90.27999877929688,90.63999938964844,47900100
2024-04-15,79.75560760498047,88.88999938964844,89.26000213623047,88.5199966430664,89.22000122070312,55993100
2024-04-16,79.22622680664062,88.30000305175781,88.58000183105469,87.79000091552734,88.05000305175781,45103200
2024-04-17,80.10553741455078,89.27999877929688,89.37999725341797,88.45999908447266,88.87000274658203,57947000
2024-04-18,79.70176696777344,88.83000183105469,89.2699966430664,88.58999633789062,89.23999786376953,43839500
2024-04-19,79.98888397216797,89.1500015258789,89.38999938964844,88.91000366210938,89.38999938964844,44826800
2024-04-22,79.85432434082031,89.0,89.12000274658203,88.6500015258789,88.68000030517578,24969000
2024-04-23,79.8812484741211,89.02999877929688,89.54000091552734,88.55000305175781,88.7300033569336,27222700
2024-04-24,79.31596374511719,88.4000015258789,88.62999725341797,87.5,88.55999755859375,48986800
2024-04-25,78.75968170166016,87.77999877929688,87.9000015258789,87.33999633789062,87.45999908447266,49282600
2024-04-26,79.17243194580078,88.23999786376953,88.61000061035156,88.05000305175781,88.25,31589800
2024-04-29,79.83637237548828,88.9800033569336,89.0199966430664,88.4800033569336,88.66000366210938,39228600
2024-04-30,79.15445709228516,88.22000122070312,88.7300033569336,88.0999984741211,88.41999816894531,41054700
2024-05-01,79.73789978027344,88.55999755859375,89.20999908447266,88.23999786376953,88.5999984741211,59679500
2024-05-02,80.080078125,88.94000244140625,89.01000213623047,88.02999877929688,88.20999908447266,58925400
2024-05-03,80.89041137695312,89.83999633789062,90.12000274658203,89.2699966430664,89.93000030517578,50066100
2024-05-06,81.2055435180664,90.19000244140625,90.25,89.66999816894531,89.87000274658203,23868200
2024-05-07,81.70074462890625,90.73999786376953,91.23999786376953,90.61000061035156,90.9000015258789,30525800
2024-05-08,81.2055435180664,90.19000244140625,90.45999908447266,90.16000366210938,90.30999755859375,31171700
2024-05-09,81.6017074584961,90.62999725341797,90.7699966430664,89.81999969482422,89.87000274658203,39606700
2024-05-10,81.14251708984375,90.12000274658203,90.37999725341797,89.95999908447266,90.27999877929688,21913800
2024-05-13,81.34959411621094,90.3499984741211,90.61000061035156,90.30999755859375,90.55000305175781,23157500
2024-05-14,81.8088150024414,90.86000061035156,90.91999816894531,90.41999816894531,90.6500015258789,25746400
2024-05-15,82.92526245117188,92.0999984741211,92.26000213623047,91.62999725341797,91.87000274658203,65142900
2024-05-16,82.84425354003906,92.01000213623047,92.41999816894531,91.94000244140625,92.38999938964844,37902400
2024-05-17,82.2860107421875,91.38999938964844,91.80000305175781,91.33999633789062,91.63999938964844,24755000
2024-05-20,82.04290771484375,91.12000274658203,91.31999969482422,91.01000213623047,91.08000183105469,17922800
2024-05-21,82.46607208251953,91.58999633789062,91.7699966430664,91.43000030517578,91.7300033569336,15334400
2024-05-22,82.56511688232422,91.69999694824219,91.77999877929688,91.26000213623047,91.2699966430664,38073700
2024-05-23,82.03388977050781,91.11000061035156,91.80000305175781,90.81999969482422,91.80000305175781,51294700
2024-05-24,82.27699279785156,91.37999725341797,91.47000122070312,90.9000015258789,90.97000122070312,19164400
2024-05-28,81.09748840332031,90.06999969482422,91.36000061035156,90.02999877929688,91.33000183105469,45973700
2024-05-29,80.1160888671875,88.9800033569336,89.4000015258789,88.68000030517578,89.33999633789062,45508400
2024-05-30,80.89041137695312,89.83999633789062,89.97000122070312,89.44000244140625,89.5999984741211,29548600
2024-05-31,81.43964385986328,90.44999694824219,90.66000366210938,90.25,90.4800033569336,41308800
2024-06-03,82.75688934326172,91.5999984741211,91.66999816894531,90.61000061035156,90.63999938964844,42272100
2024-06-04,83.72358703613281,92.66999816894531,92.80000305175781,91.98999786376953,92.19999694824219,42581500
2024-06-05,84.33793640136719,93.3499984741211,93.3499984741211,92.38999938964844,93.0,43153900
2024-06-06,84.21142578125,93.20999908447266,93.43000030517578,92.86000061035156,92.91999816894531,22891900
2024-06-07,82.66654205322266,91.5,91.83000183105469,91.4000015258789,91.83000183105469,35240500
2024-06-10,82.11544036865234,90.88999938964844,91.05999755859375,90.6500015258789,91.0,20586500
2024-06-11,82.96469116210938,91.83000183105469,91.87000274658203,90.91999816894531,91.02999877929688,30329200
2024-06-12,83.58804321289062,92.5199966430664,93.56999969482422,92.48999786376953,93.0199966430664,42554600
2024-06-13,84.81676483154297,93.87999725341797,93.98999786376953,92.94999694824219,93.22000122070312,33093800
2024-06-14,85.53050994873047,94.66999816894531,94.83999633789062,94.23999786376953,94.41999816894531,28776700
2024-06-17,84.68124389648438,93.7300033569336,93.80999755859375,93.27999877929688,93.5199966430664,31040200
2024-06-18,85.45823669433594,94.58999633789062,94.5999984741211,93.7300033569336,93.88999938964844,26881000
2024-06-20,84.8890609741211,93.95999908447266,94.0,93.33999633789062,93.41000366210938,30246300
2024-06-21,84.8890609741211,93.95999908447266,94.4800033569336,93.58999633789062,94.23999786376953,22596400
2024-06-24,85.23236083984375,94.33999633789062,94.33999633789062,93.73999786376953,94.05000305175781,56939100
2024-06-25,85.37690734863281,94.5,94.55000305175781,94.04000091552734,94.06999969482422,22890200
2024-06-26,84.1572494506836,93.1500015258789,93.47000122070312,93.11000061035156,93.27999877929688,38489100
2024-06-27,84.49152374267578,93.5199966430664,93.70999908447266,93.41999816894531,93.5199966430664,23140800
2024-06-28,82.91950988769531,91.77999877929688,93.7699966430664,91.77999877929688,93.7300033569336,55119600
2024-07-01,81.48839569091797,89.91000366210938,91.08000183105469,89.81999969482422,90.41999816894531,49735400
2024-07-02,82.1228256225586,90.61000061035156,90.80999755859375,90.08000183105469,90.68000030517578,34204700
2024-07-03,83.2013931274414,91.80000305175781,91.88999938964844,91.08999633789062,91.16999816894531,35563300
2024-07-05,83.89018249511719,92.55999755859375,92.7300033569336,91.9000015258789,92.2699966430664,34895500
2024-07-08,84.07145690917969,92.76000213623047,92.8499984741211,92.22000122070312,92.54000091552734,16095700
2024-07-09,83.69985961914062,92.3499984741211,92.68000030517578,91.87000274658203,92.47000122070312,30289800
2024-07-10,83.96268463134766,92.63999938964844,92.68000030517578,92.26000213623047,92.44999694824219,23572500
2024-07-11,84.77838897705078,93.54000091552734,94.13999938964844,93.47000122070312,93.68000030517578,49761800
2024-07-12,85.14093017578125,93.94000244140625,93.94000244140625,93.33999633789062,93.52999877929688,27796500
2024-07-15,84.1620864868164,92.86000061035156,93.30000305175781,92.77999877929688,93.0,37918900
2024-07-16,85.34938049316406,94.16999816894531,94.20999908447266,93.38999938964844,93.52999877929688,36383700
2024-07-17,85.36750793457031,94.19000244140625,94.4000015258789,93.69000244140625,93.91999816894531,29036800
2024-07-18,84.7149658203125,93.47000122070312,94.13999938964844,93.37999725341797,93.68000030517578,34553100
2024-07-19,84.21646881103516,92.91999816894531,93.16000366210938,92.81999969482422,93.04000091552734,32164700
2024-07-22,83.97176361083984,92.6500015258789,93.5199966430664,92.30000305175781,93.4000015258789,36160400
2024-07-23,83.85391235351562,92.5199966430664,93.02999877929688,92.48999786376953,92.80999755859375,23498000
2024-07-24,82.94760131835938,91.5199966430664,92.8499984741211,91.47000122070312,92.58999633789062,50757100
2024-07-25,83.62734985351562,92.2699966430664,92.86000061035156,91.95999908447266,92.02999877929688,44999100
2024-07-26,84.2799072265625,92.98999786376953,93.1500015258789,92.70999908447266,92.94999694824219,34423800
2024-07-29,84.73309326171875,93.48999786376953,93.69000244140625,93.22000122070312,93.66999816894531,25801300
2024-07-30,85.05937957763672,93.8499984741211,94.05000305175781,93.30000305175781,93.75,28169800
2024-07-31,85.9294204711914,94.80999755859375,94.83999633789062,94.23999786376953,94.52999877929688,47445300
2024-08-01,86.67054748535156,95.30999755859375,95.91000366210938,95.12000274658203,95.13999938964844,77254200
2024-08-02,89.371337890625,98.27999877929688,98.37000274658203,96.88999938964844,97.0,91912900
2024-08-05,89.8442153930664,98.80000305175781,99.94000244140625,97.9000015258789,99.69000244140625,90686300
2024-08-06,87.83453369140625,96.58999633789062,98.41000366210938,96.58999633789062,98.1500015258789,61316900
2024-08-07,87.21617889404297,95.91000366210938,96.44999694824219,95.5,95.94999694824219,51337100
2024-08-08,86.67964172363281,95.31999969482422,95.4000015258789,94.83999633789062,95.12000274658203,37815800
2024-08-09,87.5344467163086,96.26000213623047,96.54000091552734,96.08999633789062,96.51000213623047,32141800
2024-08-12,87.85273742675781,96.61000061035156,96.81999969482422,95.87999725341797,96.02999877929688,24261400
2024-08-13,88.46198272705078,97.27999877929688,97.36000061035156,96.9800033569336,97.30000305175781,30366900
2024-08-14,89.01669311523438,97.88999938964844,98.16000366210938,97.51000213623047,97.55000305175781,31334100
2024-08-15,88.29830169677734,97.0999984741211,97.0999984741211,96.20999908447266,96.41000366210938,38723700
2024-08-16,88.60747528076172,97.44000244140625,97.54000091552734,97.01000213623047,97.44000244140625,28541000
2024-08-19,89.01669311523438,97.88999938964844,98.16000366210938,97.41000366210938,97.41999816894531,25322100
2024-08-20,89.72598266601562,98.66999816894531,98.86000061035156,98.12000274658203,98.31999969482422,25239300
2024-08-21,89.78054809570312,98.7300033569336,99.19999694824219,98.20999908447266,98.66999816894531,29230000
2024-08-22,88.88938903808594,97.75,98.30000305175781,97.43000030517578,98.2300033569336,33453800
2024-08-23,89.47139739990234,98.38999938964844,98.66999816894531,97.95999908447266,98.19000244140625,32005100
2024-08-26,89.2440185546875,98.13999938964844,98.69999694824219,98.08000183105469,98.69000244140625,23198700
2024-08-27,89.08943939208984,97.97000122070312,98.08000183105469,97.41000366210938,97.48999786376953,21507700
2024-08-28,88.98031616210938,97.8499984741211,98.19999694824219,97.7300033569336,98.01000213623047,18501400
2024-08-29,88.6893310546875,97.52999877929688,97.63999938964844,97.12999725341797,97.37000274658203,24988200
2024-08-30,87.74360656738281,96.48999786376953,97.98999786376953,96.47000122070312,97.68000030517578,42896200
2024-09-03,89.17868041992188,97.75,98.05999755859375,97.41999816894531,97.55999755859375,48947900
2024-09-04,90.32820129394531,99.01000213623047,99.02999877929688,97.80999755859375,97.87999725341797,40885200
2024-09-05,90.83908081054688,99.56999969482422,99.68000030517578,98.77999877929688,99.33999633789062,47450900
2024-09-06,90.8299560546875,99.55999755859375,100.77999877929688,99.19000244140625,99.55000305175781,57406400
2024-09-09,91.22223663330078,99.98999786376953,100.0999984741211,99.16000366210938,99.4000015258789,26961400
2024-09-10,91.86087036132812,100.69000244140625,100.91000366210938,99.81999969482422,99.87000274658203,31703400
2024-09-11,91.78789520263672,100.61000061035156,101.23999786376953,100.3499984741211,100.48999786376953,39497100
2024-09-12,91.35911560058594,100.13999938964844,100.55000305175781,99.69000244140625,100.36000061035156,41618700
2024-09-13,91.60542297363281,100.41000366210938,100.61000061035156,100.0199966430664,100.45999908447266,25722100
2024-09-16,92.44474029541016,101.33000183105469,101.37000274658203,100.41000366210938,100.62999725341797,30866300
2024-09-17,91.99769592285156,100.83999633789062,101.63999938964844,100.73999786376953,101.47000122070312,31699400
2024-09-18,90.8573226928711,99.58999633789062,100.7300033569336,99.54000091552734,100.23999786376953,48897000
2024-09-19,90.55628204345703,99.26000213623047,99.30999755859375,98.7699966430664,98.91999816894531,39979800
2024-09-20,90.20957946777344,98.87999725341797,99.25,98.72000122070312,98.98999786376953,37067600
2024-09-23,90.01799011230469,98.66999816894531,99.08999633789062,98.0199966430664,98.5,35703900
2024-09-24,89.999755859375,98.6500015258789,98.88999938964844,97.8499984741211,98.0,31005400
2024-09-25,89.25164794921875,97.83000183105469,98.31999969482422,97.79000091552734,98.26000213623047,36738200
2024-09-26,89.46150970458984,98.05999755859375,98.25,97.41999816894531,98.06999969482422,33332300
2024-09-27,89.92677307128906,98.56999969482422,98.76000213623047,98.20999908447266,98.54000091552734,28317600
2024-09-30,89.49797821044922,98.0999984741211,98.70999908447266,97.87999725341797,98.63999938964844,34175500
2024-10-01,90.14415740966797,98.48999786376953,99.33000183105469,98.38999938964844,98.80000305175781,45254200
2024-10-02,89.38450622558594,97.66000366210938,97.7300033569336,97.05999755859375,97.36000061035156,35810800
2024-10-03,88.54243469238281,96.73999786376953,97.51000213623047,96.73999786376953,97.33999633789062,39677800
2024-10-04,87.45329284667969,95.55000305175781,95.95999908447266,95.4000015258789,95.44000244140625,56954100
2024-10-07,86.7943115234375,94.83000183105469,95.2699966430664,94.76000213623047,94.9800033569336,42606600
2024-10-08,86.94073486328125,94.98999786376953,95.02999877929688,94.33999633789062,94.38999938964844,33709600
2024-10-09,86.44650268554688,94.44999694824219,94.91000366210938,94.2300033569336,94.66999816894531,35807700
2024-10-10,86.10784912109375,94.08000183105469,94.08999633789062,93.41000366210938,93.87999725341797,53667400
2024-10-11,85.76005554199219,93.69999694824219,94.06999969482422,93.41999816894531,93.4800033569336,27406400
2024-10-14,85.82411193847656,93.7699966430664,93.77999877929688,92.9800033569336,93.04000091552734,28795300
2024-10-15,86.86754608154297,94.91000366210938,95.0,94.37000274658203,94.45999908447266,46429100
2024-10-16,87.2336196899414,95.30999755859375,95.62000274658203,95.13999938964844,95.38999938964844,32281500
2024-10-17,85.85159301757812,93.80000305175781,94.44000244140625,93.66999816894531,94.29000091552734,43427200
2024-10-18,85.91564178466797,93.87000274658203,94.27999877929688,93.86000061035156,94.05000305175781,25258600
2024-10-21,84.41462707519531,92.2300033569336,93.08999633789062,92.2300033569336,93.0199966430664,49504700
2024-10-22,84.4969711303711,92.31999969482422,92.76000213623047,92.08999633789062,92.6500015258789,32096900
2024-10-23,84.26817321777344,92.06999969482422,92.37000274658203,91.66000366210938,91.83999633789062,33354200
2024-10-24,84.80818176269531,92.66000366210938,93.0,91.95999908447266,92.2300033569336,32507400
2024-10-25,84.33222961425781,92.13999938964844,93.04000091552734,92.0199966430664,92.98999786376953,28667100
2024-10-28,84.10342407226562,91.88999938964844,92.29000091552734,91.41999816894531,92.2699966430664,33156500
2024-10-29,84.23155975341797,92.02999877929688,92.05999755859375,90.9800033569336,91.16999816894531,46545200
2024-10-30,84.47865295410156,92.30000305175781,93.29000091552734,92.16000366210938,92.83999633789062,41951100
2024-10-31,84.61597442626953,92.44999694824219,92.94000244140625,91.87000274658203,92.19999694824219,52173800
2024-11-01,83.42304229736328,90.83999633789062,92.5199966430664,90.80000305175781,92.26000213623047,80402000
2024-11-04,84.71791076660156,92.25,92.56999969482422,91.62999725341797,92.27999877929688,49747600
2024-11-05,85.16790008544922,92.73999786376953,92.9000015258789,91.5999984741211,92.02999877929688,46986000
2024-11-06,82.83527374267578,90.19999694824219,90.72000122070312,89.55000305175781,89.63999938964844,98895700
2024-11-07,83.87303924560547,91.33000183105469,91.62000274658203,90.6500015258789,90.75,56221400
2024-11-08,84.93831634521484,92.48999786376953,92.5999984741211,91.83999633789062,92.0,56756200
2024-11-11,84.52506256103516,92.04000091552734,92.30000305175781,91.62000274658203,92.25,22369200
2024-11-12,83.25773620605469,90.66000366210938,91.8499984741211,90.51000213623047,91.37000274658203,57908400
2024-11-13,82.46796417236328,89.80000305175781,91.54000091552734,89.72000122070312,91.5199966430664,49009100
2024-11-14,82.94550323486328,90.31999969482422,91.02999877929688,90.2699966430664,90.55999755859375,53328300
2024-11-15,82.72509765625,90.08000183105469,90.6500015258789,89.51000213623047,89.91999816894531,73722400
2024-11-18,82.87200927734375,90.23999786376953,90.58999633789062,89.41999816894531,89.66000366210938,36010600
2024-11-19,83.29447937011719,90.69999694824219,91.06999969482422,90.62000274658203,90.81999969482422,29585100
2024-11-20,83.02813720703125,90.41000366210938,90.83000183105469,90.11000061035156,90.1500015258789,27755400
2024-11-21,82.96385192871094,90.33999633789062,90.8499984741211,90.0,90.44999694824219,28365700
2024-11-22,83.00978088378906,90.38999938964844,90.69999694824219,90.1500015258789,90.51000213623047,21547500
2024-11-25,85.15872192382812,92.7300033569336,92.77999877929688,91.98999786376953,92.19999694824219,56858000
2024-11-26,84.82811737060547,92.37000274658203,92.44000244140625,91.80999755859375,92.16000366210938,31122200
2024-11-27,85.41584777832031,93.01000213623047,93.37999725341797,92.66999816894531,93.04000091552734,39442200
2024-11-29,86.29747009277344,93.97000122070312,93.98999786376953,93.44000244140625,93.77999877929688,31905700
2024-12-02,86.50483703613281,93.87000274658203,94.1500015258789,93.0,93.2699966430664,39406000
2024-12-03,85.75836944580078,93.05999755859375,94.02999877929688,92.98999786376953,93.93000030517578,32768900
2024-12-04,86.6799087524414,94.05999755859375,94.19000244140625,92.54000091552734,92.61000061035156,35851100
2024-12-05,86.8550033569336,94.25,94.38999938964844,93.66000366210938,93.72000122070312,23695800
2024-12-06,86.98400115966797,94.38999938964844,94.8499984741211,94.0199966430664,94.72000122070312,31761500
2024-12-09,86.18228912353516,93.5199966430664,94.04000091552734,93.47000122070312,93.98999786376953,30509600
2024-12-10,85.77681732177734,93.08000183105469,93.30000305175781,92.91000366210938,93.0199966430664,28706500
2024-12-11,84.96585083007812,92.19999694824219,93.29000091552734,92.11000061035156,93.06999969482422,38748400
2024-12-12,83.9337387084961,91.08000183105469,91.75,91.0,91.63999938964844,45368400
2024-12-13,83.07669067382812,90.1500015258789,90.8499984741211,90.08000183105469,90.80000305175781,39486000
2024-12-16,83.32550811767578,90.41999816894531,90.62000274658203,90.05000305175781,90.55000305175781,23482300
2024-12-17,83.52825164794922,90.63999938964844,90.98999786376953,90.45999908447266,90.5199966430664,23839900
2024-12-18,82.48377990722656,89.16000366210938,90.37000274658203,89.13999938964844,89.97000122070312,61328400
2024-12-19,81.2348861694336,87.80999755859375,88.38999938964844,87.51000213623047,88.06999969482422,99083300
2024-12-20,81.69743347167969,88.30999755859375,88.91000366210938,88.29000091552734,88.52999877929688,45542400
2024-12-23,80.94808959960938,87.5,88.2300033569336,87.44000244140625,88.16000366210938,32764600
2024-12-24,81.2903823852539,87.87000274658203,87.88999938964844,86.9800033569336,87.04000091552734,22377600
2024-12-26,81.24412536621094,87.81999969482422,87.95999908447266,87.19999694824219,87.20999908447266,19981800
2024-12-27,80.57803344726562,87.0999984741211,87.77999877929688,87.05999755859375,87.4800033569336,27262300
2024-12-30,81.22564697265625,87.80000305175781,88.04000091552734,87.66999816894531,87.83000183105469,48519600
2024-12-31,80.79081726074219,87.33000183105469,88.27999877929688,87.26000213623047,88.12999725341797,31917300
2025-01-02,81.01284790039062,87.56999969482422,88.12000274658203,87.20999908447266,87.80000305175781,27841300
2025-01-03,80.7538070678711,87.29000091552734,87.87999725341797,87.18000030517578,87.72000122070312,21962200
2025-01-06,80.39301300048828,86.9000015258789,87.2300033569336,86.66999816894531,87.05000305175781,30231500
2025-01-07,79.48640441894531,85.91999816894531,86.7699966430664,85.79000091552734,86.5999984741211,41757200
2025-01-08,79.588134765625,86.02999877929688,86.19999694824219,85.33999633789062,85.47000122070312,44590800
2025-01-10,79.06083679199219,85.45999908447266,85.8499984741211,85.16000366210938,85.27999877929688,47115800
2025-01-13,79.0330810546875,85.43000030517578,85.66000366210938,85.04000091552734,85.52999877929688,33258900
2025-01-14,78.90357208251953,85.29000091552734,85.36000061035156,84.88999938964844,85.2300033569336,33412900
2025-01-15,80.26348114013672,86.76000213623047,86.9800033569336,86.4000015258789,86.69999694824219,54120700
2025-01-16,80.52252197265625,87.04000091552734,87.4000015258789,86.27999877929688,86.63999938964844,34651100
2025-01-17,80.66130065917969,87.19000244140625,87.4800033569336,87.04000091552734,87.43000030517578,29875600
2025-01-21,81.38290405273438,87.97000122070312,88.16999816894531,87.62999725341797,87.88999938964844,30548600
2025-01-22,80.95735168457031,87.51000213623047,87.9800033569336,87.31999969482422,87.87000274658203,25278400
2025-01-23,80.3282699584961,86.83000183105469,86.98999786376953,86.52999877929688,86.63999938964844,31949000
2025-01-24,80.68905639648438,87.22000122070312,87.27999877929688,86.5999984741211,86.72000122070312,21110400
2025-01-27,81.64192199707031,88.25,88.43000030517578,87.8499984741211,88.16000366210938,42864200
2025-01-28,81.58643341064453,88.19000244140625,88.19999694824219,87.66000366210938,87.83999633789062,25519100
2025-01-29,81.41991424560547,88.01000213623047,88.62000274658203,87.62999725341797,88.43000030517578,25342800
2025-01-30,81.72518920898438,88.33999633789062,88.70999908447266,88.16999816894531,88.41000366210938,25094900
2025-01-31,81.1886215209961,87.76000213623047,88.66000366210938,87.43000030517578,88.37999725341797,48790100
2025-02-03,81.84967041015625,88.16000366210938,89.0999984741211,87.80000305175781,88.58000183105469,70657200
2025-02-04,82.100341796875,88.43000030517578,88.44999694824219,87.4800033569336,87.55000305175781,33414000
2025-02-05,83.455810546875,89.88999938964844,90.18000030517578,89.38999938964844,89.44999694824219,48331200
2025-02-06,83.41869354248047,89.8499984741211,90.1500015258789,89.55000305175781,89.86000061035156,22509900
2025-02-07,82.88020324707031,89.2699966430664,89.44999694824219,88.94000244140625,89.23999786376953,31171200
2025-02-10,82.62953186035156,89.0,89.52999877929688,88.8499984741211,89.26000213623047,22736100
2025-02-11,82.100341796875,88.43000030517578,88.68000030517578,88.37999725341797,88.52999877929688,21513000
2025-02-12,80.98625183105469,87.2300033569336,87.5999984741211,86.86000061035156,87.29000091552734,48536200
2025-02-13,82.33244323730469,88.68000030517578,88.88999938964844,88.06999969482422,88.08999633789062,42718100
2025-02-14,82.768798828125,89.1500015258789,89.68000030517578,89.12000274658203,89.37999725341797,27460700
2025-02-18,81.79395294189453,88.0999984741211,88.83999633789062,88.04000091552734,88.54000091552734,29429200
2025-02-19,81.89608764648438,88.20999908447266,88.44999694824219,87.88999938964844,87.94999694824219,20584300
2025-02-20,82.20244598388672,88.54000091552734,88.76000213623047,88.44999694824219,88.44999694824219,27913400
2025-02-21,83.19586944580078,89.61000061035156,89.93000030517578,88.81999969482422,88.87000274658203,46912300
2025-02-24,83.43724822998047,89.87000274658203,90.05999755859375,89.26000213623047,89.33000183105469,26218000
2025-02-25,84.87631225585938,91.41999816894531,91.5,90.80000305175781,90.97000122070312,50125100
2025-02-26,85.37764739990234,91.95999908447266,92.05999755859375,91.19999694824219,91.41999816894531,32220200
2025-02-27,84.77417755126953,91.30999755859375,91.79000091552734,91.13999938964844,91.30999755859375,53373600
2025-02-28,85.81401824951172,92.43000030517578,92.4800033569336,91.47000122070312,91.8499984741211,49388600
2025-03-03,86.21450805664062,92.56999969482422,92.70999908447266,91.37000274658203,91.41000366210938,42904200
2025-03-04,85.15277099609375,91.43000030517578,92.79000091552734,91.2699966430664,92.44000244140625,56722000
2025-03-05,84.47288513183594,90.69999694824219,91.80000305175781,90.61000061035156,91.55999755859375,50215900
2025-03-06,84.1934814453125,90.4000015258789,90.80000305175781,89.7300033569336,90.4800033569336,42827500
2025-03-07,83.92339324951172,90.11000061035156,91.16000366210938,89.98999786376953,91.13999938964844,36903600
2025-03-10,84.79886627197266,91.05000305175781,91.62999725341797,90.91000366210938,91.08000183105469,41440800
2025-03-11,84.1934814453125,90.4000015258789,91.48999786376953,90.13999938964844,90.97000122070312,40555700
2025-03-12,83.69056701660156,89.86000061035156,90.37999725341797,89.77999877929688,90.0,32734600
2025-03-13,84.42631530761719,90.6500015258789,90.70999908447266,89.37999725341797,89.58000183105469,38675400
2025-03-14,83.9792709350586,90.16999816894531,90.41000366210938,89.86000061035156,90.01000213623047,24658000
2025-03-17,84.39837646484375,90.62000274658203,91.18000030517578,90.37999725341797,90.80000305175781,26700300
2025-03-18,84.48219299316406,90.70999908447266,91.0199966430664,90.12000274658203,90.13999938964844,23654700
2025-03-19,84.919921875,91.18000030517578,91.22000122070312,90.37999725341797,90.68000030517578,31378700
2025-03-20,84.9758071899414,91.23999786376953,92.23999786376953,91.16000366210938,92.19999694824219,35645800
2025-03-21,84.47288513183594,90.69999694824219,91.44000244140625,90.62000274658203,91.33000183105469,29192100
2025-03-24,83.60673522949219,89.7699966430664,90.26000213623047,89.69999694824219,90.19999694824219,27985600
2025-03-25,83.59741973876953,89.76000213623047,90.08000183105469,89.51000213623047,89.56999969482422,22333800
2025-03-26,83.04793548583984,89.16999816894531,89.5999984741211,89.08999633789062,89.38999938964844,25095600
2025-03-27,82.80579376220703,88.91000366210938,89.02999877929688,88.62999725341797,88.8499984741211,23674500
2025-03-28,83.9513168334961,90.13999938964844,90.33999633789062,89.80999755859375,89.87999725341797,39869400
2025-03-31,84.78023529052734,91.02999877929688,91.33999633789062,90.36000061035156,91.2300033569336,38824300
2025-04-01,85.51490020751953,91.48999786376953,91.91000366210938,91.20999908447266,91.25,39800100
2025-04-02,85.45881652832031,91.43000030517578,92.37000274658203,90.66000366210938,92.37000274658203,43488400
2025-04-03,85.85137939453125,91.8499984741211,92.7300033569336,91.83999633789062,92.5199966430664,57467400
2025-04-04,86.78607177734375,92.8499984741211,94.08999633789062,92.81999969482422,93.6500015258789,92794200
2025-04-07,84.16895294189453,90.05000305175781,92.19000244140625,89.80000305175781,91.87999725341797,124987600
2025-04-08,82.57997131347656,88.3499984741211,90.19999694824219,88.22000122070312,89.27999877929688,73861900
2025-04-09,83.06600952148438,88.87000274658203,88.91000366210938,85.88999938964844,87.2699966430664,131353500
2025-04-10,80.77600860595703,86.41999816894531,88.18000030517578,86.3499984741211,87.73999786376953,78592000
2025-04-11,81.21531677246094,86.88999938964844,87.30000305175781,85.0,85.87000274658203,94814100
2025-04-14,81.79484558105469,87.51000213623047,87.70999908447266,86.81999969482422,87.4000015258789,37596400
2025-04-15,82.08458709716797,87.81999969482422,88.19000244140625,87.04000091552734,87.1500015258789,22553900
2025-04-16,82.54257202148438,88.30999755859375,88.5,87.47000122070312,87.80000305175781,35607300
2025-04-17,81.81352996826172,87.52999877929688,88.19999694824219,87.2300033569336,88.04000091552734,31758400
2025-04-21,80.38343811035156,86.0,87.06999969482422,85.9800033569336,86.5999984741211,39343200
2025-04-22,80.83209228515625,86.4800033569336,87.0199966430664,86.4000015258789,86.81999969482422,32552100
2025-04-23,81.61724853515625,87.31999969482422,89.05999755859375,87.16999816894531,88.87999725341797,44082200
2025-04-24,82.4771499633789,88.23999786376953,88.3499984741211,87.76000213623047,88.02999877929688,24190800
2025-04-25,83.08470916748047,88.88999938964844,89.11000061035156,88.5999984741211,88.9000015258789,22513900
2025-04-28,83.60811614990234,89.44999694824219,89.52999877929688,88.61000061035156,88.66000366210938,20130500
2025-04-29,84.30913543701172,90.19999694824219,90.20999908447266,89.30000305175781,89.31999969482422,22129500
2025-04-30,83.6268081665039,89.47000122070312,90.05000305175781,89.33000183105469,89.77999877929688,42630600
2025-05-01,83.20278930664062,88.69000244140625,89.27999877929688,88.30000305175781,89.26000213623047,29932800
2025-05-02,82.30218505859375,87.7300033569336,88.06999969482422,87.54000091552734,87.70999908447266,32090400
2025-05-05,81.8425064086914,87.23999786376953,87.41000366210938,86.83000183105469,87.3499984741211,22862800
2025-05-06,82.11453247070312,87.52999877929688,87.52999877929688,86.63999938964844,86.80000305175781,21095200
2025-05-07,82.461669921875,87.9000015258789,88.20999908447266,87.81999969482422,87.91999816894531,23161600
2025-05-08,81.54228973388672,86.91999816894531,88.05999755859375,86.88999938964844,88.0199966430664,25483700
2025-05-09,81.66424560546875,87.05000305175781,87.30999755859375,86.91999816894531,87.0,17007900
2025-05-12,80.90435791015625,86.23999786376953,86.77999877929688,86.19000244140625,86.37999725341797,32115000
2025-05-13,80.57599639892578,85.88999938964844,86.29000091552734,85.5,86.12999725341797,53912200
2025-05-14,80.04127502441406,85.31999969482422,85.87000274658203,85.19999694824219,85.75,42119800
2025-05-15,80.7448959350586,86.06999969482422,86.31999969482422,85.4800033569336,85.62999725341797,59448000
2025-05-16,80.96064758300781,86.30000305175781,86.88999938964844,86.19999694824219,86.87000274658203,31778200
2025-05-19,80.72612762451172,86.05000305175781,86.12000274658203,84.83000183105469,84.91000366210938,49361900
2025-05-20,80.14448547363281,85.43000030517578,85.5999984741211,85.05999755859375,85.43000030517578,35493100
2025-05-21,78.77481842041016,83.97000122070312,85.05999755859375,83.76000213623047,84.68000030517578,77053100
2025-05-22,79.1875991821289,84.41000366210938,84.43000030517578,83.30000305175781,83.5199966430664,61747900
2025-05-23,79.31893920898438,84.55000305175781,84.81999969482422,84.30999755859375,84.7699966430664,47139200
2025-05-27,80.42591094970703,85.7300033569336,86.02999877929688,85.1500015258789,85.3499984741211,56773400
2025-05-28,80.07881164550781,85.36000061035156,85.54000091552734,84.97000122070312,85.41000366210938,34806800
2025-05-29,80.81993103027344,86.1500015258789,86.26000213623047,85.63999938964844,85.7699966430664,38933200
2025-05-30,80.94190216064453,86.27999877929688,86.47000122070312,85.87999725341797,86.08999633789062,49042100
2025-06-02,80.18859100341797,85.16000366210938,85.47000122070312,84.79000091552734,85.29000091552734,46213100
2025-06-03,80.04735565185547,85.01000213623047,85.73999786376953,84.88999938964844,85.44000244140625,33731300
2025-06-04,81.34678649902344,86.38999938964844,86.6500015258789,85.6500015258789,85.79000091552734,57441500
2025-06-05,81.40328979492188,86.44999694824219,86.93000030517578,86.22000122070312,86.68000030517578,37664700
2025-06-06,80.36751556396484,85.3499984741211,85.93000030517578,85.27999877929688,85.79000091552734,38130100
2025-06-09,80.45223999023438,85.44000244140625,85.63999938964844,85.04000091552734,85.04000091552734,26560800
2025-06-10,80.86654663085938,85.87999725341797,86.18000030517578,85.5199966430664,86.0999984741211,24857000
2025-06-11,81.11138153076172,86.13999938964844,86.4000015258789,85.70999908447266,85.80999755859375,36334800
2025-06-12,82.08125305175781,87.16999816894531,87.19999694824219,86.5999984741211,86.88999938964844,43017800
2025-06-13,81.29029846191406,86.33000183105469,86.87999725341797,85.77999877929688,86.7300033569336,49374000
2025-06-16,80.47106170654297,85.45999908447266,86.43000030517578,85.45999908447266,86.08000183105469,36496600
2025-06-17,81.45037078857422,86.5,86.66000366210938,85.75,86.0,34521600
2025-06-18,81.59161376953125,86.6500015258789,87.08999633789062,86.3499984741211,86.87999725341797,38589000
2025-06-20,81.4409408569336,86.48999786376953,86.79000091552734,85.94999694824219,86.13999938964844,26001900
2025-06-23,81.70459747314453,86.7699966430664,87.44000244140625,86.7699966430664,86.93000030517578,36851800
2025-06-24,82.29782104492188,87.4000015258789,87.58999633789062,86.43000030517578,86.47000122070312,32959100
2025-06-25,82.40140533447266,87.51000213623047,87.51000213623047,86.80000305175781,87.11000061035156,26345300
2025-06-26,82.81570434570312,87.94999694824219,87.94999694824219,87.19999694824219,87.58999633789062,30467500
2025-06-27,82.28840637207031,87.38999938964844,88.16000366210938,87.23999786376953,87.56999969482422,74993500
2025-06-30,83.09821319580078,88.25,88.44000244140625,87.61000061035156,87.86000061035156,53695200
2025-07-01,83.30423736572266,88.13999938964844,88.30999755859375,87.66000366210938,88.12999725341797,38960600
2025-07-02,82.77497100830078,87.58000183105469,87.58999633789062,87.0999984741211,87.19000244140625,39382200
2025-07-03,82.19842529296875,86.97000122070312,87.29000091552734,86.8499984741211,87.16999816894531,26729100
2025-07-07,81.41397857666016,86.13999938964844,86.55999755859375,85.91999816894531,86.54000091552734,38314700
2025-07-08,81.31000518798828,86.02999877929688,86.04000091552734,85.44000244140625,85.56999969482422,31407000
2025-07-09,82.1606216430664,86.93000030517578,86.93000030517578,86.18000030517578,86.19000244140625,29821900
2025-07-10,82.21733093261719,86.98999786376953,87.05999755859375,86.48999786376953,86.83000183105469,24525500
2025-07-11,81.08317565917969,85.79000091552734,86.2699966430664,85.63999938964844,86.2300033569336,40764800
2025-07-14,80.91304779052734,85.61000061035156,85.87999725341797,85.31999969482422,85.54000091552734,24609500
2025-07-15,80.34596252441406,85.01000213623047,85.91000366210938,84.9000015258789,85.88999938964844,40455000
2025-07-16,80.4593734741211,85.12999725341797,85.66000366210938,84.19000244140625,85.27999877929688,65987700
2025-07-17,80.44048309326172,85.11000061035156,85.48999786376953,84.98999786376953,85.22000122070312,31875500
2025-07-18,80.56333923339844,85.23999786376953,85.45999908447266,85.0999984741211,85.43000030517578,27534900
2025-07-21,81.28165435791016,86.0,86.51000213623047,85.95999908447266,86.22000122070312,40019500
2025-07-22,81.77312469482422,86.5199966430664,86.7699966430664,86.11000061035156,86.16999816894531,35190300
2025-07-23,81.31946563720703,86.04000091552734,86.19999694824219,85.79000091552734,86.05000305175781,31008500
2025-07-24,81.17768096923828,85.88999938964844,86.23999786376953,85.51000213623047,85.55000305175781,25164800
2025-07-25,81.68806457519531,86.43000030517578,86.44000244140625,85.72000122070312,85.80000305175781,27196200
2025-07-28,81.1587905883789,85.87000274658203,86.19999694824219,85.83000183105469,85.98999786376953,26812500
2025-07-29,82.52922058105469,87.31999969482422,87.33999633789062,86.19999694824219,86.2300033569336,47828300
2025-07-30,82.10391998291016,86.87000274658203,86.95999908447266,86.55999755859375,86.7699966430664,40670900
2025-07-31,82.15116882324219,86.91999816894531,87.41000366210938,86.83999633789062,87.12999725341797,49814100
2025-08-01,83.3190689086914,87.81999969482422,87.93000030517578,87.5199966430664,87.55999755859375,63434500
2025-08-04,83.54678344726562,88.05999755859375,88.1500015258789,87.6500015258789,87.95999908447266,36425200
2025-08-05,83.80294799804688,88.33000183105469,88.44999694824219,87.77999877929688,87.8499984741211,28586100
2025-08-06,83.3190689086914,87.81999969482422,88.05000305175781,86.91999816894531,87.83999633789062,42589300
2025-08-07,83.1767807006836,87.66999816894531,88.25,87.58999633789062,87.91999816894531,29213100
2025-08-08,82.81625366210938,87.29000091552734,87.38999938964844,87.1500015258789,87.36000061035156,21596300
2025-08-11,82.91114807128906,87.38999938964844,87.66999816894531,87.27999877929688,87.54000091552734,20100900
2025-08-12,82.49366760253906,86.94999694824219,86.97000122070312,86.55000305175781,86.9000015258789,41052300
2025-08-13,83.1767807006836,87.66999816894531,87.80999755859375,87.43000030517578,87.44000244140625,30817500
2025-08-14,82.56007385253906,87.0199966430664,87.51000213623047,86.88999938964844,87.51000213623047,33397400
2025-08-15,81.97187042236328,86.4000015258789,86.77999877929688,86.25,86.66000366210938,36343600
2025-08-18,81.73466491699219,86.1500015258789,86.54000091552734,85.98999786376953,86.5,26777500
2025-08-19,82.20905303955078,86.6500015258789,86.75,86.44999694824219,86.44999694824219,28780600
2025-08-20,82.3893051147461,86.83999633789062,86.97000122070312,86.55999755859375,86.58999633789062,25912500
2025-08-21,81.98136138916016,86.41000366210938,86.68000030517578,86.11000061035156,86.55999755859375,28643900
2025-08-22,82.58854675292969,87.05000305175781,87.30000305175781,86.72000122070312,86.83000183105469,49871900
2025-08-25,82.35135650634766,86.80000305175781,87.05000305175781,86.6500015258789,86.7300033569336,27011900
2025-08-26,82.30391693115234,86.75,86.79000091552734,86.22000122070312,86.51000213623047,30259300
2025-08-27,82.20905303955078,86.6500015258789,86.66000366210938,86.0,86.11000061035156,38142800
2025-08-28,82.74982452392578,87.22000122070312,87.26000213623047,86.66000366210938,86.77999877929688,32205900
2025-08-29,82.16161346435547,86.5999984741211,86.86000061035156,86.44000244140625,86.76000213623047,41686400
2025-09-02,81.5501937866211,85.62999725341797,85.83999633789062,85.4800033569336,85.62999725341797,48760600
2025-09-03,82.44541931152344,86.56999969482422,86.80999755859375,85.88999938964844,85.93000030517578,52499500
2025-09-04,83.073974609375,87.2300033569336,87.23999786376953,86.58000183105469,87.0199966430664,40501600
2025-09-05,84.34060668945312,88.55999755859375,88.61000061035156,88.13999938964844,88.22000122070312,69668000
2025-09-08,85.46438598632812,89.73999786376953,89.76000213623047,89.12000274658203,89.16999816894531,54538700
2025-09-09,84.97868347167969,89.2300033569336,89.55000305175781,88.98999786376953,89.4000015258789,37126400
2025-09-10,85.46438598632812,89.73999786376953,90.06999969482422,89.19000244140625,89.4000015258789,40713600
2025-09-11,86.0357894897461,90.33999633789062,90.4800033569336,89.9000015258789,89.91000366210938,46694400
2025-09-12,85.66436004638672,89.94999694824219,89.9800033569336,89.48999786376953,89.83000183105469,32968600
2025-09-15,85.86436462402344,90.16000366210938,90.45999908447266,90.06999969482422,90.1500015258789,24820100
2025-09-16,86.04532623291016,90.3499984741211,90.5,90.04000091552734,90.08999633789062,26794200
2025-09-17,85.82628631591797,90.12000274658203,91.04000091552734,89.87000274658203,90.70999908447266,49121800
2025-09-18,84.94058227539062,89.19000244140625,89.47000122070312,88.9000015258789,89.26000213623047,55717900
2025-09-19,84.77867126464844,89.0199966430664,89.2300033569336,88.79000091552734,89.06999969482422,32509200
2025-09-22,84.47393035888672,88.69999694824219,88.91000366210938,88.54000091552734,88.81999969482422,24758200
2025-09-23,85.06439208984375,89.31999969482422,89.36000061035156,88.75,88.97000122070312,26689000
2025-09-24,84.74059295654297,88.9800033569336,89.16000366210938,88.69999694824219,89.08000183105469,28098000
2025-09-25,84.74059295654297,88.9800033569336,89.02999877929688,88.45999908447266,88.8499984741211,29882500
2025-09-26,84.66439819335938,88.9000015258789,89.47000122070312,88.69000244140625,88.98999786376953,30955100
2025-09-29,85.35962677001953,89.62999725341797,89.73999786376953,89.26000213623047,89.29000091552734,32286200
2025-09-30,85.11202239990234,89.37000274658203,90.04000091552734,89.20999908447266,89.66000366210938,38584000
2025-10-01,85.33183288574219,89.29000091552734,89.63999938964844,89.08999633789062,89.44999694824219,39408900
2025-10-02,85.58029174804688,89.55000305175781,89.69000244140625,89.19000244140625,89.30999755859375,23208300
2025-10-03,85.4178237915039,89.37999725341797,89.72000122070312,89.2699966430664,89.62999725341797,25884500
2025-10-06,84.73930358886719,88.66999816894531,89.16000366210938,88.6500015258789,88.70999908447266,28371000
2025-10-07,85.2266845703125,89.18000030517578,89.37999725341797,88.80999755859375,88.97000122070312,29103300
2025-10-08,85.2935791015625,89.25,89.62000274658203,89.12999725341797,89.5999984741211,22506200
2025-10-09,85.2266845703125,89.18000030517578,89.29000091552734,89.01000213623047,89.16999816894531,21578700
2025-10-10,86.60287475585938,90.62000274658203,90.72000122070312,89.9000015258789,89.9800033569336,59389400
2025-10-13,86.55506896972656,90.56999969482422,90.58000183105469,89.86000061035156,90.27999877929688,28035500
2025-10-14,86.83222961425781,90.86000061035156,90.91999816894531,90.43000030517578,90.6500015258789,29800000
2025-10-15,86.64108276367188,90.66000366210938,91.30000305175781,90.47000122070312,90.95999908447266,31333900
2025-10-16,87.29093170166016,91.33999633789062,91.5,90.44999694824219,90.5199966430664,39631200
2025-10-17,87.15714263916016,91.19999694824219,91.29000091552734,90.9000015258789,91.25,40240400
2025-10-20,87.49163818359375,91.55000305175781,91.55999755859375,91.27999877929688,91.45999908447266,28429300
2025-10-21,87.92168426513672,92.0,92.19000244140625,91.91000366210938,91.98999786376953,24514300
2025-10-22,87.97901916503906,92.05999755859375,92.18000030517578,91.81999969482422,91.98999786376953,30496200
2025-10-23,87.37696075439453,91.43000030517578,91.79000091552734,91.29000091552734,91.61000061035156,28275100
2025-10-24,87.4151840209961,91.47000122070312,91.5999984741211,91.16000366210938,91.58999633789062,28266000
2025-10-27,87.71142578125,91.77999877929688,91.79000091552734,91.08999633789062,91.31999969482422,30033600
2025-10-28,87.9407958984375,92.0199966430664,92.18000030517578,91.80999755859375,91.8499984741211,23564500
2025-10-29,87.0520248413086,91.08999633789062,91.88999938964844,91.0199966430664,91.87999725341797,39551600
2025-10-30,86.54551696777344,90.55999755859375,90.97000122070312,90.3499984741211,90.38999938964844,42649200
2025-10-31,86.28748321533203,90.29000091552734,90.66000366210938,90.19999694824219,90.55999755859375,38247300
2025-11-03,86.07168579101562,89.73999786376953,89.81999969482422,89.41999816894531,89.62000274658203,40752300
2025-11-04,86.26351165771484,89.94000244140625,90.05999755859375,89.73999786376953,89.77999877929688,26383800
2025-11-05,85.32356262207031,88.95999908447266,89.55000305175781,88.87999725341797,89.51000213623047,44643400
2025-11-06,86.09086608886719,89.76000213623047,89.8499984741211,89.52999877929688,89.55999755859375,33027400
2025-11-07,85.90862274169922,89.56999969482422,89.87000274658203,89.36000061035156,89.36000061035156,28530100
2025-11-10,85.88945770263672,89.55000305175781,89.66999816894531,89.38999938964844,89.48999786376953,24093500
2025-11-11,86.2826919555664,89.95999908447266,90.06999969482422,89.77999877929688,89.94999694824219,18942300
2025-11-12,86.4361572265625,90.12000274658203,90.31999969482422,89.87999725341797,89.94999694824219,23594900
2025-11-13,85.72640228271484,89.37999725341797,89.94000244140625,89.37999725341797,89.80000305175781,33825900
2025-11-14,85.23725891113281,88.87000274658203,89.83999633789062,88.87000274658203,89.79000091552734,38550500
2025-11-17,85.44824981689453,89.08999633789062,89.30000305175781,88.9800033569336,89.08000183105469,25605800
2025-11-18,85.41947174072266,89.05999755859375,89.44999694824219,88.80000305175781,89.3499984741211,31967400
2025-11-19,85.24684143066406,88.87999725341797,89.30999755859375,88.8499984741211,89.2300033569336,25782400
2025-11-20,85.58253479003906,89.2300033569336,89.41999816894531,88.98999786376953,88.98999786376953,32945000
2025-11-21,85.84150695800781,89.5,89.66999816894531,89.19999694824219,89.6500015258789,41938600
2025-11-24,86.33065032958984,90.01000213623047,90.06999969482422,89.77999877929688,89.94999694824219,30865700
2025-11-25,86.55123901367188,90.23999786376953,90.58999633789062,90.12999725341797,90.30999755859375,36503300
2025-11-26,86.93489074707031,90.63999938964844,90.63999938964844,89.83000183105469,90.1500015258789,34099000
2025-11-28,86.52247619628906,90.20999908447266,90.52999877929688,89.94999694824219,90.45999908447266,40704300
2025-12-01,85.44537353515625,88.7699966430664,88.98999786376953,88.70999908447266,88.8499984741211,47086600
2025-12-02,85.48387145996094,88.80999755859375,88.95999908447266,88.45999908447266,88.58000183105469,27605700
2025-12-03,85.7245101928711,89.05999755859375,89.16000366210938,88.73999786376953,88.91999816894531,23278600
2025-12-04,85.26249694824219,88.58000183105469,88.93000030517578,88.4800033569336,88.91000366210938,25541500
2025-12-05,84.86785888671875,88.16999816894531,88.55000305175781,88.05000305175781,88.55000305175781,32808100
2025-12-08,84.58871459960938,87.87999725341797,88.19999694824219,87.55999755859375,88.19000244140625,32255200
2025-12-09,84.67533874511719,87.97000122070312,88.3499984741211,87.83999633789062,88.33999633789062,25771800
2025-12-10,85.00261688232422,88.30999755859375,88.5199966430664,87.86000061035156,88.0,46833500
2025-12-11,84.8871078491211,88.19000244140625,88.83000183105469,88.16000366210938,88.69000244140625,26778700
2025-12-12,84.06893157958984,87.33999633789062,87.5,87.19000244140625,87.37999725341797,47030100
2025-12-15,84.12669372558594,87.4000015258789,87.87999725341797,87.38999938964844,87.72000122070312,28611800
2025-12-16,84.58871459960938,87.87999725341797,87.91999816894531,87.16999816894531,87.19000244140625,41018700
2025-12-17,84.51171875,87.80000305175781,87.98999786376953,87.58000183105469,87.62999725341797,24668300
2025-12-18,84.91596984863281,88.22000122070312,88.37999725341797,88.06999969482422,88.12999725341797,39048900
2025-12-19,84.59903717041016,87.55000305175781,87.76000213623047,87.41000366210938,87.61000061035156,37858100
2025-12-22,84.41544342041016,87.36000061035156,87.45999908447266,87.25,87.41999816894531,25547100
2025-12-23,84.55072021484375,87.5,87.58000183105469,87.02999877929688,87.06999969482422,33624100
2025-12-24,85.06285095214844,88.02999877929688,88.08000183105469,87.6500015258789,87.76000213623047,25942000
2025-12-26,84.78263092041016,87.73999786376953,88.16999816894531,87.5999984741211,88.0999984741211,26522700
2025-12-29,85.10149383544922,88.06999969482422,88.06999969482422,87.79000091552734,87.94999694824219,29399800
2025-12-30,84.89859008789062,87.86000061035156,88.04000091552734,87.66999816894531,87.73999786376953,25106800
2025-12-31,84.2221908569336,87.16000366210938,87.91000366210938,87.12999725341797,87.68000030517578,36500000
2026-01-02,84.0965576171875,87.02999877929688,87.41000366210938,87.0199966430664,87.4000015258789,40731300
2026-01-05,84.51206970214844,87.45999908447266,87.5199966430664,87.11000061035156,87.18000030517578,30178000
2026-01-06,84.338134765625,87.27999877929688,87.33999633789062,86.9000015258789,87.1500015258789,39015200
2026-01-07,84.83094787597656,87.79000091552734,88.01000213623047,87.4800033569336,87.83999633789062,39930900
2026-01-08,84.40577697753906,87.3499984741211,87.55000305175781,87.25,87.33000183105469,28204900
2026-01-09,84.96623229980469,87.93000030517578,88.0,87.12000274658203,87.30000305175781,57348800
2026-01-12,84.7149887084961,87.66999816894531,87.91000366210938,87.41000366210938,87.5,36103100
2026-01-13,84.85993957519531,87.81999969482422,87.91000366210938,87.54000091552734,87.87999725341797,30451400
2026-01-14,85.3527603149414,88.33000183105469,88.43000030517578,87.88999938964844,87.91000366210938,39233500
2026-01-15,85.33340454101562,88.30999755859375,88.66000366210938,88.30999755859375,88.63999938964844,37988900
2026-01-16,84.84060668945312,87.80000305175781,88.31999969482422,87.70999908447266,88.12999725341797,46382400
2026-01-20,83.7293701171875,86.6500015258789,87.02999877929688,86.54000091552734,86.62999725341797,66009500
2026-01-21,84.36713409423828,87.30999755859375,87.4800033569336,86.62000274658203,86.80000305175781,51220100
2026-01-22,84.73432159423828,87.69000244140625,87.76000213623047,87.13999938964844,87.2699966430664,42419300
2026-01-23,84.96623229980469,87.93000030517578,88.02999877929688,87.5,87.83000183105469,35968800
2026-01-26,85.37205505371094,88.3499984741211,88.48999786376953,88.19999694824219,88.4000015258789,38882400
2026-01-27,84.84060668945312,87.80000305175781,88.25,87.68000030517578,88.11000061035156,35180100
2026-01-28,84.64734649658203,87.5999984741211,87.69999694824219,87.29000091552734,87.51000213623047,38750300
2026-01-29,84.66667175292969,87.62000274658203,87.73999786376953,87.08000183105469,87.1500015258789,43855000
2026-01-30,84.19319152832031,87.12999725341797,87.55999755859375,87.12999725341797,87.37999725341797,45832200
2026-02-02,83.95263671875,86.55000305175781,87.05999755859375,86.55000305175781,87.0199966430664,38171400
2026-02-03,84.15633392333984,86.76000213623047,86.77999877929688,86.43000030517578,86.48999786376953,27438200
2026-02-04,83.94294738769531,86.54000091552734,86.77999877929688,86.45999908447266,86.62999725341797,37872900
2026-02-05,84.85472869873047,87.4800033569336,87.4800033569336,86.75,86.93000030517578,50268900
2026-02-06,84.91292572021484,87.54000091552734,87.54000091552734,87.19999694824219,87.44999694824219,33461800
2026-02-09,84.89350891113281,87.5199966430664,87.58000183105469,87.02999877929688,87.19999694824219,24708900
2026-02-10,85.87322235107422,88.52999877929688,88.52999877929688,88.22000122070312,88.23999786376953,37253700
2026-02-11,85.41732788085938,88.05999755859375,88.4800033569336,87.94000244140625,88.04000091552734,37014000
2026-02-12,86.55220031738281,89.2300033569336,89.27999877929688,88.3499984741211,88.36000061035156,48454900
2026-02-13,87.02750396728516,89.72000122070312,89.80999755859375,89.5199966430664,89.62999725341797,56785200
2026-02-17,87.17301177978516,89.87000274658203,90.12000274658203,89.76000213623047,89.93000030517578,32356700
2026-02-18,86.84320831298828,89.52999877929688,89.86000061035156,89.47000122070312,89.69000244140625,35415400
2026-02-19,86.93051147460938,89.62000274658203,89.72000122070312,89.37000274658203,89.4000015258789,28658600
2026-02-20,86.72681427001953,89.41000366210938,89.73999786376953,88.93000030517578,89.69999694824219,49610800
2026-02-23,87.04689025878906,89.73999786376953,90.0,89.52999877929688,89.55000305175781,33614600
2026-02-24,87.20210266113281,89.9000015258789,90.05000305175781,89.76000213623047,89.94999694824219,24933900
2026-02-25,87.21180725097656,89.91000366210938,90.08000183105469,89.70999908447266,89.70999908447266,23625800
2026-02-26,87.56099700927734,90.2699966430664,90.31999969482422,90.05000305175781,90.05999755859375,29447100
2026-02-27,88.09449005126953,90.81999969482422,90.86000061035156,90.55000305175781,90.69000244140625,51272000
2026-03-02,87.20983123779297,89.61000061035156,89.98999786376953,89.36000061035156,89.9800033569336,55465500
2026-03-03,87.03466033935547,89.43000030517578,89.66999816894531,88.94000244140625,88.9800033569336,51850400
2026-03-04,86.76215362548828,89.1500015258789,89.44000244140625,89.0999984741211,89.2699966430664,47069500
2026-03-05,86.41180419921875,88.79000091552734,88.94000244140625,88.51000213623047,88.62999725341797,45768900
2026-03-06,86.09064483642578,88.45999908447266,88.94000244140625,88.0199966430664,88.31999969482422,58136900
2026-03-09,86.84001159667969,89.2300033569336,89.31999969482422,88.20999908447266,88.30000305175781,52478700
2026-03-10,85.91545867919922,88.27999877929688,88.94999694824219,88.2699966430664,88.80000305175781,48651500
2026-03-11,84.80599212646484,87.13999938964844,87.80999755859375,87.08000183105469,87.75,54679900
2026-03-12,84.64054107666016,86.97000122070312,87.25,86.77999877929688,86.91000366210938,48977000
2026-03-13,84.22208404541016,86.54000091552734,87.1500015258789,86.47000122070312,86.93000030517578,43460000
2026-03-16,84.8741226196289,87.20999908447266,87.33999633789062,86.95999908447266,87.18000030517578,37341500
2026-03-17,85.10769653320312,87.44999694824219,87.56999969482422,87.31999969482422,87.36000061035156,19578100
2026-03-18,84.63081359863281,86.95999908447266,87.4800033569336,86.93000030517578,87.36000061035156,37596600
2026-03-19,85.14662170410156,87.48999786376953,87.7300033569336,86.97000122070312,87.05999755859375,60307400
2026-03-20,83.53108215332031,85.83000183105469,86.86000061035156,85.76000213623047,86.80999755859375,78948500
2026-03-23,84.07608795166016,86.38999938964844,86.72000122070312,85.94000244140625,86.18000030517578,69686700
2026-03-24,83.70626831054688,86.01000213623047,86.29000091552734,85.55999755859375,85.72000122070312,51799400
2026-03-25,84.51403045654297,86.83999633789062,86.87999725341797,86.4800033569336,86.75,37861000
2026-03-26,83.80359649658203,86.11000061035156,86.61000061035156,85.93000030517578,86.33999633789062,39537000
2026-03-27,83.3461685180664,85.63999938964844,86.0999984741211,85.44999694824219,85.5,39928900
2026-03-30,84.45563507080078,86.77999877929688,86.94999694824219,86.48999786376953,86.62999725341797,36473200
2026-03-31,84.36804962158203,86.69000244140625,87.16000366210938,86.56999969482422,86.93000030517578,47112200
2026-04-01,84.28499603271484,86.26000213623047,86.70999908447266,86.2300033569336,86.27999877929688,31157600
2026-04-02,84.80286407470703,86.79000091552734,86.8499984741211,86.1500015258789,86.20999908447266,33310600
2026-04-06,84.66606903076172,86.6500015258789,86.8499984741211,86.38999938964844,86.5,14660300
2026-04-07,84.65629577636719,86.63999938964844,86.68000030517578,85.91000366210938,86.5199966430664,22747200
2026-04-08,84.92988586425781,86.91999816894531,87.37000274658203,86.7300033569336,87.36000061035156,22244900
2026-04-09,84.71491241455078,86.69999694824219,87.12999725341797,86.38999938964844,86.69000244140625,18909100
2026-04-10,84.50973510742188,86.48999786376953,86.68000030517578,86.33000183105469,86.5999984741211,13247700
2026-04-13,84.76377868652344,86.75,86.80000305175781,86.25,86.44000244140625,12719700
2026-04-14,85.21324157714844,87.20999908447266,87.23999786376953,86.62999725341797,86.69999694824219,16606900
2026-04-15,84.84193420410156,86.83000183105469,87.06999969482422,86.7300033569336,87.0199966430664,15119600
2026-04-16,84.30453491210938,86.27999877929688,86.97000122070312,86.19999694824219,86.91999816894531,20001000
2026-04-17,85.07645416259766,87.06999969482422,87.20999908447266,86.88999938964844,87.05000305175781,29604100
2026-04-20,85.0569076538086,87.05000305175781,87.12999725341797,86.70999908447266,87.11000061035156,14623500
2026-04-21,84.587890625,86.56999969482422,87.08999633789062,86.52999877929688,86.97000122070312,19798700
2026-04-22,84.7540054321289,86.73999786376953,87.16000366210938,86.70999908447266,87.05000305175781,13676800
2026-04-23,84.568359375,86.55000305175781,87.04000091552734,86.23999786376953,86.83000183105469,21106700
2026-04-24,84.72468566894531,86.70999908447266,86.81999969482422,86.25,86.45999908447266,22285700
2026-04-27,84.30453491210938,86.27999877929688,86.62000274658203,86.19000244140625,86.48999786376953,19250100
2026-04-28,84.3924789428711,86.37000274658203,86.37000274658203,85.94000244140625,86.12000274658203,14553600
2026-04-29,83.73780822753906,85.69999694824219,85.98999786376953,85.55000305175781,85.98999786376953,29020800
2026-04-30,83.65965270996094,85.62000274658203,85.9000015258789,85.38999938964844,85.88999938964844,28516200
2026-05-01,83.95877838134766,85.61000061035156,86.0,85.33999633789062,85.5,21281000
2026-05-04,83.32129669189453,84.95999908447266,85.36000061035156,84.76000213623047,85.3499984741211,27226000
2026-05-05,83.78224182128906,85.43000030517578,85.48999786376953,85.08999633789062,85.1500015258789,18226500
2026-05-06,84.4197006225586,86.08000183105469,86.16999816894531,85.91999816894531,86.05000305175781,22530700
2026-05-07,83.99800109863281,85.6500015258789,86.29000091552734,85.5999984741211,86.27999877929688,21178300
2026-05-08,84.4197006225586,86.08000183105469,86.27999877929688,85.98999786376953,86.05999755859375,30797600
2026-05-11,83.90973663330078,85.55999755859375,85.91999816894531,85.48999786376953,85.87999725341797,17713700
2026-05-12,83.35072326660156,84.98999786376953,85.19999694824219,84.91999816894531,85.19000244140625,27680600
2026-05-13,83.16439056396484,84.80000305175781,85.05000305175781,84.58999633789062,84.94000244140625,26295100
2026-05-14,83.28207397460938,84.91999816894531,85.37999725341797,84.91000366210938,85.26000213623047,25247200
2026-05-15,82.04637908935547,83.66000366210938,83.97000122070312,83.58999633789062,83.87000274658203,50796000
2026-05-18,81.94829559326172,83.55999755859375,83.91999816894531,83.31999969482422,83.69999694824219,26166200
2026-05-19,81.41871643066406,83.0199966430664,83.2300033569336,82.7699966430664,82.95999908447266,35346600
2026-05-20,82.29154968261719,83.91000366210938,84.0,83.04000091552734,83.05999755859375,44498000
2026-05-21,82.59556579589844,84.22000122070312,84.26000213623047,83.33000183105469,83.62000274658203,24887000
2026-05-22,83.04670715332031,84.68000030517578,84.68000030517578,84.13999938964844,84.61000061035156,27987700
2026-05-26,83.45861053466797,85.0999984741211,85.37999725341797,84.9000015258789,85.33999633789062,22531200
2026-05-27,83.65474700927734,85.30000305175781,85.4800033569336,85.1500015258789,85.25,23589600
2026-05-28,84.08625030517578,85.73999786376953,85.8499984741211,85.2699966430664,85.36000061035156,25417300
2026-05-29,84.10587310791016,85.76000213623047,85.95999908447266,85.55000305175781,85.80999755859375,33118600
2026-06-01,84.15116882324219,85.47000122070312,85.54000091552734,84.80000305175781,84.93000030517578,26322400
2026-06-02,84.3283920288086,85.6500015258789,85.81999969482422,85.5,85.80000305175781,20319000
2026-06-03,83.9936294555664,85.30999755859375,85.43000030517578,85.0999984741211,85.29000091552734,15372000
2026-06-04,84.18069458007812,85.5,85.70999908447266,85.41999816894531,85.61000061035156,15866500
2026-06-05,83.74748992919922,85.05999755859375,85.3499984741211,84.91999816894531,84.98999786376953,26461200
2026-06-08,83.31428527832031,84.62000274658203,85.33000183105469,84.62000274658203,85.2300033569336,22922700
2026-06-09,83.80656433105469,85.12000274658203,85.18000030517578,84.77999877929688,84.97000122070312,22617700
2026-06-10,83.57025909423828,84.87999725341797,85.30000305175781,84.69999694824219,85.12000274658203,21258300
2026-06-11,84.6532974243164,85.9800033569336,86.04000091552734,85.04000091552734,85.16999816894531,35190500
2026-06-12,84.446533203125,85.7699966430664,85.83000183105469,85.41000366210938,85.63999938964844,23092600
2026-06-15,84.39730834960938,85.72000122070312,86.11000061035156,85.66999816894531,85.95999908447266,17632700
2026-06-16,84.86006164550781,86.19000244140625,86.37999725341797,85.93000030517578,85.95999908447266,26472500
2026-06-17,84.9979019165039,86.33000183105469,86.58999633789062,85.93000030517578,86.33000183105469,34507500
2026-06-18,85.41141510009766,86.75,87.18000030517578,86.6500015258789,87.06999969482422,32350900
2026-06-22,84.7615966796875,86.08999633789062,86.33000183105469,85.97000122070312,86.30000305175781,28595100
2026-06-23,84.8698959350586,86.19999694824219,86.43000030517578,86.0999984741211,86.12000274658203,19145500
2026-06-24,86.03168487548828,87.37999725341797,87.47000122070312,87.12000274658203,87.1500015258789,41837000
2026-06-25,86.00215911865234,87.3499984741211,87.79000091552734,87.29000091552734,87.58000183105469,28380000
2026-06-26,86.01200103759766,87.36000061035156,87.37000274658203,87.0,87.01000213623047,21650800
2026-06-29,86.1006088256836,87.44999694824219,87.54000091552734,87.30000305175781,87.36000061035156,19457200
2026-06-30,85.08650207519531,86.41999816894531,87.18000030517578,86.37999725341797,87.1500015258789,31079500
2026-07-01,84.51136779785156,85.5199966430664,85.79000091552734,85.43000030517578,85.4800033569336,28109800
2026-07-02,84.5014877319336,85.51000213623047,85.77999877929688,85.37000274658203,85.37999725341797,20816300
2026-07-06,84.44219207763672,85.44999694824219,85.4800033569336,85.18000030517578,85.43000030517578,17940900
2026-07-07,83.55281066894531,84.55000305175781,85.16999816894531,84.54000091552734,85.12000274658203,24816400
2026-07-08,83.36505126953125,84.36000061035156,84.44999694824219,84.05999755859375,84.30999755859375,25806600
2026-07-09,83.4935073852539,84.48999786376953,84.68000030517578,84.26000213623047,84.27999877929688,18625300
2026-07-10,83.4737548828125,84.47000122070312,84.62999725341797,84.27999877929688,84.51000213623047,14454100
2026-07-13,82.97965240478516,83.97000122070312,84.27999877929688,83.93000030517578,84.19000244140625,18742500
2026-07-14,83.0883560180664,84.08000183105469,84.5,84.04000091552734,84.18000030517578,23793500
2026-07-15,83.24646759033203,84.23999786376953,84.41000366210938,84.08000183105469,84.08000183105469,17837800
2026-07-16,83.2168197631836,84.20999908447266,84.22000122070312,83.79000091552734,83.83999633789062,20817800
2026-07-17,83.52316284179688,84.5199966430664,84.81999969482422,84.48999786376953,84.62000274658203,22065600
2026-07-20,82.90058898925781,83.88999938964844,84.33999633789062,83.81999969482422,84.30999755859375,24289000
2026-07-21,82.67330932617188,83.66000366210938,83.7699966430664,83.43000030517578,83.73999786376953,14287500
2026-07-22,82.45589447021484,83.44000244140625,83.69999694824219,83.37999725341797,83.61000061035156,15988400
2026-07-23,82.18907928466797,83.16999816894531,83.25,82.95999908447266,82.98999786376953,29152800
2026-07-24,82.26813507080078,83.25,83.66000366210938,83.2300033569336,83.30999755859375,15106000
2026-07-27,82.76223754882812,83.75,83.87000274658203,83.5199966430664,83.7300033569336,23816200
2026-07-28,83.24646759033203,84.23999786376953,84.33999633789062,83.8499984741211,83.86000061035156,25366900
2026-07-29,81.87285614013672,82.8499984741211,84.1500015258789,82.69999694824219,84.0999984741211,41445200
2026-07-30,81.82344818115234,82.80000305175781,82.9000015258789,82.5199966430664,82.80999755859375,40407300
2026-07-31,81.2799301147461,82.25,82.44999694824219,81.88999938964844,82.44999694824219,50359800
2026-08-03,81.5478286743164,82.19000244140625,82.3499984741211,82.01000213623047,82.23999786376953,32050800
2026-08-04,82.17289733886719,82.81999969482422,82.83999633789062,82.56999969482422,82.6500015258789,38408600
2026-08-05,82.35150146484375,83.0,83.1500015258789,82.80000305175781,82.94999694824219,29465800
2026-08-06,81.875244140625,82.5199966430664,82.91999816894531,82.4000015258789,82.7699966430664,27566600
2026-08-07,82.11337280273438,82.76000213623047,82.8499984741211,82.4800033569336,82.80000305175781,96130000
2026-08-10,81.41883850097656,82.05999755859375,82.44999694824219,82.02999877929688,82.4000015258789,36743600
2026-08-11,81.5478286743164,82.19000244140625,82.45999908447266,82.12000274658203,82.2699966430664,23268500
2026-08-12,81.46845245361328,82.11000061035156,82.4800033569336,82.05000305175781,82.44999694824219,21444600
2026-08-13,81.94469451904297,82.58999633789062,83.0,82.48999786376953,82.58999633789062,26921500
2026-08-14,81.39900207519531,82.04000091552734,82.36000061035156,81.81999969482422,82.2300033569336,31374800
2026-08-17,80.71438598632812,81.3499984741211,81.86000061035156,81.30999755859375,81.7699966430664,31557700
2026-08-18,81.02196502685547,81.66000366210938,81.75,81.16999816894531,81.26000213623047,25037100
2026-08-19,82.371337890625,83.0199966430664,83.05999755859375,82.61000061035156,82.80999755859375,51309500
2026-08-20,81.6966552734375,82.33999633789062,82.7699966430664,82.1500015258789,82.36000061035156,39569900
2026-08-21,81.40892028808594,82.05000305175781,82.2699966430664,81.9000015258789,82.16999816894531,24269100
2026-08-24,81.91493225097656,82.55999755859375,82.87999725341797,82.44999694824219,82.48999786376953,29038500
2026-08-25,82.81782531738281,83.47000122070312,83.4800033569336,82.97000122070312,83.11000061035156,35015100
2026-08-26,82.64915466308594,83.30000305175781,83.30000305175781,83.06999969482422,83.2699966430664,20658800
2026-08-27,82.48047637939453,83.12999725341797,83.3499984741211,83.0,83.19999694824219,17361900
2026-08-28,82.23242950439453,82.87999725341797,83.5999984741211,82.77999877929688,83.04000091552734,35804300
2026-08-31,81.875244140625,82.5199966430664,82.52999877929688,82.1500015258789,82.47000122070312,37317400
2026-09-01,81.54159545898438,81.87000274658203,82.3499984741211,81.77999877929688,81.88999938964844,25623900
2026-09-02,81.62126922607422,81.94999694824219,82.05000305175781,81.75,81.9800033569336,21454300
2026-09-03,81.74079132080078,82.06999969482422,82.43000030517578,82.05999755859375,82.36000061035156,18033000
2026-09-04,81.8802261352539,82.20999908447266,82.5,82.18000030517578,82.29000091552734,16591900
2026-09-08,81.8702621459961,82.19999694824219,82.45999908447266,81.93000030517578,82.44000244140625,16094300
2026-09-09,81.40216064453125,81.7300033569336,82.30999755859375,81.36000061035156,82.19000244140625,40675400
2026-09-10,80.45596313476562,80.77999877929688,81.36000061035156,80.66999816894531,81.0,60481500
2026-09-11,80.54560852050781,80.87000274658203,81.4800033569336,80.80999755859375,81.30000305175781,32431000
2026-09-14,80.60536193847656,80.93000030517578,81.36000061035156,80.45999908447266,80.81999969482422,33740100
2026-09-15,80.38624572753906,80.70999908447266,80.8499984741211,80.51000213623047,80.62999725341797,35033000
2026-09-16,80.55555725097656,80.87999725341797,81.55999755859375,80.86000061035156,80.94000244140625,56481700
2026-09-17,81.45195007324219,81.77999877929688,81.79000091552734,81.41999816894531,81.54000091552734,41622600
2026-09-18,80.92407989501953,81.25,81.47000122070312,81.08999633789062,81.47000122070312,41105000
2026-09-21,81.47187805175781,81.80000305175781,81.81999969482422,81.54000091552734,81.72000122070312,26972500
2026-09-22,81.42207336425781,81.75,81.94000244140625,81.54000091552734,81.88999938964844,22769300
2026-09-23,80.13724517822266,80.45999908447266,81.51000213623047,80.2300033569336,81.4800033569336,53502400
2026-09-24,79.1014175415039,79.41999816894531,80.55000305175781,79.41999816894531,80.3499984741211,59160600
2026-09-25,79.00182342529297,79.31999969482422,79.45999908447266,78.83000183105469,79.37000274658203,62576700
2026-09-28,78.30463409423828,78.62000274658203,78.87000274658203,78.2699966430664,78.6500015258789,63463400
2026-09-29,77.91619873046875,78.2300033569336,78.5199966430664,77.83999633789062,78.5199966430664,76018400
2026-09-30,77.4679946899414,77.77999877929688,78.20999908447266,77.55000305175781,78.16000366210938,73132600
2026-10-01,77.70999908447266,77.70999908447266,78.05000305175781,76.76000213623047,76.94000244140625,83642600
2026-10-02,77.4800033569336,77.4800033569336,78.31999969482422,77.27999877929688,77.94000244140625,61365400
